time,q1,q2,q3,qd1,qd2,qd3,e1,e2,e3,tau1,tau2,tau3
0.003756999969482422,0.0,0.0,0.0,1.878499984741211e-05,-9.392499923706055e-06,1.5027999877929688e-05,1.878499984741211e-05,-9.392499923706055e-06,1.5027999877929688e-05,0.00988789681258202,0.004438529907846452,0.0012914384956598287
0.013766050338745117,7.701849937438973e-07,-3.8509249687195066e-07,6.161479949951197e-07,0.00010649075508117675,-5.3245377540588374e-05,8.51926040649414e-05,0.00010572057008743285,-5.2860285043716426e-05,8.457645606994628e-05,1.3203288474675008,0.5926776902611873,0.17244542598722032
0.023767948150634766,0.00010438389692544947,-5.219194846272499e-05,8.350711754035994e-05,0.0002941987037658691,-0.00014709935188293456,0.0002353589630126953,0.00018981480684041963,-9.490740342020957e-05,0.00015185184547233536,1.3191605816111858,0.5923813936731521,0.17228028940918622
0.033731937408447266,0.0003108687390554884,-0.00015543436952774508,0.000248694991244392,0.0005806178092956542,-0.0002903089046478271,0.00046449424743652345,0.0002697490702401658,-0.00013487453512008203,0.00021579925619213145,1.3163227273404867,0.5915621185725812,0.17188463531424347
0.04372572898864746,0.0006202400208948561,-0.00031012001044742916,0.0004961920167158865,0.0009676578044891358,-0.0004838289022445679,0.0007741262435913088,0.00034741778359427967,-0.00017370889179713875,0.0002779342268754223,1.3120163437398018,0.5903101267121555,0.17128473540022257
0.05375099182128906,0.0010325164406787602,-0.0005162582203393815,0.0008260131525430103,0.0014563045501708983,-0.0007281522750854491,0.001165043640136719,0.00042378810949213804,-0.0002118940547460676,0.0003390304875937086,1.3062569063410299,0.588632367890805,0.1704826301033352
0.06376504898071289,0.001547721318540736,-0.0007738606592703698,0.0012381770548325916,0.0020447281837463376,-0.0010223640918731688,0.0016357825469970702,0.0004970068652056015,-0.00024850343260279903,0.00039760549216447854,1.2989094040637341,0.5864682370249551,0.16946071248184386
0.07375144958496094,0.002165872115506821,-0.001082936057753412,0.0017326976924054594,0.00273135871887207,-0.001365679359436035,0.002185086975097656,0.0005654866033652493,-0.0002827433016826231,0.00045238928269219656,1.2899123273688944,0.5837900958769072,0.1682109842367106
0.08382081985473633,0.002886975673053941,-0.0014434878365269723,0.002309580538443156,0.0035247696876525873,-0.0017623848438262936,0.0028198157501220697,0.0006377940145986462,-0.00031889700729932136,0.0005102352116789139,1.2796621730903972,0.5807758608320269,0.16678527580570698
0.09379005432128906,0.0037110591174356654,-0.0018555295587178353,0.002968847293948536,0.00441005516052246,-0.00220502758026123,0.0035280441284179682,0.0006989960430867949,-0.00034949802154339484,0.0005591968344694324,1.267491277242391,0.577125792548563,0.16509643567301877
0.10379672050476074,0.0046381178998371,-0.0023190589499185545,0.0037104943198696854,0.005398655652999879,-0.0026993278264999393,0.004318924522399903,0.0007605377531627782,-0.00038026887658138475,0.0006084302025302175,1.2539077928980957,0.5730678740531557,0.16321089562578392
0.11383843421936035,0.005668155388444621,-0.0028340776942223163,0.004534524310755704,0.00649141993522644,-0.00324570996761322,0.005193135948181153,0.0008232645467818184,-0.00041163227339090355,0.0006586116374254491,1.2389141380245385,0.5686030736811377,0.1611290422489509
0.12377786636352539,0.006801183078670646,-0.00340059153933533,0.005440946462936525,0.0076722332954406725,-0.0038361166477203362,0.006137786636352539,0.0008710502167700264,-0.00043552510838500624,0.000696840173416014,1.2219481587086272,0.563478934799837,0.15877753258850652
0.1339099407196045,0.008037176838581624,-0.004018588419290821,0.006429741470865311,0.008977841997146605,-0.004488920998573303,0.007182273597717286,0.0009406651585649808,-0.00047033257928248175,0.0007525321268519744,1.2042484251806727,0.5582512237353152,0.1563182256105232
0.14380621910095215,0.00937617337659687,-0.004688086688298445,0.0075009387012775096,0.010351901769638058,-0.005175950884819029,0.008281521415710447,0.0009757283930411885,-0.00048786419652058384,0.0007805827144329374,1.1839745760159648,0.5520937401929589,0.15351085063725828
0.1538684368133545,0.010818126956065042,-0.005409063478032532,0.008654501564852049,0.011849607706069944,-0.005924803853034972,0.009479686164855956,0.0010314807500049015,-0.0005157403750024395,0.0008251846000039073,1.1628888793467036,0.5457972500238899,0.150585686702934
0.16402244567871094,0.012363046632056526,-0.006181523316028275,0.009890437305645237,0.013463703536987306,-0.006731851768493653,0.010770962829589843,0.0011006569049307798,-0.0005503284524653778,0.0008805255239446065,1.140693167531227,0.5392277230634279,0.14750390903028432
0.173783540725708,0.014010973060568853,-0.00700548653028444,0.0112087784484551,0.015112119626998901,-0.0075560598134994505,0.01208969570159912,0.0011011465664300477,-0.0005505732832150109,0.0008809172531440198,1.1150797279829507,0.5313491353613187,0.14396423781019657
0.18382024765014648,0.015761798815222505,-0.007880899407611266,0.012609439052178022,0.016906745815277097,-0.008453372907638548,0.013525396652221678,0.001144947000054592,-0.0005724735000272822,0.0009159576000436556,1.0892422448969774,0.5235946009507821,0.14038394154483236
0.19379138946533203,0.017615517051313166,-0.008807758525656597,0.014092413641050553,0.01878932094573975,-0.009394660472869874,0.015031456756591798,0.0011738038944265825,-0.0005869019472132773,0.0009390431155412455,1.0615307875916447,0.5152232192670039,0.1365476807332156
0.20378732681274414,0.01957209300446951,-0.009786046502234769,0.015657674403575628,0.02077640199661255,-0.010388200998306275,0.01662112159729004,0.001204308992143039,-0.0006021544960715056,0.0009634471937144118,1.0323977642943816,0.5064377134569634,0.13251470887520006
0.21378612518310547,0.02163149921291742,-0.010815749606458725,0.017305199370333955,0.022864016914367673,-0.011432008457183836,0.01829121353149414,0.0012325177014502545,-0.0006162588507251116,0.0009860141611601862,1.0017344601546772,0.4971889243972728,0.12827100480488468
0.2238633632659912,0.02379370703993444,-0.011896853519967237,0.01903496563194757,0.02506925673484802,-0.01253462836742401,0.02005540538787842,0.0012755496949135824,-0.0006377748474567738,0.0010204397559308472,0.9699551644519714,0.4876624328194692,0.12387086776450737
0.23382282257080078,0.026058718932759233,-0.013029359466379634,0.020846975146207408,0.02734836330413818,-0.01367418165206909,0.021878690643310546,0.001289644371378948,-0.0006448221856894566,0.001031715497103139,0.9359860114773658,0.4773758715565567,0.11917424493249398
0.2438366413116455,0.02842648479661307,-0.014213242398306552,0.022741187837290476,0.029739977121353144,-0.014869988560676572,0.02379198169708252,0.0013134923247400745,-0.0006567461623700199,0.0010507938597920444,0.9007796979857117,0.4667564115888594,0.11430578112410725
0.253741979598999,0.030896976163776898,-0.015448488081888466,0.024717580931021537,0.03220420479774475,-0.016102102398872376,0.025763363838195802,0.0013072286339678545,-0.0006536143169839099,0.0010457829071742648,0.8634010323263729,0.4553838269745375,0.10914356606022303
0.26372337341308594,0.03347011332815122,-0.016735056664075626,0.026776090662520992,0.034786693954467776,-0.017393346977233888,0.027829355163574224,0.0013165806263165589,-0.0006582903131582621,0.0010532645010532318,0.8249250333274681,0.4437400802251724,0.10382825032681889
0.2737751007080078,0.03614584900454698,-0.018072924502273508,0.028916679203637604,0.03748815269470215,-0.018744076347351073,0.029990522155761718,0.0013423036901551652,-0.0006711518450775653,0.0010738429521241141,0.7853389472723097,0.4318189011871387,0.09835843228453471
0.2837538719177246,0.03892416729124659,-0.01946208364562331,0.03113933383299729,0.0402698534965515,-0.02013492674827575,0.032215882797241205,0.0013456862053049107,-0.0006728431026524415,0.001076548964243914,0.7437700388666753,0.419228057380456,0.09262040530065578
0.2937490940093994,0.04180501567280106,-0.020902507836400543,0.033444012538240864,0.04315598273277281,-0.021577991366386405,0.03452478618621825,0.0013509670599717513,-0.0006754835299858618,0.0010807736479773872,0.7007691943676736,0.4062142235483831,0.08668640890981899
0.3038041591644287,0.04478834787258629,-0.022394173936293157,0.035830678298069046,0.04616026854515075,-0.023080134272575374,0.0369282148361206,0.0013719206725644612,-0.0006859603362822167,0.0010975365380515509,0.6566237563078274,0.39290575348419166,0.08059428267426487
0.3137810230255127,0.04787414618088126,-0.02393707309044064,0.03829931694470502,0.049241022253036504,-0.024620511126518252,0.0393928178024292,0.001366876072155243,-0.0006834380360776111,0.0010935008577241806,0.6104374388317566,0.3788997709629054,0.07422729740489566
0.3237721920013428,0.05106235160368759,-0.025531175801843803,0.040849881282950085,0.0524259624004364,-0.0262129812002182,0.04194076992034912,0.001363610796748807,-0.0006818053983743966,0.0010908886373990345,0.5628159883231616,0.3644674703772902,0.06766490814945458
0.3337855339050293,0.05435291096723481,-0.027176455483617412,0.04348232877378786,0.05571815385818482,-0.02785907692909241,0.04457452308654786,0.0013652428909500108,-0.0006826214454749985,0.0010921943127599962,0.5138191803699826,0.34963495997931315,0.06091528866331955
0.3437995910644531,0.057745781493183046,-0.028872890746591526,0.046196625194546447,0.05911085891723633,-0.029555429458618165,0.047288687133789066,0.0013650774240532848,-0.0006825387120266389,0.0010920619392426195,0.46330430585109117,0.33433745797838355,0.05396018758925511
0.35378599166870117,0.06124091960424926,-0.03062045980212463,0.048992735683399416,0.06259402704238891,-0.031297013521194454,0.050075221633911135,0.0013531074381396488,-0.0006765537190698244,0.001082485950511719,0.4110713988061079,0.3184844591439799,0.04677389461575607
0.3637816905975342,0.06483826525886603,-0.03241913262943301,0.051870612207092825,0.06618031706809996,-0.03309015853404998,0.05294425365447998,0.0013420518092339268,-0.0006710259046169703,0.0010736414473871553,0.35738426182784044,0.30219353677899896,0.039391287419893894
0.3737959861755371,0.06853776239031921,-0.03426888119515959,0.05483020991225536,0.06987349481582641,-0.03493674740791321,0.05589879585266114,0.001335732425507205,-0.0006678662127536164,0.001068585940405778,0.30231628207362893,0.285496766140458,0.031822400887837166
0.3837428092956543,0.07233936450880393,-0.03616968225440195,0.057871491607043135,0.0736409815788269,-0.03682049078941345,0.058912785263061526,0.0013016170700229646,-0.0006508085350114962,0.001041293656018391,0.24522803164950702,0.26810631504032917,0.023984200247474663
0.3937969207763672,0.07624298476384811,-0.03812149238192404,0.06099438781107848,0.07754978370666504,-0.03877489185333252,0.062039826965332036,0.0013067989428169335,-0.0006533994714084806,0.0010454391542535565,0.18744172672140635,0.2506145710988946,0.016049852321202235
0.40378618240356445,0.0802485987968895,-0.04012429939844473,0.06419887903751159,0.0815334038734436,-0.0407667019367218,0.0652267230987549,0.0012848050765540964,-0.000642402538277069,0.001027844061243302,0.12764776392410004,0.23243290461456168,0.007848862435585274
0.4138493537902832,0.08435614259082733,-0.04217807129541364,0.06748491407266186,0.08564748182296752,-0.04282374091148376,0.06851798545837401,0.0012913392321401984,-0.00064566961607012,0.0010330713857121532,0.0669294674357015,0.21404644053880983,-0.0004767564915564293
0.4238553047180176,0.0885655967188766,-0.044282798359438276,0.07085247737510127,0.08983850450515744,-0.04491925225257872,0.07187080360412595,0.0012729077862808497,-0.0006364538931404456,0.001018326229024688,0.004253982387050437,0.1949907070211826,-0.009061304805306536
0.4338712692260742,0.09287690573309476,-0.04643845286654736,0.07430152458647579,0.09413400211334227,-0.04706700105667114,0.07530720169067381,0.0012570963802475132,-0.0006285481901237774,0.0010056771041980217,-0.05984053786828292,0.17550611648337244,-0.01783391554472763
0.4437572956085205,0.09729001991725403,-0.04864500995862699,0.0778320159338032,0.09847199654579163,-0.04923599827289581,0.0787775972366333,0.0011819766285375982,-0.0005909883142688199,0.0009455813028300952,-0.1265068116613155,0.1550743528920993,-0.026944495552694653
0.4537670612335205,0.10180480525348035,-0.05090240262674015,0.08144384420278426,0.10296401286125184,-0.05148200643062592,0.08237121028900148,0.0011592076077714952,-0.0005796038038857684,0.0009273660862172128,-0.19363567506772994,0.13464046118198164,-0.03611698299406882
0.4637439250946045,0.10642120750283662,-0.053210603751418284,0.08513696600226928,0.1075409251689911,-0.05377046258449555,0.08603274013519288,0.001119717666154471,-0.0005598588330772633,0.0008957741329236046,-0.2625329972324133,0.1136172542687875,-0.04552119075648278
0.47380757331848145,0.11113915020989085,-0.05556957510494539,0.08891132016791266,0.11225859732627869,-0.05612929866313934,0.08980687786102295,0.0011194471163878394,-0.0005597235581939544,0.0008955576931102965,-0.3321649922851839,0.09246720337171754,-0.055021411945597204
0.4838125705718994,0.11595861502458407,-0.057979307512291994,0.09276689201966723,0.11704909672737118,-0.05852454836368559,0.09363927738189697,0.0010904817027871105,-0.0005452408513935969,0.0008723853622297356,-0.40378826897786424,0.070625273275007,-0.06478096459042623
0.49377870559692383,0.1208795435388006,-0.060439771769400255,0.09670363483104044,0.12192045927047727,-0.06096022963523864,0.09753636741638183,0.001040915731676681,-0.0005204578658383821,0.0008327325853413892,-0.4772342495443227,0.0481657679869959,-0.07477707392614402
0.5038130283355713,0.12590185013958385,-0.06295092506979189,0.10072148011166704,0.12690651416778564,-0.06345325708389282,0.10152521133422851,0.0010046640282017905,-0.0005023320141009369,0.0008037312225614712,-1.8439676896068002,-0.5541535137754738,-0.2536516372645334
0.5138773918151855,0.13092471527237964,-0.06546235763618978,0.10473977221790368,0.13193869590759277,-0.06596934795379639,0.10555095672607423,0.0010139806352131298,-0.0005069903176066065,0.0008111845081705538,-1.9174411039393722,-0.5762882028168779,-0.263714614273058
0.5237457752227783,0.13594813708315473,-0.06797406854157732,0.10875850966652374,0.13687288761138916,-0.06843644380569458,0.10949831008911134,0.0009247505282344304,-0.0004623752641172568,0.0007398004225876026,-1.992138563889044,-0.5989785311618023,-0.27393228898607697
0.5338013172149658,0.14097201520824254,-0.07048600760412123,0.112777612166594,0.1419006586074829,-0.07095032930374146,0.11352052688598634,0.0009286433992403698,-0.0004643216996202265,0.0007429147193923347,-2.065573616836,-0.6211097936864547,-0.28397986015533655
0.5437924861907959,0.14599634441422785,-0.07299817220711388,0.11679707553138224,0.14689624309539795,-0.07344812154769897,0.11751699447631837,0.0008998986811701026,-0.00044994934058509295,0.0007199189449361293,-2.13938148486961,-0.6434157452968421,-0.294070581298063
0.5537502765655518,0.15102108693477462,-0.07551054346738727,0.12081686954781966,0.15187513828277588,-0.07593756914138794,0.12150011062622071,0.0008540513480012613,-0.00042702567400067226,0.0006832410784010506,-2.2133521176333684,-0.665802504519214,-0.3041768537497186
0.5637600421905518,0.15604618865625844,-0.07802309432812918,0.12483695092500673,0.15688002109527588,-0.07844001054763794,0.1255040168762207,0.0008338324390174401,-0.0004169162195087617,0.000667065951213977,-2.28693093680309,-0.6880218111832174,-0.3142260837441987
0.5737357139587402,0.1610716221757516,-0.08053581108787576,0.12885729774060126,0.1618678569793701,-0.08093392848968504,0.12949428558349607,0.0007962348036184841,-0.0003981174018092837,0.000636987842894815,-2.3606738864889167,-0.7103233105327051,-0.3242906425520772
0.5837442874908447,0.16609734325965853,-0.08304867162982922,0.1328778746077268,0.1668721437454223,-0.08343607187271115,0.13349771499633784,0.0007748004857637825,-0.00038740024288193287,0.0006198403886110426,-2.4341442754185287,-0.7325116015187152,-0.3343133333186603
0.5937950611114502,0.17112332472237307,-0.0855616623611865,0.13689865977789845,0.17189753055572504,-0.08594876527786252,0.13751802444458003,0.0007742058333519708,-0.00038710291667602703,0.0006193646666815822,-2.5072844715950025,-0.7545612568326463,-0.3442864229747408
0.603797197341919,0.17614956076166668,-0.0880747803808333,0.14091964860933334,0.17689859867095942,-0.08844929933547971,0.14151887893676754,0.0007490379092927324,-0.00037451895464640783,0.000599230327434197,-2.580679982307845,-0.7767350528205921,-0.3542861416955504
0.6138432025909424,0.18117602111808373,-0.09058801055904182,0.14494081689446697,0.1819216012954712,-0.0909608006477356,0.14553728103637695,0.0007455801773874615,-0.0003727900886937724,0.0005964641419099748,-2.6537292659636895,-0.7987637134782963,-0.3642337837897121
0.6237664222717285,0.1862026978475498,-0.09310134892377486,0.14896215827803985,0.18688321113586426,-0.09344160556793213,0.1495065689086914,0.0006805132883144493,-0.0003402566441572663,0.0005444106306515539,-2.727503379685058,-0.8211275379506155,-0.3742689644711912
0.6337978839874268,0.19122952155571488,-0.0956147607778574,0.1529836172445719,0.19189894199371338,-0.09594947099685669,0.15351915359497073,0.0006694204379985025,-0.0003347102189992929,0.0005355363503988242,-2.800503162471463,-0.8431550940698274,-0.3841958360572613
0.6437773704528809,0.19625647821015466,-0.09812823910507729,0.15700518256812374,0.19688868522644043,-0.09844434261322021,0.15751094818115235,0.000632207016285774,-0.00031610350814292865,0.0005057656130286192,-2.8737667588658593,-0.8653119650821163,-0.39414967816934277
0.6538529396057129,0.20128352793852192,-0.10064176396926092,0.16102682235081756,0.20192646980285645,-0.10096323490142822,0.16154117584228517,0.0006429418643345286,-0.00032147093216730593,0.0005143534914676118,-2.946336727718423,-0.8871695657037962,-0.40400533872216404
0.663771390914917,0.20631067961418617,-0.10315533980709304,0.16504854369134897,0.2068856954574585,-0.10344284772872925,0.16550855636596684,0.0005750158432723251,-0.0002875079216362042,0.0004600126746178712,-3.0198449240978698,-0.9094592391904904,-0.4139755979545825
0.6737480163574219,0.2113378632721804,-0.10566893163609016,0.16907029061774437,0.21187400817871094,-0.10593700408935547,0.16949920654296877,0.0005361449065305335,-0.0002680724532653084,0.00042891592522439903,-3.092889066255566,-0.931553137872906,-0.4238773016531675
0.683767557144165,0.21636503940192128,-0.1081825197009606,0.17309203152153707,0.21688377857208252,-0.10844188928604126,0.17350702285766606,0.0005187391701612365,-0.0002593695850806599,0.0004149913361289892,-3.165571987564545,-0.9534977959643117,-0.43372365076874314
0.6937470436096191,0.22139219074823752,-0.11069609537411872,0.17711375259859005,0.22187352180480957,-0.11093676090240479,0.17749881744384768,0.0004813310565720541,-0.00024066552828606869,0.0003850648452576322,-3.238428108743533,-0.9755329087353847,-0.44358418931389426
0.7037467956542969,0.226419280398684,-0.11320964019934196,0.18113542431894725,0.2268733978271484,-0.1134366989135742,0.18149871826171876,0.0004541174284644067,-0.000227058714232245,0.0003632939427715143,-3.3110636054835463,-0.9974824587198825,-0.4534073478843518
0.713761568069458,0.23144628237355003,-0.11572314118677496,0.18515702589884006,0.23188078403472895,-0.11594039201736447,0.18550462722778316,0.00043450166117892097,-0.000217250830589516,0.0003476013289430979,-3.3835124419665297,-1.0193620389000353,-0.4631973596483896
0.7238016128540039,0.2364731788105799,-0.11823658940528989,0.18917854304846396,0.2369008064270019,-0.11845040321350095,0.18952064514160155,0.0004276276164220105,-0.00021381380821106077,0.00034210209313759177,-3.4557089683216224,-1.0411426290339438,-0.4729454598806423
0.7337772846221924,0.24149996494648557,-0.12074998247324273,0.19319997195718852,0.24188864231109616,-0.12094432115554808,0.19351091384887692,0.00038867736461059565,-0.00019433868230535334,0.0003109418916883988,-3.5282278748611184,-1.0630817730425166,-0.4827264513522741
0.7438201904296875,0.24652660403703777,-0.12326330201851882,0.19722128322963028,0.24691009521484375,-0.12345504760742188,0.197528076171875,0.00038349117780597797,-0.00019174558890305837,0.00030679294224472686,-3.600216664677268,-1.0847982407878975,-0.4924289297978001
0.753868579864502,0.25155309383695673,-0.12577654691847828,0.20124247506956544,0.251934289932251,-0.1259671449661255,0.20154743194580077,0.00038119609529424503,-0.00019059804764720578,0.0003049568762353294,-3.6720773447532213,-1.106472339130583,-0.5021051305625222
0.7638301849365234,0.2565794350369726,-0.12828971751848622,0.20526354802957814,0.2569150924682617,-0.12845754623413086,0.20553207397460938,0.00033565743128910475,-0.00016782871564463564,0.0002685259450312394,-3.744398517664302,-1.1283676816100892,-0.5118316793417913
0.7737789154052734,0.2616055850704195,-0.13080279253520966,0.2092844680563356,0.2618894577026367,-0.13094472885131836,0.2095115661621094,0.00028387263221724135,-0.00014193631610870394,0.00022709810577378753,-3.8166935587665374,-1.1502667893763512,-0.5215449477726577
0.783740758895874,0.2666314959758296,-0.1333157479879147,0.2133051967806637,0.266870379447937,-0.1334351897239685,0.21349630355834964,0.00023888347210743177,-0.00011944173605379915,0.00019110677768593987,-3.888791981186513,-1.1720937760289631,-0.5312225145439746
0.7938075065612793,0.2716571275466036,-0.1358285637733017,0.21732570203728294,0.27190375328063965,-0.13595187664031982,0.21752300262451174,0.0002466257340360545,-0.0001233128670181105,0.00019730058722880472,-3.960106841312829,-1.1935865898729812,-0.540787598443684
0.8038017749786377,0.2766824931116962,-0.138341246555848,0.221345994489357,0.27690088748931885,-0.13845044374465942,0.22152070999145507,0.000218394377622666,-0.00010919718881141627,0.0001747155020980773,-4.031783636505868,-1.2152578953324886,-0.550389412340742
0.8138465881347656,0.28170756975986455,-0.1408537848799322,0.22536605580789168,0.2819232940673828,-0.1409616470336914,0.22553863525390627,0.00021572430751826133,-0.00010786215375921393,0.0001725794460145924,-4.103024991365603,-1.2367514023697,-0.5599237870187452
0.8238523006439209,0.28673236059937707,-0.14336618029968845,0.2293858884795017,0.28692615032196045,-0.14346307516098022,0.2295409202575684,0.00019378972258338178,-9.689486129177416e-05,0.00015503177806669433,-4.174408368899484,-1.258325626849657,-0.5694658495296645
0.8338432312011719,0.2917568494118219,-0.14587842470591086,0.23340547952945756,0.29192161560058594,-0.14596080780029297,0.23353729248046876,0.0001647661887640428,-8.238309438210467e-05,0.0001318129510111954,-4.245771252153359,-1.2799081643093946,-0.5789942466544971
0.8438620567321777,0.2967810132142066,-0.1483905066071032,0.23742481057136533,0.2969310283660888,-0.1484655141830444,0.23754482269287105,0.00015001515188223236,-7.500757594119944e-05,0.00012001212150572482,-4.316837222983281,-1.3013758024360411,-0.5884727484023455
0.8538410663604736,0.3018048437556955,-0.15090242187784766,0.24144387500455644,0.30192053318023676,-0.15096026659011838,0.24153642654418941,0.0001156894245412654,-5.784471227071597e-05,9.255153963297347e-05,-4.388040173015984,-1.322922763620024,-0.5979577612499655
0.8637909889221191,0.30682831337577915,-0.1534141566878895,0.24546265070062337,0.3068954944610595,-0.15344774723052976,0.24551639556884763,6.71810852803656e-05,-3.3590542640266063e-05,5.374486822426472e-05,-4.459304015786281,-1.3445152982156945,-0.6074392147767762
0.873878002166748,0.31185138078454644,-0.1559256903922731,0.24948110462763717,0.31193900108337397,-0.15596950054168698,0.24955120086669919,8.762029882752875e-05,-4.38101494138754e-05,7.00962390620119e-05,-4.529562803387855,-1.3656776370548052,-0.61677790270307
0.883817195892334,0.3168740744654372,-0.1584370372327185,0.25349925957234976,0.316908597946167,-0.1584542989730835,0.2535268783569336,3.452348072979783e-05,-1.7261740365009937e-05,2.7618784583849365e-05,-4.600650401729231,-1.3872292766198415,-0.6262127570778946
0.8939497470855713,0.32189634879619083,-0.1609481743980953,0.2575170790369527,0.32197487354278564,-0.16098743677139282,0.2575798988342285,7.852474659481024e-05,-3.926237329751614e-05,6.281979727579268e-05,-4.67036975778349,-1.408189284540201,-0.6354571423104205
0.90382981300354,0.326918256165076,-0.1634591280825379,0.2615346049320608,0.32691490650177,-0.163457453250885,0.261531925201416,-3.3496633060070558e-06,1.6748316528925056e-06,-2.679730644827849e-06,-4.741587518001028,-1.4298380188396722,-0.6448846324215392
0.9138312339782715,0.3319397220369202,-0.16596986101845998,0.26555177762953613,0.33191561698913574,-0.16595780849456787,0.2655324935913086,-2.410504778443956e-05,1.2052523892108757e-05,-1.9284038227540545e-05,-4.811884558312081,-1.4510955105813645,-0.6541797480084044
0.9238533973693848,0.33696073448627967,-0.16848036724313972,0.26956858758902374,0.3369266986846924,-0.1684633493423462,0.2695413589477539,-3.4035801587284364e-05,1.701790079353116e-05,-2.7228641269860798e-05,-4.881916466977055,-1.4722549695327494,-0.6634277155779271
0.9338693618774414,0.3419812926508504,-0.17099064632542507,0.2735850341206803,0.3419346809387207,-0.17096734046936035,0.27354774475097654,-4.6611712129718263e-05,2.3305856064720354e-05,-3.728936970376351e-05,-4.951856057948294,-1.49339384563508,-0.6726508840893681
0.9439311027526855,0.3470013930404176,-0.17350069652020866,0.27760111443233404,0.3469655513763428,-0.1734827756881714,0.2775724411010742,-3.584166407483158e-05,1.7920832037277012e-05,-2.8673331259831958e-05,-5.021370033243998,-1.5143637401962786,-0.6818056223984197
0.9538280963897705,0.3520210555805294,-0.17601052779026455,0.2816168444644234,0.35191404819488525,-0.17595702409744263,0.28153123855590817,-0.00010700738564412005,5.3503692821921245e-05,-8.560590851525163e-05,-5.091803264281686,-1.5357648269068878,-0.6910671016054751
0.9637277126312256,0.35704021786245327,-0.1785201089312265,0.2856321742899625,0.35686385631561274,-0.17843192815780637,0.2854910850524902,-0.00017636154684053107,8.818077342012676e-05,-0.00014108923747230273,-5.1620653776117225,-1.5571107974488771,-0.700293122159205
0.9737648963928223,0.36205882053719185,-0.1810294102685958,0.28964705642975336,0.3618824481964111,-0.18094122409820554,0.28950595855712885,-0.00017637234078077269,8.818617039024756e-05,-0.00014109787262450713,-5.231295656115512,-1.5780183411290405,-0.7093712813863552
0.9838132858276367,0.36707687478609485,-0.1835384373930473,0.29366149982887574,0.3669066429138183,-0.18345332145690915,0.2935253143310546,-0.00017023187227654946,8.511593613813595e-05,-0.00013618549782112854,-5.300315325327877,-1.598854206500605,-0.7184083608415731
0.9937558174133301,0.3720943977181475,-0.18604719885907361,0.2976755181745179,0.37187790870666504,-0.18593895435333252,0.297502326965332,-0.00021648901148246802,0.00010824450574109523,-0.0001731912091858523,-5.369868990263072,-1.6199505031874744,-0.7275012694723934
1.0037727355957031,0.37711135370254767,-0.1885556768512737,0.301689082962038,0.37688636779785156,-0.18844318389892578,0.3015090942382813,-0.0002249859046961067,0.00011249295234791457,-0.0001799887237566855,-5.43879426692803,-1.6407893284600037,-0.7364983985902579
1.0137276649475098,0.3821277455813551,-0.1910638727906774,0.30570219646508395,0.3818638324737549,-0.19093191623687744,0.305491065979004,-0.00026391310760021103,0.00013195655379996674,-0.00021113048607995788,-5.507966508866492,-1.661761143716456,-0.745513632992757
1.023759365081787,0.3871435457094788,-0.19357177285473925,0.3097148365675829,0.38687968254089355,-0.19343984127044678,0.3095037460327149,-0.0002638631685852322,0.0001319315842924773,-0.0002110905348680081,-5.576493700358778,-1.68246879369479,-0.7544305853467297
1.033752202987671,0.39215876597187144,-0.19607938298593558,0.31372701277749704,0.39187610149383545,-0.19593805074691772,0.3135008811950684,-0.0002826644780359877,0.00014133223901785508,-0.00022613158242862363,-5.645119555353433,-1.7032439597351816,-0.7633459658108684
1.0437419414520264,0.3971733991645382,-0.19858669958226896,0.31773871933163045,0.3968709707260132,-0.1984354853630066,0.3174967765808106,-0.00030242843852501533,0.0001512142192623689,-0.00024194275081984573,-5.713610056031109,-1.723982616875829,-0.7722291500277706
1.0537691116333008,0.4021874372649131,-0.2010937186324564,0.32174994981193034,0.4018845558166504,-0.2009422779083252,0.3215076446533204,-0.0003028814482626818,0.00015144072413120213,-0.00024230515860995672,-5.781705924874015,-1.7445696457993067,-0.7810461860390281
1.0638320446014404,0.4072008917218322,-0.20360044586091597,0.32576071337746565,0.4069160223007202,-0.2034580111503601,0.3255328178405762,-0.00028486942111199953,0.000142434710555861,-0.0002278955368894553,-5.849421745067905,-1.7650119266741473,-0.7897987755558573
1.073789119720459,0.41221379222019183,-0.20610689611009578,0.32977103377615335,0.4118945598602295,-0.20594727993011475,0.32951564788818366,-0.00031923235996234034,0.0001596161799810314,-0.00025538588796969464,-5.917659968284653,-1.7857113078120281,-0.7986043418973485
1.0837669372558594,0.4172261154762243,-0.208613057738112,0.33378089238097935,0.4168834686279297,-0.20844173431396484,0.3335067749023438,-0.00034264684829460323,0.00017132342414716284,-0.00027411747863553826,-5.985601193529162,-1.8063032500839682,-0.807356055217232
1.093824863433838,0.4222378496202878,-0.21111892481014377,0.33779027969623016,0.42191243171691895,-0.21095621585845947,0.3375299453735352,-0.0003254179033688742,0.00016270895168429833,-0.00026033432269495504,-6.05287028627439,-1.8266213073013038,-0.816004849420563
1.1038553714752197,0.4272490236635667,-0.21362451183178321,0.34179921893085324,0.42692768573760986,-0.21346384286880493,0.3415421485900879,-0.00032133792595684385,0.00016066896297828315,-0.00025707034076533075,-6.12015900076869,-1.8469735560559808,-0.8246406239999954
1.1137819290161133,0.43225965288805407,-0.2161298264440269,0.34580772231044316,0.43189096450805664,-0.21594548225402832,0.34551277160644533,-0.0003686883799974283,0.00018434418999857538,-0.00029495070399782053,-6.18794729720283,-1.8675734774975759,-0.8333257985444631
1.12379789352417,0.4372697008396717,-0.2186348504198357,0.34981576067173725,0.43689894676208496,-0.21844947338104248,0.34951915740966805,-0.0003707540775867435,0.00018537703879323297,-0.00029660326206920606,-6.2549939123741645,-1.8878694009780022,-0.8418986049330337
1.1337919235229492,0.4422791770781794,-0.22113958853908955,0.35382334166254337,0.44189596176147466,-0.22094798088073733,0.35351676940917975,-0.0003832153167047103,0.00019160765835221638,-0.0003065722533636128,-6.322015042481183,-1.9081801311333328,-0.8504521029771611
1.1437950134277344,0.4472880805766002,-0.22364404028829996,0.35783046446128003,0.44689750671386724,-0.22344875335693362,0.3575180053710938,-0.0003905738627329458,0.00019528693136633413,-0.0003124590901862345,-6.388810033640879,-1.9284167278398054,-0.858960025815686
1.1538736820220947,0.45229641543118987,-0.2261482077155948,0.36183713234495174,0.4519368410110474,-0.2259684205055237,0.361549472808838,-0.00035957442014245,0.00017978721007108622,-0.00028765953611376016,-6.454957935897394,-1.9483925570003815,-0.8673673715088945
1.1638367176055908,0.4573042240142676,-0.22865211200713367,0.3658433792114139,0.4569183588027954,-0.2284591794013977,0.36553468704223635,-0.00038586521147221386,0.00019293260573596815,-0.00030869216917756015,-6.5216782837820535,-1.968649554783049,-0.8758327692035446
1.173706293106079,0.4623114905604723,-0.23115574528023602,0.36984919244837766,0.46185314655303955,-0.23092657327651978,0.36948251724243164,-0.00045834400743277603,0.00022917200371624924,-0.000366675205946021,-6.5888130310241335,-1.9891173962253796,-0.8843356261695714
1.1837944984436035,0.4673181534317455,-0.2336590767158726,0.3738545227453962,0.46689724922180176,-0.23344862461090088,0.37351779937744145,-0.0004209042099437288,0.00021045210497172562,-0.000336723367954761,-6.65437363074075,-2.0089136567750274,-0.8926168927148741
1.1937975883483887,0.47232426214138323,-0.23616213107069148,0.37785940971310644,0.47189879417419434,-0.23594939708709717,0.3775190353393555,-0.00042546796718889723,0.00021273398359430984,-0.00034037437375095125,-6.720309707009962,-2.0289043624178182,-0.9009300861964252
1.2038607597351074,0.4773298232088611,-0.2386649116044304,0.3818638585670887,0.4769303798675537,-0.23846518993377686,0.381544303894043,-0.0003994433413073706,0.0001997216706535465,-0.00031955467304572993,-6.785690902755402,-2.0486767697771944,-0.909153996864717
1.2138113975524902,0.48233487361164806,-0.2411674368058239,0.3858678988893183,0.4819056987762451,-0.24095284938812256,0.38552455902099614,-0.00042917483540294565,0.00021458741770133405,-0.0003433398683221345,-6.851615078217815,-2.068718142900963,-0.9174313817004128
1.2238426208496094,0.4873393938315439,-0.2436696969157718,0.38987151506523493,0.4869213104248047,-0.24346065521240234,0.3895370483398438,-0.0004180834067392114,0.00020904170336946692,-0.00033446672539111377,-6.916845588883428,-2.088480094566427,-0.9256012002823354
1.2338149547576904,0.49234340556363504,-0.24617170278181738,0.3938747244509079,0.4919074773788452,-0.2459537386894226,0.3935259819030762,-0.0004359281847898244,0.00021796409239477343,-0.0003487425478316819,-6.982272969039057,-2.1083578738563777,-0.9337791696823696
1.2437710762023926,0.4973469011328996,-0.24867345056644966,0.3978775209063195,0.4968855381011963,-0.24844276905059814,0.3975084304809571,-0.00046136303170329906,0.00023068151585151075,-0.0003690904253624283,-7.0476182333106365,-2.12822789198644,-0.9419289009016123
1.2537734508514404,0.5023498654277472,-0.2511749327138734,0.40187989234219756,0.5018867254257202,-0.2509433627128601,0.40150938034057615,-0.0004631400020269627,0.00023157000101331482,-0.00037051200162141473,-7.112483517461746,-2.1479141365528185,-0.949998474878639
1.2637898921966553,0.5073523072966958,-0.2536761536483477,0.4058818458373564,0.5068949460983276,-0.2534474730491638,0.40551595687866215,-0.0004573611983681447,0.00022868059918390582,-0.0003658889586942715,-7.1770770343292405,-2.1675092668652605,-0.9580147994359746
1.2738089561462402,0.512354242967067,-0.25617712148353333,0.4098833943736534,0.5119044780731201,-0.25595223903656006,0.4095235824584961,-0.00044976489394688013,0.00022488244697327353,-0.00035981191515727096,-7.241471857889872,-2.1870459320060083,-0.9659872304778531
1.2837684154510498,0.5173556901591368,-0.25867784507956826,0.4138845521273093,0.5168842077255249,-0.25844210386276245,0.41350736618041994,-0.0004714824336119472,0.00023574121680580706,-0.0003771859468893468,-7.30605937635746,-2.206697597921752,-0.9739665775677204
1.2937889099121094,0.5223566369249317,-0.2611783184624657,0.4178853095399452,0.5218944549560547,-0.26094722747802734,0.4175155639648438,-0.0004621819688770401,0.00023109098443835352,-0.00036974557510138784,-7.370069950209139,-2.2261237367186975,-0.9818526050891367
1.3038091659545898,0.5273571025734418,-0.26367855128672074,0.42188568205875326,0.5269045829772949,-0.26345229148864746,0.4215236663818359,-0.0004525195961468942,0.00022625979807328056,-0.0003620156769173488,-7.433896903679429,-2.2454988434390666,-0.989696288477835
1.3138926029205322,0.5323571063893856,-0.26617855319469264,0.42588568511150826,0.5319463014602661,-0.26597315073013306,0.4255570411682129,-0.0004108049291194904,0.00020540246455957867,-0.0003286439432953481,-7.497140181615752,-2.2646462351642143,-0.997445424526134
1.3237731456756592,0.5373566993240814,-0.2686783496620405,0.42988535945926487,0.5368865728378296,-0.2684432864189148,0.4295092582702637,-0.0004701264862517762,0.00023506324312572158,-0.0003761011890011656,-7.56148201241399,-2.2843100705686017,-1.005318720814998
1.3338243961334229,0.5423558302735969,-0.2711779151367983,0.43388466421887734,0.5419121980667114,-0.2709560990333557,0.43352975845336916,-0.00044363220688548033,0.00022181610344257363,-0.0003549057655081733,-7.624542390099336,-2.3034378655209995,-1.0130066168216902
1.3438913822174072,0.5473545349719153,-0.2736772674859575,0.43788362797753205,0.5469456911087036,-0.2734728455543518,0.43755655288696294,-0.0004088438632117164,0.00020442193160569166,-0.00032707509056911777,-7.687318739504325,-2.3224713349781863,-1.0206385254948471
1.3538475036621094,0.5523528567324041,-0.2761764283662019,0.4418822853859231,0.5519237518310547,-0.27596187591552734,0.44153900146484376,-0.0004291049013493975,0.0002145524506745322,-0.00034328392107935146,-7.750608234585557,-2.3417628476964323,-1.028318018075467
1.3637478351593018,0.5573507829527817,-0.2786753914763907,0.44588062636222525,0.5568739175796509,-0.27843695878982544,0.4454991340637207,-0.00047686537313085253,0.00023843268656525973,-0.0003814922985045377,-7.814047802811632,-2.3611518160477507,-1.0359978926625548
1.3737432956695557,0.5623482737833787,-0.2811741368916892,0.44987861902670284,0.5618716478347778,-0.2809358239173889,0.4494973182678223,-0.0004766259486008728,0.00023831297430026988,-0.0003813007588805428,-7.876679992240626,-2.38021563976412,-1.0435535453237532
1.3837482929229736,0.5673453381714152,-0.28367266908570743,0.453876270537132,0.5668741464614869,-0.28343707323074346,0.45349931716918956,-0.00047119170992826476,0.00023559585496396585,-0.00037695336794241197,-7.93905418976975,-2.3991974820789737,-1.0510561793957487
1.3937468528747559,0.572341990079981,-0.28617099503999033,0.4578735920639846,0.5718734264373779,-0.28593671321868896,0.4574987411499024,-0.00046856364260305927,0.0002342818213013631,-0.00037485091408218096,-8.001270911007325,-2.4181419671273794,-1.058518730643316
1.4037892818450928,0.5773382403867329,-0.28866912019336627,0.4618705923093861,0.5768946409225464,-0.2884473204612732,0.46151571273803715,-0.00044359946418648377,0.00022179973209307535,-0.00035487957134894277,-8.063012706825853,-2.436909295645181,-1.0658997928418545
1.4137969017028809,0.5823341220878855,-0.2911670610439426,0.4658672976703082,0.5818984508514404,-0.2909492254257202,0.4655187606811523,-0.00043567123644505656,0.00021783561822236175,-0.00034853698915593423,-8.124778251794238,-2.455719751712916,-1.0732640329779182
1.4237751960754395,0.5873296504837786,-0.29366482524188914,0.46986372038702273,0.5868875980377197,-0.29344379901885986,0.46951007843017567,-0.0004420524460588826,0.00022102622302927477,-0.0003536419568470617,-8.186527273162866,-2.474555631997051,-1.0806061447600552
1.4338316917419434,0.5923248262593078,-0.29616241312965375,0.4738598610074461,0.5919158458709716,-0.2959579229354858,0.47353267669677723,-0.0004089803883362553,0.0002044901941679611,-0.0003271843106688599,-8.247580915494206,-2.4931179261084853,-1.0878377717234784
1.4438841342926025,0.5973196895389381,-0.2986598447694689,0.47785575163115035,0.5969420671463013,-0.29847103357315063,0.477553653717041,-0.00037762239263683384,0.00018881119631825038,-0.00030209791410934494,-8.308464608356434,-2.511638667344811,-1.0950269918140223
1.4539833068847656,0.6023142779305831,-0.3011571389652914,0.48185142234446643,0.6019916534423828,-0.3009958267211914,0.48159332275390626,-0.0003226244882003071,0.000161312244099987,-0.00025809959056016796,-8.368859414862296,-2.529977587670017,-1.1021322174882384
1.4638032913208008,0.6073086519299071,-0.3036543259649534,0.4858469215439256,0.6069016456604004,-0.3034508228302002,0.4855213165283203,-0.0004070062695067378,0.00020350313475320236,-0.0003256050156053014,-8.430810373239513,-2.5490352726018575,-1.1094191407120035
1.4737696647644043,0.6123027314429751,-0.3061513657214874,0.48984218515438,0.6118848323822021,-0.3059424161911011,0.4895078659057617,-0.0004178990607729416,0.00020894953038630426,-0.00033431924861831996,-8.491614376103863,-2.5676211329094185,-1.116536682824745
1.4838683605194092,0.6172965114667209,-0.3086482557333603,0.4938372091733767,0.6169341802597046,-0.3084670901298523,0.4935473442077637,-0.00036233120701634203,0.00018116560350800448,-0.000289864965613007,-8.551378593619372,-2.5857833724439696,-1.12349842520556
1.4938271045684814,0.6222900535587849,-0.31114502677939226,0.4978320428470278,0.6219135522842407,-0.31095677614212036,0.4975308418273926,-0.00037650127454413873,0.00018825063727190283,-0.00030120101963521106,-8.611822450398565,-2.604278968699354,-1.130527534776961
1.5038304328918457,0.6272833483077329,-0.3136416741538663,0.5018266786461862,0.6269152164459229,-0.3134576082229614,0.5015321731567383,-0.0003681318618100615,0.00018406593090486423,-0.0002945054894479826,-8.671772420621018,-2.6225915367455745,-1.1374715989141566
1.5138468742370605,0.6322764090298403,-0.31613820451492,0.5058211272238721,0.6319234371185303,-0.31596171855926514,0.5055387496948243,-0.00035297191131000716,0.00017648595565483705,-0.0002823775290478059,-8.731430175620462,-2.6408101762829297,-1.144356642086226
1.5237808227539062,0.6372692555655941,-0.3186346277827969,0.5098154044524752,0.6368904113769531,-0.31844520568847656,0.5095123291015625,-0.000378844188640981,0.00018942209432032397,-0.0003030753509126738,-8.79139308518141,-2.6591975952651232,-1.1512601637407487
1.5337483882904053,0.6422618663264442,-0.32113093316322194,0.5138094930611553,0.6418741941452026,-0.3209370970726013,0.5134993553161621,-0.00038767218124158287,0.0001938360906206249,-0.0003101377449932219,-8.850923734093826,-2.677429780914935,-1.1580863733162443
1.5438108444213867,0.6472542371998962,-0.3236271185999479,0.5178033897599168,0.6469054222106934,-0.3234527111053467,0.5175243377685547,-0.00034881498920280585,0.0001744074946012364,-0.00027905199136213366,-8.909643592531967,-2.695341011722382,-1.1647859222901344
1.5538015365600586,0.6522464118408898,-0.32612320592044475,0.5217971294727117,0.6519007682800293,-0.32595038414001465,0.5215206146240234,-0.0003456435608605313,0.0001728217804300991,-0.0002765148486882918,-8.968603903159405,-2.7133933260497853,-1.1714951209140283
1.5637454986572266,0.6572383973455027,-0.3286191986727512,0.5257907178764021,0.6568727493286133,-0.32843637466430664,0.5254981994628907,-0.0003656480168894305,0.0001828240084445487,-0.00029251841351141117,-9.027637455760507,-2.731513189394384,-1.1781922642539124
1.5738372802734375,0.6622301774920065,-0.3311150887460031,0.5297841419936051,0.6619186401367188,-0.3309593200683594,0.529534912109375,-0.00031153735528777204,0.0001557686776437195,-0.000249229884230151,-9.08552509353136,-2.7491659816133462,-1.1847189560074978
1.5837957859039307,0.6672218104982249,-0.3336109052491123,0.5337774483985799,0.6668978929519653,-0.33344894647598267,0.5335183143615723,-0.0003239175462596,0.00016195877312963347,-0.0002591340370076134,-9.144036384789906,-2.767128426706672,-1.1913046858463654
1.593827247619629,0.6722132869267727,-0.3361066434633862,0.5377706295414181,0.6719136238098145,-0.3359568119049072,0.5375308990478516,-0.00029966311695828196,0.00014983155847897445,-0.00023973049356651455,-9.201868518637028,-2.7848291043237916,-1.1977803727415857
1.6039090156555176,0.6772046341636326,-0.33860231708181615,0.541763707330906,0.6769545078277588,-0.3384772539138794,0.5415636062622071,-0.0002501263358738459,0.00012506316793675643,-0.00020010106869883248,-9.259171841165532,-2.8023345085664344,-1.2041653078896213
1.6137735843658447,0.6821959043294195,-0.34109795216470956,0.5457567234635354,0.6818867921829224,-0.3409433960914612,0.545509433746338,-0.0003091121464970925,0.00015455607324837972,-0.00024728971719745196,-9.317615069023713,-2.820375785994087,-1.210676000808109
1.6237850189208984,0.6871870399797441,-0.34359351998987187,0.5497496319837951,0.6868925094604492,-0.3434462547302246,0.5495140075683594,-0.0002945305192948444,0.00014726525964725568,-0.0002356244154356757,-9.374904325403735,-2.8379479004446555,-1.2170148884768788
1.6338422298431396,0.6921780583865429,-0.3460890291932713,0.5537424467092341,0.6919211149215698,-0.3459605574607849,0.5535368919372559,-0.0002569434649730695,0.00012847173248636823,-0.00020555477197825578,-9.43168690796262,-2.8553351869183055,-1.2232656522287098
1.643871545791626,0.6971689994817407,-0.3485844997408702,0.5577351995853924,0.6969357728958131,-0.34846788644790655,0.5575486183166505,-0.00023322658592761503,0.00011661329296364098,-0.0001865812687419366,-9.488425799165634,-2.8727406034067897,-1.2294882151326478
1.6538784503936768,0.7021598885284487,-0.3510799442642242,0.5617279108227587,0.7019392251968384,-0.3509696125984192,0.5615513801574707,-0.0002206633316103046,0.00011033166580498577,-0.00017653066528799943,-9.54508221717767,-2.890147221296847,-1.2356774948184346
1.6638295650482178,0.7071507391308909,-0.3535753695654453,0.5657205913047125,0.7069147825241089,-0.35345739126205444,0.5655318260192871,-0.00023595660678199515,0.00011797830339083104,-0.0001887652854254407,-9.601858801515439,-2.907643679888526,-1.2418597424687725
1.6737804412841797,0.7121415367646774,-0.35607076838233853,0.5697132294117417,0.7118902206420898,-0.3559451103210449,0.5695121765136718,-0.00025131612258755265,0.0001256580612936098,-0.0002010528980699311,-9.658401965468418,-2.925075417398777,-1.2479890798138353
1.6838395595550537,0.7171322671296656,-0.35856613356483263,0.5737058137037323,0.7169197797775267,-0.35845988988876337,0.5735358238220214,-0.00021248735213885706,0.000106243676069262,-0.000169989881710908,-9.714038504383286,-2.942148705421907,-1.2539780472543638
1.6937899589538574,0.722122970400002,-0.3610614852000008,0.5776983763200014,0.7218949794769287,-0.36094748973846436,0.5775159835815429,-0.0002279909230732402,0.00011399546153645357,-0.00018239273845854775,-9.770125847896152,-2.959456964307257,-1.260002505317566
1.703805923461914,0.7271136316140084,-0.36355681580700405,0.5816909052912067,0.7269029617309569,-0.36345148086547846,0.5815223693847655,-0.00021066988305151746,0.0001053349415255922,-0.00016853590644116956,-9.825569052386246,-2.9765219732498878,-1.265920492176413
1.7138450145721436,0.7321042689338518,-0.36605213446692575,0.5856834151470814,0.7319225072860718,-0.3659612536430359,0.5855380058288574,-0.00018176164778005433,9.088082388986063e-05,-0.00014540931822404346,-9.880638851764125,-2.993462453408201,-1.2717669207557962
1.7237980365753174,0.7370949117456506,-0.3685474558728251,0.5896759293965204,0.7368990182876587,-0.36844950914382935,0.5895192146301269,-0.0001958934579918692,9.794672899576806e-05,-0.00015671476639345094,-9.93601248076935,-3.0105740208568896,-1.2776295210479325
1.7337725162506104,0.7420855458077553,-0.3710427729038775,0.5936684366462042,0.7418862581253052,-0.3709431290626526,0.5935090065002441,-0.0001992876824501444,9.964384122490566e-05,-0.0001594301459600933,-9.99101214764388,-3.027560969443137,-1.283420450628262
1.7438616752624512,0.7470761679009356,-0.3735380839504676,0.5976609343207483,0.7469308376312256,-0.3734654188156128,0.5975446701049805,-0.00014533026970997565,7.266513485482129e-05,-0.00011626421576782509,-10.045064208173224,-3.0441737759105623,-1.2890651739854286
1.7538678646087646,0.7520668322219825,-0.37603341611099106,0.6016534657775858,0.7519339323043823,-0.37596696615219116,0.601547145843506,-0.00013289991760012665,6.644995879989679e-05,-0.00010631993407983487,-10.099403987730264,-3.0609512946324986,-1.2947236014819588
1.7637755870819092,0.7570575503566908,-0.3785287751783452,0.6056460402853525,0.7568877935409546,-0.3784438967704773,0.6055102348327637,-0.0001697568157361662,8.487840786791656e-05,-0.00013580545258884413,-10.154114167342234,-3.0779291744334696,-1.3004065388510742
1.773843765258789,0.7620482843718892,-0.38102414218594444,0.6096386274975113,0.7619218826293945,-0.38096094131469727,0.6095375061035158,-0.00012640174249467506,6.3200871247171e-05,-0.00010112139399554021,-10.207583208402745,-3.094405861095648,-1.3059051247334472
1.78385591506958,0.7670390773050412,-0.3835195386525204,0.6136312618440328,0.76692795753479,-0.383463978767395,0.6135423660278321,-0.00011111977025113351,5.555988512540022e-05,-8.889581620075138e-05,-10.261166825110603,-3.1109722319048942,-1.3113947466333933
1.793886423110962,0.7720299432597598,-0.38601497162987974,0.6176239546078077,0.771943211555481,-0.3859716057777405,0.6175545692443849,-8.673170427886401e-05,4.336585213926547e-05,-6.938536342282475e-05,-10.314398127488063,-3.127425143430356,-1.3168149016742623
1.8037476539611816,0.7770209051636798,-0.38851045258183975,0.6216167241309437,0.7768738269805908,-0.3884369134902954,0.6214990615844728,-0.0001470781830890111,7.353909154433902e-05,-0.00011766254647094243,-10.368433289464157,-3.1442673249340842,-1.3223153677396837
1.8137328624725342,0.7820119007513384,-0.39100595037566904,0.6256095206010706,0.7818664312362671,-0.39093321561813354,0.6254931449890138,-0.0001454695150713281,7.273475753549752e-05,-0.00011637561205679603,-10.42144260623872,-3.160703183603817,-1.3276592425835914
1.8237695693969727,0.7870029309577287,-0.39350146547886417,0.6296023447661828,0.7868847846984863,-0.39344239234924316,0.6295078277587891,-0.00011814625924233546,5.90731296210012e-05,-9.451700739371294e-05,-10.47388797647369,-3.1769343499074543,-1.3329060729495459
1.8337962627410889,0.791994022413732,-0.3959970112068658,0.6335952179309854,0.7918981313705444,-0.3959490656852722,0.6335185050964356,-9.589104318752373e-05,4.794552159359533e-05,-7.671283454979694e-05,-10.526153812212298,-3.1931281994152694,-1.3381054990975814
1.8437724113464355,0.796985196149572,-0.3984925980747858,0.6375881569196574,0.7968862056732178,-0.3984431028366089,0.6375089645385743,-9.899047635419933e-05,4.949523817693313e-05,-7.919238108311522e-05,-10.578486643531397,-3.20939179869784,-1.3432894173700187
1.8538527488708496,0.8019764474202188,-0.4009882237101092,0.6415811579361749,0.8019263744354248,-0.4009631872177124,0.6415410995483399,-5.00729847939807e-05,2.5036492396823817e-05,-4.005838783494031e-05,-10.629928610923342,-3.2253097042041827,-1.3483337432902796
1.863755226135254,0.8069678235924679,-0.4034839117962338,0.6455742588739741,0.806877613067627,-0.4034388065338135,0.6455020904541016,-9.021052484092795e-05,4.510526242029744e-05,-7.216841987256473e-05,-10.682223675611418,-3.241638643068768,-1.3534641482350864
1.8737554550170898,0.8119592820307472,-0.4059796410153734,0.6495674256245976,0.8118777275085449,-0.40593886375427246,0.6495021820068361,-8.155452220226511e-05,4.077726110096602e-05,-6.524361776150123e-05,-10.733655437945016,-3.257634078370932,-1.3584585810549528
1.8837440013885498,0.8169508297457387,-0.4084754148728692,0.6535606637965907,0.8168720006942749,-0.40843600034713745,0.65349760055542,-7.882905146383568e-05,3.9414525731751304e-05,-6.306324117066886e-05,-10.784907040289799,-3.2735927328619643,-1.3634052686149059
1.8937523365020752,0.821942467677379,-0.41097123383868933,0.6575539741419029,0.8218761682510376,-0.4109380841255188,0.6575009346008303,-6.629942634139852e-05,3.3149713170532724e-05,-5.303954107260811e-05,-10.835782986495584,-3.2894301316990644,-1.3682788512300552
1.9038379192352295,0.8269342065509601,-0.41346710327547986,0.6615473652407677,0.8269189596176149,-0.41345947980880743,0.6615351676940919,-1.5246933345203217e-05,7.623466672435075e-06,-1.2197546675807303e-05,-10.885933571159283,-3.3049953431925347,-1.3730339284066646
1.9137976169586182,0.8319260954001362,-0.4159630477000679,0.6655408763201086,0.8318988084793091,-0.41594940423965454,0.6655190467834473,-2.7286920827096495e-05,1.3643460413381714e-05,-2.182953666129972e-05,-10.936611472199344,-3.3208307531569083,-1.377832491535205
1.9238920211791992,0.8369181191854079,-0.4184590595927038,0.669534495348326,0.8369460105895996,-0.4184730052947998,0.6695568084716796,2.7891404191682234e-05,-1.394570209600765e-05,2.231312335365665e-05,-10.98620486419839,-3.3362390380214726,-1.382466037812439
1.9337489604949951,0.8419103303863784,-0.42095516519318904,0.6735282643091024,0.8418744802474976,-0.4209372401237488,0.673499584197998,-3.58501388808552e-05,1.7925069440261066e-05,-2.868011110435109e-05,-11.037005557912988,-3.3522114080702656,-1.3872309495394466
1.9437370300292969,0.8469026615131906,-0.42345133075659513,0.6775221292105522,0.8468685150146484,-0.4234342575073242,0.6774948120117188,-3.414649854216467e-05,1.7073249270915802e-05,-2.7317198833420875e-05,-11.086727588249238,-3.3677593304943234,-1.3918317562863212
1.953772783279419,0.851895111870968,-0.42594755593548383,0.6815160894967741,0.8518863916397095,-0.42594319581985474,0.6815091133117677,-8.720231258529942e-06,4.360115629098438e-06,-6.976185006446478e-06,-11.135897522007603,-3.383111271689839,-1.3963362827326027
1.9637579917907715,0.8568877045013586,-0.42844385225067916,0.6855101636010866,0.8568789958953857,-0.42843949794769287,0.6855031967163085,-8.708605972906902e-06,4.354302986286918e-06,-6.966884778081273e-06,-11.185120210375084,-3.3985287006558487,-1.4008226576823841
1.9737346172332764,0.8618804365705355,-0.4309402182852676,0.6895043492564281,0.8618673086166381,-0.43093365430831904,0.6894938468933105,-1.3127953897407174e-05,6.563976948537054e-06,-1.0502363117614877e-05,-11.234131566884182,-3.4138975865489694,-1.4052567656373751
1.983731985092163,0.8668733008703748,-0.43343665043518725,0.6934986406962996,0.8668659925460815,-0.43343299627304077,0.6934927940368654,-7.308324293298085e-06,3.654162146482509e-06,-5.846659434260992e-06,-11.282750534277485,-3.4291400604621427,-1.40961514899223
1.9937536716461182,0.8718663005758932,-0.43593315028794644,0.6974930404607143,0.871876835823059,-0.4359384179115295,0.6975014686584473,1.0535247165766037e-05,-5.267623583049552e-06,8.428197733056919e-06,-11.330957224378897,-3.444247926400477,-1.413895139679399
2.003793954849243,0.8768594508225483,-0.438429725411274,0.7014875606580383,0.8768780076503755,-0.43843900382518775,0.7015024061203003,1.8556827827143074e-05,-9.27841391373807e-06,1.4845462262047526e-05,-12.604503158167633,-3.986952271260855,-1.5766966454515252
2.013760566711426,0.8817519978301284,-0.440875998915064,0.7054015982641023,0.8817738748550417,-0.44088693742752083,0.7054190998840333,2.1877024913297127e-05,-1.0938512456815097e-05,1.750161993097077e-05,-12.648880279952303,-3.9995935723200464,-1.5809614405477403
2.02378511428833,0.8865439636612393,-0.44327198183061955,0.7092351709289911,0.8865979292869568,-0.4432989646434784,0.7092783434295655,5.396562571746699e-05,-2.6982812858844518e-05,4.317250057439548e-05,-12.691865946316208,-4.011801238339649,-1.5850581249613198
2.0337395668029785,0.8912353871184961,-0.44561769355924796,0.7129883096947967,0.8912888985633851,-0.44564444928169256,0.7130311188507081,5.351144488896509e-05,-2.6755722444593566e-05,4.280915591148293e-05,-12.733914642722691,-4.023769050666724,-1.5890465112055339
2.043745994567871,0.8958262877046922,-0.447913143852346,0.7166610301637535,0.8959044275283814,-0.4479522137641907,0.7167235420227052,7.813982368920502e-05,-3.9069911844713534e-05,6.251185895167488e-05,-12.774633920753605,-4.035326268586559,-1.592877014772471
2.053755521774292,0.9003166992200744,-0.4501583496100371,0.7202533593760593,0.9004212071895599,-0.45021060359477993,0.7203369657516481,0.00010450796948546781,-5.225398474284493e-05,8.360637558879613e-05,-12.814208066309357,-4.046550441342777,-1.5965744714264554
2.063781261444092,0.9047066559087635,-0.45235332795438166,0.7237653247270106,0.9048448487281799,-0.45242242436408997,0.7238758789825441,0.00013819281941640504,-6.909640970831354e-05,0.00011055425553352372,-12.852616914877968,-4.0574311249219654,-1.6001373192313793
2.0737547874450684,0.9089961954042095,-0.45449809770210464,0.7271969563233674,0.9091457846641541,-0.45457289233207704,0.7273166277313232,0.0001495892599445714,-7.479462997239672e-05,0.00011967140795576814,-12.890069528569734,-4.068056307511878,-1.6035936031193478
2.083814859390259,0.9131853427415175,-0.45659267137075865,0.7305482741932139,0.9133831666469574,-0.4566915833234787,0.730706533317566,0.0001978239054398756,-9.891195272004882e-05,0.00015825912435207812,-12.926197485744847,-4.078266048857038,-1.6068967537829115
2.093799591064453,0.9172741419841067,-0.45863707099205325,0.7338193135872852,0.9174888343811036,-0.4587444171905518,0.7339910675048829,0.00021469239699689613,-0.00010734619849855909,0.00017175391759760572,-12.961454328742594,-4.088253335675928,-1.610106312119477
2.103869676589966,0.9212626200160283,-0.46063131000801405,0.7370100960128225,0.9215285222530365,-0.46076426112651825,0.7372228178024294,0.0002659022370081754,-0.00013295111850419872,0.00021272178960685117,-12.995443713126535,-4.097846387967368,-1.6131720836844297
2.1137828826904297,0.9251508204542305,-0.4625754102271151,0.7401206563633842,0.9254064098358155,-0.46270320491790773,0.7403251278686525,0.00025558938158498634,-0.0001277946907926042,0.00020447150526825553,-13.02875760804638,-4.107297349714318,-1.6161714624873031
2.123779535293579,0.9289387558965121,-0.46446937794825593,0.7431510047172095,0.9292173257350922,-0.4646086628675461,0.7433738605880739,0.00027856983858010054,-0.0001392849192901613,0.00022285587086434688,-13.060836365014456,-4.116364555886424,-1.6190331688597852
2.133901834487915,0.9326264552927279,-0.46631322764636385,0.7461011642341822,0.932974169588089,-0.4664870847940445,0.7463793356704712,0.0003477142953610679,-0.00017385714768064497,0.00027817143628905416,-13.09164442154048,-4.125031389042255,-1.62175345060428
2.1438844203948975,0.9362139680484172,-0.4681069840242085,0.7489711744387336,0.9365789692401887,-0.46828948462009434,0.7492631753921509,0.000365001191771519,-0.00018250059588587053,0.00029200095341730403,-13.121743245141706,-4.13353675387647,-1.624405666184551
2.153804302215576,0.9397013186661055,-0.46985065933305264,0.7517610549328843,0.9400624842643739,-0.47003124213218694,0.752049987411499,0.0003611655982683759,-0.00018058279913429898,0.00028893247861472293,-13.150953955521064,-4.141802304539963,-1.6269676562782363
2.1638381481170654,0.9430885225765951,-0.47154426128829746,0.754470818061276,0.9434857796192169,-0.47174288980960843,0.7547886236953736,0.0003972570426217237,-0.00019862852131097286,0.0003178056340975566,-13.178976454047698,-4.149698131425994,-1.6294015224275074
2.1738288402557373,0.9463756120362943,-0.47318780601814703,0.7571004896290353,0.9467943730831148,-0.4733971865415574,0.7574354984664917,0.00041876104682048165,-0.00020938052341035185,0.0003350088374564075,-13.206105894575675,-4.157349108757227,-1.6317461548670131
2.1837780475616455,0.949562612699795,-0.4747813063498974,0.759650090159836,0.9499900849819185,-0.47499504249095925,0.7599920679855348,0.00042747228212347554,-0.0002137361410618488,0.00034197782569878044,-13.232334821079958,-4.164750543191169,-1.6340014086010117
2.1938631534576416,0.9526495452127955,-0.4763247726063977,0.7621196361702365,0.9531282618045807,-0.47656413090229033,0.7625026094436645,0.00047871659178511106,-0.00023935829589261104,0.00038297327342806664,-13.25743438310136,-4.171803236874966,-1.6361385122420735
2.2038447856903076,0.9556364451614363,-0.4778182225807181,0.7645091561291492,0.9561342117786407,-0.47806710588932033,0.7649073694229127,0.0004977666172043538,-0.0002488833086022324,0.00039821329376354964,-13.28174319359666,-4.178650557483977,-1.6382019026926
2.2137937545776367,0.9585233359205835,-0.4792616679602917,0.7668186687364669,0.9590312200546265,-0.47951561002731324,0.7672249760437012,0.0005078841340430129,-0.00025394206702156197,0.0004063073072343437,-13.30515941840643,-4.185247585714771,-1.6401791925881608
2.2237491607666016,0.9613102379977662,-0.480655118998883,0.769048190398213,0.9618310192108155,-0.48091550960540774,0.7694648153686524,0.0005207812130493261,-0.00026039060652471857,0.0004166249704393721,-13.327646045745361,-4.19157721616205,-1.642066314647501
2.2338154315948486,0.9639971729824649,-0.4819985864912324,0.771197738385972,0.9645610893726349,-0.4822805446863174,0.771648871498108,0.0005639163901699495,-0.0002819581950850303,0.00045113311213595964,-13.349134554999656,-4.197608980854899,-1.6438550970951677
2.243804931640625,0.9665841700975409,-0.4832920850487704,0.7732673360780329,0.9671702575683594,-0.4835851287841797,0.7737362060546875,0.0005860874708184527,-0.00029304373540928186,0.00046886997665462893,-13.36980130685461,-4.2034169458986606,-1.6455689472086699
2.2537899017333984,0.9690712523714581,-0.484535626185729,0.7752570018971666,0.9696785259246826,-0.4848392629623413,0.7757428207397461,0.000607273553224541,-0.000303636776612326,0.0004858188425794774,-13.389587780208156,-4.208974931339063,-1.6472009580980054
2.2637808322906494,0.9714584422931035,-0.4857292211465517,0.777166753834483,0.9720884955883027,-0.48604424779415134,0.7776707964706422,0.0006300532951991622,-0.0003150266475996366,0.0005040426361592187,-13.408497284007675,-4.214283210778811,-1.6487521670707366
2.2737910747528076,0.973745762303153,-0.48687288115157645,0.7789966098425226,0.9744029918193817,-0.48720149590969086,0.7795223934555054,0.0006572295162287078,-0.00032861475811440943,0.000525783612982833,-13.42653709081593,-4.219343790800771,-1.6502240978041793
2.283841133117676,0.9759332349275672,-0.48796661746378356,0.780746587942054,0.9766258436203002,-0.4883129218101501,0.7813006748962402,0.0006926086927330211,-0.00034630434636656604,0.0005540869541862392,-13.443719285273952,-4.2241607686799,-1.6516188707055268
2.2937490940093994,0.9780208824815624,-0.48901044124078114,0.7824167059852501,0.9787185642719269,-0.48935928213596347,0.7829748514175416,0.0006976817903645571,-0.0003488408951823341,0.0005581454322914903,-13.460077511580879,-4.2287474624822075,-1.652941365953838
2.303788423538208,0.980008724947466,-0.49000436247373297,0.7840069799579731,0.9807387425899506,-0.4903693712949753,0.7845909940719605,0.0007300176424845928,-0.0003650088212423519,0.0005840141139874522,-13.475584469875598,-4.233091263714094,-1.6541885770784255
2.3137779235839844,0.9818967828969866,-0.4909483914484932,0.7855174263175895,0.9826489158630372,-0.4913244579315186,0.7861191326904298,0.0007521329660505893,-0.0003760664830253502,0.0006017063728402938,-13.49026268800055,-4.237200843128839,-1.6553638987188433
2.32381534576416,0.9836850762357658,-0.4918425381178829,0.7869480609886129,0.9844676855087282,-0.4922338427543641,0.7875741484069825,0.0007826092729623646,-0.0003913046364811823,0.0006260874183695586,-13.504130710578714,-4.241083208583409,-1.6564701896105303
2.3338189125061035,0.9853736232478897,-0.49268681162394484,0.788298898598312,0.986180120563507,-0.4930900602817535,0.7889440964508057,0.0008064973156173272,-0.0004032486578086636,0.0006451978524936175,-13.517177988341222,-4.244733023809718,-1.6575065307367876
2.3438427448272705,0.9869624420345855,-0.49348122101729275,0.7895699536276687,0.987795625448227,-0.4938978127241135,0.7902365003585816,0.0008331834136414695,-0.00041659170682073476,0.0006665467309129314,-13.529428077731131,-4.2481595182713505,-1.6584763777856608
2.3538169860839844,0.9884515490799956,-0.4942257745399978,0.7907612392639968,0.9893034629821776,-0.4946517314910888,0.7914427703857422,0.0008519139021820887,-0.00042595695109104437,0.0006815311217454045,-13.540847997139327,-4.251347904139126,-1.6593758674270096
2.3638296127319336,0.9898409625011828,-0.4949204812505914,0.7918727700009466,0.990716997718811,-0.4953584988594055,0.7925735981750488,0.000876035217628246,-0.000438017608814123,0.0007008281741022193,-13.551494715806454,-4.254321717426378,-1.6602127151010853
2.3738696575164795,0.9911306977666176,-0.4955653488833088,0.7929045582132944,0.99203370718956,-0.49601685359478,0.793626965751648,0.0009030094229424135,-0.00045150471147120674,0.0007224075383536199,-13.561376954252527,-4.257083995906224,-1.660988392056316
2.3838424682617188,0.9923207674046632,-0.4961603837023316,0.793856613923731,0.9932418838500977,-0.49662094192504885,0.7945935070800783,0.0009211164454344667,-0.00046055822271723335,0.0007368931563472847,-13.570412477566855,-4.2595991468991246,-1.661692607242301
2.393775463104248,0.9934111882727411,-0.49670559413637055,0.7947289506181933,0.994346423625946,-0.497173211812973,0.7954771389007569,0.000935235353204944,-0.000467617676602472,0.0007481882825636221,-13.57861414822416,-4.261872087858294,-1.662327306166417
2.403796672821045,0.9944019808661898,-0.4972009904330949,0.7955215846929522,0.9953606839179994,-0.4976803419589997,0.7962885471343994,0.0009587030518095618,-0.0004793515259047809,0.0007669624414472498,-13.586133998749437,-4.263966937694426,-1.6629123700278055
2.4137585163116455,0.9952931569762571,-0.49764657848812854,0.796234525581006,0.9962694738864899,-0.49813473694324495,0.797015579109192,0.0009763169102328106,-0.0004881584551164053,0.0007810535281859154,-13.592802245651544,-4.265811015618467,-1.6634261428264123
2.4237499237060547,0.996084734177771,-0.4980423670888855,0.7968677873422171,0.9970812442779542,-0.4985406221389771,0.7976649954223634,0.000996510100183201,-0.0004982550500916005,0.0007972080801462722,-13.598735738667468,-4.267453573015677,-1.6638839141354074
2.433732748031616,0.9967767263606135,-0.49838836318030677,0.7974213810884911,0.997792628622055,-0.4988963143110275,0.7982341028976441,0.001015902261441437,-0.0005079511307207185,0.0008127218091529276,-13.603885746761081,-4.268873500945436,-1.6642795926726497
2.443812131881714,0.9973691480524544,-0.4986845740262272,0.7978953184419638,0.9984096672534943,-0.49920483362674717,0.7987277338027955,0.00104051920103998,-0.00052025960051999,0.0008324153608316731,-13.60843469635345,-4.270147991281785,-1.6646368865083931
2.453810691833496,0.997861999403283,-0.4989309997016415,0.7982895995226268,0.9989214811325073,-0.49946074056625367,0.7991371849060058,0.0010594817292243208,-0.0005297408646121604,0.0008475853833790348,-13.612086855718763,-4.271151058951295,-1.6649177929702068
2.463742971420288,0.9982552910704576,-0.4991276455352288,0.7986042328563665,0.9993310039997101,-0.49966550199985504,0.7994648031997682,0.0010757129292524592,-0.0005378564646262296,0.0008605703434017009,-13.614846531931157,-4.271884312741449,-1.6651229795925122
2.4737234115600586,0.998549044022934,-0.499274522011467,0.7988392352183475,0.9996430852890015,-0.49982154264450074,0.7997144682312013,0.0010940412660674914,-0.0005470206330337457,0.0008752330128537489,-13.616933991518597,-4.272441156750711,-1.665280955030915
2.483726978302002,0.9987432712753148,-0.49937163563765746,0.7989946170202522,0.9998559046745301,-0.49992795233726506,0.7998847237396242,0.0011126333992153015,-0.0005563166996075952,0.0008901067193719525,-13.61831051091593,-4.272804970327206,-1.6653867961077595
2.4937548637390137,0.9988379812203869,-0.4994189906101935,0.7990703849763099,0.999968774318695,-0.4999843871593475,0.7999750194549561,0.0011307930983081027,-0.0005653965491539958,0.0009046344786461935,-13.618986943275967,-4.2729802591412325,-1.6654419506222597
2.503817319869995,0.9988331767869081,-0.4994165883934541,0.7990665414295268,1.0,-0.5,0.8,0.0011668232130919165,-0.0005834116065459027,0.0009334585704732223,-12.412827662971454,-3.760447480318896,-1.5098119799440708
2.513763904571533,0.9988296352653119,-0.499414817632656,0.7990637082122499,1.0,-0.5,0.8,0.001170364734688123,-0.000585182367344006,0.0009362917877501209,-12.413058534937013,-3.760548635790886,-1.509843576066477
2.523728132247925,0.9988273349388823,-0.4994136674694412,0.7990618679511062,1.0,-0.5,0.8,0.0011726650611176836,-0.0005863325305587863,0.0009381320488938139,-12.41330923855022,-3.7606571484585527,-1.5098770986631145
2.5337557792663574,0.9988262532840424,-0.49941312664202125,0.7990610026272343,1.0,-0.5,0.8,0.001173746715957602,-0.0005868733579787455,0.0009389973727657042,-12.413579126275275,-3.760772762433838,-1.5099124757197164
2.5437798500061035,0.9988263670090153,-0.4994131835045077,0.7990610936072127,1.0,-0.5,0.8,0.0011736329909847187,-0.0005868164954923039,0.0009389063927873753,-12.413867544273497,-3.7608952198166623,-1.5099496347968884
2.553807497024536,0.9988276520924797,-0.4994138260462399,0.7990621216739842,1.0,-0.5,0.8,0.0011723479075202992,-0.0005861739537600941,0.0009378783260158841,-12.41417383318733,-3.761024260995266,-1.5099885031114808
2.563837766647339,0.9988300838221823,-0.4994150419110912,0.7990640670577462,1.0,-0.5,0.8,0.001169916177817698,-0.0005849580889087935,0.0009359329422538032,-12.414497328914294,-3.761159624942286,-1.5100290076167022
2.5737743377685547,0.9988336368334687,-0.4994168184167344,0.7990669094667754,1.0,-0.5,0.8,0.0011663631665312924,-0.0005831815832655907,0.0009330905332246564,-12.414837363370273,-3.761301049506327,-1.5100710750809114
2.583738088607788,0.9988382851476959,-0.499419142573848,0.7990706281181571,1.0,-0.5,0.8,0.0011617148523040965,-0.0005808574261519928,0.0009293718818429442,-12.415193265241555,-3.7614482716988222,-1.510114632165036
2.593724489212036,0.9988440022104909,-0.4994220011052455,0.7990752017683931,1.0,-0.5,0.8,0.0011559977895091444,-0.0005779988947545167,0.0009247982316069603,-12.415564360725115,-3.761601027975981,-1.5101596054985673
2.6037542819976807,0.9988507609298194,-0.49942538046490975,0.7990806087438559,1.0,-0.5,0.8,0.0011492390701806077,-0.0005746195350902483,0.0009193912561441531,-12.41594997425655,-3.7617590545156356,-1.5102059217540758
2.613770008087158,0.9988585337138316,-0.49942926685691585,0.7990868269710656,1.0,-0.5,0.8,0.0011414662861684022,-0.0005707331430841456,0.0009131730289344553,-12.416349429225265,-3.7619220874888,-1.5102535077202022
2.6237435340881348,0.9988672925084497,-0.4994336462542249,0.79909383400676,1.0,-0.5,0.8,0.0011327074915502555,-0.0005663537457750722,0.0009061659932400046,-12.416762048676343,-3.762089863325767,-1.5103022903730854
2.633768081665039,0.998877008834667,-0.49943850441733356,0.7991016070677339,1.0,-0.5,0.8,0.0011229911653329872,-0.0005614955826664381,0.0008983929322661233,-12.41718715599869,-3.762262118976585,-1.5103521969461744
2.643806219100952,0.9988876538255254,-0.49944382691276273,0.7991101230604205,1.0,-0.5,0.8,0.0011123461744746432,-0.0005561730872372661,0.000889876939579537,-12.417624075599035,-3.7624385921657537,-1.5104031549983863
2.653801679611206,0.998899198262741,-0.49944959913137055,0.799119358610193,1.0,-0.5,0.8,0.0011008017372590162,-0.0005504008686294526,0.0008806413898070353,-12.418072133561326,-3.7626190216409996,-1.5104550924805855
2.6638362407684326,0.9989116126129496,-0.4994558063064748,0.7991292900903598,1.0,-0.5,0.8,0.0010883873870504157,-0.0005441936935252079,0.0008707099096402215,-12.418530658291251,-3.762803147415989,-1.5105079378003305
2.6738321781158447,0.998924867063541,-0.4994624335317705,0.7991398936508329,1.0,-0.5,0.8,0.001075132936459,-0.0005375664682295,0.0008601063491671113,-12.418998981145345,-3.7629907110068515,-1.51056161988487
2.6838512420654297,0.998938931558057,-0.4994694657790285,0.7991511452464458,1.0,-0.5,0.8,0.0010610684419429806,-0.0005305342209714903,0.000848854753554229,-12.419476437044565,-3.7631814556624152,-1.5106160682423522
2.6937758922576904,0.9989537758311247,-0.49947688791556233,0.7991630206649,1.0,-0.5,0.8,0.0010462241688753426,-0.0005231120844376713,0.0008369793351000743,-12.419962365071843,-3.7633751265880075,-1.5106712130212208
2.703751564025879,0.9989693694428998,-0.4994846847214499,0.7991754955543201,1.0,-0.5,0.8,0.0010306305571001761,-0.0005153152785500881,0.0008245044456799411,-12.42045610905342,-3.7635714711627624,-1.5107269850677758
2.7137629985809326,0.9989856818129966,-0.4994928409064983,0.7991885454503975,1.0,-0.5,0.8,0.0010143181870033713,-0.0005071590935016856,0.0008114545496025194,-12.420957018123671,-3.763770239150317,-1.510783315981871
2.723750114440918,0.9990026822538784,-0.4995013411269392,0.799202145803103,1.0,-0.5,0.8,0.000997317746121551,-0.0004986588730607755,0.000797854196897041,-12.421464447273179,-3.763971182902829,-1.510840138170736
2.733748197555542,0.9990203400036888,-0.4995101700018444,0.7992162720029513,1.0,-0.5,0.8,0.0009796599963112218,-0.0004898299981556109,0.0007837279970487332,-12.421977757879826,-3.7641740575582356,-1.5108973849008926
2.7437310218811035,0.9990386242584992,-0.4995193121292496,0.7992308994067997,1.0,-0.5,0.8,0.0009613757415007917,-0.0004806878707503959,0.0007691005932003447,-12.422496318222754,-3.76437862123069,-1.5109549903481687
2.7537965774536133,0.999057504203955,-0.4995287521019775,0.7992460033631643,1.0,-0.5,0.8,0.0009424957960449953,-0.00047124789802249767,0.0007539966368357298,-12.423019503978924,-3.764584635194125,-1.5110128896457775
2.7637553215026855,0.9990769490462977,-0.4995384745231488,0.7992615592370385,1.0,-0.5,0.8,0.0009230509537022646,-0.00046152547685118783,0.0007384407629615897,-12.423546698702213,-3.7647918640589,-1.5110710189304652
2.773782253265381,0.9990969280427473,-0.4995484640213736,0.799277542434198,1.0,-0.5,0.8,0.0009030719572526991,-0.00045153597862640504,0.000722457565802026,-12.424077294284873,-3.7650000759414683,-1.5111293153867116
2.7837460041046143,0.999117410531225,-0.49955870526561247,0.7992939284249803,1.0,-0.5,0.8,0.0008825894687749525,-0.00044129473438753175,0.0007060715750197843,-12.424610691401236,-3.7652090426270712,-1.5111877172889805
2.793801784515381,0.9991383659594021,-0.499569182979701,0.7993106927675219,1.0,-0.5,0.8,0.0008616340405979139,-0.0004308170202990125,0.0006893072324781757,-12.425146299933592,-3.7654185397254056,-1.5112461640420145
2.803798198699951,0.9991597639130562,-0.499579881956528,0.7993278111304452,1.0,-0.5,0.8,0.0008402360869438352,-0.0004201180434719731,0.0006721888695548905,-12.425683539380147,-3.7656283468192546,-1.5113045962191736
2.8138082027435303,0.9991815741437241,-0.499590787071862,0.7993452593149795,1.0,-0.5,0.8,0.000818425856275895,-0.00040921292813800303,0.0006547406850205828,-12.426221839245041,-3.7658382476061076,-1.5113629555988173
2.8237619400024414,0.9992037665956349,-0.4996018832978174,0.7993630132765082,1.0,-0.5,0.8,0.0007962334043650765,-0.00039811670218259376,0.0006369867234918836,-12.426760639410364,-3.7660480300327066,-1.5114211851987287
2.833803653717041,0.9992263114319119,-0.4996131557159559,0.7993810491455298,1.0,-0.5,0.8,0.0007736885680881267,-0.00038684428404411886,0.0006189508544702793,-12.427299390490186,-3.7662574864225875,-1.5114792293085983
2.8438684940338135,0.9992491790600314,-0.49962458953001565,0.7993993432480254,1.0,-0.5,0.8,0.0007508209399685883,-0.0003754104699843497,0.0006006567519746264,-12.427837554166576,-3.766466413596599,-1.5115370335205482
2.853788375854492,0.9992723401565285,-0.4996361700782642,0.7994178721252231,1.0,-0.5,0.8,0.000727659843471451,-0.000363829921735781,0.0005821278747769609,-12.428374603507674,-3.766674612986429,-1.5115945447577406
2.86381459236145,0.9992957656909391,-0.4996478828454695,0.7994366125527516,1.0,-0.5,0.8,0.0007042343090608583,-0.00035211715453048464,0.0005633874472484868,-12.428910023267823,-3.766881890741158,-1.5116517113010417
2.8738491535186768,0.9993194269489707,-0.4996597134744853,0.7994555415591768,1.0,-0.5,0.8,0.0006805730510293095,-0.0003402865255147103,0.0005444584408232922,-12.429443310169871,-3.767088057826902,-1.5117084828137886
2.88378643989563,0.9993432955548925,-0.4996716477774462,0.7994746364439143,1.0,-0.5,0.8,0.0006567044451074588,-0.00032835222255378493,0.0005253635560857894,-12.429973973169638,-3.767292930119542,-1.5117648103646408
2.8938140869140625,0.9993673434931412,-0.4996836717465705,0.7994938747945131,1.0,-0.5,0.8,0.0006326565068588419,-0.00031632825342947646,0.0005061252054869847,-12.430501533702756,-3.7674963284906395,-1.5118206464485628
2.9037601947784424,0.9993915431291316,-0.49969577156456574,0.7995132345033054,1.0,-0.5,0.8,0.0006084568708684124,-0.0003042284354342617,0.0004867654966946855,-12.431025525913894,-3.7676980788865415,-1.5118759450059254
2.91377592086792,0.9994158672292731,-0.4997079336146365,0.7995326937834185,1.0,-0.5,0.8,0.0005841327707268862,-0.0002920663853634986,0.00046730621658153115,-12.431545496868553,-3.767898012400784,-1.5119306614397685
2.9237585067749023,0.9994402889801826,-0.4997201444900912,0.799552231184146,1.0,-0.5,0.8,0.0005597110198174438,-0.0002798555099087774,0.000447768815854066,-12.43206100674755,-3.768095965339806,-1.5119847526312291
2.9337680339813232,0.9994647820070935,-0.4997323910035467,0.7995718256056747,1.0,-0.5,0.8,0.000535217992906456,-0.0002676089964532835,0.000428174394325298,-12.43257162902435,-3.768291779282107,-1.5120381769531632
2.943737268447876,0.9994893203914592,-0.4997446601957296,0.7995914563131673,1.0,-0.5,0.8,0.0005106796085407872,-0.0002553398042703936,0.0004085436868327408,-12.433076950625459,-3.7684853011308586,-1.512090894281987
2.953737497329712,0.9995138786877462,-0.4997569393438731,0.7996111029501969,1.0,-0.5,0.8,0.0004861213122537844,-0.0002430606561268922,0.00038889704980316075,-12.433576572073967,-3.768676383160115,-1.5121428660077556
2.963742971420288,0.9995384319394197,-0.49976921596970986,0.7996307455515357,1.0,-0.5,0.8,0.0004615680605802863,-0.00023078403029014316,0.0003692544484643623,-12.434070107616549,-3.768864883054644,-1.5121940550425053
2.973796844482422,0.9995629556941202,-0.4997814778470601,0.7996503645552961,1.0,-0.5,0.8,0.0004370443058797635,-0.00021852215293988175,0.0003496354447038996,-12.434557185334068,-3.769050663943533,-1.5122444258268979
2.9837467670440674,0.9995874260180326,-0.4997937130090163,0.7996699408144261,1.0,-0.5,0.8,0.00041257398196736794,-0.00020628699098368397,0.00033005918557393876,-12.435037447236043,-3.769233594427627,-1.5122939443351766
2.9937314987182617,0.9996118195094488,-0.4998059097547244,0.799689455607559,1.0,-0.5,0.8,0.0003881804905512265,-0.00019409024527561325,0.0003105443924410478,-12.435510549339165,-3.769413548600893,-1.5123425780784794
3.0038533210754395,0.9996361133115271,-0.49981805665576357,0.7997088906492217,1.0,-0.5,0.8,0.00036388668847286976,-0.00018194334423643488,0.0002911093507783624,-12.435976161730185,-3.7695904060658436,-1.5123902961065332
3.013740062713623,0.9996602851242524,-0.4998301425621262,0.7997282280994019,1.0,-0.5,0.8,0.00033971487574757653,-0.00016985743787378826,0.00027177190059812784,-12.436433968613338,-3.7697640519431075,-1.5124370690077575
3.023738384246826,0.9996843132155989,-0.49984215660779946,0.7997474505724791,1.0,-0.5,0.8,0.00031568678440108133,-0.00015784339220054067,0.0002525494275209539,-12.436883668342684,-3.7699343768752636,-1.5124828689078158
3.033792018890381,0.9997081764319029,-0.49985408821595145,0.7997665411455223,1.0,-0.5,0.8,0.00029182356809709376,-0.00014591178404854688,0.00023345885447778603,-12.437324973439528,-3.770101277025047,-1.5125276694666494
3.0437254905700684,0.9997318542074489,-0.49986592710372446,0.7997854833659591,1.0,-0.5,0.8,0.00026814579255107773,-0.00013407289627553887,0.0002145166340409288,-12.437757610595298,-3.770264654068061,-1.5125714458740172
3.05375337600708,0.9997553265732766,-0.4998776632866383,0.7998042612586213,1.0,-0.5,0.8,0.0002446734267234074,-0.0001223367133617037,0.00019573874137879255,-12.438181320660128,-3.7704244151800936,-1.5126141748435873
3.0637595653533936,0.9997785741652144,-0.4998892870826072,0.7998228593321715,1.0,-0.5,0.8,0.00022142583478557132,-0.00011071291739278566,0.00017714066782859028,-12.438595858617445,-3.7705804730191814,-1.5126558346056191
3.073758602142334,0.9998015782311482,-0.4999007891155741,0.7998412625849185,1.0,-0.5,0.8,0.0001984217688517642,-9.92108844258821e-05,0.0001587374150815446,-12.43900099354494,-3.7707327457025412,-1.5126964048982536
3.0837748050689697,0.9998243206375322,-0.4999121603187661,0.7998594565100258,1.0,-0.5,0.8,0.00017567936246776217,-8.783968123388108e-05,0.00014054348997427635,-12.439396508562135,-3.7708811567784997,-1.5127358669574724
3.093780517578125,0.999846783875151,-0.4999233919375755,0.7998774271001208,1.0,-0.5,0.8,0.00015321612484897607,-7.660806242448803e-05,0.00012257289987926967,-12.439782200764974,-3.7710256351935363,-1.5127742035057483
3.1037731170654297,0.9998689510641423,-0.49993447553207115,0.7998951608513138,1.0,-0.5,0.8,0.00013104893585769162,-6.552446792884581e-05,0.0001048391486861977,-12.440157881147698,-3.7711661152546085,-1.5128113987394292
3.1138203144073486,0.9998908059582896,-0.4999454029791448,0.7999126447666317,1.0,-0.5,0.8,0.00010919404171039204,-5.459702085519602e-05,8.735523336833584e-05,-12.440523374512395,-3.77130253658686,-1.512847438314897
3.1237504482269287,0.9999123329485957,-0.49995616647429786,0.7999298663588765,1.0,-0.5,0.8,8.766705140428321e-05,-4.383352570214161e-05,7.013364112351539e-05,-12.440878519366539,-3.7714348440868646,-1.5128823093335397
3.133781909942627,0.9999335170661471,-0.49996675853307354,0.7999468136529176,1.0,-0.5,0.8,6.648293385291826e-05,-3.324146692645913e-05,5.318634708240122e-05,-12.44122316780885,-3.77156298787155,-1.512916000325571
3.1438376903533936,0.9999543439842813,-0.49997717199214065,0.7999634751874249,1.0,-0.5,0.8,4.565601571870914e-05,-2.282800785935457e-05,3.652481257510054e-05,-12.441557185403903,-3.771686923222926,-1.512948501232747
3.153825521469116,0.9999748000200686,-0.4999874000100343,0.7999798400160547,1.0,-0.5,0.8,2.519997993144507e-05,-1.2599989965722536e-05,2.0159983945333693e-05,-12.441880451045723,-3.7718066105287704,-1.5129798033900113
3.1637964248657227,0.99999487213512,-0.49999743606756,0.7999958977080959,1.0,-0.5,0.8,5.127864880050126e-06,-2.563932440025063e-06,4.1022919041733275e-06,-12.442192856810863,-3.7719220152194164,-1.5130098995061174
3.1738100051879883,1.0000145479357352,-0.5000072739678676,0.8000116383485881,1.0,-0.5,0.8,-1.4547935735187423e-05,7.273967867593711e-06,-1.1638348588083325e-05,-12.442494307801217,-3.7720331077007754,-1.513038783643257
3.1838512420654297,1.0000338156724025,-0.5000169078362012,0.800027052537922,1.0,-0.5,0.8,-3.381567240245964e-05,1.690783620122982e-05,-2.70525379219011e-05,-12.442784721977006,-3.7721398632837455,-1.5130664511957512
3.1937906742095947,1.000052664238664,-0.500026332119332,0.8000421313909312,1.0,-0.5,0.8,-5.266423866401304e-05,2.633211933200652e-05,-4.2131390931121615e-05,-12.443064029980247,-3.772242262110154,-1.5130928988678316
3.203803300857544,1.0000710831693616,-0.5000355415846808,0.8000568665354892,1.0,-0.5,0.8,-7.108316936155212e-05,3.554158468077606e-05,-5.686653548919729e-05,-12.443332174949132,-3.772340289075365,-1.5131181246505583
3.213864326477051,1.000089062638276,-0.500044531319138,0.8000712501106206,1.0,-0.5,0.8,-8.906263827590521e-05,4.453131913795261e-05,-7.125011062059095e-05,-12.443589112323671,-3.772433933747718,-1.5131421277979162
3.2239463329315186,1.0001065934551736,-0.5000532967275868,0.8000852747641388,1.0,-0.5,0.8,-0.00010659345517360919,5.329672758680459e-05,-8.527476413877633e-05,-12.443834809642938,-3.7725231902849288,-1.513164908802129
3.2338411808013916,1.0001236670622782,-0.5000618335311391,0.8000989336498224,1.0,-0.5,0.8,-0.0001236670622781766,6.18335311390883e-05,-9.893364982238584e-05,-12.444069246334328,-3.7726080573475937,-1.5131864693682338
3.2438321113586426,1.0001402755301785,-0.5000701377650892,0.8001122204241427,1.0,-0.5,0.8,-0.0001402755301784797,7.013776508923986e-05,-0.00011222042414260613,-12.444292413495214,-3.7726885380099637,-1.5132068123879523
3.25412654876709,1.0001564115531905,-0.5000782057765952,0.8001251292425523,1.0,-0.5,0.8,-0.00015641155319046085,7.820577659523043e-05,-0.00012512924255225766,-12.44450431366732,-3.7727646396681043,-1.5132259419129035
3.2639012336730957,1.000172068444189,-0.5000860342220945,0.8001376547553511,1.0,-0.5,0.8,-0.0001720684441890441,8.603422209452205e-05,-0.00013765475535110205,-12.444704960604238,-3.772836373945624,-1.5132438631272032
3.2738029956817627,1.0001872401289236,-0.5000936200644618,0.8001497921031387,1.0,-0.5,0.8,-0.00018724012892357145,9.362006446178572e-05,-0.00014979210313870173,-12.444894379032444,-3.7729037565970627,-1.5132605823194738
3.2837705612182617,1.0002019211398343,-0.5001009605699172,0.8001615369118674,1.0,-0.5,0.8,-0.0002019211398343046,0.0001009605699171523,-0.00016153691186737706,-12.445072604406157,-3.7729668074091367,-1.5132761068543248
3.293778896331787,1.000216106609387,-0.5001080533046935,0.8001728852875096,1.0,-0.5,0.8,-0.00021610660938709003,0.00010805330469354502,-0.0001728852875095832,-12.445239682656457,-3.7730255500999568,-1.5132904451433296
3.303776264190674,1.0002297922629395,-0.5001148961314698,0.8001838338103515,1.0,-0.5,0.8,-0.00022979226293950994,0.00011489613146975497,-0.00018383381035147472,-12.445395669935,-3.773080012216348,-1.5133036066155425
3.313798427581787,1.0002429744111578,-0.5001214872055789,0.8001943795289261,1.0,-0.5,0.8,-0.0002429744111578369,0.00012148720557891846,-0.0001943795289260919,-12.445540632352687,-3.7731302250294423,-1.5133156016875964
3.323823928833008,1.0002556499420006,-0.5001278249710003,0.8002045199536004,1.0,-0.5,0.8,-0.0002556499420005576,0.0001278249710002788,-0.00020451995360037944,-12.44567464571368,-3.77317622342866,-1.513326441733416
3.3337810039520264,1.0002678163122845,-0.5001339081561422,0.8002142530498276,1.0,-0.5,0.8,-0.00026781631228445235,0.00013390815614222618,-0.00021425304982758409,-12.445797795245106,-3.7732180458142306,-1.5133361390535898
3.3437774181365967,1.0002794715388506,-0.5001397357694253,0.8002235772310804,1.0,-0.5,0.8,-0.00027947153885055087,0.00013973576942527544,-0.00022357723108035188,-12.445910175322796,-3.773255733988379,-1.5133447068444312
3.3537726402282715,1.0002906141893464,-0.5001453070946732,0.800232491351477,1.0,-0.5,0.8,-0.00029061418934639427,0.00014530709467319713,-0.00023249135147695998,-12.446011889193427,-3.773289333045315,-1.5133521591667727
3.36374831199646,1.000301243372643,-0.5001506216863215,0.8002409946981143,1.0,-0.5,0.8,-0.00030124337264303414,0.00015062168632151707,-0.00024099469811422747,-12.44610304869342,-3.773318891260176,-1.5133585109145293
3.373772621154785,1.000311358728901,-0.5001556793644505,0.8002490869831207,1.0,-0.5,0.8,-0.00031135872890097893,0.00015567936445048947,-0.0002490869831206499,-12.446183773964936,-3.7733444599770194,-1.5133637777830604
3.3837664127349854,1.0003209604193048,-0.5001604802096524,0.8002567683354438,1.0,-0.5,0.8,-0.00032096041930484986,0.00016048020965242493,-0.00025676833544374666,-12.44625419316929,-3.773366093496033,-1.5133679762373753
3.393773317337036,1.0003300491154814,-0.5001650245577407,0.800264039292385,1.0,-0.5,0.8,-0.00033004911548140115,0.00016502455774070057,-0.0002640392923849433,-12.44631444219816,-3.7733838489600675,-1.5133711234802094
3.403759717941284,1.000338625988619,-0.5001693129943094,0.800270900790895,1.0,-0.5,0.8,-0.00033862598861889026,0.00016931299430944513,-0.000270900790894979,-12.446364664382864,-3.773397786240616,-1.5133732374200117
3.413778066635132,1.0003466926983051,-0.5001733463491526,0.800277354158644,1.0,-0.5,0.8,-0.00034669269830511773,0.00017334634915255887,-0.00027735415864393875,-12.446405010202122,-3.7734079678233843,-1.5133743366388719
3.4237852096557617,1.0003542513810992,-0.5001771256905496,0.8002834011048793,1.0,-0.5,0.8,-0.0003542513810992354,0.0001771256905496177,-0.00028340110487923287,-12.446435636988515,-3.77341445869355,-1.513374440360422
3.4338741302490234,1.0003613046388564,-0.5001806523194282,0.800289043711085,1.0,-0.5,0.8,-0.00036130463885641895,0.00018065231942820947,-0.0002890437110849575,-12.446456708634056,-3.7734173262208506,-1.5133735684177518
3.4438090324401855,1.0003678555268196,-0.5001839277634098,0.8002942844214556,1.0,-0.5,0.8,-0.000367855526819616,0.000183927763409808,-0.00029428442145551514,-12.446468395295128,-3.7734166400446014,-1.5133717412213554
3.453831195831299,1.0003739075414968,-0.5001869537707484,0.8002991260331972,1.0,-0.5,0.8,-0.0003739075414967985,0.00018695377074839925,-0.00029912603319715014,-12.446470873097095,-3.7734124719587654,-1.5133689797271552
3.4638099670410156,1.0003794646083388,-0.5001897323041694,0.8003035716866709,1.0,-0.5,0.8,-0.0003794646083388198,0.0001897323041694099,-0.0003035716866708338,-12.446464323838919,-3.773404895797194,-1.5133653054046237
3.473783254623413,1.0003845310692356,-0.5001922655346178,0.8003076248553884,1.0,-0.5,0.8,-0.0003845310692356385,0.00019226553461781926,-0.0003076248553883776,-12.446448934698045,-3.7733939873191362,-1.5133607402050344
3.4838314056396484,1.0003891116698453,-0.5001945558349227,0.8003112893358761,1.0,-0.5,0.8,-0.0003891116698453434,0.0001945558349226717,-0.0003112893358760971,-12.446424897935868,-3.773379824095132,-1.5133553065298782
3.4937918186187744,1.000393211546773,-0.5001966057733865,0.8003145692374183,1.0,-0.5,0.8,-0.0003932115467730757,0.00019660577338653784,-0.0003145692374182385,-12.446392410604014,-3.773362485393395,-1.5133490271994592
3.503791570663452,1.0003968362146154,-0.5001984181073077,0.8003174689716921,1.0,-0.5,0.8,-0.00039683621461539254,0.00019841810730769627,-0.0003174689716920476,-12.446351674251773,-3.77334205206678,-1.5133419254217146
3.5137763023376465,1.0003999915528863,-0.5001999957764431,0.8003199932423087,1.0,-0.5,0.8,-0.00039999155288628074,0.00019999577644314037,-0.00031999324230869153,-12.446302894634911,-3.773318606440449,-1.5133340247612679
3.52372670173645,1.0004026837928388,-0.5002013418964194,0.8003221470342707,1.0,-0.5,0.8,-0.0004026837928388094,0.0002013418964194047,-0.00032214703427069225,-12.446246281426138,-3.7732922322003133,-1.5133253491087546
3.533766508102417,1.0004049195041995,-0.5002024597520998,0.8003239356033592,1.0,-0.5,0.8,-0.00040491950419951905,0.00020245975209975953,-0.00032393560335919336,-12.446182047927463,-3.7732630142823673,-1.5133159226504413
3.5437822341918945,1.0004067055818289,-0.5002033527909144,0.8003253644654627,1.0,-0.5,0.8,-0.00040670558182887007,0.00020335279091443503,-0.00032536446546260755,-12.44611041078472,-3.7732310387629897,-1.513305769838157
3.553802728652954,1.0004080492323237,-0.5002040246161619,0.8003264393858586,1.0,-0.5,0.8,-0.00040804923232373724,0.00020402461616186862,-0.0003264393858585235,-12.446031589704452,-3.7731963927503034,-1.513294915359567
3.5637786388397217,1.0004089579605764,-0.5002044789802882,0.8003271663684607,1.0,-0.5,0.8,-0.0004089579605763838,0.0002044789802881919,-0.00032716636846064073,-12.445945807173473,-3.773159164276695,-1.513283384108812
3.5737533569335938,1.0004094395563035,-0.5002047197781517,0.8003275516450423,1.0,-0.5,0.8,-0.0004094395563034592,0.0002047197781517296,-0.00032755164504227885,-12.445853288181222,-3.773119442192557,-1.5132712011575282
3.5837478637695312,1.0004095020805597,-0.5002047510402798,0.8003276016644473,1.0,-0.5,0.8,-0.0004095020805596761,0.00020475104027983804,-0.00032760166444723016,-12.445754259945216,-3.773077316061338,-1.513258391726274
3.5937767028808594,1.0004091538522502,-0.5002045769261251,0.8003273230817997,1.0,-0.5,0.8,-0.00040915385225015477,0.00020457692612507739,-0.0003273230817996131,-12.445648951639763,-3.7730328760559932,-1.5132449811563824
3.6037356853485107,1.0004084034346545,-0.5002042017173273,0.8003267227477232,1.0,-0.5,0.8,-0.0004084034346545362,0.0002042017173272681,-0.0003267227477231627,-12.445537594128176,-3.7729862128568903,-1.5132309948822604
3.6137876510620117,1.0004072596219762,-0.5002036298109881,0.8003258076975805,1.0,-0.5,0.8,-0.0004072596219761859,0.00020362981098809296,-0.00032580769758050465,-12.445420419698644,-3.772937417551256,-1.5132164584041488
3.623809576034546,1.0004057314259294,-0.5002028657129647,0.8003245851407431,1.0,-0.5,0.8,-0.0004057314259293676,0.0002028657129646838,-0.0003245851407430722,-12.445297661803965,-3.772886581534222,-1.5132013972613636
3.6337761878967285,1.0004038280623777,-0.5002019140311889,0.8003230624499017,1.0,-0.5,0.8,-0.0004038280623777091,0.00020191403118885454,-0.00032306244990165656,-12.44516955480535,-3.772833796411542,-1.5131858370060387
3.643775224685669,1.0004015589380346,-0.5002007794690173,0.8003212471504272,1.0,-0.5,0.8,-0.0004015589380346185,0.00020077946901730925,-0.0003212471504271397,-12.445036333720418,-3.7727791539040436,-1.5131698031773766
3.6537625789642334,1.0003989336372403,-0.5001994668186202,0.8003191469097918,1.0,-0.5,0.8,-0.0003989336372403063,0.00019946681862015314,-0.0003191469097917343,-12.44489823397557,-3.7727227457538732,-1.513153321276435
3.6637425422668457,1.0003959619088247,-0.5001979809544124,0.8003167695270593,1.0,-0.5,0.8,-0.0003959619088247379,0.00019798095441236896,-0.00031676952705927963,-12.444755491162944,-3.7726646636325905,-1.5131364167414525
3.673816680908203,1.0003926536530685,-0.5001963268265343,0.8003141229224544,1.0,-0.5,0.8,-0.00039265365306850875,0.00019632682653425437,-0.0003141229224543629,-12.444608340802022,-3.772604999051157,-1.5131191149237295
3.6837687492370605,1.0003890189087745,-0.5001945094543873,0.8003112151270192,1.0,-0.5,0.8,-0.00038901890877451883,0.00019450945438725942,-0.0003112151270191488,-12.44445701810608,-3.7725438432718996,-1.5131014410640864
3.69376802444458,1.0003850678404576,-0.5001925339202288,0.8003080542723656,1.0,-0.5,0.8,-0.0003850678404575536,0.0001925339202287768,-0.0003080542723655766,-12.444301757753617,-3.772481287222458,-1.5130834202698933
3.703784465789795,1.0003808107256664,-0.5001904053628332,0.8003046485805327,1.0,-0.5,0.8,-0.00038081072566642504,0.00019040536283321252,-0.00030464858053269595,-12.444142793664879,-3.7724174214117863,-1.5130650774927012
3.7137889862060547,1.0003762579424456,-0.5001881289712228,0.800301006353956,1.0,-0.5,0.8,-0.000376257942445557,0.0001881289712227785,-0.0003010063539559127,-12.44398035878359,-3.772352335848257,-1.51304643750647
3.723750114440918,1.0003714199569467,-0.5001857099784733,0.8002971359655568,1.0,-0.5,0.8,-0.0003714199569466725,0.00018570997847333626,-0.0002971359655568051,-12.443814684864018,-3.772286119959874,-1.5130275248864127
3.7337417602539062,1.0003663073112008,-0.5001831536556004,0.8002930458489601,1.0,-0.5,0.8,-0.0003663073112007975,0.00018315365560039876,-0.0002930458489600607,-12.443646002263474,-3.772218862516666,-1.5130083639884575
3.7437515258789062,1.0003609306110586,-0.5001804653055293,0.8002887444888463,1.0,-0.5,0.8,-0.00036093061105857416,0.00018046530552928708,-0.0002887444888463042,-12.443474539740347,-3.772150651555284,-1.5129889789293411
3.753797769546509,1.0003553005143082,-0.5001776502571541,0.800284240411446,1.0,-0.5,0.8,-0.00035530051430820997,0.00017765025715410498,-0.00028424041144592405,-12.443300524257763,-3.772081574305819,-1.5129693935673376
3.763765335083008,1.0003494277189784,-0.5001747138594892,0.8002795421751822,1.0,-0.5,0.8,-0.0003494277189783901,0.00017471385948919504,-0.00027954217518211255,-12.443124180792926,-3.772011717120884,-1.5129496314836293
3.773758888244629,1.0003433229518364,-0.5001716614759182,0.8002746583614685,1.0,-0.5,0.8,-0.00034332295183636674,0.00017166147591818337,-0.00027465836146844946,-12.442945732152273,-3.771941165406989,-1.512929715964325
3.7838401794433594,1.0003369969570852,-0.5001684984785426,0.8002695975656676,1.0,-0.5,0.8,-0.0003369969570852227,0.00016849847854261135,-0.00026959756566757864,-12.442765398792446,-3.771870003558207,-1.5129096699831335
3.793790102005005,1.000330460485272,-0.500165230242636,0.8002643683882171,1.0,-0.5,0.8,-0.00033046048527207716,0.00016523024263603858,-0.0002643683882170844,-12.442583398647201,-3.7717983148921865,-1.5128895161846911
3.803753614425659,1.00032372428241,-0.500161862141205,0.8002589794259274,1.0,-0.5,0.8,-0.0003237242824098985,0.00016186214120494924,-0.00025897942592734147,-12.442399946960265,-3.7717261815884946,-1.512869276868551
3.8137314319610596,1.0003167990793225,-0.5001583995396612,0.8002534392634575,1.0,-0.5,0.8,-0.00031679907932247175,0.00015839953966123588,-0.0002534392634574445,-12.442215256124195,-3.771653684629331,-1.5128489739738376
3.8237435817718506,1.0003096955812176,-0.5001548477906088,0.8002477564649736,1.0,-0.5,0.8,-0.0003096955812176283,0.00015484779060881415,-0.00024775646497354753,-12.442029535525329,-3.771580903742605,-1.5128286290645614
3.833800792694092,1.0003024244574936,-0.5001512122287468,0.8002419395659944,1.0,-0.5,0.8,-0.0003024244574936219,0.00015121222874681095,-0.00024193956599438682,-12.441842991394779,-3.7715079173473938,-1.512808263315604
3.8438196182250977,1.0002949963317866,-0.5001474981658933,0.8002359970654288,1.0,-0.5,0.8,-0.0002949963317866455,0.00014749816589332276,-0.0002359970654287613,-12.44165582666555,-3.7714348025018034,-1.5127878974993696
3.85380220413208,1.000287421772262,-0.500143710886131,0.800229937417809,1.0,-0.5,0.8,-0.000287421772261931,0.0001437108861309655,-0.00022993741780896748,-12.441468240835807,-3.771361634853199,-1.5127675519731008
3.8637890815734863,1.0002797112821555,-0.5001398556410778,0.8002237690257239,1.0,-0.5,0.8,-0.000279711282155537,0.0001398556410777685,-0.00022376902572385227,-12.441280429838276,-3.7712884885908506,-1.5127472466668648
3.8738021850585938,1.000271875290569,-0.5001359376452845,0.8002175002324547,1.0,-0.5,0.8,-0.0002718752905690458,0.0001359376452845229,-0.00021750023245470373,-12.441092585915808,-3.771215436400962,-1.5127270010721987
3.8837759494781494,1.0002639241435238,-0.5001319620717619,0.8002111393148185,1.0,-0.5,0.8,-0.0002639241435238304,0.0001319620717619152,-0.0002111393148184204,-12.440904897503087,-3.7711425494240967,-1.5127068342314263
3.8937604427337646,1.0002558680952758,-0.5001279340476379,0.8002046944762201,1.0,-0.5,0.8,-0.0002558680952757797,0.00012793404763788985,-0.00020469447622006864,-12.440717549114492,-3.7710698972149825,-1.5126867647276239
3.903747081756592,1.0002477172998976,-0.5001238586499488,0.8001981738399175,1.0,-0.5,0.8,-0.0002477172998975874,0.0001238586499487937,-0.0001981738399174926,-12.440530721238138,-3.7709975477047086,-1.512666810675253
3.913761615753174,1.000239481803127,-0.5001197409015635,0.8001915854425011,1.0,-0.5,0.8,-0.0002394818031270507,0.00011974090156352535,-0.00019158544250108545,-12.440344590235975,-3.770925567165279,-1.5126469897114423
3.9237923622131348,1.0002311715344887,-0.5001155857672444,0.8001849372275905,1.0,-0.5,0.8,-0.00023117153448870553,0.00011558576724435277,-0.00018493722759049813,-12.440159328250036,-3.7708540201765324,-1.5126273189879167
3.933729887008667,1.0002227962996886,-0.5001113981498443,0.8001782370397506,1.0,-0.5,0.8,-0.00022279629968857684,0.00011139814984428842,-0.0001782370397505062,-12.439975103114767,-3.7707829695954054,-1.512607815163575
3.9437272548675537,1.000214365773285,-0.5001071828866425,0.8001714926186276,1.0,-0.5,0.8,-0.00021436577328493023,0.00010718288664246511,-0.0001714926186275889,-12.439792078275362,-3.770712476527523,-1.512588494397702
3.953748941421509,1.000205889491636,-0.500102944745818,0.8001647115933085,1.0,-0.5,0.8,-0.0002058894916359133,0.00010294474581795665,-0.00016471159330844198,-12.43961041271212,-3.7706426003010995,-1.5125693723438163
3.9637491703033447,1.0001973768461283,-0.5000986884230642,0.8001579014769025,1.0,-0.5,0.8,-0.00019737684612830542,9.868842306415271e-05,-0.0001579014769024223,-12.439430260870779,-3.770573398443131,-1.5125504641441432
3.9737699031829834,1.0001888370766847,-0.5000944185383424,0.8001510696613476,1.0,-0.5,0.8,-0.0001888370766847114,9.44185383423557e-05,-0.00015106966134759148,-12.439251772598743,-3.7705049266578636,-1.5125317844247061
3.9838192462921143,1.0001802792655534,-0.5000901396327767,0.8001442234124425,1.0,-0.5,0.8,-0.000180279265553418,9.0139632776709e-05,-0.00014422341244246795,-12.439075093087137,-3.7704372388074963,-1.512513347291033
3.9937806129455566,1.0001717123313791,-0.5000858561656896,0.8001373698651031,1.0,-0.5,0.8,-0.00017171233137913688,8.585616568956844e-05,-0.00013736986510304305,-12.438900362818732,-3.7703703868951104,-1.5124951663244601
4.0037841796875,1.0001631450235569,-0.5000815725117784,0.8001305160188453,1.0,-0.5,0.8,-0.00016314502355685434,8.157251177842717e-05,-0.00013051601884528363,-12.438727717521536,-3.7703044210498033,-1.5124772545790408
4.013761758804321,1.0001545859168675,-0.5000772929584337,0.8001236687334939,1.0,-0.5,0.8,-0.0001545859168674557,7.729295843372785e-05,-0.00012366873349389795,-12.438557288128099,-3.7702393895139674,-1.5124596245790352
4.023735046386719,1.0001460434063951,-0.5000730217031976,0.8001168347251161,1.0,-0.5,0.8,-0.00014604340639512436,7.302170319756218e-05,-0.00011683472511603288,-12.438389200740394,-3.7701753386327272,-1.5124422883169775
4.033768653869629,1.0001375257027258,-0.5000687628513629,0.8001100205621806,1.0,-0.5,0.8,-0.00013752570272584919,6.876285136292459e-05,-0.00011002056218056833,-12.438223576600206,-3.7701123128454546,-1.512425257252314
4.043727159500122,1.0001290408274273,-0.5000645204137136,0.8001032326619417,1.0,-0.5,0.8,-0.00012904082742726253,6.452041371363126e-05,-0.0001032326619416768,-12.438060532064998,-3.770050354679383,-1.5124085423106002
4.05374813079834,1.0001205966088071,-0.5000602983044036,0.8000964772870456,1.0,-0.5,0.8,-0.00012059660880714418,6.029830440357209e-05,-9.647728704553771e-05,-12.437900178589103,-3.769989504745233,-1.512392153883243
4.063751459121704,1.0001122006779506,-0.5000561003389753,0.8000897605423604,1.0,-0.5,0.8,-0.0001122006779505913,5.610033897529565e-05,-8.976054236031761e-05,-12.437742622710196,-3.7699298017348575,-1.5123761018277826
4.073747396469116,1.0001038604650332,-0.5000519302325166,0.8000830883720265,1.0,-0.5,0.8,-0.0001038604650331898,5.19302325165949e-05,-8.308837202641861e-05,-12.437587966040956,-3.7698712824208367,-1.5123603954687015
4.083746910095215,1.000095583195909,-0.5000477915979545,0.8000764665567273,1.0,-0.5,0.8,-9.558319590907693e-05,4.779159795453847e-05,-7.646655672721714e-05,-12.437436305265777,-3.769813981658002,-1.512345043598746
4.093731164932251,1.0000873758889717,-0.5000436879444858,0.8000699007111773,1.0,-0.5,0.8,-8.73758889716747e-05,4.368794448583735e-05,-6.990071117729535e-05,-12.437287732142511,-3.7697579323868515,-1.5123300544807565
4.103768348693848,1.000079245352284,-0.500039622676142,0.8000633962818272,1.0,-0.5,0.8,-7.924535228398533e-05,3.962267614199266e-05,-6.339628182716606e-05,-12.437142333509069,-3.769703165638797,-1.5123154358499844
4.113799810409546,1.0000711981809778,-0.5000355990904889,0.8000569585447822,1.0,-0.5,0.8,-7.119818097778285e-05,3.559909048889143e-05,-5.695854478215967e-05,-12.4370001912948,-3.769649710543225,-1.5123011949168932
4.123856782913208,1.0000632407549168,-0.5000316203774584,0.8000505926039334,1.0,-0.5,0.8,-6.324075491681569e-05,3.1620377458407845e-05,-5.0592603933363733e-05,-12.436861382536577,-3.7695975943363127,-1.5122873383704258
4.133775949478149,1.000055379236622,-0.500027689618311,0.8000443033892976,1.0,-0.5,0.8,-5.537923662202182e-05,2.768961831101091e-05,-4.4303389297506435e-05,-12.436725979399416,-3.7695468423715606,-1.5122738723817257
4.143773317337036,1.0000476195694565,-0.5000238097847283,0.8000380956555652,1.0,-0.5,0.8,-4.7619569456536226e-05,2.3809784728268113e-05,-3.809565556511796e-05,-12.436594049201574,-3.769497478132003,-1.5122608026083046
4.153822183609009,1.000039967476065,-0.5000199837380325,0.8000319739808519,1.0,-0.5,0.8,-3.9967476064939333e-05,1.9983738032469667e-05,-3.197398085186265e-05,-12.43646565444398,-3.769449523244034,-1.5122481341986367
4.163839817047119,1.000032428457065,-0.5000162142285325,0.800025942765652,1.0,-0.5,0.8,-3.242845706497022e-05,1.621422853248511e-05,-2.5942765651931765e-05,-12.436340852843905,-3.76940299749282,-1.5122358717971662
4.173841238021851,1.000025007789988,-0.500012503894994,0.8000200062319904,1.0,-0.5,0.8,-2.500778998792974e-05,1.250389499396487e-05,-2.00062319903882e-05,-12.436219697372731,-3.7693579188392548,-1.5122240195497292
4.184077024459839,1.0000177105284624,-0.5000088552642312,0.8000141684227702,1.0,-0.5,0.8,-1.7710528462444586e-05,8.855264231222293e-06,-1.4168422770133304e-05,-12.436102236297703,-3.7693143034383856,-1.5122125811093523
4.19386100769043,1.0000105415016391,-0.5000052707508196,0.8000084332013115,1.0,-0.5,0.8,-1.0541501639149686e-05,5.270750819574843e-06,-8.433201311497385e-06,-12.43598851322759,-3.7692721656592894,-1.5122015596424372
4.2038328647613525,1.0000035053138507,-0.5000017526569254,0.8000028042510807,1.0,-0.5,0.8,-3.5053138507379344e-06,1.7526569253689672e-06,-2.8042510806791654e-06,-12.435878567162026,-3.7692315181063334,-1.5121909578353023
4.213882923126221,0.9999966063445042,-0.4999983031722521,0.7999972850756034,1.0,-0.5,0.8,3.3936554958424736e-06,-1.6968277479212368e-06,2.71492439662957e-06,-12.435772432544562,-3.76919237164178,-1.5121807779010774
4.223856449127197,0.9999898487482,-0.4999949243741,0.7999918789985601,1.0,-0.5,0.8,1.0151251800039063e-05,-5.075625900019531e-06,8.121001439986841e-06,-12.435670139319134,-3.7691547354096873,-1.5121710215869322
4.233768463134766,0.9999832364550737,-0.49999161822753685,0.7999865891640591,1.0,-0.5,0.8,1.67635449263015e-05,-8.38177246315075e-06,1.3410835940974586e-05,-12.435571712989969,-3.7691186168610487,-1.5121616901816268
4.243727207183838,0.9999767731713549,-0.49998838658567746,0.799981418537084,1.0,-0.5,0.8,2.3226828645084296e-05,-1.1613414322542148e-05,1.8581462916000824e-05,-12.435477174684682,-3.76908402178012,-1.5121527845233658
4.253798961639404,0.9999704623801391,-0.49998523119006955,0.7999763699041114,1.0,-0.5,0.8,2.9537619860908748e-05,-1.4768809930454374e-05,2.363009588868259e-05,-12.435386541220549,-3.769050954311906,-1.5121443050079546
4.263789892196655,0.9999643073423674,-0.49998215367118376,0.799971445873894,1.0,-0.5,0.8,3.569265763259111e-05,-1.7846328816240042e-05,2.8554126106028477e-05,-12.435299825173724,-3.7690194169907225,-1.512136251597227
4.273855209350586,0.9999583110980088,-0.49997915554900446,0.7999666488784072,1.0,-0.5,0.8,4.168890199118813e-05,-2.0844450995538555e-05,3.335112159286169e-05,-12.43521703495133,-3.768989410769813,-1.5121286238277432
4.28387451171875,0.9999524764674395,-0.4999762382337198,0.7999619811739517,1.0,-0.5,0.8,4.752353256054498e-05,-2.3761766280216978e-05,3.801882604836937e-05,-12.435138174866319,-3.768960935051953,-1.5121214208197389
4.293936491012573,0.999946806053014,-0.49997340302650706,0.7999574448424113,1.0,-0.5,0.8,5.3193946985996554e-05,-2.6596973492942766e-05,4.255515758877504e-05,-12.435063245214863,-3.7689339877209918,-1.5121146412863098
4.303858995437622,0.999941302240824,-0.49997065112041206,0.7999530417926594,1.0,-0.5,0.8,5.869775917599629e-05,-2.9348879587942633e-05,4.695820734068601e-05,-12.434992242356294,-3.7689085651742973,-1.5121082835428248
4.313863515853882,0.999935967202637,-0.49996798360131856,0.7999487737621098,1.0,-0.5,0.8,6.40327973630006e-05,-3.201639868144479e-05,5.122623789022285e-05,-12.434925158795354,-3.7688846623560357,-1.5121023455165445
4.32392144203186,0.9999308028980111,-0.49996540144900564,0.7999446423184091,1.0,-0.5,0.8,6.919710198893814e-05,-3.4598550994358046e-05,5.5357681590928465e-05,-12.43486198326665,-3.7688622727912375,-1.5120968247564393
4.333890199661255,0.9999258110765796,-0.49996290553829,0.799940648861264,1.0,-0.5,0.8,7.418892342037076e-05,-3.7094461710018845e-05,5.935113873600795e-05,-12.43480270082123,-3.7688413886206207,-1.5120917184431901
4.343807935714722,0.9999209932805003,-0.49996049664025033,0.7999367946244006,1.0,-0.5,0.8,7.900671949967464e-05,-3.9503359749670786e-05,6.320537559945105e-05,-12.434747292915104,-3.768822000636086,-1.5120870233993555
4.353822231292725,0.9999163508470621,-0.4999581754235312,0.79993308067765,1.0,-0.5,0.8,8.364915293790354e-05,-4.1824576468785235e-05,6.691932235003417e-05,-12.434695737499567,-3.7688040983168687,-1.5120827360996971
4.36385703086853,0.9999118849114456,-0.49995594245572295,0.7999295079291567,1.0,-0.5,0.8,8.811508855444128e-05,-4.4057544277054106e-05,7.049207084330877e-05,-12.434648009113287,-3.7687876698662817,-1.5120788526816464
4.373790264129639,0.9999075964096299,-0.4999537982048151,0.7999260771277042,1.0,-0.5,0.8,9.240359037010482e-05,-4.6201795184885874e-05,7.39228722957952e-05,-12.43460407897593,-3.768772702249002,-1.5120753689559001
4.383816719055176,0.999903486081441,-0.49995174304072065,0.7999227888651531,1.0,-0.5,0.8,9.651391855902691e-05,-4.825695927934692e-05,7.721113484693287e-05,-12.43456391508324,-3.7687591812288526,-1.5120722804171316
4.393824815750122,0.9998995544737344,-0.49994977723686734,0.7999196435789878,1.0,-0.5,0.8,0.00010044552626564673,-5.0222763132656834e-05,8.035642101222873e-05,-12.434527482303476,-3.7687470914070347,-1.5120695822548038
4.403778076171875,0.9998958019437081,-0.4999479009718542,0.7999166415549668,1.0,-0.5,0.8,0.00010419805629191536,-5.209902814579115e-05,8.335844503326584e-05,-12.434494742475014,-3.7687364162607624,-1.5120672693640744
4.413854360580444,0.9998922286623386,-0.4999461143311695,0.7999137829298713,1.0,-0.5,0.8,0.00010777133766137759,-5.388566883052226e-05,8.62170701287912e-05,-12.434465654505086,-3.768727138182255,-1.5120653363567769
4.42395281791687,0.9998888346179342,-0.49994441730896727,0.7999110676943477,1.0,-0.5,0.8,0.00011116538206579207,-5.55826910327295e-05,8.89323056523228e-05,-12.434440174469437,-3.7687192385180306,-1.512063777572465
4.433797121047974,0.9998856196197999,-0.4999428098099002,0.7999084956958403,1.0,-0.5,0.8,0.00011438038020006314,-5.7190190099809524e-05,9.150430415971744e-05,-12.43441825571285,-3.7687126976084664,-1.512062587089512
4.443808317184448,0.9998825833020086,-0.49994129165100454,0.7999060666416072,1.0,-0.5,0.8,0.00011741669799136822,-5.870834899546207e-05,9.393335839280592e-05,-12.434399848950397,-3.768707494827586,-1.5120617587362473
4.453789234161377,0.9998797251272711,-0.49993986256363576,0.7999037801018172,1.0,-0.5,0.8,0.00012027487272892046,-6.0137436364238184e-05,9.621989818286991e-05,-12.434384902369292,-3.7687036086230017,-1.5120612861021236
4.463773250579834,0.9998770443909011,-0.49993852219545076,0.7999016355127212,1.0,-0.5,0.8,0.00012295560909891812,-6.147780454923701e-05,9.836448727884584e-05,-12.434373361731257,-3.7687010165560078,-1.5120611625489007
4.473776340484619,0.9998745402248675,-0.499937270112434,0.7998996321798943,1.0,-0.5,0.8,0.00012545977513245266,-6.272988756600428e-05,0.00010036782010569567,-12.434365170475264,-3.7686996953417453,-1.512061381221831
4.483752727508545,0.9998722116019299,-0.49993610580096515,0.7998977692815442,1.0,-0.5,0.8,0.00012778839807014997,-6.389419903485294e-05,0.00010223071845583132,-12.434360269820544,-3.7686996208894272,-1.512061935060843
4.4937965869903564,0.9998700573398489,-0.4999350286699247,0.7998960458718795,1.0,-0.5,0.8,0.00012994266015109446,-6.497133007532518e-05,0.00010395412812058691,-12.434358598869771,-3.7687007683425486,-1.5120628168117043
4.503793716430664,0.9998680761056697,-0.4999340380528351,0.7998944608845362,1.0,-0.5,0.8,0.00013192389433025475,-6.596194716490533e-05,0.00010553911546384853,-12.434360094712318,-3.768703112119083,-1.5120640190371557
4.513760089874268,0.9998662664200685,-0.49993313321003446,0.7998930131360552,1.0,-0.5,0.8,0.00013373357993151647,-6.686678996553619e-05,0.0001069868639448357,-12.434364692527426,-3.7687066259515842,-1.5120655341280114
4.523757457733154,0.9998646266617592,-0.49993231333087984,0.7998917013294078,1.0,-0.5,0.8,0.00013537333824076292,-6.768666912015942e-05,0.00010829867059225506,-12.434372325687274,-3.7687112829271854,-1.5120673543142036
4.533732652664185,0.9998631550719544,-0.4999315775359774,0.7998905240575639,1.0,-0.5,0.8,0.00013684492804555415,-6.842246402261054e-05,0.00010947594243615466,-12.434382925859765,-3.7687170555274387,-1.5120694716757717
4.543735504150391,0.9998618497588737,-0.499930924879437,0.7998894798070993,1.0,-0.5,0.8,0.00013815024112628915,-6.907512056297804e-05,0.00011052019290069826,-12.434396423110968,-3.768723915667969,-1.5120718781537825
4.553794622421265,0.9998607087022957,-0.499930354351148,0.799888566961837,1.0,-0.5,0.8,0.0001392912977042915,-6.964564885197921e-05,0.00011143303816307792,-12.434412746007153,-3.768731834737903,-1.5120745655611685
4.563729286193848,0.999859729758147,-0.49992986487907365,0.799887783806518,1.0,-0.5,0.8,0.0001402702418530355,-7.013512092635121e-05,0.00011221619348200651,-12.434431821716235,-3.7687407836390356,-1.5120775255934815
4.573747158050537,0.999858910663123,-0.4999294553315617,0.7998871285304989,1.0,-0.5,0.8,0.0001410893368769539,-7.054466843831042e-05,0.00011287146950111904,-12.434453576108629,-3.768750732824702,-1.5120807498395485
4.583746910095215,0.9998582490393365,-0.4999291245196684,0.7998865992314698,1.0,-0.5,0.8,0.00014175096066348924,-7.087548033157809e-05,0.0001134007685302807,-12.434477933857378,-3.7687616523383216,-1.5120842297920194
4.593775749206543,0.9998577423989864,-0.49992887119949336,0.7998861939191897,1.0,-0.5,0.8,0.00014225760101360674,-7.112880050663684e-05,0.00011380608081035248,-12.434504818537482,-3.7687735118515873,-1.5120879568578043
4.603801965713501,0.9998573881490442,-0.4999286940745223,0.799885910519236,1.0,-0.5,0.8,0.000142611850955765,-7.130592547771597e-05,0.0001140894807640791,-12.434534152724325,-3.7687862807022494,-1.5120919223683849
4.613799571990967,0.9998571835959519,-0.4999285917979761,0.7998857468767622,1.0,-0.5,0.8,0.00014281640404811835,-7.140820202389264e-05,0.00011425312323787296,-12.434565858091167,-3.7687999279315028,-1.512096117589997
4.623754024505615,0.9998571259503255,-0.4999285629751629,0.799885700760261,1.0,-0.5,0.8,0.0001428740496745018,-7.143702483708436e-05,0.00011429923973904632,-12.434599855505558,-3.7688144223208933,-1.5121005337336764
4.633799076080322,0.9998572123316612,-0.4999286061658308,0.7998857698653297,1.0,-0.5,0.8,0.00014278766833875078,-7.139383416920886e-05,0.0001142301346703789,-12.434636065124646,-3.7688297324287756,-1.5121051619651562
4.643744468688965,0.9998574397730386,-0.4999287198865195,0.7998859518184316,1.0,-0.5,0.8,0.0001425602269613524,-7.128011348050967e-05,0.0001140481815684602,-12.434674406489304,-3.768845826626242,-1.5121099934146152
4.653752326965332,0.9998578052258155,-0.4999289026129079,0.799886244180653,1.0,-0.5,0.8,0.0001421947741845342,-7.109738709210056e-05,0.00011375581934702783,-12.434714798616957,-3.7688626731325354,-1.5121150191862642
4.663750886917114,0.999858305564311,-0.4999291527821556,0.7998866444514494,1.0,-0.5,0.8,0.0001416944356890104,-7.084721784439418e-05,0.00011335554855063101,-12.434757160093108,-3.768880240049898,-1.5121202303677705
4.673747777938843,0.9998589375904723,-0.4999294687952362,0.7998871500723784,1.0,-0.5,0.8,0.00014106240952771465,-7.053120476380181e-05,0.00011284992762161661,-12.434801409161462,-3.7688984953978397,-1.5121256180395055
4.6837241649627686,0.9998596980385198,-0.49992984901925996,0.7998877584308165,1.0,-0.5,0.8,0.0001403019614801826,-7.015098074003578e-05,0.00011224156918354655,-12.434847463812563,-3.7689174071468106,-1.5121311732836198
4.693767309188843,0.9998605835795679,-0.499930291789784,0.799888466863655,1.0,-0.5,0.8,0.00013941642043213687,-6.970821021601292e-05,0.00011153313634504336,-12.434895241870962,-3.768936943251242,-1.5121368871929335
4.70375657081604,0.9998615908262154,-0.49993079541310775,0.7998892726609731,1.0,-0.5,0.8,0.00013840917378460382,-6.92045868922464e-05,0.00011072733902695031,-12.434944661080744,-3.768957071681944,-1.5121427508796368
4.71380352973938,0.9998627163371038,-0.49993135816855194,0.7998901730696838,1.0,-0.5,0.8,0.00013728366289622596,-6.864183144805747e-05,0.00010982693031624802,-12.434995639189482,-3.7689777604578385,-1.5121487554837987
4.723749876022339,0.9998639566214373,-0.49993197831071867,0.7998911652971507,1.0,-0.5,0.8,0.0001360433785626558,-6.80216892813279e-05,0.0001088347028493919,-12.435048094030476,-3.7689989776770125,-1.5121548921816774
4.733751535415649,0.9998653081434627,-0.4999326540717314,0.799892246514771,1.0,-0.5,0.8,0.00013469185653725013,-6.734592826862507e-05,0.00010775348522906736,-12.435101943603255,-3.7690206915470563,-1.5121611521938279
4.743753433227539,0.9998667673269042,-0.4999333836634521,0.7998934138615241,1.0,-0.5,0.8,0.00013323267309583997,-6.661633654791999e-05,0.00010658613847591702,-12.435157106152335,-3.769042870414706,-1.5121675267930044
4.753754615783691,0.9998683305593499,-0.49993416527967494,0.7998946644474807,1.0,-0.5,0.8,0.00013166944065012842,-6.583472032506421e-05,0.00010533555251934779,-12.435213500244124,-3.7690654827947405,-1.5121740073118515
4.763753175735474,0.9998699941965873,-0.49993499709829364,0.7998959953572706,1.0,-0.5,0.8,0.00013000580341271384,-6.500290170635692e-05,0.00010400464272941612,-12.435271044841969,-3.769088497398126,-1.5121805851503798
4.773783445358276,0.9998717545668834,-0.4999358772834417,0.7998974036535075,1.0,-0.5,0.8,0.00012824543311662495,-6.412271655831248e-05,0.00010259634649256721,-12.435329659379331,-3.7691118831594124,-1.5121872517832287
4.783806562423706,0.9998736079752066,-0.4999368039876033,0.7998988863801662,1.0,-0.5,0.8,0.00012639202479336475,-6.319601239668238e-05,0.00010111361983389244,-12.435389263830993,-3.7691356092633517,-1.5121939987667061
4.793798923492432,0.9998755507073883,-0.4999377753536941,0.7999004405659115,1.0,-0.5,0.8,0.00012444929261168358,-6.22246463058973e-05,9.955943408856971e-05,-12.435449778782306,-3.769159645170734,-1.5122008177456057
4.803849935531616,0.9998775790342189,-0.4999387895171094,0.7999020632273759,1.0,-0.5,0.8,0.0001224209657810782,-6.121048289059461e-05,9.793677262415201e-05,-12.435511125496449,-3.7691839606434208,-1.5122077004598
4.813795804977417,0.9998796892154787,-0.49993984460773927,0.7999037513723837,1.0,-0.5,0.8,0.00012031078452134913,-6.015539226073008e-05,9.624862761636876e-05,-12.435573225979658,-3.769208525768595,-1.5122146387506068
4.8238043785095215,0.9998818775038978,-0.49994093875194884,0.7999055020031189,1.0,-0.5,0.8,0.00011812249610221315,-5.9061248051162085e-05,9.449799688110438e-05,-12.435636003044415,-3.76923331098218,-1.5122216245669244
4.833806037902832,0.9998841401490446,-0.49994207007452224,0.7999073121192364,1.0,-0.5,0.8,0.00011585985095541318,-5.79299254777621e-05,9.268788076366441e-05,-12.435699380370533,-3.7692582870914424,-1.5122286499711401
4.843846559524536,0.9998864734011395,-0.49994323670056967,0.7999091787209123,1.0,-0.5,0.8,0.00011352659886054717,-5.6763299430329095e-05,9.08212790877716e-05,-12.435763282564192,-3.7692834252967886,-1.5122357071448025
4.853820562362671,0.9998888735147913,-0.4999444367573956,0.7999110988118338,1.0,-0.5,0.8,0.00011112648520872348,-5.556324260441725e-05,8.890118816629045e-05,-12.435827635214832,-3.769308697212706,-1.5122427883940632
4.863772630691528,0.9998913367526553,-0.4999456683763276,0.7999130694021249,1.0,-0.5,0.8,0.00010866324734470911,-5.433162367241007e-05,8.693059787512336e-05,-12.43589236494994,-3.7693340748878836,-1.512249886154885
4.87379264831543,0.9998938593890093,-0.4999469296945046,0.7999150875112081,1.0,-0.5,0.8,0.00010614061099067928,-5.3070305495395154e-05,8.491248879194391e-05,-12.435957399487691,-3.769359530824495,-1.5122569929980156
4.883787393569946,0.9998964377132473,-0.49994821885662355,0.7999171501705984,1.0,-0.5,0.8,0.00010356228675267865,-5.1781143376450345e-05,8.284982940165442e-05,-12.43602266768746,-3.769385037996637,-1.512264101633726
4.893793344497681,0.9998990680332873,-0.4999495340166435,0.7999192544266304,1.0,-0.5,0.8,0.00010093196671268068,-5.046598335650687e-05,8.074557336967825e-05,-12.436088099598145,-3.769410569867928,-1.5122712049163143
4.903761625289917,0.9999017466788932,-0.49995087333944643,0.7999213973431151,1.0,-0.5,0.8,9.82533211068004e-05,-4.912666055356674e-05,7.860265688497403e-05,-12.436153626504371,-3.7694361004082584,-1.5122782958483763
4.913774728775024,0.999904470004908,-0.49995223500245384,0.7999235760039269,1.0,-0.5,0.8,9.552999509199189e-05,-4.776499754616248e-05,7.642399607310502e-05,-12.436219180970507,-3.769461604109707,-1.5122853675848413
4.923778057098389,0.9999072343943977,-0.49995361719719866,0.7999257875155187,1.0,-0.5,0.8,9.27656056023407e-05,-4.6382802801336886e-05,7.421248448136186e-05,-12.436284696882534,-3.769487056001615,-1.5122924134367748
4.933865785598755,0.9999100362617032,-0.49995501813085136,0.799928029009363,1.0,-0.5,0.8,8.996373829683879e-05,-4.498186914864144e-05,7.197099063704915e-05,-12.436350109487737,-3.7695124316648077,-1.5122994268749468
4.9438207149505615,0.9999128720554008,-0.4999564360277002,0.7999302976443211,1.0,-0.5,0.8,8.712794459919682e-05,-4.356397229982045e-05,6.970235567893557e-05,-12.43641535543224,-3.7695377072449925,-1.5123064015331729
4.953789949417114,0.9999157382611691,-0.4999578691305843,0.7999325906089357,1.0,-0.5,0.8,8.426173883091526e-05,-4.213086941567967e-05,6.740939106431032e-05,-12.436480372796414,-3.7695628594653168,-1.512313331211419
4.96380877494812,0.9999186314045608,-0.4999593157022802,0.7999349051236491,1.0,-0.5,0.8,8.136859543916852e-05,-4.0684297719806306e-05,6.509487635097955e-05,-12.436545101128106,-3.7695878656381008,-1.5123202098786854
4.973837375640869,0.9999215480536802,-0.49996077402683986,0.7999372384429445,1.0,-0.5,0.8,7.845194631983521e-05,-3.922597316013965e-05,6.27615570555351e-05,-12.43660948147376,-3.7696127036757363,-1.5123270316756567
4.983865261077881,0.9999244848217634,-0.4999622424108815,0.7999395878574111,1.0,-0.5,0.8,7.551517823656262e-05,-3.7757589118503354e-05,6.0412142588894824e-05,-12.436673456407394,-3.769637352100776,-1.5123337909171295
4.99385404586792,0.9999274383696632,-0.4999637191848314,0.799941950695731,1.0,-0.5,0.8,7.256163033675378e-05,-3.6280815168598934e-05,5.8049304269003343e-05,-12.436736970057485,-3.7696617900552027,-1.5123404820942181
5.00378155708313,0.9999304054082354,-0.4999652027041175,0.7999443243265888,1.0,-0.5,0.8,6.959459176458793e-05,-3.479729588251601e-05,5.567567341124846e-05,-12.436799968131748,-3.7696859973089007,-1.5123470998763384
5.0137574672698975,0.9999333827006279,-0.49996669135031374,0.7999467061605028,1.0,-0.5,0.8,6.661729937207372e-05,-3.3308649686258907e-05,5.32938394972593e-05,-12.436862397939842,-3.769709954267317,-1.512353639112973
5.023753643035889,0.999936367064472,-0.49996818353223577,0.799949093651578,1.0,-0.5,0.8,6.363293552802407e-05,-3.181646776423408e-05,5.090634842208619e-05,-12.436924208414018,-3.769733641978345,-1.5123600948352207
5.033781051635742,0.9999393553739747,-0.49996967768698714,0.7999514842991801,1.0,-0.5,0.8,6.064462602528575e-05,-3.032231301286492e-05,4.851570081998435e-05,-12.436985350127735,-3.7697570421384214,-1.5123664622571364
5.043780326843262,0.9999423445619133,-0.49997117228095644,0.799953875649531,1.0,-0.5,0.8,5.765543808666784e-05,-2.8827719043555966e-05,4.612435046902341e-05,-12.437045775312239,-3.7697801370978485,-1.5123727367768538
5.053964376449585,0.9999453316215313,-0.49997266581076544,0.7999562652972254,1.0,-0.5,0.8,5.466837846868078e-05,-2.7334189234562434e-05,4.373470277463376e-05,-12.437105437871192,-3.7698029098653647,-1.5123789139775097
5.063769578933716,0.9999483136083354,-0.49997415680416746,0.7999586508866686,1.0,-0.5,0.8,5.1686391664640396e-05,-2.5843195832542243e-05,4.134911333142366e-05,-12.437164293393288,-3.7698253441119562,-1.512384989627958
5.073739528656006,0.999951287641795,-0.49997564382089726,0.7999610301134363,1.0,-0.5,0.8,4.8712358205027506e-05,-2.4356179102735798e-05,3.896988656371114e-05,-12.437222299162949,-3.7698474241739324,-1.5123909596832867
5.083743333816528,0.9999542509069437,-0.4999771254534716,0.7999634007255553,1.0,-0.5,0.8,4.574909305632424e-05,-2.2874546528384165e-05,3.6599274444770735e-05,-12.43727941416914,-3.7698691350552767,-1.5123968202851394
5.0938169956207275,0.9999572006558824,-0.499978600327941,0.7999657605247062,1.0,-0.5,0.8,4.279934411755004e-05,-2.1399672058997066e-05,3.4239475293795785e-05,-12.437335599112242,-3.769890462429276,-1.5124025677618376
5.103816509246826,0.9999601342091865,-0.49998006710459303,0.7999681073673495,1.0,-0.5,0.8,3.986579081349806e-05,-1.9932895406971074e-05,3.18926326505764e-05,-12.437390816409122,-3.769911392639452,-1.51240819862832
5.113846302032471,0.9999630489572153,-0.49998152447860744,0.7999704391657725,1.0,-0.5,0.8,3.6951042784671984e-05,-1.8475521392558036e-05,2.956083422755995e-05,-12.437445030196372,-3.769931912699808,-1.5124137095858954
5.123818635940552,0.9999659423613264,-0.499982971180663,0.7999727538890613,1.0,-0.5,0.8,3.405763867359024e-05,-1.7028819337017165e-05,2.7246110938738966e-05,-12.437498206331751,-3.769952010294385,-1.5124190975218084
5.133877992630005,0.9999688119549939,-0.4999844059774967,0.7999750495639952,1.0,-0.5,0.8,3.1188045006125265e-05,-1.5594022503284677e-05,2.4950436004811394e-05,-12.437550312393894,-3.769971673776174,-1.512424359508635
5.1437811851501465,0.999971655344833,-0.4999858276724163,0.7999773242758665,1.0,-0.5,0.8,2.8344655166989696e-05,-1.4172327583716893e-05,2.267572413350294e-05,-12.437601317680283,-3.76999089216537,-1.512429492803501
5.153818845748901,0.9999744702115305,-0.49998723510576504,0.7999795761692245,1.0,-0.5,0.8,2.5529788469480508e-05,-1.2764894234962298e-05,2.042383077549559e-05,-12.437651193203568,-3.7700096551469984,-1.5124344948471302
5.16384482383728,0.9999772543106825,-0.49998862715534104,0.7999818034485462,1.0,-0.5,0.8,2.2745689317482665e-05,-1.1372844658963377e-05,1.8196551453852905e-05,-12.437699911686208,-3.770027953067915,-1.512439363262732
5.173857927322388,0.9999800054735408,-0.4999900027367702,0.7999840043788329,1.0,-0.5,0.8,1.999452645917721e-05,-9.997263229810649e-06,1.599562116716413e-05,-12.437747447553559,-3.770045776933221,-1.5124440958547234
5.183748245239258,0.9999827216076684,-0.499991360803834,0.799986177286135,1.0,-0.5,0.8,1.7278392331565584e-05,-8.639196166004837e-06,1.3822713865074832e-05,-12.437793776925348,-3.770063118402075,-1.5124486906073003
5.193744897842407,0.9999854006975059,-0.4999927003487527,0.7999883205580048,1.0,-0.5,0.8,1.4599302494144872e-05,-7.299651247294481e-06,1.1679441995204876e-05,-12.437838877605646,-3.7700799697829415,-1.5124531456828554
5.203778982162476,0.999988040804849,-0.4999940204024243,0.7999904326438794,1.0,-0.5,0.8,1.195919515095678e-05,-5.979597575700435e-06,9.567356120676607e-06,-12.437882729071363,-3.770096324028288,-1.5124574594202465
5.213759183883667,0.9999906400692404,-0.49999532003462,0.7999925120553925,1.0,-0.5,0.8,9.359930759567092e-06,-4.679965380005591e-06,7.48794460758706e-06,-12.437925312459283,-3.7701121747287387,-1.5124616303329301
5.223792314529419,0.9999931967082748,-0.4999965983541372,0.79999455736662,1.0,-0.5,0.8,6.803291725199223e-06,-3.401645862821656e-06,5.442633380092765e-06,-12.437966610551713,-3.7701275161067103,-1.512465657106949
5.2337727546691895,0.9999957090178202,-0.4999978545089099,0.7999965672142563,1.0,-0.5,0.8,4.2909821797998404e-06,-2.145491090121965e-06,3.432785743773259e-06,-12.438006607760775,-3.7701423430095424,-1.512469538598795
5.2437684535980225,0.9999981753721569,-0.4999990876860782,0.7999985402977255,1.0,-0.5,0.8,1.8246278431499618e-06,-9.123139217970255e-07,1.459702274497765e-06,-12.43804529011135,-3.7701566509021434,-1.5124732738331395
5.25380539894104,1.0000005942240346,-0.5000002971120171,0.8000004753792278,1.0,-0.5,0.8,-5.942240346445971e-07,2.971120171002539e-07,-4.7537922776008656e-07,-12.438082645222812,-3.770170435859162,-1.512476862000442
5.26379132270813,1.0000029641046508,-0.5000014820523252,0.8000023712837208,1.0,-0.5,0.8,-2.96410465083774e-06,1.4820523251968254e-06,-2.371283720714601e-06,-12.438118662289472,-3.770183694556703,-1.5124803024544424
5.273805379867554,1.00000528362355,-0.5000026418117748,0.8000042268988401,1.0,-0.5,0.8,-5.2836235500119955e-06,2.641811774783953e-06,-4.226898840054005e-06,-12.438153332059864,-3.7701964242636223,-1.5124835947095383
5.283877849578857,1.0000075514684477,-0.5000037757342236,0.8000060411747583,1.0,-0.5,0.8,-7.551468447664078e-06,3.7757342236099944e-06,-6.04117475822008e-06,-12.438186646814913,-3.7702086228323846,-1.5124867384380551
5.29380464553833,1.000009766404979,-0.5000048832024893,0.8000078131239833,1.0,-0.5,0.8,-9.766404978961418e-06,4.8832024892586645e-06,-7.813123983235748e-06,-12.438218600344966,-3.770220288689536,-1.5124897334674114
5.303777694702148,1.0000119272763746,-0.5000059636381871,0.8000095418210998,1.0,-0.5,0.8,-1.1927276374557039e-05,5.963638187056475e-06,-9.541821099801062e-06,-12.438249187925797,-3.7702314208257803,-1.5124925797771887
5.31387186050415,1.000014033003066,-0.5000070165015328,0.8000112264024529,1.0,-0.5,0.8,-1.4033003066016292e-05,7.016501532786101e-06,-1.1226402452879647e-05,-12.438278406293618,-3.7702420187857073,-1.5124952774961054
5.3237998485565186,1.0000160825822204,-0.5000080412911101,0.8000128660657765,1.0,-0.5,0.8,-1.6082582220411368e-05,8.041291110094662e-06,-1.2866065776440117e-05,-12.438306253619098,-3.7702520826571466,-1.512497826898902
5.33384108543396,1.0000180750872096,-0.5000090375436047,0.8000144600697678,1.0,-0.5,0.8,-1.8075087209634688e-05,9.037543604706322e-06,-1.4460069767796568e-05,-12.438332729480504,-3.7702616130602284,-1.512500228403145
5.343847274780273,1.0000200096670118,-0.5000100048335058,0.8000160077336096,1.0,-0.5,0.8,-2.0009667011766652e-05,1.0004833505772304e-05,-1.600773360954655e-05,-12.438357834835932,-3.7702706111360906,-1.5125024825659499
5.3538031578063965,1.000021885545551,-0.5000109427727754,0.8000175084364409,1.0,-0.5,0.8,-2.1885545550937024e-05,1.094277277535749e-05,-1.7508436440882846e-05,-12.438381571994771,-3.770279078535324,-1.5125045900806293
5.363858699798584,1.0000237020209737,-0.5000118510104867,0.8000189616167792,1.0,-0.5,0.8,-2.370202097368157e-05,1.1851010486729763e-05,-1.89616167791673e-05,-12.438403944588309,-3.770287017406122,-1.512506551773276
5.373822450637817,1.0000254584648671,-0.5000127292324335,0.8000203667718939,1.0,-0.5,0.8,-2.5458464867123e-05,1.2729232433450477e-05,-2.0366771893876034e-05,-12.438424957539699,-3.770294430382173,-1.5125083685992788
5.383781671524048,1.0000271543214179,-0.5000135771607088,0.8000217234571344,1.0,-0.5,0.8,-2.7154321417866e-05,1.3577160708821978e-05,-2.1723457134359414e-05,-12.438444617033143,-3.770301320570317,-1.5125100416397756
5.393793106079102,1.000028789106516,-0.5000143945532579,0.800023031285213,1.0,-0.5,0.8,-2.878910651604727e-05,1.4394553257912612e-05,-2.3031285212971042e-05,-12.4384629304825,-3.7703076915379645,-1.512511572098061
5.40381121635437,1.0000303624068059,-0.5000151812034028,0.8000242899254448,1.0,-0.5,0.8,-3.0362406805872766e-05,1.518120340282536e-05,-2.428992544478703e-05,-12.438479906499262,-3.7703135473003204,-1.5125129612959338
5.41379714012146,1.000031873878683,-0.5000159369393414,0.8000254991029465,1.0,-0.5,0.8,-3.187387868308633e-05,1.5936939341432144e-05,-2.5499102946469066e-05,-12.43849555485998,-3.770318892307405,-1.5125142106700058
5.423747539520264,1.000033323247244,-0.5000166616236219,0.8000266585977952,1.0,-0.5,0.8,-3.332324724403257e-05,1.6661623621905264e-05,-2.6658597795159444e-05,-12.438509886473176,-3.770323731430906,-1.5125153217679659
5.433765649795532,1.0000347103051865,-0.5000173551525932,0.8000277682441491,1.0,-0.5,0.8,-3.471030518653606e-05,1.735515259315701e-05,-2.7768244149073418e-05,-12.438522913345789,-3.770328069950869,-1.5125162962448093
5.4437689781188965,1.000036034911665,-0.5000180174558324,0.8000288279293318,1.0,-0.5,0.8,-3.603491166503936e-05,1.8017455832408658e-05,-2.882792933178724e-05,-12.438534648549197,-3.770331913542254,-1.5125171358590372
5.4537999629974365,1.0000372969911022,-0.500018648495551,0.8000298375928816,1.0,-0.5,0.8,-3.729699110222029e-05,1.8648495550999122e-05,-2.9837592881554187e-05,-12.438545106184836,-3.7703352682613502,-1.5125178424688246
5.463791847229004,1.0000384965319595,-0.5000192482659797,0.8000307972255675,1.0,-0.5,0.8,-3.8496531959530955e-05,1.9248265979654455e-05,-3.0797225567424924e-05,-12.438554301349509,-3.770338140532102,-1.512518418028168
5.4738450050354,1.0000396335854678,-0.5000198167927338,0.800031706868374,1.0,-0.5,0.8,-3.963358546776874e-05,1.9816792733773347e-05,-3.170686837394854e-05,-12.43856225010037,-3.7703405371323258,-1.5125188645830154
5.483828067779541,1.0000407082643203,-0.5000203541321601,0.800032566611456,1.0,-0.5,0.8,-4.07082643203438e-05,2.0354132160060878e-05,-3.256661145600859e-05,-12.438568969419654,-3.7703424651798527,-1.512519184267378
5.493842840194702,1.0000417207413315,-0.5000208603706656,0.8000333765930651,1.0,-0.5,0.8,-4.172074133146353e-05,2.0860370665620742e-05,-3.337659306501539e-05,-12.438574477179197,-3.7703439321186165,-1.5125193792994367
5.503859996795654,1.0000426712480612,-0.5000213356240305,0.8000341369984488,1.0,-0.5,0.8,-4.267124806123235e-05,2.133562403050515e-05,-3.413699844878604e-05,-12.438578792104773,-3.770344945704685,-1.5125194519776382
5.513761043548584,1.0000435600734083,-0.500021780036704,0.8000348480587264,1.0,-0.5,0.8,-4.356007340833301e-05,2.1780036704055483e-05,-3.484805872633334e-05,-12.438581933740267,-3.7703455139922566,-1.5125194046767905
5.523731470108032,1.000044387562175,-0.5000221937810874,0.8000355100497397,1.0,-0.5,0.8,-4.438756217495232e-05,2.219378108736514e-05,-3.55100497396732e-05,-12.438583922411796,-3.770345645319652,-1.5125192398441614
5.5338311195373535,1.0000451541136042,-0.500022577056802,0.800036123290883,1.0,-0.5,0.8,-4.515411360417332e-05,2.2577056801975637e-05,-3.612329088298338e-05,-12.438584779191729,-3.7703453482952924,-1.512518959995582
5.543756484985352,1.0000458601798912,-0.5000229300899455,0.8000366881439126,1.0,-0.5,0.8,-4.58601798911662e-05,2.2930089945472076e-05,-3.668814391255548e-05,-12.438584525862685,-3.77034463178369,-1.5125185677115578
5.553786754608154,1.0000465062646724,-0.5000232531323361,0.8000372050117377,1.0,-0.5,0.8,-4.6506264672396824e-05,2.325313233608739e-05,-3.7205011737651006e-05,-12.438583184881542,-3.7703435048914633,-1.5125180656333954
5.563893795013428,1.0000470929214935,-0.5000235464607466,0.8000376743371945,1.0,-0.5,0.8,-4.709292149351896e-05,2.3546460746648457e-05,-3.76743371944821e-05,-12.438580779343535,-3.770341976953395,-1.5125174564593462
5.573810338973999,1.0000476207522566,-0.5000238103761282,0.800038096601805,1.0,-0.5,0.8,-4.762075225661633e-05,2.381037612819714e-05,-3.80966018049822e-05,-12.43857733294634,-3.770340057518526,-1.512516742940767
5.58378005027771,1.0000480904056521,-0.500024045202826,0.8000384723245215,1.0,-0.5,0.8,-4.8090405652123636e-05,2.4045202825950795e-05,-3.8472324521476864e-05,-12.438572869954372,-3.7703377563363363,-1.5125159278783085
5.593856334686279,1.000048502575574,-0.5000242512877869,0.8000388020604592,1.0,-0.5,0.8,-4.850257557409421e-05,2.4251287786936082e-05,-3.880206045914214e-05,-12.438567415163192,-3.7703350833429834,-1.5125150141181285
5.603780746459961,1.0000488579995221,-0.500024428999761,0.8000390863996176,1.0,-0.5,0.8,-4.885799952214498e-05,2.4428999760961467e-05,-3.9086399617582757e-05,-12.438560993864057,-3.7703320486476355,-1.5125140045481356
5.613851308822632,1.0000491574569916,-0.5000245787284957,0.8000393259655932,1.0,-0.5,0.8,-4.91574569916331e-05,2.4578728495705526e-05,-3.9325965593195455e-05,-12.438553631808757,-3.7703286625189065,-1.5125129020942667
5.6238484382629395,1.0000494017678547,-0.5000247008839273,0.8000395214142838,1.0,-0.5,0.8,-4.940176785472872e-05,2.4700883927253336e-05,-3.952141428376077e-05,-12.43854535517465,-3.7703249353714012,-1.5125117097168017
5.633836269378662,1.0000495917907328,-0.5000247958953663,0.8000396734325862,1.0,-0.5,0.8,-4.9591790732828045e-05,2.4795895366303e-05,-3.9673432586151414e-05,-12.438536190529955,-3.770320877752388,-1.5125104304067156
5.64388370513916,1.0000497284213625,-0.5000248642106812,0.80003978273709,1.0,-0.5,0.8,-4.9728421362527087e-05,2.486421068115252e-05,-3.978273708993285e-05,-12.438526164799418,-3.770316500328595,-1.5125090671820751
5.653803586959839,1.0000498125909583,-0.500024906295479,0.8000398500727666,1.0,-0.5,0.8,-4.9812590958264735e-05,2.4906295479021345e-05,-3.985007276652297e-05,-12.438515305230212,-3.7703118138731653,-1.5125076230844798
5.66377067565918,1.0000498452645712,-0.5000249226322855,0.8000398762116568,1.0,-0.5,0.8,-4.9845264571191095e-05,2.4922632285484525e-05,-3.9876211656797445e-05,-12.438503639358293,-3.770306829252757,-1.512506101175549
5.673923492431641,1.0000498274394474,-0.5000249137197236,0.8000398619515577,1.0,-0.5,0.8,-4.982743944736967e-05,2.4913719723573813e-05,-3.9861951557695896e-05,-12.438491194975073,-3.7703015574148075,-1.512504504533462
5.683878660202026,1.0000497601433864,-0.5000248800716931,0.800039808114709,1.0,-0.5,0.8,-4.976014338642365e-05,2.4880071693100803e-05,-3.980811470893908e-05,-12.438478000094522,-3.770296009374976,-1.5125028362495483
5.693794250488281,1.0000496444331033,-0.5000248222165515,0.8000397155464826,1.0,-0.5,0.8,-4.964443310329081e-05,2.4822216551534382e-05,-3.9715546482521624e-05,-12.438464082920731,-3.7702901962047703,-1.5125010994249357
5.703845262527466,1.0000494813925929,-0.5000247406962963,0.8000395851140741,1.0,-0.5,0.8,-4.948139259286499e-05,2.4740696296321474e-05,-3.9585114074092154e-05,-12.438449471815899,-3.7702841290193594,-1.512499297167252
5.71381139755249,1.0000492721315,-0.5000246360657499,0.8000394177051998,1.0,-0.5,0.8,-4.9272131499966676e-05,2.4636065749872316e-05,-3.94177051997735e-05,-12.438434195268814,-3.7702778189655892,-1.5124974325873901
5.723780632019043,1.0000490177834975,-0.5000245088917487,0.8000392142267978,1.0,-0.5,0.8,-4.9017783497529166e-05,2.450889174865356e-05,-3.921422679775688e-05,-12.438418281863852,-3.7702712772102074,-1.512495508796332
5.733789443969727,1.0000487195046717,-0.5000243597523357,0.800038975603737,1.0,-0.5,0.8,-4.871950467166819e-05,2.4359752335723073e-05,-3.8975603737001485e-05,-12.438401760250475,-3.7702645149283,-1.5124935289020363
5.743808746337891,1.0000483784719176,-0.5000241892359587,0.8000387027775338,1.0,-0.5,0.8,-4.837847191763167e-05,2.4189235958704813e-05,-3.870277753370566e-05,-12.438384659113298,-3.770257543291959,-1.512491496006392
5.753774404525757,1.0000479958813466,-0.5000239979406732,0.800038396705077,1.0,-0.5,0.8,-4.799588134662969e-05,2.399794067320382e-05,-3.839670507699289e-05,-12.438367007142713,-3.7702503734591652,-1.5124894132022408
5.7638092041015625,1.0000475729467058,-0.5000237864733528,0.8000380583573643,1.0,-0.5,0.8,-4.757294670576506e-05,2.378647335277151e-05,-3.805835736425678e-05,-12.438348833006076,-3.7702430165629264,-1.5124872835704632
5.773730278015137,1.000047110897811,-0.5000235554489054,0.8000376887182484,1.0,-0.5,0.8,-4.711089781106459e-05,2.3555448905421272e-05,-3.768871824838538e-05,-12.438330165319515,-3.7702354837006418,-1.51248511017714
5.78380823135376,1.0000466109789963,-0.500023305489498,0.8000372887831967,1.0,-0.5,0.8,-4.661097899627542e-05,2.3305489498026688e-05,-3.728878319664286e-05,-12.438311032620353,-3.7702277859237148,-1.5124828960707812
5.793753623962402,1.000046074447579,-0.5000230372237894,0.8000368595580628,1.0,-0.5,0.8,-4.607444757898094e-05,2.3037223789379446e-05,-3.6859558062762865e-05,-12.438291463340148,-3.770219934227442,-1.5124806442796341
5.80379581451416,1.0000455025723423,-0.500022751286171,0.8000364020578735,1.0,-0.5,0.8,-4.550257234225974e-05,2.2751286171018847e-05,-3.6402057873474725e-05,-12.438271485778378,-3.7702119395411215,-1.512478357809055
5.8138651847839355,1.000044896632038,-0.5000224483160189,0.8000359173056302,1.0,-0.5,0.8,-4.489663203810501e-05,2.2448316018941483e-05,-3.591730563012874e-05,-12.438251128076804,-3.7702038127184667,-1.5124760396389672
5.823859453201294,1.000044257913908,-0.5000221289569539,0.800035406331126,1.0,-0.5,0.8,-4.4257913907941315e-05,2.2128956953859635e-05,-3.5406331125975576e-05,-12.43823041819447,-3.770195564528253,-1.51247369272139
5.833789587020874,1.0000435877122265,-0.5000217938561131,0.8000348701697808,1.0,-0.5,0.8,-4.358771222645608e-05,2.1793856113117016e-05,-3.487016978076518e-05,-12.438209383883432,-3.7701872056452586,-1.5124713199780437
5.843914747238159,1.0000428873268663,-0.500021443663433,0.8000343098614927,1.0,-0.5,0.8,-4.2887326866303255e-05,2.1443663433040605e-05,-3.430986149266513e-05,-12.438188052665122,-3.7701787466414673,-1.5124689242980374
5.853874683380127,1.0000421580618866,-0.5000210790309432,0.8000337264495089,1.0,-0.5,0.8,-4.215806188656579e-05,2.1079030943171873e-05,-3.372644950883075e-05,-12.438166451807469,-3.7701701979775626,-1.5124665085356317
5.8638129234313965,1.0000414012241445,-0.5000207006120722,0.8000331209793152,1.0,-0.5,0.8,-4.140122414453273e-05,2.0700612072155344e-05,-3.31209793151821e-05,-12.438144608302688,-3.770161569994685,-1.512464075508081
5.873847723007202,1.0000406181219332,-0.5000203090609665,0.8000324944975462,1.0,-0.5,0.8,-4.061812193323355e-05,2.0309060966505754e-05,-3.249449754616496e-05,-12.438122548845833,-3.770152872906495,-1.5124616279935599
5.883784770965576,1.0000398100636443,-0.500019905031822,0.800031848050915,1.0,-0.5,0.8,-3.981006364428552e-05,1.9905031822031738e-05,-3.184805091493992e-05,-12.438100299814014,-3.7701441167915015,-1.5124591687291653
5.893874883651733,1.0000389783564574,-0.5000194891782286,0.8000311826851655,1.0,-0.5,0.8,-3.8978356457386454e-05,1.9489178228582205e-05,-3.118268516544287e-05,-12.438077887246417,-3.7701353115856944,-1.5124567004090022
5.903825283050537,1.0000381243050578,-0.5000190621525288,0.8000304994440458,1.0,-0.5,0.8,-3.812430505778508e-05,1.9062152528781517e-05,-3.049944404576177e-05,-12.438055336825009,-3.7701264670754586,-1.5124542256823506
5.913835763931274,1.000037249210381,-0.5000186246051904,0.8000297993683044,1.0,-0.5,0.8,-3.724921038106288e-05,1.8624605190420418e-05,-2.979936830438401e-05,-12.438032673856013,-3.770117592890781,-1.5124517471519128
5.923793077468872,1.0000363543683874,-0.5000181771841936,0.8000290834947096,1.0,-0.5,0.8,-3.635436838744788e-05,1.8177184193612916e-05,-2.9083494709536417e-05,-12.438009923252114,-3.770108698498752,-1.5124492673721437
5.933786630630493,1.0000354410688654,-0.5000177205344326,0.8000283528550919,1.0,-0.5,0.8,-3.5441068865438297e-05,1.7720534432608126e-05,-2.8352855091839935e-05,-12.437987109515431,-3.7700997931973568,-1.5124467888476607
5.94385027885437,1.000034510594265,-0.5000172552971324,0.8000276084754115,1.0,-0.5,0.8,-3.451059426495817e-05,1.7255297132368064e-05,-2.7608475411500244e-05,-12.437964256721218,-3.770090886109557,-1.5124443140317378
5.953889846801758,1.0000335642185623,-0.500016782109281,0.8000268513748494,1.0,-0.5,0.8,-3.3564218562265324e-05,1.678210928102164e-05,-2.685137484936817e-05,-12.437941388502333,-3.7700819861776758,-1.5124418453248794
5.9637792110443115,1.000032603206155,-0.5000163016030774,0.8000260825649236,1.0,-0.5,0.8,-3.260320615505741e-05,1.630160307741768e-05,-2.6082564923535223e-05,-12.437918528034453,-3.7700731021580625,-1.5124393850734732
5.973875522613525,1.0000316288107898,-0.5000158144053948,0.8000253030486314,1.0,-0.5,0.8,-3.162881078977442e-05,1.5814405394776188e-05,-2.5303048631353242e-05,-12.437895698022055,-3.770064242616061,-1.512436935568531
5.983737230300903,1.000030642274521,-0.5000153211372604,0.8000245138196164,1.0,-0.5,0.8,-3.064227452109769e-05,1.5321137260437823e-05,-2.451381961632304e-05,-12.437872920685132,-3.7700554159212634,-1.512434499044503
5.993767738342285,1.0000296448267032,-0.5000148224133515,0.8000237158613621,1.0,-0.5,0.8,-2.9644826703201232e-05,1.4822413351489594e-05,-2.3715861362072488e-05,-12.437850217746643,-3.7700466302430544,-1.5124320776781743
6.003778696060181,1.000028637683015,-0.5000143188415074,0.8000229101464116,1.0,-0.5,0.8,-2.8637683014975934e-05,1.4318841507376945e-05,-2.2910146411536658e-05,-12.437827610420772,-3.77003789354645,-1.512429673587644
6.013779640197754,1.0000276220445175,-0.5000138110222586,0.8000220976356136,1.0,-0.5,0.8,-2.7622044517450206e-05,1.381102225861408e-05,-2.2097635613560485e-05,-12.437805119401862,-3.7700292135882147,-1.5124272888313786
6.023775339126587,1.0000265990967454,-0.5000132995483726,0.800021279277396,1.0,-0.5,0.8,-2.6599096745405504e-05,1.329954837259173e-05,-2.1279277395924723e-05,-12.437782764854123,-3.770020597913276,-1.5124249254073492
6.033732652664185,1.000025570008832,-0.5000127850044159,0.8000204560070653,1.0,-0.5,0.8,-2.5570008832076496e-05,1.2785004415927226e-05,-2.0456007065239312e-05,-12.437760566402083,-3.770012053851409,-1.5124225852522415
6.043724536895752,1.000024535932668,-0.500012267966334,0.8000196287461342,1.0,-0.5,0.8,-2.45359326680461e-05,1.226796633402305e-05,-1.9628746134148223e-05,-12.437738543121723,-3.7700035885142134,-1.5124202702407452
6.053773880004883,1.0000234980020948,-0.5000117490010474,0.8000187984016756,1.0,-0.5,0.8,-2.349800209477948e-05,1.174900104738974e-05,-1.879840167551272e-05,-12.437716713532433,-3.7699952087923685,-1.5124179821849215
6.063815116882324,1.0000224573321308,-0.5000112286660654,0.8000179658657044,1.0,-0.5,0.8,-2.245733213079859e-05,1.1228666065399295e-05,-1.7965865704350215e-05,-12.437695095589557,-3.769986921353151,-1.5124157228336408
6.073758125305176,1.000021415018234,-0.500010707509117,0.800017132014587,1.0,-0.5,0.8,-2.141501823405001e-05,1.0707509117025005e-05,-1.7132014586973554e-05,-12.437673706677765,-3.7699787326382435,-1.5124134938720988
6.083724737167358,1.000020372135597,-0.5000101860677985,0.8000162977084774,1.0,-0.5,0.8,-2.037213559691331e-05,1.0186067798456655e-05,-1.6297708477330808e-05,-12.437652563605056,-3.7699706488617992,-1.512411296921406
6.093785524368286,1.000019329738477,-0.5000096648692385,0.8000154637907815,1.0,-0.5,0.8,-1.9329738476958624e-05,9.664869238479312e-06,-1.5463790781433673e-05,-12.437631682597493,-3.7699626760087805,-1.512409133538247
6.10379695892334,1.000018288859561,-0.5000091444297805,0.8000146310876487,1.0,-0.5,0.8,-1.8288859561010895e-05,9.144429780505448e-06,-1.4631087648653285e-05,-12.437611079294616,-3.769954819833555,-1.512407005214613
6.113836765289307,1.0000172505093639,-0.5000086252546819,0.8000138004074909,1.0,-0.5,0.8,-1.7250509363853084e-05,8.625254681926542e-06,-1.3800407490882627e-05,-12.437590768745526,-3.769947085858752,-1.5124049133776027
6.123898506164551,1.0000162156756611,-0.5000081078378306,0.8000129725405288,1.0,-0.5,0.8,-1.621567566112425e-05,8.107837830562126e-06,-1.2972540528788379e-05,-12.437570765405637,-3.7699394793743726,-1.5124028593892935
6.133875846862793,1.0000151853229569,-0.5000075926614784,0.8000121482583654,1.0,-0.5,0.8,-1.5185322956856595e-05,7.5926614784282975e-06,-1.2148258365374254e-05,-12.437551083134112,-3.7699320054371572,-1.5124008445466806
6.1438000202178955,1.0000141603919837,-0.5000070801959918,0.8000113283135869,1.0,-0.5,0.8,-1.4160391983653042e-05,7.080195991826521e-06,-1.132831358685582e-05,-12.437531735191907,-3.7699246688701837,-1.512398870081681
6.153897047042847,1.000013141799238,-0.500006570899619,0.8000105134393903,1.0,-0.5,0.8,-1.3141799237947893e-05,6.570899618973947e-06,-1.0513439390291701e-05,-12.437512734240483,-3.769917474262723,-1.512396937161201
6.163843154907227,1.000012130436548,-0.500006065218274,0.8000097043492383,1.0,-0.5,0.8,-1.2130436547908019e-05,6.0652182739540095e-06,-9.70434923830421e-06,-12.43749409234113,-3.7699104259703224,-1.5123950468872722
6.173832654953003,1.000011127170675,-0.5000055635853375,0.8000089017365402,1.0,-0.5,0.8,-1.1127170675084841e-05,5.5635853375424205e-06,-8.901736540112282e-06,-12.437475820954907,-3.7699035281151216,-1.5123932002972462
6.183839797973633,1.0000101328429492,-0.5000050664214746,0.8000081062743594,1.0,-0.5,0.8,-1.0132842949150955e-05,5.066421474575478e-06,-8.106274359320764e-06,-12.437457930943179,-3.769896784586402,-1.512391398364049
6.193850755691528,1.0000091482689348,-0.5000045741344674,0.8000073186151478,1.0,-0.5,0.8,-9.148268934833226e-06,4.574134467416613e-06,-7.318615147799967e-06,-12.437440432568756,-3.7698901990413494,-1.5123896419964977
6.2037835121154785,1.0000081742381317,-0.5000040871190659,0.8000065393905054,1.0,-0.5,0.8,-8.174238131708478e-06,4.087119065854239e-06,-6.539390505322373e-06,-12.437423335497582,-3.7698837749060345,-1.5123879320396727
6.213873863220215,1.0000072115137066,-0.5000036057568533,0.8000057692109653,1.0,-0.5,0.8,-7.2115137066397494e-06,3.6057568533198747e-06,-5.769210965289595e-06,-12.437406648801026,-3.7698775153766175,-1.512386269275349
6.223773956298828,1.0000062608322564,-0.5000031304161282,0.800005008665805,1.0,-0.5,0.8,-6.260832256410609e-06,3.1304161282053045e-06,-5.00866580499526e-06,-12.437390380958691,-3.7698714234207373,-1.5123846544224775
6.233820199966431,1.0000053229036028,-0.5000026614518014,0.8000042583228821,1.0,-0.5,0.8,-5.322903602777984e-06,2.661451801388992e-06,-4.2583228820891605e-06,-12.437374539861745,-3.7698655017791207,-1.5123830881377238
6.243839740753174,1.0000043984106186,-0.5000021992053093,0.8000035187284948,1.0,-0.5,0.8,-4.398410618611237e-06,2.1992053093056185e-06,-3.518728494800172e-06,-12.437359132816837,-3.769859752967376,-1.5123815710160584
6.25378942489624,1.0000034880090836,-0.5000017440045418,0.8000027904072669,1.0,-0.5,0.8,-3.4880090835631705e-06,1.7440045417815853e-06,-2.7904072668061275e-06,-12.437344166550446,-3.7698541792779796,-1.512380103591391
6.263864278793335,1.0000025923275702,-0.5000012961637851,0.8000020738620561,1.0,-0.5,0.8,-2.592327570161146e-06,1.296163785080573e-06,-2.073862056084508e-06,-12.437329647213765,-3.7698487827824407,-1.5123786863372635
6.273787021636963,1.0000017119673594,-0.5000008559836797,0.8000013695738876,1.0,-0.5,0.8,-1.7119673594301332e-06,8.559836797150666e-07,-1.3695738875219021e-06,-12.43731558038806,-3.7698435653336535,-1.512377319667576
6.283766508102417,1.0000008475023856,-0.5000004237511928,0.8000006780019084,1.0,-0.5,0.8,-8.475023856036046e-07,4.237511928018023e-07,-6.780019083940658e-07,-12.437301971090468,-3.769838528568412,-1.5123760039373735
6.293780565261841,0.9999999994792088,-0.4999999997396044,0.799999999583367,1.0,-0.5,0.8,5.207911879523408e-10,-2.603955939761704e-10,4.166330613841751e-10,-12.437288823780273,-3.769833673910092,-1.512374739443661
6.30379319190979,0.9999991684170163,-0.4999995842085082,0.7999993347336131,1.0,-0.5,0.8,8.315829836957889e-07,-4.157914917923833e-07,6.652663869788356e-07,-12.437276142365604,-3.769829002571501,-1.5123735264262714
6.313802480697632,0.9999983548076506,-0.4999991774038254,0.7999986838461206,1.0,-0.5,0.8,1.6451923493532306e-06,-8.225961746211041e-07,1.3161538794381755e-06,-12.437263930210536,-3.7698245155578705,-1.5123723650687662
6.323914289474487,0.9999975591156647,-0.4999987795578324,0.7999980472925319,1.0,-0.5,0.8,2.4408843353196374e-06,-1.2204421676043076e-06,1.952707468166892e-06,-12.43725219014261,-3.7698202136700014,-1.512371255499378
6.3338236808776855,0.9999967817784028,-0.49999839088920145,0.7999974254227223,1.0,-0.5,0.8,3.2182215972120787e-06,-1.6091107985505282e-06,2.5745772777030496e-06,-12.437240924460733,-3.769816097507554,-1.5123701977919883
6.343797206878662,0.9999960232061077,-0.4999980116030539,0.7999968185648862,1.0,-0.5,0.8,3.9767938923018775e-06,-1.9883969460954276e-06,3.181435113797093e-06,-12.437230134943452,-3.769812167472466,-1.5123691919671407
6.353821277618408,0.9999952837820524,-0.49999764189102625,0.799996227025642,1.0,-0.5,0.8,4.716217947620116e-06,-2.358108973754547e-06,3.772974358051684e-06,-12.437219822857578,-3.7698084237725067,-1.5123682379930865
6.36382532119751,0.9999945638626961,-0.4999972819313481,0.799995651090157,1.0,-0.5,0.8,5.436137303860278e-06,-2.7180686518746278e-06,4.348909843021609e-06,-12.43720998896715,-3.7698048664249506,-1.5123673357868617
6.373810768127441,0.9999938637778644,-0.49999693188893224,0.7999950910222916,1.0,-0.5,0.8,6.13622213563314e-06,-3.068111067761059e-06,4.908977708439899e-06,-12.43720063354273,-3.7698014952603693,-1.5123664852153949
6.3838279247283936,0.9999931838309514,-0.49999659191547574,0.7999945470647611,1.0,-0.5,0.8,6.816169048629028e-06,-3.408084524259003e-06,5.452935238903223e-06,-12.437191756370993,-3.7697983099265353,-1.5123656860966408
6.393798828125,0.9999925242991456,-0.4999962621495729,0.7999940194393166,1.0,-0.5,0.8,7.475700854353562e-06,-3.73785042712127e-06,5.980560683460645e-06,-12.43718335676462,-3.7697953098924275,-1.5123649382007431
6.403793573379517,0.9999918854336769,-0.4999959427168385,0.7999935083469416,1.0,-0.5,0.8,8.114566323103034e-06,-4.057283161496006e-06,6.491653058438018e-06,-12.437175433572463,-3.7697924944523367,-1.5123642412512195
6.413895606994629,0.9999912674600838,-0.49999563373004197,0.7999930139680672,1.0,-0.5,0.8,8.732539916178617e-06,-4.366269958033797e-06,6.986031932831871e-06,-12.437167985189976,-3.769789862730068,-1.5123635949261696
6.423855781555176,0.9999906705785025,-0.49999533528925133,0.7999925364628022,1.0,-0.5,0.8,9.329421497450419e-06,-4.664710748669698e-06,7.463537197827108e-06,-12.437161009569873,-3.7697874136832237,-1.5123629988595062
6.433866024017334,0.9999900949639744,-0.49999504748198725,0.7999920759711797,1.0,-0.5,0.8,9.905036025603664e-06,-4.952518012746321e-06,7.9240288203275e-06,-12.437154504233044,-3.769785146107567,-1.5123624526422046
6.4438440799713135,0.9999895407667728,-0.49999477038338647,0.7999916326134184,1.0,-0.5,0.8,1.0459233227178011e-05,-5.229616613533494e-06,8.367386581609182e-06,-12.437148466279655,-3.769783058641468,-1.5123619558235697
6.453810930252075,0.9999890081127485,-0.4999945040563743,0.799991206490199,1.0,-0.5,0.8,1.0991887251510235e-05,-5.495943625699606e-06,8.793509801097166e-06,-12.437142892400473,-3.7697811497704086,-1.5123615079125206
6.4638991355896,0.999988497103692,-0.49999424855184604,0.7999907976829537,1.0,-0.5,0.8,1.1502896308024368e-05,-5.751448153956673e-06,9.202317046375086e-06,-12.437137778888362,-3.7697794178315545,-1.5123611083788882
6.473839521408081,0.9999880078177128,-0.4999940039088565,0.7999904062541704,1.0,-0.5,0.8,1.1992182287201558e-05,-5.996091143489757e-06,9.593745829650224e-06,-12.437133121649921,-3.7697778610183845,-1.5123607566547281
6.483818054199219,0.9999875403096355,-0.4999937701548179,0.7999900322477086,1.0,-0.5,0.8,1.2459690364452491e-05,-6.229845182115223e-06,9.967752291450971e-06,-12.437128916217352,-3.769776477385374,-1.5123604521356429
6.49388313293457,0.9999870946114102,-0.4999935473057052,0.7999896756891284,1.0,-0.5,0.8,1.2905388589778966e-05,-6.4526942947784605e-06,1.0324310871667741e-05,-12.43712515776037,-3.7697752648527145,-1.5123601941821165
6.503805160522461,0.999986670732538,-0.4999933353662691,0.7999893365860306,1.0,-0.5,0.8,1.3329267462003358e-05,-6.664633730890657e-06,1.0663413969491664e-05,-12.437121841098296,-3.769774221211083,-1.5123599821208549
6.513754844665527,0.9999862686605107,-0.49999313433025544,0.7999890149284087,1.0,-0.5,0.8,1.3731339489342353e-05,-6.8656697445601544e-06,1.098507159136286e-05,-12.437118960712255,-3.7697733441264396,-1.5123598152461344
6.52372670173645,0.9999858883612633,-0.4999929441806318,0.7999887106890108,1.0,-0.5,0.8,1.4111638736657994e-05,-7.055819368217975e-06,1.1289310989259782e-05,-12.437116510757443,-3.769772631144855,-1.5123596928211582
6.533766508102417,0.9999855297796397,-0.49999276488982,0.7999884238237119,1.0,-0.5,0.8,1.4470220360274233e-05,-7.235110180026094e-06,1.1576176288108364e-05,-12.437114485075513,-3.769772079697369,-1.5123596140794127
6.543817520141602,0.999985192839869,-0.4999925964199346,0.7999881542718953,1.0,-0.5,0.8,1.4807160131025121e-05,-7.403580065401538e-06,1.1845728104753483e-05,-12.437112877206971,-3.7697716871048472,-1.512359578226028
6.553799390792847,0.9999848774460537,-0.49999243872302696,0.7999879019568431,1.0,-0.5,0.8,1.512255394631179e-05,-7.5612769730448726e-06,1.209804315693841e-05,-12.437111680403685,-3.769771450582876,-1.5123595844391406
6.563762664794922,0.9999845834826687,-0.49999229174133447,0.7999876667861351,1.0,-0.5,0.8,1.5416517331279245e-05,-7.7082586655286e-06,1.2333213864956782e-05,-12.437110887641401,-3.7697713672466473,-1.512359631871256
6.5738043785095215,0.9999843108150688,-0.4999921554075345,0.7999874486520551,1.0,-0.5,0.8,1.56891849312224e-05,-7.844592465500178e-06,1.255134794497792e-05,-12.437110491632275,-3.7697714341158512,-1.5123597196506056
6.583769798278809,0.9999840592900058,-0.499992029645003,0.7999872474320047,1.0,-0.5,0.8,1.5940709994222146e-05,-7.970354997000051e-06,1.2752567995377717e-05,-12.437110484837454,-3.769771648119568,-1.5123598468825081
6.593882083892822,0.999983828736154,-0.4999919143680771,0.7999870629889232,1.0,-0.5,0.8,1.6171263846009865e-05,-8.08563192289391e-06,1.29370110768523e-05,-12.437110859479613,-3.76977200610115,-1.5123600126507193
6.603911638259888,0.999983618964643,-0.49999180948232164,0.7999868951717145,1.0,-0.5,0.8,1.6381035356949347e-05,-8.190517678363651e-06,1.3104828285537273e-05,-12.437111607555533,-3.7697725048230946,-1.5123602160187808
6.6138482093811035,0.9999834297695978,-0.499991714884799,0.7999867438156782,1.0,-0.5,0.8,1.6570230402246366e-05,-8.285115201012161e-06,1.3256184321797093e-05,-12.437112720848582,-3.7697731409718993,-1.512360456031361
6.6238532066345215,0.9999832609286837,-0.499991630464342,0.799986608742947,1.0,-0.5,0.8,1.6739071316274057e-05,-8.369535658026006e-06,1.3391257053019245e-05,-12.437114190941235,-3.769773911162892,-1.5123607317155863
6.6338560581207275,0.9999831122036593,-0.49999155610182977,0.7999864897629275,1.0,-0.5,0.8,1.688779634068105e-05,-8.443898170229502e-06,1.3510237072522635e-05,-12.43711600922749,-3.7697748119450454,-1.512361042082367
6.643758535385132,0.9999829833409317,-0.49999149167046597,0.7999863866727455,1.0,-0.5,0.8,1.701665906828076e-05,-8.508329534029357e-06,1.3613327254580199e-05,-12.437118166925258,-3.769775839805749,-1.5123613861277097
6.653836488723755,0.9999828740721177,-0.49999143703605897,0.7999862992576943,1.0,-0.5,0.8,1.7125927882277736e-05,-8.562963941027846e-06,1.370074230577778e-05,-12.43712065508865,-3.769776991175559,-1.5123617628340196
6.663791179656982,0.999982784114608,-0.4999913920573041,0.7999862272916864,1.0,-0.5,0.8,1.721588539205232e-05,-8.607942695915138e-06,1.3772708313597448e-05,-12.437123464620221,-3.7697782624329017,-1.512362171171389
6.673819065093994,0.9999827131721337,-0.49999135658606697,0.799986170537707,1.0,-0.5,0.8,1.7286827866280774e-05,-8.643413933029365e-06,1.3829462293002415e-05,-12.437126586283082,-3.769779649908742,-1.512362610098876
6.683906316757202,0.9999826609353368,-0.4999913304676685,0.7999861287482696,1.0,-0.5,0.8,1.7339064663168813e-05,-8.669532331473384e-06,1.3871251730468437e-05,-12.43713001071293,-3.769781149891195,-1.5123630785657638
6.693892955780029,0.9999826270823405,-0.4999913135411704,0.7999861016658726,1.0,-0.5,0.8,1.7372917659463916e-05,-8.686458829620936e-06,1.389833412746011e-05,-12.437133728429973,-3.7697827586301016,-1.5123635755128082
6.703806161880493,0.9999826112793219,-0.49999130563966104,0.7999860890234577,1.0,-0.5,0.8,1.738872067813535e-05,-8.694360338956653e-06,1.3910976542352849e-05,-12.437137729850708,-3.7697844723415455,-1.5123640998734678
6.71393895149231,0.9999826131810843,-0.49999130659054225,0.7999860905448676,1.0,-0.5,0.8,1.7386818915721136e-05,-8.693409457749546e-06,1.3909455132465887e-05,-12.437142005299572,-3.769786287212305,-1.5123646505751145
6.723849534988403,0.9999826324316303,-0.4999913162158153,0.7999861059453044,1.0,-0.5,0.8,1.7367568369675013e-05,-8.683784184726484e-06,1.3894054695651192e-05,-12.437146545020484,-3.7697881994042604,-1.5123652265402314
6.733822345733643,0.9999826686647338,-0.49999133433236703,0.7999861349317872,1.0,-0.5,0.8,1.7331335266157488e-05,-8.665667632967722e-06,1.3865068212881582e-05,-12.437151339188196,-3.7697902050587273,-1.5123658266875848
6.743847370147705,0.9999827215045105,-0.49999136075225536,0.7999861772036085,1.0,-0.5,0.8,1.727849548949223e-05,-8.639247744635092e-06,1.3822796391504966e-05,-12.437156377919507,-3.769792300300729,-1.5123664499333822
6.753755331039429,0.9999827905659872,-0.4999913952829937,0.7999862324527899,1.0,-0.5,0.8,1.7209434012843694e-05,-8.604717006310825e-06,1.3767547210163933e-05,-12.437161651284303,-3.769794481243195,-1.5123670951924062
6.763731479644775,0.9999828754556683,-0.4999914377278343,0.7999863003645348,1.0,-0.5,0.8,1.712454433167032e-05,-8.562272165724139e-06,1.3699635465269644e-05,-12.43716714931642,-3.769796743991092,-1.5123677613791282
6.773749589920044,0.9999829757721002,-0.4999914878860502,0.7999863806176802,1.0,-0.5,0.8,1.702422789984226e-05,-8.512113949810107e-06,1.3619382319807194e-05,-12.437172862024354,-3.7697990846454807,-1.5123684474088017
6.783745050430298,0.9999830911064312,-0.49999154555321573,0.7999864728851451,1.0,-0.5,0.8,1.690889356875669e-05,-8.454446784267322e-06,1.3527114854916533e-05,-12.437178779401743,-3.769801499307488,-1.5123691521985296
6.79375696182251,0.9999832210429693,-0.4999916105214848,0.7999865768343756,1.0,-0.5,0.8,1.6778957030672004e-05,-8.38947851522498e-06,1.342316562447099e-05,-12.437184891437669,-3.7698039840822095,-1.5123698746683112
6.803750038146973,0.9999833651597336,-0.4999916825798669,0.7999866921277871,1.0,-0.5,0.8,1.6634840266371853e-05,-8.317420133074904e-06,1.330787221298646e-05,-12.437191188126771,-3.769806535082526,-1.512370613742065
6.813751459121704,0.999983523029003,-0.4999917615145016,0.7999868184232025,1.0,-0.5,0.8,1.6476970997048035e-05,-8.238485498412995e-06,1.3181576797527406e-05,-12.437197659479137,-3.769809148432831,-1.5123713683486255
6.823789119720459,0.9999836942178578,-0.499991847108929,0.7999869553742864,1.0,-0.5,0.8,1.6305782142178593e-05,-8.152891070978274e-06,1.3044625713609648e-05,-12.437204295529988,-3.7698118202726802,-1.5123721374227164
6.833826065063477,0.9999838782887178,-0.499991939144359,0.7999871026309744,1.0,-0.5,0.8,1.6121711282179874e-05,-8.060855640978914e-06,1.2897369025655081e-05,-12.43721108634913,-3.7698145467603497,-1.5123729199058984
6.843832731246948,0.9999840747998718,-0.49999203739993603,0.7999872598398976,1.0,-0.5,0.8,1.5925200128164008e-05,-7.962600063970982e-06,1.2740160102442388e-05,-12.437218022050208,-3.7698173240762984,-1.512373714747491
6.853816509246826,0.9999842833060029,-0.49999214165300154,0.7999874266448025,1.0,-0.5,0.8,1.5716693997136488e-05,-7.858346998457222e-06,1.257335519755376e-05,-12.437225092799704,-3.769820148426551,-1.5123745209054675
6.8638036251068115,0.9999845033587054,-0.4999922516793528,0.7999876026869644,1.0,-0.5,0.8,1.549664129463224e-05,-7.748320647205098e-06,1.239731303559477e-05,-12.437232288825731,-3.769823016045978,-1.5123753373473265
6.873747110366821,0.9999847345069951,-0.49999236725349766,0.7999877876055962,1.0,-0.5,0.8,1.526549300490121e-05,-7.632746502339582e-06,1.2212394403854354e-05,-12.437239600426548,-3.769825923201482,-1.5123761630509296
6.8837525844573975,0.999984976297812,-0.4999924881489061,0.7999879810382498,1.0,-0.5,0.8,1.5023702187977328e-05,-7.511851093877642e-06,1.2018961750293045e-05,-12.437247017978892,-3.769828866195094,-1.5123769970053207
6.89376163482666,0.9999852282765148,-0.4999926141382575,0.799988182621212,1.0,-0.5,0.8,1.4771723485185184e-05,-7.38586174248157e-06,1.1817378788081534e-05,-12.437254531946,-3.7698318413669685,-1.5123778382115112
6.903749227523804,0.999985489987367,-0.4999927449936836,0.7999883919898937,1.0,-0.5,0.8,1.4510012632973357e-05,-7.255006316375656e-06,1.1608010106356481e-05,-12.43726213288543,-3.7698348450982793,-1.5123786856832397
6.91381573677063,0.9999857609740148,-0.4999928804870075,0.799988608779212,1.0,-0.5,0.8,1.423902598518545e-05,-7.1195129924817024e-06,1.1391220788081746e-05,-12.43726981145663,-3.76983787381402,-1.5123795384477048
6.923805475234985,0.9999860407799557,-0.4999930203899779,0.7999888326239646,1.0,-0.5,0.8,1.3959220044323928e-05,-6.979610022106453e-06,1.1167376035459142e-05,-12.437277558428228,-3.769840923985703,-1.5123803955462682
6.9338390827178955,0.9999863289489977,-0.49999316447449893,0.7999890631591983,1.0,-0.5,0.8,1.3671051002250856e-05,-6.835525501069917e-06,1.093684080177848e-05,-12.437285364685074,-3.7698439921339557,-1.5123812560351306
6.9438018798828125,0.9999866250257099,-0.499993312512855,0.799989300020568,1.0,-0.5,0.8,1.337497429010348e-05,-6.687487144996229e-06,1.0699979432038376e-05,-12.437293221235045,-3.76984707483102,-1.5123821189859774
6.953831672668457,0.9999869285558621,-0.4999934642779311,0.7999895428446898,1.0,-0.5,0.8,1.307144413786876e-05,-6.535722068878869e-06,1.0457155310228394e-05,-12.437301119215576,-3.7698501687031483,-1.5123829834866
6.963816165924072,0.9999872390868555,-0.4999936195434278,0.7999897912694844,1.0,-0.5,0.8,1.2760913144505004e-05,-6.380456572196991e-06,1.0208730515604003e-05,-12.43730904989992,-3.7698532704328955,-1.5123838486414842
6.973766803741455,0.999987556168142,-0.4999937780840711,0.7999900449345138,1.0,-0.5,0.8,1.244383185794451e-05,-6.221915928916744e-06,9.955065486288994e-06,-12.437317004703173,-3.76985637676131,-1.5123847135723703
6.98382830619812,0.9999878793516348,-0.49999393967581746,0.799990303481308,1.0,-0.5,0.8,1.2120648365199216e-05,-6.060324182544097e-06,9.69651869209276e-06,-12.437324975188012,-3.7698594844900257,-1.5123855774187906
6.993915557861328,0.9999882081921061,-0.4999941040960531,0.799990566553685,1.0,-0.5,0.8,1.1791807893901662e-05,-5.89590394689532e-06,9.433446315099125e-06,-12.43733295307019,-3.7698625904832475,-1.5123864393385706
7.003826379776001,0.9999885422475758,-0.49999427112378797,0.7999908337980607,1.0,-0.5,0.8,1.145775242417102e-05,-5.7288762120299985e-06,9.16620193935902e-06,-12.437340930223746,-3.769865691669634,-1.5123872985083064
7.013766050338745,0.9999888810796885,-0.4999944405398443,0.7999911048637509,1.0,-0.5,0.8,1.1118920311470326e-05,-5.559460155679652e-06,8.895136249131852e-06,-12.437348898685979,-3.7698687850440806,-1.5123881541238124
7.023761510848999,0.9999892242540793,-0.4999946121270397,0.7999913794032636,1.0,-0.5,0.8,1.0775745920676982e-05,-5.38787296028298e-06,8.620596736452768e-06,-12.437356850662141,-3.769871867669406,-1.5123890054005436
7.033754587173462,0.9999895713407282,-0.49999478567036415,0.7999916570725827,1.0,-0.5,0.8,1.042865927181058e-05,-5.214329635849779e-06,8.342927417359647e-06,-12.437364778529876,-3.7698749366779176,-1.512389851573983
7.043743371963501,0.9999899219143034,-0.49999496095715174,0.7999919375314428,1.0,-0.5,0.8,1.0078085696640926e-05,-5.039042848264952e-06,8.062468557223923e-06,-12.437372674843381,-3.7698779892729055,-1.5123906919000094
7.0538108348846436,0.9999902755544927,-0.4999951377772464,0.7999922204435943,1.0,-0.5,0.8,9.724445507286461e-06,-4.862222753587719e-06,7.779556405740351e-06,-12.437380532337338,-3.7698810227300052,-1.5123915256552312
7.063799619674683,0.9999906318463239,-0.499995315923162,0.7999925054770592,1.0,-0.5,0.8,9.36815367613697e-06,-4.684076838012974e-06,7.494522940798554e-06,-12.437388343930559,-3.7698840343984856,-1.5123923521372973
7.073756694793701,0.999990990380472,-0.49999549519023606,0.7999927923043778,1.0,-0.5,0.8,9.009619527988733e-06,-4.504809763938855e-06,7.207695622235555e-06,-12.437396102729394,-3.769887021702421,-1.5123931706651774
7.0837602615356445,0.9999913507535567,-0.4999956753767784,0.7999930806028456,1.0,-0.5,0.8,8.64924644328191e-06,-4.324623221585444e-06,6.919397154470097e-06,-12.437403802030861,-3.7698899821417724,-1.5123939805794155
7.0937440395355225,0.9999917125684262,-0.49999585628421317,0.7999933700547411,1.0,-0.5,0.8,8.28743157377243e-06,-4.143715786830704e-06,6.629945258906922e-06,-12.437411435325549,-3.7698929132933716,-1.5123947812423617
7.103729963302612,0.9999920754344299,-0.499996037717215,0.799993660347544,1.0,-0.5,0.8,7.924565570083253e-06,-3.962282784986115e-06,6.339652455999989e-06,-12.437418996300242,-3.7698958128118045,-1.5123955720383695
7.113783597946167,0.9999924389676791,-0.4999962194838396,0.7999939511741434,1.0,-0.5,0.8,7.561032320912986e-06,-3.780516160400982e-06,6.048825856641571e-06,-12.437426478840324,-3.7698986784302027,-1.5123963523739732
7.123828887939453,0.9999928027912955,-0.4999964013956478,0.7999942422330366,1.0,-0.5,0.8,7.197208704456948e-06,-3.5986043521729627e-06,5.757766963432331e-06,-12.43743387703191,-3.7699015079609355,-1.5123971216780383
7.133908987045288,0.9999931665356484,-0.49999658326782426,0.7999945332285189,1.0,-0.5,0.8,6.8334643515965965e-06,-3.416732175742787e-06,5.466771481166255e-06,-12.437441185163747,-3.769904299296223,-1.5123978794018855
7.143878221511841,0.9999935298385786,-0.49999676491928935,0.799994823870863,1.0,-0.5,0.8,6.470161421412435e-06,-3.2350807106507062e-06,5.176129137085539e-06,-12.437448397728879,-3.7699070504086336,-1.51239862501939
7.153875112533569,0.9999938923456115,-0.4999969461728058,0.7999951138764894,1.0,-0.5,0.8,6.107654388465278e-06,-3.0538271941771278e-06,4.8861235106834044e-06,-12.437455509426059,-3.769909759351514,-1.512399358027057
7.163866758346558,0.9999942537101583,-0.4999971268550792,0.7999954029681268,1.0,-0.5,0.8,5.746289841734864e-06,-2.873144920811921e-06,4.597031873276869e-06,-12.437462515160941,-3.7699124242593145,-1.5124000779440716
7.173823118209839,0.9999946135937039,-0.499997306796852,0.7999956908749633,1.0,-0.5,0.8,5.386406296103985e-06,-2.6932031479964813e-06,4.30912503679437e-06,-12.437469410047033,-3.769915043347837,-1.5124007843123275
7.1838014125823975,0.9999949716659849,-0.4999974858329925,0.799995977332788,1.0,-0.5,0.8,5.028334015055869e-06,-2.514167007472423e-06,4.022667212000286e-06,-12.43747618940643,-3.7699176149143874,-1.5124014766964298
7.193865060806274,0.9999953276051543,-0.4999976638025772,0.7999962620841236,1.0,-0.5,0.8,4.672394845695038e-06,-2.336197422792008e-06,3.737915876489417e-06,-12.437482848770316,-3.769920137337851,-1.5124021546836768
7.203898668289185,0.9999956810979351,-0.4999978405489676,0.7999965448783483,1.0,-0.5,0.8,4.3189020648704e-06,-2.159451032379689e-06,3.455121651785298e-06,-12.437489383879257,-3.769922609078681,-1.5124028178840183
7.213886260986328,0.9999960318397625,-0.49999801591988124,0.7999968254718101,1.0,-0.5,0.8,3.968160237510787e-06,-1.9840801187553936e-06,3.1745281899864253e-06,-12.43749579068327,-3.7699250286788093,-1.5124034659299928
7.223912000656128,0.9999963795349135,-0.49999818976745675,0.7999971036279309,1.0,-0.5,0.8,3.620465086506819e-06,-1.8102325432534094e-06,2.8963720691832506e-06,-12.437502065341674,-3.7699273947614667,-1.5124040984766431
7.233858823776245,0.9999967238966265,-0.49999836194831326,0.7999973791173013,1.0,-0.5,0.8,3.2761033734729494e-06,-1.6380516867364747e-06,2.620882698756155e-06,-12.437508204222755,-3.769929706030943,-1.5124047152014113
7.243801116943359,0.9999970646472087,-0.49999853232360436,0.799997651717767,1.0,-0.5,0.8,2.9353527912778787e-06,-1.4676763956389394e-06,2.3482822330000985e-06,-12.437514203903216,-3.7699319612722566,-1.5124053158040138
7.253868103027344,0.9999974015181321,-0.499998700759066,0.7999979212145057,1.0,-0.5,0.8,2.5984818678992383e-06,-1.2992409340051303e-06,2.078785494297186e-06,-12.437520061167433,-3.769934159350757,-1.512405900006295
7.263836860656738,0.9999977342501188,-0.49999886712505937,0.7999981874000951,1.0,-0.5,0.8,2.265749881158463e-06,-1.1328749406347427e-06,1.812599904948975e-06,-12.437525773006515,-3.7699362992116465,-1.5124064675520625
7.27377986907959,0.9999980625932157,-0.4999990312966078,0.7999984500745726,1.0,-0.5,0.8,1.937406784335849e-06,-9.687033922234356e-07,1.5499254274464747e-06,-12.437531336617173,-3.769938379879447,-1.5124070182069063
7.28383731842041,0.9999983863068573,-0.4999991931534286,0.799998709045486,1.0,-0.5,0.8,1.6136931426657952e-06,-8.068465713884088e-07,1.2909545140660228e-06,-12.43753674940042,-3.769940400457383,-1.5124075517579958
7.293792247772217,0.9999987051599194,-0.49999935257995964,0.7999989641279356,1.0,-0.5,0.8,1.2948400806012117e-06,-6.47420040356117e-07,1.035872064458765e-06,-12.437542008960083,-3.7699423601267044,-1.5124080680138612
7.303809642791748,0.9999990189307603,-0.4999995094653801,0.7999992151446083,1.0,-0.5,0.8,9.810692397360654e-07,-4.905346199235439e-07,7.848553917888523e-07,-12.437547113101125,-3.7699442581459484,-1.512408566804157
7.313906908035278,0.9999993274072535,-0.4999996637036267,0.7999994619258028,1.0,-0.5,0.8,6.725927464978909e-07,-3.362963733044566e-07,5.380741971983127e-07,-12.437552059827844,-3.7699460938501295,-1.5124090479794121
7.323855876922607,0.9999996303868097,-0.49999981519340475,0.7999997043094478,1.0,-0.5,0.8,3.696131902763966e-07,-1.848065952492206e-07,2.956905522655262e-07,-12.437556847341872,-3.7699478666498782,-1.5124095114107596
7.334010362625122,0.999999927676388,-0.49999996383819384,0.7999999421411104,1.0,-0.5,0.8,7.232361198816761e-08,-3.616180616061726e-08,5.785888967935193e-08,-12.437561474040004,-3.7699495760305193,-1.5124099569896539
7.343952417373657,1.0000002190924984,-0.500000109546249,0.8000001752739986,1.0,-0.5,0.8,-2.190924983658249e-07,1.0954624896086784e-07,-1.752739985372287e-07,-12.437565938511938,-3.769951221551088,-1.5124103846275734
7.353781223297119,1.000000504461194,-0.5000002522305967,0.8000004035689551,1.0,-0.5,0.8,-5.044611939286625e-07,2.5223059674228665e-07,-4.035689550319077e-07,-12.437570239537784,-3.7699528028433003,-1.5124107942557083
7.363855361938477,1.0000007836180544,-0.500000391809027,0.8000006268944434,1.0,-0.5,0.8,-7.836180544451565e-07,3.9180902700053366e-07,-6.268944433562851e-07,-12.437574376085516,-3.7699543196104655,-1.5124111858246345
7.373811721801758,1.0000010564081596,-0.5000005282040796,0.8000008451265276,1.0,-0.5,0.8,-1.0564081596164954e-06,5.282040795862031e-07,-8.451265275377651e-07,-12.437578347308218,-3.769955771626352,-1.512411559303977
7.383808851242065,1.0000013226860545,-0.500000661343027,0.8000010581488436,1.0,-0.5,0.8,-1.3226860544612862e-06,6.613430270085985e-07,-1.0581488435468245e-06,-12.437582152541234,-3.7699571587340057,-1.5124119146820572
7.393745183944702,1.0000015823157054,-0.5000007911578525,0.8000012658525644,1.0,-0.5,0.8,-1.582315705350723e-06,7.911578524533169e-07,-1.2658525643249874e-06,-12.437585791299202,-3.769958480844517,-1.5124122519655308
7.403756856918335,1.0000018351704476,-0.5000009175852236,0.8000014681363582,1.0,-0.5,0.8,-1.8351704476060604e-06,9.175852235809856e-07,-1.4681363581514617e-06,-12.437589263272937,-3.7699597379357517,-1.512412571179017
7.413761615753174,1.0000020811329247,-0.5000010405664621,0.8000016649063397,1.0,-0.5,0.8,-2.081132924658391e-06,1.0405664621071509e-06,-1.6649063396823038e-06,-12.437592568326217,-3.76996093005104,-1.5124128723647114
7.42379903793335,1.0000023200950192,-0.5000011600475094,0.8000018560760154,1.0,-0.5,0.8,-2.3200950192148184e-06,1.1600475093853646e-06,-1.8560760153274458e-06,-12.43759570649247,-3.769962057297816,-1.5124131555819937
7.433780193328857,1.0000025519577769,-0.5000012759788882,0.8000020415662215,1.0,-0.5,0.8,-2.5519577768751134e-06,1.275978888215512e-06,-2.041566221411273e-06,-12.437598677971339,-3.769963119846235,-1.5124134209070237
7.443796634674072,1.0000027766313215,-0.5000013883156605,0.8000022213050572,1.0,-0.5,0.8,-2.7766313215327187e-06,1.3883156605443148e-06,-2.2213050571151527e-06,-12.437601483125157,-3.7699641179277465,-1.5124136684323322
7.45385217666626,1.000002994034764,-0.5000014970173817,0.8000023952278111,1.0,-0.5,0.8,-2.9940347638923726e-06,1.4970173817241417e-06,-2.3952278110916936e-06,-12.437604122475339,-3.769965051833637,-1.5124138982663968
7.463799238204956,1.0000032040961027,-0.5000016020480511,0.8000025632768822,1.0,-0.5,0.8,-3.204096102660259e-06,1.6020480511080848e-06,-2.5632768821948204e-06,-12.43760659669867,-3.7699659219135424,-1.5124141105332185
7.473869323730469,1.0000034067521186,-0.5000017033760591,0.800002725401695,1.0,-0.5,0.8,-3.406752118628731e-06,1.7033760590923208e-06,-2.7254016949918025e-06,-12.437608906623536,-3.769966728573932,-1.5124143053718841
7.483775854110718,1.000003601948262,-0.5000018009741308,0.8000028815586099,1.0,-0.5,0.8,-3.6019482620996968e-06,1.8009741308278038e-06,-2.8815586098351886e-06,-12.437611053226034,-3.7699674722765595,-1.5124144829361275
7.493828296661377,1.0000037896385345,-0.500001894819267,0.8000030317108278,1.0,-0.5,0.8,-3.789638534534845e-06,1.8948192670453778e-06,-3.0317108277166938e-06,-12.43761303762607,-3.7699681535369063,-1.512414643393882
7.503907918930054,1.0000039697853629,-0.5000019848926812,0.8000031758282905,1.0,-0.5,0.8,-3.9697853628783975e-06,1.984892681217154e-06,-3.175828290458149e-06,-12.43761486108335,-3.7699687729225784,-1.5124147869268283
7.513780117034912,1.0000041423594694,-0.5000020711797345,0.8000033138875757,1.0,-0.5,0.8,-4.142359469438972e-06,2.0711797344974414e-06,-3.3138875756844044e-06,-12.43761652499333,-3.7699693310517093,-1.5124149137299383
7.523768663406372,1.0000043073397342,-0.5000021536698669,0.8000034458717876,1.0,-0.5,0.8,-4.307339734221927e-06,2.1536698668889187e-06,-3.4458717875773814e-06,-12.437618030883094,-3.76996982859132,-1.5124150240110135
7.533795595169067,1.0000044647130542,-0.5000022323565269,0.8000035717704435,1.0,-0.5,0.8,-4.46471305415308e-06,2.2323565268544954e-06,-3.571770443411282e-06,-12.437619380407206,-3.7699702662556835,-1.5124151179902223
7.54381537437439,1.0000046144741945,-0.500002307237097,0.8000036915793558,1.0,-0.5,0.8,-4.614474194530871e-06,2.307237097043391e-06,-3.6915793557579235e-06,-12.437620575343503,-3.7699706448046575,-1.5124151958996301
7.5537941455841064,1.000004756625638,-0.5000023783128187,0.8000038053005105,1.0,-0.5,0.8,-4.756625638036027e-06,2.3783128186849467e-06,-3.8053005104732307e-06,-12.437621617588855,-3.769970965042021,-1.5124152579827315
7.5637805461883545,1.0000048911774269,-0.5000024455887131,0.8000039129419416,1.0,-0.5,0.8,-4.891177426857851e-06,2.4455887130958587e-06,-3.912941941575099e-06,-12.437622509154863,-3.769971227813779,-1.5124153044939763
7.573753356933594,1.0000050181470026,-0.500002509073501,0.8000040145176022,1.0,-0.5,0.8,-5.01814700260006e-06,2.509073500966963e-06,-4.014517602124457e-06,-12.437623252163602,-3.7699714340064916,-1.5124153356982972
7.583831071853638,1.0000051375590397,-0.5000025687795195,0.8000041100472319,1.0,-0.5,0.8,-5.13755903974733e-06,2.5687795195405982e-06,-4.110047231886682e-06,-12.437623848843234,-3.769971584545557,-1.5124153518706358
7.593822002410889,1.0000052494452771,-0.5000026247226382,0.8000041995562218,1.0,-0.5,0.8,-5.2494452771334466e-06,2.6247226382336564e-06,-4.199556221773371e-06,-12.4376243015237,-3.7699716803935224,-1.5124153532954645
7.603799104690552,1.0000053538443445,-0.5000026769221719,0.8000042830754757,1.0,-0.5,0.8,-5.353844344524461e-06,2.6769221719291636e-06,-4.283075475619569e-06,-12.437624612632332,-3.7699717225483704,-1.5124153402663154
7.613853693008423,1.000005450801586,-0.5000027254007927,0.800004360641269,1.0,-0.5,0.8,-5.450801586093235e-06,2.7254007927135504e-06,-4.3606412689634055e-06,-12.43762478468948,-3.769971712041818,-1.512415313085302
7.623828172683716,1.0000055403688815,-0.5000027701844404,0.8000044322951052,1.0,-0.5,0.8,-5.540368881451485e-06,2.7701844403926756e-06,-4.432295105161188e-06,-12.437624820304153,-3.7699716499376077,-1.512415272062649
7.633775949478149,1.000005622604462,-0.5000028113022307,0.8000044980835695,1.0,-0.5,0.8,-5.622604462018899e-06,2.8113022306763824e-06,-4.498083569504097e-06,-12.437624722169597,-3.7699715373298033,-1.5124152175162153
7.643869161605835,1.0000056975727265,-0.5000028487863629,0.800004558058181,1.0,-0.5,0.8,-5.697572726504063e-06,2.8487863629189647e-06,-4.5580581810034104e-06,-12.437624493058957,-3.7699713753410893,-1.5124151497710285
7.653792858123779,1.0000057653440528,-0.5000028826720261,0.8000046122752421,1.0,-0.5,0.8,-5.765344052832688e-06,2.8826720260832772e-06,-4.6122752420663105e-06,-12.437624135820872,-3.769971165121072,-1.512415069158812
7.6638429164886475,1.0000058259946085,-0.500002912997304,0.8000046607956868,1.0,-0.5,0.8,-5.825994608521512e-06,2.9129973040387114e-06,-4.660795686728392e-06,-12.437623653375152,-3.769970907844603,-1.5124149760175227
7.673781156539917,1.0000058796061586,-0.5000029398030791,0.8000047036849268,1.0,-0.5,0.8,-5.879606158609718e-06,2.9398030790828145e-06,-4.703684926776752e-06,-12.437623048708405,-3.769970604710089,-1.5124148706908873
7.683826684951782,1.0000059262658716,-0.5000029631329356,0.8000047410126971,1.0,-0.5,0.8,-5.926265871591951e-06,2.963132935573931e-06,-4.7410126970959254e-06,-12.437622324869723,-3.7699702569378264,-1.5124147535279422
7.693788766860962,1.0000059660661245,-0.500002983033062,0.8000047728528994,1.0,-0.5,0.8,-5.966066124463154e-06,2.9830330620095324e-06,-4.772852899348479e-06,-12.437621484966398,-3.769969865768339,-1.512414624882579
7.70386004447937,1.000005999104306,-0.5000029995521528,0.8000047992834447,1.0,-0.5,0.8,-5.999104305987046e-06,2.9995521527714786e-06,-4.79928344465641e-06,-12.437620532159617,-3.7699694324607385,-1.5124144851130936
7.713835954666138,1.0000060254826197,-0.5000030127413096,0.8000048203860957,1.0,-0.5,0.8,-6.0254826197425615e-06,3.012741309649236e-06,-4.8203860956164135e-06,-12.437619469660268,-3.769968958291092,-1.5124143345817402
7.723794937133789,1.0000060453078845,-0.500003022653942,0.8000048362463075,1.0,-0.5,0.8,-6.045307884505746e-06,3.0226539420308285e-06,-4.836246307426961e-06,-12.437618300724695,-3.7699684445508055,-1.512414173654289
7.733801364898682,1.0000060586913362,-0.5000030293456679,0.8000048469530687,1.0,-0.5,0.8,-6.058691336185973e-06,3.029345667870942e-06,-4.846953068682325e-06,-12.43761702865056,-3.769967892545028,-1.5124140026995911
7.743849515914917,1.0000060657484273,-0.5000030328742134,0.8000048525987417,1.0,-0.5,0.8,-6.0657484273196616e-06,3.032874213437786e-06,-4.85259874161148e-06,-12.437615656772698,-3.769967303591067,-1.512413822089147
7.753904819488525,1.0000060665986283,-0.500003033299314,0.8000048532789025,1.0,-0.5,0.8,-6.066598628340358e-06,3.0332993139481346e-06,-4.853278902428038e-06,-12.437614188459056,-3.769966679016836,-1.5124136321966832
7.763852119445801,1.0000060613652266,-0.5000030306826131,0.8000048490921812,1.0,-0.5,0.8,-6.061365226628368e-06,3.0306826130921394e-06,-4.849092181125059e-06,-12.437612627106658,-3.769966020159304,-1.5124134333977326
7.773793935775757,1.0000060501751278,-0.5000030250875637,0.8000048401401021,1.0,-0.5,0.8,-6.0501751277808324e-06,3.0250875636683716e-06,-4.84014010204703e-06,-12.437610976137622,-3.7699653283629897,-1.5124132260692247
7.783823251724243,1.0000060331586558,-0.5000030165793277,0.8000048265269245,1.0,-0.5,0.8,-6.033158655771587e-06,3.0165793276637487e-06,-4.826526924461838e-06,-12.437609238995233,-3.7699646049784548,-1.5124130105890787
7.7938010692596436,1.0000060104493544,-0.500003005224677,0.8000048083594835,1.0,-0.5,0.8,-6.010449354443281e-06,3.005224676999596e-06,-4.808359483465807e-06,-12.437607419140086,-3.7699638513608367,-1.5124127873358064
7.80385947227478,1.0000059821837899,-0.5000029910918947,0.8000047857470318,1.0,-0.5,0.8,-5.982183789887685e-06,2.991091894721798e-06,-4.785747031776921e-06,-12.437605520046285,-3.769963068868409,-1.5124125566881248
7.813761949539185,1.0000059485013528,-0.5000029742506762,0.8000047588010821,1.0,-0.5,0.8,-5.948501352825986e-06,2.974250676190948e-06,-4.758801082083153e-06,-12.437603545197673,-3.7699622588611486,-1.5124123190245682
7.823803901672363,1.0000059095440632,-0.5000029547720314,0.8000047276352504,1.0,-0.5,0.8,-5.9095440632095375e-06,2.954772031382724e-06,-4.727635250389994e-06,-12.437601498084186,-3.7699614226993488,-1.5124120747231167
7.833849668502808,1.0000058654563753,-0.5000029327281874,0.8000046923651001,1.0,-0.5,0.8,-5.865456375264699e-06,2.932728187410305e-06,-4.692365100034124e-06,-12.437599382198211,-3.7699605617422494,-1.5124118241608284
7.84381628036499,1.0000058163849848,-0.5000029081924922,0.8000046531079876,1.0,-0.5,0.8,-5.816384984758116e-06,2.9081924921570135e-06,-4.653107987584448e-06,-12.437597201031071,-3.769959677346705,-1.5124115677134813
7.853848218917847,1.000005762478637,-0.5000028812393182,0.8000046099829095,1.0,-0.5,0.8,-5.762478636928137e-06,2.8812393182420237e-06,-4.6099829094092826e-06,-12.437594958069527,-3.769958770865868,-1.5124113057552224
7.863881826400757,1.0000057038879375,-0.5000028519439685,0.80000456311035,1.0,-0.5,0.8,-5.703887937524854e-06,2.8519439685403825e-06,-4.563110349908861e-06,-12.437592656792418,-3.7699578436479135,-1.5124110386582266
7.873891592025757,1.000005640765164,-0.5000028203825818,0.8000045126121312,1.0,-0.5,0.8,-5.640765164072192e-06,2.8203825818140515e-06,-4.5126121311911405e-06,-12.437590300667306,-3.769956897034789,-1.5124107667923634
7.883841037750244,1.000005573264081,-0.5000027866320403,0.8000044586112648,1.0,-0.5,0.8,-5.5732640809047496e-06,2.7866320403413525e-06,-4.458611264746004e-06,-12.43758789314726,-3.7699559323610004,-1.5124104905248748
7.893860101699829,1.0000055015397553,-0.5000027507698777,0.8000044012318044,1.0,-0.5,0.8,-5.501539755314866e-06,2.750769877657433e-06,-4.401231804340711e-06,-12.437585437667671,-3.7699549509524233,-1.5124102102200583
7.903799057006836,1.0000054257483766,-0.5000027128741883,0.8000043405987014,1.0,-0.5,0.8,-5.42574837658627e-06,2.712874188293135e-06,-4.340598701357834e-06,-12.437582937643198,-3.7699539541251523,-1.5124099262389636
7.913772821426392,1.000005346047077,-0.5000026730235385,0.8000042768376617,1.0,-0.5,0.8,-5.346047077026128e-06,2.673023538513064e-06,-4.276837661687516e-06,-12.437580396464737,-3.7699529431843763,-1.5124096389390953
7.923802852630615,1.0000052625937563,-0.5000026312968782,0.8000042100750052,1.0,-0.5,0.8,-5.26259375632776e-06,2.63129687816388e-06,-4.2100750051732305e-06,-12.437577817496521,-3.7699519194232924,-1.5124093486741266
7.9338698387146,1.0000051755469084,-0.5000025877734542,0.8000041404375269,1.0,-0.5,0.8,-5.17554690837585e-06,2.587773454187925e-06,-4.140437526833907e-06,-12.437575204073298,-3.7699508841220606,-1.512409055793622
7.943945646286011,1.0000050850654505,-0.5000025425327252,0.8000040680523606,1.0,-0.5,0.8,-5.085065450494142e-06,2.542532725247071e-06,-4.06805236052854e-06,-12.437572559497568,-3.769949838546772,-1.5124087606427705
7.953843593597412,1.0000049913085562,-0.5000024956542781,0.8000039930468452,1.0,-0.5,0.8,-4.991308556245855e-06,2.4956542781229274e-06,-3.9930468451743195e-06,-12.437569887036934,-3.7699487839484727,-1.512408463562127
7.963798522949219,1.0000048944354913,-0.5000024472177457,0.8000039155483933,1.0,-0.5,0.8,-4.894435491342719e-06,2.4472177456713595e-06,-3.91554839329622e-06,-12.437567189921538,-3.7699477215622115,-1.512408164887367
7.973796606063843,1.0000047946054522,-0.5000023973027261,0.8000038356843621,1.0,-0.5,0.8,-4.794605452218548e-06,2.397302726109274e-06,-3.835684362019087e-06,-12.437564471341563,-3.769946652606122,-1.512407864949044
7.983746528625488,1.0000046919774084,-0.5000023459887043,0.8000037535819271,1.0,-0.5,0.8,-4.691977408377568e-06,2.3459887042998062e-06,-3.7535819270573256e-06,-12.437561734444865,-3.7699455782805487,-1.5124075640723655
7.99373197555542,1.000004586709948,-0.5000022933549741,0.8000036693679589,1.0,-0.5,0.8,-4.58670994807342e-06,2.293354974147732e-06,-3.669367958814007e-06,-12.437558982334659,-3.769944499767198,-1.5124072625769733
8.00380277633667,1.000004478961127,-0.5000022394805637,0.8000035831689021,1.0,-0.5,0.8,-4.478961127096781e-06,2.239480563659413e-06,-3.5831689020326962e-06,-12.437556218067305,-3.769943418228331,-1.5124069607767352
8.013747453689575,1.0000043688883213,-0.5000021844441608,0.8000034951106575,1.0,-0.5,0.8,-4.368888321337749e-06,2.184444160779897e-06,-3.4951106574476754e-06,-12.437553444650197,-3.769942334805986,-1.5124066589795457
8.023760318756104,1.0000042566480833,-0.5000021283240418,0.8000034053184671,1.0,-0.5,0.8,-4.256648083345027e-06,2.128324041783536e-06,-3.4053184670979064e-06,-12.437550665039723,-3.769941250621248,-1.512406357487138
8.033750534057617,1.000004142396002,-0.5000020711980012,0.8000033139168021,1.0,-0.5,0.8,-4.142396001993731e-06,2.07119800121891e-06,-3.313916802083483e-06,-12.437547882139349,-3.7699401667735404,-1.5124060565949078
8.043755292892456,1.0000040262865664,-0.5000020131432834,0.8000032210292536,1.0,-0.5,0.8,-4.02628656637205e-06,2.01314328340807e-06,-3.2210292535417295e-06,-12.437545098797761,-3.7699390843399665,-1.512405756591742
8.05373239517212,1.000003908473033,-0.5000019542365167,0.8000031267784268,1.0,-0.5,0.8,-3.908473032998572e-06,1.9542365167213305e-06,-3.1267784267319243e-06,-12.437542317807107,-3.7699380043746706,-1.5124054577598598
8.063732624053955,1.0000037891072973,-0.5000018945536489,0.800003031285838,1.0,-0.5,0.8,-3.789107297258454e-06,1.8945536488512715e-06,-3.0312858380066032e-06,-12.437539541901348,-3.7699369279082435,-1.512405160374666
8.07377815246582,1.0000036683397688,-0.5000018341698846,0.8000029346718153,1.0,-0.5,0.8,-3.668339768836404e-06,1.8341698846402466e-06,-2.9346718152245543e-06,-12.437536773754669,-3.769935855947169,-1.512404864704609
8.083786964416504,1.0000035463192511,-0.5000017731596258,0.8000028370554012,1.0,-0.5,0.8,-3.546319251146457e-06,1.773159625795273e-06,-2.8370554011614146e-06,-12.437534015980033,-3.7699347894732957,-1.512404571011056
8.093742370605469,1.0000034231928245,-0.5000017115964125,0.80000273855426,1.0,-0.5,0.8,-3.423192824536514e-06,1.7115964124903016e-06,-2.738554259917869e-06,-12.437531271127755,-3.769933729443351,-1.512404279548168
8.103760719299316,1.0000032991057337,-0.5000016495528671,0.8000026392845873,1.0,-0.5,0.8,-3.299105733711727e-06,1.649552867077908e-06,-2.6392845872136306e-06,-12.43752854168424,-3.7699326767884798,-1.512403990562793
8.113794565200806,1.000003174201279,-0.5000015871006397,0.8000025393610235,1.0,-0.5,0.8,-3.1742012789326424e-06,1.5871006396883658e-06,-2.5393610234569763e-06,-12.437525830070731,-3.769931632413834,-1.5124037042943648
8.123826503753662,1.000003048620712,-0.5000015243103563,0.80000243889657,1.0,-0.5,0.8,-3.0486207120983266e-06,1.524310356271208e-06,-2.4388965699229104e-06,-12.437523138642248,-3.7699305971981794,-1.5124034209748118
8.13379192352295,1.0000029225031357,-0.5000014612515681,0.800002338002509,1.0,-0.5,0.8,-2.9225031357160702e-06,1.4612515680800797e-06,-2.3380025089281276e-06,-12.437520469686506,-3.769929571993548,-1.5124031408284742
8.143885374069214,1.0000027959854079,-0.5000013979927042,0.8000022367883266,1.0,-0.5,0.8,-2.795985407866297e-06,1.3979927041551932e-06,-2.2367883265594912e-06,-12.437517825422999,-3.7699285576249237,-1.5124028640720337
8.153888463973999,1.0000026692020492,-0.5000013346010248,0.8000021353616396,1.0,-0.5,0.8,-2.6692020491658752e-06,1.3346010248049822e-06,-2.135361639510336e-06,-12.437515208002141,-3.769927554889953,-1.5124025909144474
8.163784980773926,1.0000025422851555,-0.500001271142578,0.8000020338281246,1.0,-0.5,0.8,-2.5422851555045867e-06,1.271142577974338e-06,-2.033828124581305e-06,-12.437512619504494,-3.7699265645586943,-1.5124023215568951
8.17384123802185,1.0000024153643146,-0.5000012076821575,0.8000019322914519,1.0,-0.5,0.8,-2.4153643145563564e-06,1.2076821575002228e-06,-1.9322914518449252e-06,-12.437510061940085,-3.7699255873734057,-1.5124020561927323
8.183813571929932,1.000002288566526,-0.5000011442832633,0.8000018308532212,1.0,-0.5,0.8,-2.288566526065239e-06,1.144283263254664e-06,-1.830853221140849e-06,-12.437507537247816,-3.7699246240483517,-1.5124017950074555
8.193831205368042,1.0000021620161268,-0.5000010810080636,0.8000017296129018,1.0,-0.5,0.8,-2.1620161267943416e-06,1.0810080636192154e-06,-1.7296129017907447e-06,-12.43750504729493,-3.769923675269654,-1.5124015381786708
8.203898429870605,1.0000020358347195,-0.50000101791736,0.800001628667776,1.0,-0.5,0.8,-2.035834719471552e-06,1.0179173599578206e-06,-1.628667775976922e-06,-12.437502593876596,-3.7699227416951624,-1.5124012858760774
8.213836431503296,1.0000019101411055,-0.500000955070553,0.8000015281128849,1.0,-0.5,0.8,-1.9101411055100215e-06,9.550705529770553e-07,-1.5281128848965153e-06,-12.437500178715538,-3.7699218239543697,-1.5124010382614537
8.22380518913269,1.0000017850512228,-0.5000008925256116,0.8000014280409787,1.0,-0.5,0.8,-1.7850512228356763e-06,8.925256116398828e-07,-1.4280409786904258e-06,-12.437497803461769,-3.769920922648344,-1.5124007954886545
8.23378872871399,1.0000016606780866,-0.5000008303390435,0.8000013285424697,1.0,-0.5,0.8,-1.6606780866013082e-06,8.303390435226987e-07,-1.3285424697029313e-06,-12.43749546969241,-3.769920038349697,-1.5124005577036166
8.243812322616577,1.000001537131735,-0.5000007685658677,0.8000012297053885,1.0,-0.5,0.8,-1.5371317350076907e-06,7.6856586772589e-07,-1.2297053884058329e-06,-12.437493178911527,-3.7699191716025804,-1.5124003250443685
8.25380563735962,1.0000014145191787,-0.5000007072595896,0.8000011316153434,1.0,-0.5,0.8,-1.4145191786774092e-06,7.072595895607492e-07,-1.1316153433194032e-06,-12.437490932550144,-3.7699183229227136,-1.5124000976410548
8.263890266418457,1.0000012929443542,-0.5000006464721773,0.8000010343554839,1.0,-0.5,0.8,-1.2929443542475383e-06,6.464721773458137e-07,-1.0343554838199154e-06,-12.437488731966237,-3.769917492797434,-1.5123998756159596
8.273849487304688,1.000001172508082,-0.5000005862540412,0.8000009380064661,1.0,-0.5,0.8,-1.1725080819591227e-06,5.86254041201606e-07,-9.380064660557963e-07,-12.437486578444839,-3.7699166816857774,-1.512399659083544
8.283889055252075,1.000001053308027,-0.5000005266540137,0.8000008426464221,1.0,-0.5,0.8,-1.0533080270214157e-06,5.266540137327524e-07,-8.426464220834262e-07,-12.437484473198229,-3.769915890018587,-1.5123994481504879
8.29374623298645,1.0000009354386652,-0.5000004677193328,0.8000007483509327,1.0,-0.5,0.8,-9.354386651949653e-07,4.6771933281952727e-07,-7.483509326666749e-07,-12.43748241736616,-3.769915118198642,-1.512399242915737
8.30374789237976,1.000000818991252,-0.5000004094956262,0.8000006551930021,1.0,-0.5,0.8,-8.189912519274145e-07,4.0949562618575186e-07,-6.551930020748387e-07,-12.437480412016182,-3.769914366600822,-1.5123990434705599
8.313883066177368,1.0000007040537957,-0.5000003520268981,0.8000005632430371,1.0,-0.5,0.8,-7.040537957081483e-07,3.5202689807611875e-07,-5.632430370994257e-07,-12.437478458144007,-3.7699136355722858,-1.512398849898612
8.323799133300781,1.0000005907110348,-0.5000002953555176,0.8000004725688284,1.0,-0.5,0.8,-5.907110347536104e-07,2.953555175988498e-07,-4.7256882840240877e-07,-12.437476556673962,-3.7699129254326795,-1.512398662276001
8.333782196044922,1.000000479044418,-0.5000002395222092,0.800000383235535,1.0,-0.5,0.8,-4.790444179114672e-07,2.395222091777782e-07,-3.8323553497310314e-07,-12.437474708459474,-3.769912236474367,-1.5123984806713628
8.343896865844727,1.0000003691320891,-0.5000001845660448,0.800000295305672,1.0,-0.5,0.8,-3.691320891174854e-07,1.845660447807873e-07,-2.953056719157132e-07,-12.437472914283658,-3.7699115689626854,-1.5123983051459444
8.353853464126587,1.0000002610488747,-0.5000001305244376,0.8000002088391005,1.0,-0.5,0.8,-2.610488747389894e-07,1.305244375915393e-07,-2.0883910045732534e-07,-12.437471174859926,-3.7699109231362193,-1.512398135753687
8.363868236541748,1.0000001548662758,-0.5000000774331381,0.8000001238930213,1.0,-0.5,0.8,-1.5486627580330037e-07,7.743313812369479e-08,-1.2389302128656965e-07,-12.437469490832664,-3.769910299207093,-1.5123979725413208
8.37380576133728,1.0000000506524627,-0.5000000253262316,0.8000000405219707,1.0,-0.5,0.8,-5.065246266866552e-08,2.5326231556377365e-08,-4.052197066783947e-08,-12.43746786277798,-3.7699096973612947,-1.5123978155484612
8.38380742073059,0.9999999484722732,-0.49999997423613685,0.7999999587778192,1.0,-0.5,0.8,5.15277267520986e-08,-2.5763863154004696e-08,4.122218089097629e-08,-12.437466291204485,-3.7699091177590063,-1.512397664807712
8.393853664398193,0.9999998483872153,-0.4999999241936079,0.7999998787097728,1.0,-0.5,0.8,1.5161278466013783e-07,-7.580639210802431e-08,1.2129022719520322e-07,-12.437464776554133,-3.7699085605349643,-1.5123975203447724
8.403779983520508,0.9999997504554714,-0.4999998752277359,0.7999998003643777,1.0,-0.5,0.8,2.4954452859660137e-07,-1.2477226407625608e-07,1.996356223665785e-07,-12.437463319203127,-3.7699080257988324,-1.5123973821785506
8.413821935653687,0.9999996547319069,-0.49999982736595366,0.7999997237855261,1.0,-0.5,0.8,3.4526809311596907e-07,-1.7263404633593993e-07,2.762144739598682e-07,-12.437461919462839,-3.769907513635594,-1.51239725032128
8.423785924911499,0.9999995612680818,-0.49999978063404105,0.799999649014466,1.0,-0.5,0.8,4.38731918239732e-07,-2.1936595895333255e-07,3.50985534081083e-07,-12.437460577580797,-3.7699070241059576,-1.5123971247786392
8.433871746063232,0.999999470112265,-0.49999973505613265,0.7999995760898125,1.0,-0.5,0.8,5.298877350234932e-07,-2.6494386734521314e-07,4.2391018750809195e-07,-12.437459293741732,-3.769906557246784,-1.5123970055498792
8.443878412246704,0.9999993813094523,-0.4999996906547263,0.7999995050475623,1.0,-0.5,0.8,6.186905476823767e-07,-3.093452736746549e-07,4.949524377018122e-07,-12.437458068068631,-3.7699061130715283,-1.5123968926279532
8.4539053440094,0.9999992949013864,-0.49999964745069336,0.7999994359211097,1.0,-0.5,0.8,7.050986136070136e-07,-3.5254930663697337e-07,5.640788903749083e-07,-12.437456900623856,-3.769905691570691,-1.5123967859996466
8.463934421539307,0.9999992109265805,-0.49999960546329036,0.7999993687412649,1.0,-0.5,0.8,7.890734194937465e-07,-3.9453670963585097e-07,6.312587351731125e-07,-12.437455791410295,-3.76990529271229,-1.5123966856457172
8.47378420829773,0.9999991294203441,-0.49999956471017215,0.7999993035362757,1.0,-0.5,0.8,8.705796559205226e-07,-4.35289827849239e-07,6.964637243589422e-07,-12.437454740372544,-3.769904916442337,-1.5123965915410325
8.48377251625061,0.9999990504148121,-0.49999952520740615,0.7999992403318501,1.0,-0.5,0.8,9.495851879259831e-07,-4.7479259385196926e-07,7.596681499411062e-07,-12.437453747398134,-3.769904562685338,-1.5123965036547133
8.493748426437378,0.9999989739389759,-0.49999948696948804,0.7999991791511811,1.0,-0.5,0.8,1.026061024145264e-06,-5.130305119616096e-07,8.208488189165308e-07,-12.43745281231878,-3.769904231344793,-1.5123964219502795
8.503767013549805,0.9999989000187174,-0.4999994500093588,0.7999991200149743,1.0,-0.5,0.8,1.0999812826151256e-06,-5.499906411965405e-07,8.799850257368291e-07,-12.437451934911667,-3.7699039223037194,-1.5123963463857995
8.5137357711792,0.9999988286768454,-0.4999994143384228,0.7999990629414767,1.0,-0.5,0.8,1.1713231545806835e-06,-5.856615771793194e-07,9.370585233314799e-07,-12.43745111490077,-3.7699036354251705,-1.5123962769140398
8.523730516433716,0.999998759933134,-0.4999993799665671,0.7999990079465076,1.0,-0.5,0.8,1.2400668659706682e-06,-6.200334328743118e-07,9.92053492465672e-07,-12.437450351958176,-3.769903370552779,-1.5123962134826185
8.533764600753784,0.9999986938043637,-0.49999934690218195,0.7999989550434913,1.0,-0.5,0.8,1.306195636319174e-06,-6.530978180485647e-07,1.0449565087666812e-06,-12.437449645705476,-3.7699031275112955,-1.5123961560341614
8.543750047683716,0.9999986303043644,-0.4999993151521823,0.7999989042434918,1.0,-0.5,0.8,1.3696956355779832e-06,-6.848478176779693e-07,1.095756508195933e-06,-12.437448995715128,-3.7699029061071485,-1.5123961045064593
8.553807020187378,0.9999985694440607,-0.4999992847220305,0.799998855555249,1.0,-0.5,0.8,1.4305559392635558e-06,-7.152779695207556e-07,1.1444447510777778e-06,-12.437448401511876,-3.7699027061289963,-1.5123960588326248
8.563774108886719,0.9999985112315191,-0.49999925561575964,0.7999988089852157,1.0,-0.5,0.8,1.4887684809394841e-06,-7.443842403587198e-07,1.191014784351907e-06,-12.437447862574201,-3.7699025273483007,-1.5123960189412566
8.573776721954346,0.9999984556719967,-0.4999992278359985,0.7999987645375978,1.0,-0.5,0.8,1.5443280032556572e-06,-7.721640015168063e-07,1.2354624022714589e-06,-12.437447378335726,-3.7699023695198957,-1.5123959847565966
8.583779335021973,0.9999984027679929,-0.49999920138399656,0.7999987222143947,1.0,-0.5,0.8,1.5972320071000468e-06,-7.986160034390011e-07,1.277785605324766e-06,-12.437446948186716,-3.769902232382566,-1.5123959561986973
8.593856573104858,0.9999983525193011,-0.4999991762596507,0.7999986820154413,1.0,-0.5,0.8,1.647480698863113e-06,-8.237403493205342e-07,1.3179845587130146e-06,-12.437446571475531,-3.7699021156596304,-1.512395933183582
8.60385775566101,0.9999983049230639,-0.49999915246153204,0.7999986439384515,1.0,-0.5,0.8,1.695076936147899e-06,-8.475384679629272e-07,1.3560615484964345e-06,-12.437446247510136,-3.7699020190595247,-1.5123959156234104
8.613862752914429,0.9999982599738283,-0.49999912998691426,0.7999986079790631,1.0,-0.5,0.8,1.740026171703768e-06,-8.700130857408617e-07,1.392020936963334e-06,-12.43744597555958,-3.7699019422763946,-1.5123959034266452
8.623886346817017,0.9999982176636036,-0.49999910883180193,0.7999985741308834,1.0,-0.5,0.8,1.7823363963609395e-06,-8.911681980694475e-07,1.4258691166668669e-06,-12.437445754855526,-3.7699018849906856,-1.512395896498216
8.633800983428955,0.9999981779819198,-0.49999908899096,0.7999985423855364,1.0,-0.5,0.8,1.8220180801886698e-06,-9.110090399833126e-07,1.4576144636846422e-06,-12.43744558459375,-3.7699018468697356,-1.5123958947396847
8.643918991088867,0.9999981409158878,-0.499999070457944,0.7999985127327107,1.0,-0.5,0.8,1.859084112210141e-06,-9.295420559940482e-07,1.4872672893240235e-06,-12.437445463935672,-3.7699018275683738,-1.5123958980494134
8.653877019882202,0.9999981064502605,-0.49999905322513033,0.7999984851602089,1.0,-0.5,0.8,1.8935497394512169e-06,-9.467748696700973e-07,1.5148397911612932e-06,-12.437445392009883,-3.76990182672951,-1.5123959063227272
8.663874387741089,0.9999980745674956,-0.49999903728374784,0.7999984596539969,1.0,-0.5,0.8,1.9254325044348874e-06,-9.627162521619326e-07,1.5403460031926386e-06,-12.43744536791366,-3.769901843984732,-1.5123959194520817
8.67385745048523,0.9999980452478183,-0.4999990226239092,0.7999984361982551,1.0,-0.5,0.8,1.9547521816765112e-06,-9.773760907827445e-07,1.5638017449859376e-06,-12.437445390714513,-3.7699018789549044,-1.5123959373272278
8.683819770812988,0.9999980184692868,-0.49999900923464347,0.7999984147754299,1.0,-0.5,0.8,1.9815307131798576e-06,-9.907653565344177e-07,1.5852245701664103e-06,-12.437445459451702,-3.769901931250761,-1.5123959598353747
8.693785905838013,0.9999979942078567,-0.49999899710392837,0.7999983953662858,1.0,-0.5,0.8,2.0057921432670156e-06,-1.0028960716335078e-06,1.6046337142361367e-06,-12.43744557313777,-3.7699020004734924,-1.512395986861355
8.703836679458618,0.9999979724374474,-0.4999989862187237,0.7999983779499583,1.0,-0.5,0.8,2.027562552631146e-06,-1.013781276315573e-06,1.6220500417274408e-06,-12.437445730760047,-3.769902086215334,-1.5123960182877862
8.713824272155762,0.9999979531300087,-0.49999897656500436,0.7999983625040074,1.0,-0.5,0.8,2.04686999127901e-06,-1.023434995639505e-06,1.6374959926901411e-06,-12.437445931282193,-3.769902188060168,-1.5123960539952337
8.723783731460571,0.9999979362555889,-0.49999896812779443,0.7999983490044714,1.0,-0.5,0.8,2.0637444111404335e-06,-1.0318722055702167e-06,1.6509955286236888e-06,-12.43744617364569,-3.7699023055840852,-1.5123960938623697
8.733782291412354,0.9999979217824018,-0.4999989608912009,0.7999983374259217,1.0,-0.5,0.8,2.078217598233678e-06,-1.039108799116839e-06,1.6625740782982845e-06,-12.437446456771344,-3.7699024383559836,-1.5123961377661341
8.743842840194702,0.9999979096768961,-0.49999895483844803,0.7999983277415171,1.0,-0.5,0.8,2.0903231039426373e-06,-1.0451615519713187e-06,1.6722584829098608e-06,-12.43744677956079,-3.769902585938127,-1.5123961855818902
8.753911018371582,0.9999978999038236,-0.49999894995191174,0.7999983199230591,1.0,-0.5,0.8,2.100096176405053e-06,-1.0500480882580376e-06,1.6800769409019978e-06,-12.437447140897964,-3.769902747886733,-1.5123962371835835
8.76386046409607,0.9999978924263087,-0.49999894621315427,0.7999983139410473,1.0,-0.5,0.8,2.107573691345621e-06,-1.0537868457283217e-06,1.686058952787839e-06,-12.437447539650572,-3.7699029237525203,-1.512396292443893
8.77381420135498,0.9999978872059178,-0.4999989436029588,0.7999983097647345,1.0,-0.5,0.8,2.1127940822429636e-06,-1.056397041176993e-06,1.6902352655279174e-06,-12.437447974671553,-3.7699031130812783,-1.5123963512343865
8.783757209777832,0.9999978842027287,-0.4999989421013643,0.7999983073621834,1.0,-0.5,0.8,2.115797271273756e-06,-1.0578986356923892e-06,1.692637816685938e-06,-12.437448444800514,-3.7699033154144193,-1.51239641342567
8.793756008148193,0.9999978833754007,-0.4999989416877003,0.799998306700321,1.0,-0.5,0.8,2.116624599257655e-06,-1.0583122996843386e-06,1.693299679028648e-06,-12.437448948865176,-3.7699035302895223,-1.5123964788875368
8.80375075340271,0.999997884681244,-0.4999989423406219,0.7999983077449956,1.0,-0.5,0.8,2.115318756046314e-06,-1.057659378078668e-06,1.6922550044595752e-06,-12.43744948568275,-3.7699037572408702,-1.5123965474891132
8.81374478340149,0.9999978880762891,-0.4999989440381445,0.7999983104610316,1.0,-0.5,0.8,2.1119237109124e-06,-1.0559618555117112e-06,1.6895389683968531e-06,-12.437450054061364,-3.769903995799989,-1.512396619099003
8.823753833770752,0.999997893515357,-0.4999989467576784,0.799998314812286,1.0,-0.5,0.8,2.106484643049633e-06,-1.0532423215803277e-06,1.6851877140400262e-06,-12.437450652801411,-3.769904245496159,-1.5123966935854312
8.833760976791382,0.9999979009521281,-0.499998950476064,0.799998320761703,1.0,-0.5,0.8,2.099047871850779e-06,-1.0495239359809005e-06,1.6792382970809427e-06,-12.437451280696934,-3.7699045058569447,-1.5123967708163795
8.843798637390137,0.9999979103392118,-0.49999895516960585,0.7999983282713699,1.0,-0.5,0.8,2.089660788184844e-06,-1.044830394147933e-06,1.6717286301926038e-06,-12.43745193653691,-3.769904776408691,-1.512396850659727
8.853782176971436,0.9999979216282145,-0.4999989608141072,0.7999983373025721,1.0,-0.5,0.8,2.0783717854522266e-06,-1.0391858927816244e-06,1.662697427962101e-06,-12.437452619106613,-3.769905056677026,-1.512396932983382
8.863823890686035,0.999997934769809,-0.49999896738490446,0.7999983478158477,1.0,-0.5,0.8,2.065230190972933e-06,-1.0326150955419777e-06,1.6521841523786662e-06,-12.437453327188885,-3.769905346187348,-1.5123970176554145
8.873796224594116,0.9999979497138018,-0.49999897485690087,0.7999983597710418,1.0,-0.5,0.8,2.0502861981519516e-06,-1.025143099131487e-06,1.6402289582106988e-06,-12.437454059565379,-3.769905644465306,-1.5123971045441853
8.883743524551392,0.999997966409201,-0.4999989832046004,0.7999983731273611,1.0,-0.5,0.8,2.0335907989776913e-06,-1.016795399599868e-06,1.626872638937904e-06,-12.437454815017842,-3.769905951037268,-1.5123971935184708
8.893747806549072,0.9999979848042829,-0.49999899240214135,0.7999983878434267,1.0,-0.5,0.8,2.0151957170755352e-06,-1.00759785864879e-06,1.6121565733495657e-06,-12.437455592329293,-3.7699062654307793,-1.5123972844475855
8.903743267059326,0.9999980048466589,-0.49999900242332934,0.7999984038773275,1.0,-0.5,0.8,1.9951533410944577e-06,-9.975766706582512e-07,1.5961226725869082e-06,-12.437456390285242,-3.7699065871750146,-1.5123973772015038
8.913752794265747,0.9999980264833408,-0.49999901324167023,0.799998421186673,1.0,-0.5,0.8,1.9735166592038667e-06,-9.867583297684668e-07,1.5788133270744353e-06,-12.437457207674838,-3.769906915801216,-1.512397471650976
8.92379641532898,0.9999980496608056,-0.49999902483040265,0.7999984397286448,1.0,-0.5,0.8,1.9503391943676007e-06,-9.751695973503338e-07,1.560271355227627e-06,-12.437458043292013,-3.7699072508431133,-1.5123975676676404
8.933822393417358,0.9999980743250604,-0.49999903716253,0.7999984594600487,1.0,-0.5,0.8,1.9256749396179274e-06,-9.628374699754971e-07,1.5405399513834794e-06,-12.437458895936604,-3.7699075918373515,-1.5123976651241378
8.943830490112305,0.999998100421705,-0.49999905021085234,0.7999984803373643,1.0,-0.5,0.8,1.8995782949948747e-06,-9.497891476639708e-07,1.5196626357294463e-06,-12.437459764415411,-3.769907938323887,-1.5123977638942125
8.953855276107788,0.9999981278959951,-0.4999990639479973,0.7999985023167964,1.0,-0.5,0.8,1.8721040049296533e-06,-9.360520026868713e-07,1.4976832036772691e-06,-12.437460647543269,-3.769908289846387,-1.512397863852825
8.963811159133911,0.9999981566929033,-0.4999990783464514,0.7999985253543229,1.0,-0.5,0.8,1.8433070967383003e-06,-9.216535485911947e-07,1.4746456771241867e-06,-12.437461544144066,-3.769908645952607,-1.5123979648762442
8.973825693130493,0.9999981867571804,-0.49999909337859,0.7999985494057447,1.0,-0.5,0.8,1.813242819559413e-06,-9.066214100017511e-07,1.4505942553810769e-06,-12.437462453051735,-3.7699090061947658,-1.5123980668421506
8.983846187591553,0.9999982180334148,-0.4999991090167072,0.7999985744267322,1.0,-0.5,0.8,1.781966585179262e-06,-8.909832928116757e-07,1.4255732678769562e-06,-12.437463373111237,-3.7699093701299016,-1.5123981696297282
8.993726015090942,0.9999982504660911,-0.49999912523304535,0.7999986003728732,1.0,-0.5,0.8,1.749533908856904e-06,-8.747669546504966e-07,1.3996271268634786e-06,-12.437464303179468,-3.769909737320216,-1.5123982731197558
9.003891229629517,0.9999982839996479,-0.4999991419998237,0.7999986271997185,1.0,-0.5,0.8,1.7160003521476952e-06,-8.580001762958922e-07,1.372800281562725e-06,-12.43746524212618,-3.769910107333417,-1.512398377194694
9.013768434524536,0.9999983185785338,-0.49999915928926664,0.7999986548628272,1.0,-0.5,0.8,1.681421466170896e-06,-8.407107333630037e-07,1.3451371728701034e-06,-12.437466188834867,-3.769910479743032,-1.51239848173877
9.023748636245728,0.9999983541472635,-0.49999917707363145,0.7999986833178109,1.0,-0.5,0.8,1.6458527365426079e-06,-8.229263685488597e-07,1.316682189167473e-06,-12.437467142203559,-3.7699108541287196,-1.5123985866380556
9.03379225730896,0.9999983906504712,-0.49999919532523535,0.7999987125203771,1.0,-0.5,0.8,1.6093495287528015e-06,-8.046747646539565e-07,1.2874796229134233e-06,-12.437468101145706,-3.769911230076574,-1.512398691780548
9.04373025894165,0.9999984280329645,-0.49999921401648195,0.7999987424263717,1.0,-0.5,0.8,1.5719670355407445e-06,-7.85983518047928e-07,1.2575736283437777e-06,-12.437469064590877,-3.7699116071794005,-1.5123987970562398
9.05375051498413,0.9999984662397748,-0.49999923311988714,0.79999877299182,1.0,-0.5,0.8,1.533760225158609e-06,-7.668801128568603e-07,1.227008180060274e-06,-12.43747003148557,-3.7699119850369986,-1.5123989023571913
9.063830375671387,0.9999985052162093,-0.49999925260810435,0.7999988041729674,1.0,-0.5,0.8,1.494783790745302e-06,-7.473918956502068e-07,1.1958270326184461e-06,-12.437471000793902,-3.769912363256413,-1.512399007577596
9.073776006698608,0.9999985449078987,-0.4999992724539491,0.799998835926319,1.0,-0.5,0.8,1.455092101254607e-06,-7.275460509048592e-07,1.1640736810036856e-06,-12.437471971498288,-3.769912741452186,-1.512399112613844
9.083741188049316,0.9999985852608465,-0.499999292630423,0.7999988682086773,1.0,-0.5,0.8,1.4147391534935494e-06,-7.073695770243305e-07,1.131791322772635e-06,-12.437472942600095,-3.7699131192465947,-1.512399217364582
9.093742370605469,0.9999986262214745,-0.499999313110737,0.7999989009771796,1.0,-0.5,0.8,1.3737785254930301e-06,-6.868892630240708e-07,1.0990228204166286e-06,-12.437473913120279,-3.7699134962698717,-1.5123993217307692
9.103748321533203,0.9999986677366685,-0.49999933386833395,0.7999989341893348,1.0,-0.5,0.8,1.3322633315437926e-06,-6.661316660494521e-07,1.065810665279443e-06,-12.437474882099943,-3.769913872160415,-1.5123994256157303
9.113746166229248,0.9999987097538219,-0.49999935487691066,0.7999989678030575,1.0,-0.5,0.8,1.2902461781205687e-06,-6.451230893378401e-07,1.0321969425852728e-06,-12.437475848600924,-3.769914246564987,-1.5123995289252048
9.123742818832397,0.9999987522208784,-0.49999937611043893,0.7999990017767027,1.0,-0.5,0.8,1.2477791215825818e-06,-6.238895610688466e-07,9.982232973548832e-07,-12.437476811706288,-3.7699146191389046,-1.5123996315673924
9.133753538131714,0.9999987950863729,-0.4999993975431862,0.7999990360690983,1.0,-0.5,0.8,1.2049136270952943e-06,-6.024568138252029e-07,9.639309017650532e-07,-12.437477770520838,-3.7699149895462036,-1.5123997334529966
9.143821477890015,0.9999988382994711,-0.4999994191497353,0.7999990706395769,1.0,-0.5,0.8,1.161700528884424e-06,-5.808502647197678e-07,9.293604231741526e-07,-12.437478724171578,-3.76991535745981,-1.5123998344952632
9.15386438369751,0.999998881810008,-0.4999994409050037,0.7999991054480063,1.0,-0.5,0.8,1.1181899920442717e-06,-5.590949962996916e-07,8.945519937020308e-07,-12.437479671808134,-3.7699157225616844,-1.512399934610017
9.163871765136719,0.999998925568524,-0.4999994627842617,0.7999991404548192,1.0,-0.5,0.8,1.0744314760113838e-06,-5.372157382832476e-07,8.59545180809107e-07,-12.437480612603151,-3.769916084542956,-1.5124000337156924
9.173841714859009,0.9999989695263012,-0.4999994847631503,0.799999175621041,1.0,-0.5,0.8,1.0304736988153707e-06,-5.152368496852411e-07,8.243789590967054e-07,-12.437481545752663,-3.769916443104058,-1.5124001317333657
9.18382978439331,0.9999990136353966,-0.499999506817698,0.7999992109083173,1.0,-0.5,0.8,9.863646034391493e-07,-4.931823019971304e-07,7.890916827735239e-07,-12.437482470476429,-3.7699167979548327,-1.5124002285867795
9.193792343139648,0.9999990578486746,-0.499999528924337,0.7999992462789397,1.0,-0.5,0.8,9.42151325400431e-07,-4.7107566297777126e-07,7.537210603425493e-07,-12.437483386018242,-3.769917148814634,-1.512400324202365
9.20378565788269,0.9999991021198384,-0.49999955105991895,0.7999992816958708,1.0,-0.5,0.8,8.97880161554454e-07,-4.489400810547828e-07,7.183041292879722e-07,-12.437484291646195,-3.769917495412422,-1.5124004185092625
9.213818550109863,0.9999991464034592,-0.4999995732017293,0.7999993171227673,1.0,-0.5,0.8,8.535965407840962e-07,-4.26798270725115e-07,6.828772327605037e-07,-12.43748518665294,-3.76991783748684,-1.5124005114393402
9.223825454711914,0.9999991906550041,-0.4999995953275017,0.7999993525240031,1.0,-0.5,0.8,8.09344995911232e-07,-4.046724982886829e-07,6.474759969288257e-07,-12.437486070355892,-3.7699181747862793,-1.5124006029272028
9.233874320983887,0.9999992348308631,-0.4999996174154312,0.7999993878646903,1.0,-0.5,0.8,7.651691369403579e-07,-3.8258456880324587e-07,6.12135309774331e-07,-12.437486942097427,-3.769918507068941,-1.5124006929102078
9.243796586990356,0.9999992788883739,-0.4999996394441866,0.7999994231106989,1.0,-0.5,0.8,7.211116260785744e-07,-3.605558133723541e-07,5.768893011071086e-07,-12.437487801245025,-3.769918834102877,-1.5124007813284686
9.253809928894043,0.9999993227858462,-0.4999996613929228,0.7999994582286768,1.0,-0.5,0.8,6.772141537547682e-07,-3.38607077210451e-07,5.417713232480637e-07,-12.43748864719142,-3.7699191556660288,-1.5124008681248622
9.263793230056763,0.9999993664825833,-0.4999996832412913,0.7999994931860664,1.0,-0.5,0.8,6.335174167482194e-07,-3.167587087071766e-07,5.068139335984156e-07,-12.437489479354696,-3.7699194715462494,-1.5124009532450293
9.273813009262085,0.9999994099389029,-0.4999997049694511,0.7999995279511222,1.0,-0.5,0.8,5.900610970943632e-07,-2.950305488802485e-07,4.720488778753307e-07,-12.437490297178345,-3.769919781541316,-1.5124010366373741
9.283792972564697,0.9999994531161573,-0.49999972655807834,0.7999995624929257,1.0,-0.5,0.8,5.468838426558875e-07,-2.7344192166101067e-07,4.375070743467546e-07,-12.437491100131338,-3.7699200854589385,-1.5124011182530612
9.293843269348145,0.9999994959767505,-0.49999974798837493,0.7999995967814002,1.0,-0.5,0.8,5.040232494701868e-07,-2.5201162506816033e-07,4.03218599842603e-07,-12.437491887708136,-3.7699203831167485,-1.5124011980460077
9.303813457489014,0.999999538484155,-0.49999976924207723,0.7999996307873238,1.0,-0.5,0.8,4.615158449849943e-07,-2.3075792277005291e-07,3.6921267621004006e-07,-12.43749265942868,-3.769920674342282,-1.5124012759728753
9.31376051902771,0.9999995806029273,-0.49999979030146335,0.7999996644823416,1.0,-0.5,0.8,4.193970727373042e-07,-2.0969853664620786e-07,3.355176584340924e-07,-12.437493414838386,-3.7699209589729623,-1.512401351993059
9.323772430419922,0.9999996222987212,-0.4999998111493603,0.7999996978389767,1.0,-0.5,0.8,3.777012788086509e-07,-1.888506396818812e-07,3.0216102331337424e-07,-12.43749415350806,-3.769921236856055,-1.5124014260686727
9.33379602432251,0.9999996635383005,-0.49999983176914997,0.7999997308306401,1.0,-0.5,0.8,3.364616995016334e-07,-1.6823085002837246e-07,2.6916935991216917e-07,-12.437494875033826,-3.769921507848629,-1.5124014981645317
9.343811273574829,0.99999970428955,-0.4999998521447747,0.7999997634316397,1.0,-0.5,0.8,2.9571045001564045e-07,-1.4785522528537598e-07,2.3656836034557926e-07,-12.437495579037044,-3.7699217718175024,-1.5124015682481353
9.35386347770691,0.9999997445214849,-0.49999987226074216,0.7999997956171876,1.0,-0.5,0.8,2.554785151209771e-07,-1.277392578380443e-07,2.0438281245205303e-07,-12.437496265164157,-3.7699220286391815,-1.5124016362896453
9.363779783248901,0.9999997842042596,-0.49999989210212953,0.7999998273634074,1.0,-0.5,0.8,2.1579574038810279e-07,-1.0789787047160715e-07,1.7263659268795806e-07,-12.437496933086566,-3.7699222781997883,-1.5124017022618623
9.373810768127441,0.9999998233091746,-0.499999911654587,0.7999998586473394,1.0,-0.5,0.8,1.7669082541527104e-07,-8.834541298519127e-08,1.413526606874882e-07,-12.43749758250044,-3.769922520394984,-1.5124017661401996
9.383770942687988,0.9999998618086821,-0.49999993090434075,0.7999998894469453,1.0,-0.5,0.8,1.3819131794434725e-07,-6.909565924972938e-08,1.1055305471074917e-07,-12.437498213126535,-3.7699227551298833,-1.5124018279026568
9.393852710723877,0.9999998996763907,-0.49999994983819507,0.7999999197411123,1.0,-0.5,0.8,1.0032360930889439e-07,-5.016180493200295e-08,8.025888775797796e-08,-12.437498824709985,-3.769922982318955,-1.512401887529789
9.403866529464722,0.9999999368870688,-0.4999999684435341,0.7999999495096548,1.0,-0.5,0.8,6.311293121452621e-08,-3.155646588481886e-08,5.0490345238074497e-08,-12.43749941702006,-3.7699232018859306,-1.5124019450046762
9.413816213607788,0.9999999734166463,-0.49999998670832285,0.7999999787333167,1.0,-0.5,0.8,2.65833537405058e-08,-1.3291677147808656e-08,2.1266683303267087e-08,-12.437499989849918,-3.7699234137636832,-1.5124020003128877
9.423943042755127,1.0000000092422154,-0.5000000046211075,0.8000000073937722,1.0,-0.5,0.8,-9.24221543741055e-09,4.62110749666067e-09,-7.393772150088296e-09,-12.437500543016336,-3.769923617894119,-1.5124020534424494
9.43386435508728,1.0000000443420312,-0.5000000221710154,0.8000000354736247,1.0,-0.5,0.8,-4.434203115799562e-08,2.2171015356953205e-08,-3.547362470435189e-08,-12.437501076359412,-3.769923814228058,-1.5124021043838045
9.443809509277344,1.0000000786955086,-0.500000039347754,0.8000000629564066,1.0,-0.5,0.8,-7.869550855410523e-08,3.934775405500801e-08,-6.295640653242174e-08,-12.437501589742281,-3.7699240027250944,-1.5124021531297767
9.453835010528564,1.0000001122832207,-0.5000000561416101,0.8000000898265763,1.0,-0.5,0.8,-1.1228322072120989e-07,5.614161013856034e-08,-8.982657628830992e-08,-12.43750208305075,-3.769924183353469,-1.5124021996755268
9.463797330856323,1.0000001450868956,-0.5000000725434476,0.8000001160695162,1.0,-0.5,0.8,-1.450868956087703e-07,7.254344758234055e-08,-1.1606951610954042e-07,-12.437502556193017,-3.769924356089929,-1.5124022440185143
9.473768711090088,1.00000017708941,-0.5000000885447048,0.8000001416715277,1.0,-0.5,0.8,-1.770894100250331e-07,8.854470479047194e-08,-1.4167152762034618e-07,-12.437503009099254,-3.769924520919576,-1.5124022861584516
9.483802556991577,1.0000002082747848,-0.5000001041373922,0.8000001666198274,1.0,-0.5,0.8,-2.0827478475204941e-07,1.041373921539801e-07,-1.6661982737975478e-07,-12.437503441721276,-3.7699246778357183,-1.5124023260972597
9.493827819824219,1.0000002386281772,-0.5000001193140884,0.8000001909025414,1.0,-0.5,0.8,-2.3862817721820306e-07,1.1931408838705693e-07,-1.9090254133047324e-07,-12.437503854032151,-3.7699248268397074,-1.5124023638390225
9.503797054290771,1.0000002681358737,-0.5000001340679366,0.8000002145086985,1.0,-0.5,0.8,-2.6813587372664927e-07,1.3406793664128003e-07,-2.1450869847061682e-07,-12.437504246025789,-3.7699249679407862,-1.5124023993899396
9.513747692108154,1.0000002967852804,-0.50000014839264,0.8000002374282238,1.0,-0.5,0.8,-2.967852803514859e-07,1.4839263995369834e-07,-2.3742822374828165e-07,-12.437504617716545,-3.76992510115591,-1.5124024327582766
9.523763418197632,1.0000003245649136,-0.5000001622824566,0.8000002596519303,1.0,-0.5,0.8,-3.2456491361188e-07,1.622824565838954e-07,-2.5965193028998357e-07,-12.437504969138786,-3.7699252265095846,-1.5124024639543177
9.533754825592041,1.0000003514643891,-0.5000001757321944,0.8000002811715108,1.0,-0.5,0.8,-3.514643891477931e-07,1.7573219435185194e-07,-2.811715107409185e-07,-12.437505300346455,-3.7699253440336835,-1.5124024929903115
9.54378604888916,1.0000003774744108,-0.5000001887372052,0.8000003019795282,1.0,-0.5,0.8,-3.774744108397954e-07,1.8873720519785309e-07,-3.019795281611337e-07,-12.437505611412645,-3.769925453767276,-1.5124025198804243
9.553791999816895,1.0000004025867577,-0.5000002012933786,0.8000003220694057,1.0,-0.5,0.8,-4.025867577084341e-07,2.0129337863217245e-07,-3.220694057004536e-07,-12.437505902429118,-3.769925555756441,-1.512402544640684
9.563826084136963,1.0000004267942708,-0.5000002133971352,0.8000003414354163,1.0,-0.5,0.8,-4.267942708136019e-07,2.1339713518475634e-07,-3.414354162734057e-07,-12.437506173505847,-3.7699256500540748,-1.5124025672889263
9.573766469955444,1.0000004500908395,-0.5000002250454195,0.8000003600726713,1.0,-0.5,0.8,-4.500908394877712e-07,2.2504541952184098e-07,-3.600726712349456e-07,-12.437506424770561,-3.769925736719714,-1.5124025878447445
9.583797454833984,1.000000472471386,-0.5000002362356928,0.8000003779771084,1.0,-0.5,0.8,-4.7247138601491656e-07,2.3623569278541368e-07,-3.779771083900485e-07,-12.437506656368233,-3.769925815819332,-1.5124026063294311
9.593813180923462,1.00000049393185,-0.5000002469659248,0.8000003951454797,1.0,-0.5,0.8,-4.939318500873924e-07,2.469659248216516e-07,-3.951454796702336e-07,-12.437506868460604,-3.769925887425148,-1.5124026227659235
9.603745937347412,1.000000514469173,-0.5000002572345863,0.8000004115753381,1.0,-0.5,0.8,-5.144691730407658e-07,2.572345862983383e-07,-4.1157533803293234e-07,-12.437507061225686,-3.769925951615435,-1.5124026371787505
9.613756656646729,1.0000005340812803,-0.5000002670406399,0.800000427265024,1.0,-0.5,0.8,-5.34081280312293e-07,2.670406399341019e-07,-4.2726502391676746e-07,-12.437507234857266,-3.769926008474312,-1.5124026495939715
9.623788595199585,1.0000005527670641,-0.500000276383532,0.8000004422136511,1.0,-0.5,0.8,-5.527670641214399e-07,2.7638353194969767e-07,-4.4221365103069843e-07,-12.437507389564379,-3.7699260580915492,-1.512402660039124
9.63379693031311,1.0000005705263653,-0.5000002852631825,0.800000456421092,1.0,-0.5,0.8,-5.70526365262225e-07,2.852631825200902e-07,-4.56421091921122e-07,-12.437507525570815,-3.769926100562363,-1.5124026685431644
9.643832683563232,1.000000587359954,-0.5000002936799769,0.800000469887963,1.0,-0.5,0.8,-5.873599540073826e-07,2.93679976892669e-07,-4.698879629838615e-07,-12.437507643114575,-3.769926135987212,-1.5124026751364115
9.653809070587158,1.000000603269511,-0.5000003016347554,0.8000004826156086,1.0,-0.5,0.8,-6.032695110125275e-07,3.0163475539524143e-07,-4.826156085879774e-07,-12.437507742447375,-3.7699261644715882,-1.5124026798504866
9.663784742355347,1.0000006182576073,-0.5000003091288036,0.8000004946060858,1.0,-0.5,0.8,-6.1825760733214e-07,3.091288035550477e-07,-4.946060857546897e-07,-12.437507823834094,-3.7699261861258195,-1.5124026827182606
9.673764705657959,1.0000006323276842,-0.500000316163842,0.8000005058621473,1.0,-0.5,0.8,-6.323276842135073e-07,3.1616384199573133e-07,-5.05862147281988e-07,-12.437507887552274,-3.7699262010648544,-1.5124026837737914
9.683783769607544,1.0000006454840318,-0.5000003227420158,0.8000005163872255,1.0,-0.5,0.8,-6.454840317804411e-07,3.2274201577919825e-07,-5.163872254243529e-07,-12.437507933891565,-3.7699262094080566,-1.512402683052268
9.693787336349487,1.0000006577317684,-0.5000003288658841,0.8000005261854148,1.0,-0.5,0.8,-6.577317683831296e-07,3.288658840805425e-07,-5.261854147953215e-07,-12.437507963153207,-3.7699262112790004,-1.5124026805899538
9.703843593597412,1.0000006690768186,-0.5000003345384092,0.800000535261455,1.0,-0.5,0.8,-6.690768186157214e-07,3.345384091968384e-07,-5.352614549369861e-07,-12.437507975649494,-3.7699262068052612,-1.5124026764241267
9.713809251785278,1.000000679525891,-0.5000003397629453,0.8000005436207128,1.0,-0.5,0.8,-6.795258908898205e-07,3.3976294533388796e-07,-5.436207127784698e-07,-12.437507971703235,-3.7699261961182047,-1.5124026705930225
9.72382140159607,1.000000689086456,-0.5000003445432278,0.8000005512691648,1.0,-0.5,0.8,-6.890864558961596e-07,3.445432278370575e-07,-5.512691647613366e-07,-12.437507951647225,-3.769926179352785,-1.5124026631357783
9.733838319778442,1.000000697766723,-0.5000003488833614,0.8000005582133786,1.0,-0.5,0.8,-6.977667230678719e-07,3.4888336142291365e-07,-5.582133785209109e-07,-12.437507915823717,-3.769926156647335,-1.5124026540923738
9.74380874633789,1.0000007055756182,-0.500000352787809,0.8000005644604947,1.0,-0.5,0.8,-7.055756181539863e-07,3.5278780896597084e-07,-5.644604946786203e-07,-12.437507864583885,-3.7699261281433603,-1.5124026435035762
9.753855466842651,1.00000071252276,-0.5000003562613798,0.800000570018208,1.0,-0.5,0.8,-7.125227599047435e-07,3.562613798413494e-07,-5.700182079682037e-07,-12.437507798287301,-3.7699260939853376,-1.5124026314108823
9.763869762420654,1.0000007186184359,-0.5000003593092178,0.8000005748947489,1.0,-0.5,0.8,-7.186184358687342e-07,3.593092178233448e-07,-5.748947488060097e-07,-12.437507717301385,-3.7699260543205013,-1.5124026178564618
9.773840188980103,1.00000072387358,-0.5000003619367899,0.8000005790988641,1.0,-0.5,0.8,-7.238735799663942e-07,3.619367898721748e-07,-5.790988640841377e-07,-12.43750762200092,-3.7699260092986573,-1.5124026028831048
9.78385043144226,1.0000007282997476,-0.5000003641498737,0.8000005826397982,1.0,-0.5,0.8,-7.282997476210085e-07,3.6414987369948193e-07,-5.826397981856246e-07,-12.437507512767493,-3.7699259590719665,-1.5124025865341633
9.793899536132812,1.0000007319090922,-0.500000365954546,0.8000005855272738,1.0,-0.5,0.8,-7.319090922219829e-07,3.6595454599996913e-07,-5.855272737775863e-07,-12.437507389989,-3.769925903794751,-1.5124025688534972
9.803800106048584,1.0000007347143407,-0.5000003673571702,0.8000005877714726,1.0,-0.5,0.8,-7.347143406999379e-07,3.6735717023894665e-07,-5.877714726043592e-07,-12.437507254059115,-3.7699258436232976,-1.512402549885422
9.813795328140259,1.00000073672877,-0.5000003683643849,0.8000005893830161,1.0,-0.5,0.8,-7.367287699899805e-07,3.6836438488396794e-07,-5.893830160585978e-07,-12.4375071053768,-3.769925778715665,-1.5124025296746544
9.823814630508423,1.000000737966182,-0.5000003689830909,0.8000005903729456,1.0,-0.5,0.8,-7.379661819406635e-07,3.6898309085930947e-07,-5.903729455303264e-07,-12.437506944345786,-3.7699257092314844,-1.5124025082662589
9.833842992782593,1.0000007384408793,-0.5000003692204396,0.8000005907527036,1.0,-0.5,0.8,-7.384408793331687e-07,3.6922043955556205e-07,-5.907527035331483e-07,-12.437506771374075,-3.769925635331768,-1.5124024857055958
9.843952655792236,1.000000738167642,-0.5000003690838208,0.8000005905341137,1.0,-0.5,0.8,-7.38167641900489e-07,3.690838208392222e-07,-5.90534113609209e-07,-12.437506586873452,-3.7699255571787273,-1.512402462038272
9.853872060775757,1.0000007371617017,-0.5000003685808507,0.8000005897293615,1.0,-0.5,0.8,-7.371617016804777e-07,3.6858085072921654e-07,-5.897293614554044e-07,-12.437506391259001,-3.769925474935584,-1.5124024373100875
9.863852500915527,1.0000007354387186,-0.5000003677193592,0.800000588350975,1.0,-0.5,0.8,-7.354387185909417e-07,3.6771935918444854e-07,-5.883509749393667e-07,-12.43750618494861,-3.7699253887663806,-1.5124024115669878
9.873871803283691,1.0000007330147564,-0.5000003665073781,0.8000005864118053,1.0,-0.5,0.8,-7.330147564488243e-07,3.6650737811338985e-07,-5.864118052256728e-07,-12.43750596836251,-3.769925298835809,-1.5124023848550148
9.883864879608154,1.0000007299062588,-0.5000003649531293,0.8000005839250071,1.0,-0.5,0.8,-7.299062587673433e-07,3.6495312927264933e-07,-5.839250070138746e-07,-12.437505741922795,-3.7699252053090255,-1.5124023572202576
9.893829584121704,1.0000007261300248,-0.5000003630650123,0.8000005809040198,1.0,-0.5,0.8,-7.261300247751734e-07,3.630650122765644e-07,-5.809040197757298e-07,-12.43750550605298,-3.7699251083514813,-1.5124023287088062
9.903854370117188,1.0000007217031854,-0.5000003608515926,0.8000005773625484,1.0,-0.5,0.8,-7.217031854356293e-07,3.6085159260679234e-07,-5.77362548326299e-07,-12.437505261177543,-3.7699250081287503,-1.5124022993667066
9.913806915283203,1.0000007166431797,-0.5000003583215897,0.8000005733145438,1.0,-0.5,0.8,-7.166431796878925e-07,3.5832158973292394e-07,-5.733145437281095e-07,-12.437505007721462,-3.7699249048063566,-1.512402269239913
9.923809051513672,1.000000710967731,-0.5000003554838653,0.8000005687741847,1.0,-0.5,0.8,-7.109677309102835e-07,3.5548386534411947e-07,-5.68774184639409e-07,-12.43750474610981,-3.7699247985496185,-1.5124022383742468
9.93385362625122,1.0000007046948234,-0.5000003523474116,0.8000005637558586,1.0,-0.5,0.8,-7.046948233835337e-07,3.5234741158074456e-07,-5.637558585513958e-07,-12.437504476767309,-3.7699246895234766,-1.5124022068153509
9.943828105926514,1.0000006978426792,-0.5000003489213395,0.8000005582741432,1.0,-0.5,0.8,-6.978426791981462e-07,3.489213394880508e-07,-5.582741431364724e-07,-12.437504200117921,-3.769924577892347,-1.512402174608649
9.953815460205078,1.0000006904297352,-0.5000003452148675,0.800000552343788,1.0,-0.5,0.8,-6.904297351617572e-07,3.452148674698563e-07,-5.523437879295656e-07,-12.43750391658443,-3.7699244638199594,-1.512402141799303
9.963804960250854,1.0000006824746202,-0.50000034123731,0.800000545979696,1.0,-0.5,0.8,-6.82474620150586e-07,3.412373099642707e-07,-5.459796960094465e-07,-12.437503626588045,-3.7699243474692103,-1.512402108432176
9.973800659179688,1.000000673996133,-0.5000003369980663,0.8000005391969063,1.0,-0.5,0.8,-6.739961329049748e-07,3.369980663414651e-07,-5.39196906235162e-07,-12.437503330548031,-3.769924229002019,-1.5124020745517903
9.983856678009033,1.0000006650132194,-0.5000003325066096,0.8000005320105754,1.0,-0.5,0.8,-6.650132193808389e-07,3.3250660957939715e-07,-5.320105753714444e-07,-12.437503028881297,-3.7699241085791826,-1.512402040202292
9.993823528289795,1.0000006555449508,-0.5000003277724753,0.8000005244359606,1.0,-0.5,0.8,-6.555449507672506e-07,3.27772475272603e-07,-5.244359605471871e-07,-12.43750272200204,-3.769923986360234,-1.512402005427412
10.003861904144287,1.0000006456105026,-0.5000003228052512,0.8000005164884021,1.0,-0.5,0.8,-6.456105026142467e-07,3.2280525119610104e-07,-5.164884020469884e-07,-12.437502410321395,-3.7699238625033153,-1.5124019702704334
10.013763427734375,1.0000006352291329,-0.5000003176145663,0.8000005081833064,1.0,-0.5,0.8,-6.352291328504123e-07,3.1761456631418383e-07,-5.081833063247387e-07,-12.437502094247062,-3.7699237371650423,-1.5124019347741549
10.023765802383423,1.0000006244201614,-0.5000003122100806,0.8000004995361293,1.0,-0.5,0.8,-6.244201613547773e-07,3.1221008056636634e-07,-4.995361292392531e-07,-12.437501774182998,-3.76992361050038,-1.5124018989808585
10.033765077590942,1.0000006132029493,-0.5000003066014745,0.8000004905623596,1.0,-0.5,0.8,-6.132029493066682e-07,3.066014745423118e-07,-4.905623595119479e-07,-12.437501450529059,-3.7699234826625223,-1.5124018629322782
10.043806791305542,1.0000006015968785,-0.5000003007984392,0.8000004812775029,1.0,-0.5,0.8,-6.015968785355597e-07,3.007984391567575e-07,-4.812775028506522e-07,-12.437501123680692,-3.76992335380277,-1.5124018266695687
10.053755521774292,1.0000005896213322,-0.500000294810666,0.8000004716970659,1.0,-0.5,0.8,-5.89621332203194e-07,2.948106659905747e-07,-4.7169706585137305e-07,-12.437500794028638,-3.769923224070421,-1.5124017902332743
10.063809156417847,1.0000005772956755,-0.5000002886478376,0.8000004618365405,1.0,-0.5,0.8,-5.772956754857006e-07,2.88647837631828e-07,-4.6183654045517386e-07,-12.437500461958617,-3.769923093612657,-1.5124017536633028
10.073732614517212,1.0000005646392363,-0.500000282319618,0.8000004517113891,1.0,-0.5,0.8,-5.646392362557151e-07,2.8231961801683525e-07,-4.5171138907118547e-07,-12.437500127851067,-3.769922962574447,-1.5124017169988986
10.083751440048218,1.0000005516712864,-0.5000002758356431,0.8000004413370293,1.0,-0.5,0.8,-5.516712864306328e-07,2.758356431042941e-07,-4.4133702925552853e-07,-12.437499792080834,-3.7699228310984356,-1.5124016802786138
10.093772888183594,1.0000005384110244,-0.5000002692055121,0.8000004307288197,1.0,-0.5,0.8,-5.384110244310847e-07,2.6920551210452004e-07,-4.3072881961148113e-07,-12.437499455016951,-3.7699226993248556,-1.5124016435402874
10.103780269622803,1.0000005248775565,-0.5000002624387782,0.8000004199020454,1.0,-0.5,0.8,-5.248775565291908e-07,2.624387781535731e-07,-4.199020453565794e-07,-12.437499117022348,-3.7699225673914327,-1.5124016068210173
10.113788604736328,1.0000005110898806,-0.5000002555449402,0.8000004088719046,1.0,-0.5,0.8,-5.110898806393038e-07,2.555449402086296e-07,-4.08871904555852e-07,-12.437498778453643,-3.7699224354332967,-1.5124015701571425
10.123797178268433,1.0000004970668683,-0.500000248533434,0.8000003976534947,1.0,-0.5,0.8,-4.970668683323964e-07,2.485334340551759e-07,-3.976534946881216e-07,-12.437498439660882,-3.7699223035828995,-1.512401533584219
10.133795022964478,1.0000004828272493,-0.5000002414136245,0.8000003862617996,1.0,-0.5,0.8,-4.828272492929386e-07,2.41413624535447e-07,-3.862617995453732e-07,-12.437498100987336,-3.7699221719699367,-1.512401497137
10.143784999847412,1.0000004683895956,-0.5000002341947977,0.8000003747116765,1.0,-0.5,0.8,-4.6838959555373094e-07,2.3419479766584317e-07,-3.747116764651892e-07,-12.437497762769295,-3.7699220407212732,-1.5124014608494192
10.153878688812256,1.0000004537723053,-0.5000002268861525,0.8000003630178442,1.0,-0.5,0.8,-4.5377230528664825e-07,2.2688615253230182e-07,-3.630178441182963e-07,-12.437497425335868,-3.7699219099608703,-1.512401424754571
10.163821697235107,1.0000004389935884,-0.5000002194967941,0.8000003511948707,1.0,-0.5,0.8,-4.3899358836974045e-07,2.1949679407384792e-07,-3.51194870629179e-07,-12.437497089008795,-3.769921779809723,-1.5124013888846952
10.173750400543213,1.0000004240714522,-0.500000212035726,0.8000003392571617,1.0,-0.5,0.8,-4.2407145217637776e-07,2.1203572597716658e-07,-3.392571616966933e-07,-12.437496754102273,-3.7699216503857986,-1.512401353271163
10.18379545211792,1.0000004090236874,-0.5000002045118436,0.8000003272189499,1.0,-0.5,0.8,-4.09023687364396e-07,2.045118435711757e-07,-3.272189498249034e-07,-12.437496420922805,-3.7699215218039757,-1.5124013179444609
10.193755149841309,1.000000393867854,-0.5000001969339269,0.8000003150942833,1.0,-0.5,0.8,-3.93867854109331e-07,1.969339269436432e-07,-3.150942832208514e-07,-12.43749608976902,-3.769921394175994,-1.5124012829341786
10.203742265701294,1.0000003786212697,-0.5000001893106347,0.8000003028970157,1.0,-0.5,0.8,-3.7862126966992093e-07,1.8931063472393816e-07,-3.0289701569152783e-07,-12.437495760931569,-3.769921267610404,-1.512401248268998
10.213746070861816,1.0000003633009957,-0.5000001816504978,0.8000002906407966,1.0,-0.5,0.8,-3.633009957315636e-07,1.816504977547595e-07,-2.9064079654084196e-07,-12.437495434692952,-3.7699211422125263,-1.512401213976683
10.223768472671509,1.0000003479238262,-0.500000173961913,0.800000278339061,1.0,-0.5,0.8,-3.479238261938633e-07,1.7396191298590935e-07,-2.783390609106817e-07,-12.437495111327436,-3.769921018084402,-1.5124011800840673
10.23379111289978,1.0000003325062763,-0.500000166253138,0.8000002660050209,1.0,-0.5,0.8,-3.3250627629044516e-07,1.6625313803420028e-07,-2.6600502089912936e-07,-12.437494791100926,-3.7699208953247636,-1.5124011466170506
10.243797063827515,1.000000317064571,-0.5000001585322854,0.8000002536516567,1.0,-0.5,0.8,-3.1706457104263563e-07,1.5853228541029551e-07,-2.536516566786773e-07,-12.437494474270864,-3.7699207740290026,-1.5124011136005873
10.253790616989136,1.0000003016146353,-0.5000001508073175,0.8000002412917082,1.0,-0.5,0.8,-3.0161463526745536e-07,1.5080731752270538e-07,-2.4129170816955536e-07,-12.43749416108615,-3.7699206542891357,-1.5124010810586828
10.263803482055664,1.0000002861720836,-0.5000001430860417,0.8000002289376669,1.0,-0.5,0.8,-2.8617208358561186e-07,1.4308604168178363e-07,-2.2893766682408057e-07,-12.43749385178707,-3.7699205361937853,-1.512401049014388
10.27380919456482,1.0000002707522109,-0.5000001353761053,0.8000002166017687,1.0,-0.5,0.8,-2.707522108735816e-07,1.353761053257685e-07,-2.166017686322519e-07,-12.4374935466052,-3.7699204198281575,-1.5124010174897953
10.283812761306763,1.0000002553699834,-0.5000001276849916,0.8000002042959867,1.0,-0.5,0.8,-2.553699833818257e-07,1.2768499157989055e-07,-2.042959866832561e-07,-12.437493245763385,-3.7699203052740233,-1.5124009865060348
10.293830633163452,1.0000002400400305,-0.5000001200200151,0.8000001920320244,1.0,-0.5,0.8,-2.400400305191397e-07,1.2002001514854754e-07,-1.920320243931073e-07,-12.437492949475661,-3.7699201926097055,-1.5124009560832736
10.303799867630005,1.0000002247766366,-0.5000001123883182,0.8000001798213093,1.0,-0.5,0.8,-2.2477663663700298e-07,1.1238831820747919e-07,-1.7982130928739792e-07,-12.437492657947242,-3.7699200819100733,-1.512400926240715
10.313807010650635,1.0000002095937341,-0.500000104796867,0.8000001676749873,1.0,-0.5,0.8,-2.095937341461962e-07,1.047968669620758e-07,-1.6767498722813912e-07,-12.437492371374463,-3.7699199732465334,-1.512400896996597
10.32381010055542,1.000000194504896,-0.5000000972524479,0.8000001556039167,1.0,-0.5,0.8,-1.945048959672846e-07,9.725244787262e-08,-1.5560391664060091e-07,-12.437492089944786,-3.769919866687027,-1.512400868368195
10.333763599395752,1.0000001795233295,-0.5000000897616647,0.8000001436186636,1.0,-0.5,0.8,-1.7952332953541372e-07,8.976166465668456e-08,-1.4361866351730868e-07,-12.437491813836775,-3.7699197622960323,-1.5124008403718232
10.343800067901611,1.000000164661871,-0.5000000823309354,0.8000001317294968,1.0,-0.5,0.8,-1.6466187102714969e-07,8.233093540255254e-08,-1.3172949675510637e-07,-12.43749154322011,-3.769919660134568,-1.5124008130228372
10.353814363479614,1.0000001499329798,-0.5000000749664899,0.8000001199463839,1.0,-0.5,0.8,-1.4993297980936404e-07,7.496648990468202e-08,-1.1994638382528677e-07,-12.437491278255576,-3.769919560260207,-1.512400786335638
10.36379361152649,1.0000001353487336,-0.5000000676743668,0.8000001082789868,1.0,-0.5,0.8,-1.3534873355425248e-07,6.767436677712624e-08,-1.082789867767886e-07,-12.4374910190951,-3.7699194627270836,-1.512400760323678
10.373800277709961,1.0000001209208236,-0.5000000604604118,0.8000000967366587,1.0,-0.5,0.8,-1.209208235763981e-07,6.046041178819905e-08,-9.67366586834828e-08,-12.437490765881764,-3.7699193675859055,-1.5124007349994637
10.383826494216919,1.0000001066605508,-0.5000000533302754,0.8000000853284406,1.0,-0.5,0.8,-1.0666055083596859e-07,5.3330275417984296e-08,-8.532844053554811e-08,-12.437490518749827,-3.7699192748839727,-1.5124007103745645
10.393854856491089,1.000000092578823,-0.5000000462894115,0.8000000740630584,1.0,-0.5,0.8,-9.257882305213627e-08,4.6289411526068136e-08,-7.406305835289118e-08,-12.437490277824804,-3.7699191846652047,-1.512400686459619
10.403870344161987,1.000000078686151,-0.5000000393430755,0.8000000629489208,1.0,-0.5,0.8,-7.868615092831988e-08,3.934307546415994e-08,-6.29489207426559e-08,-12.437490043223475,-3.7699190969701553,-1.512400663264343
10.413851499557495,1.0000000649926462,-0.5000000324963231,0.800000051994117,1.0,-0.5,0.8,-6.499264615378308e-08,3.249632307689154e-08,-5.199411690082201e-08,-12.437489815053974,-3.7699190118360453,-1.5124006407975386
10.423827886581421,1.0000000515080187,-0.5000000257540094,0.8000000412064151,1.0,-0.5,0.8,-5.150801873909927e-08,2.5754009369549635e-08,-4.12064150578928e-08,-12.437489593415824,-3.769918929296791,-1.5124006190671027
10.433897256851196,1.000000038241576,-0.500000019120788,0.8000000305932609,1.0,-0.5,0.8,-3.824157590592847e-08,1.9120787952964236e-08,-3.059326081356062e-08,-12.437489378400045,-3.7699188493830347,-1.512400598080039
10.443771839141846,1.0000000252022203,-0.5000000126011102,0.8000000201617764,1.0,-0.5,0.8,-2.520222031066055e-08,1.2601110155330275e-08,-2.0161776359550743e-08,-12.437489170089204,-3.769918772122179,-1.5124005778424667
10.453790426254272,1.0000000123984496,-0.5000000061992248,0.8000000099187599,1.0,-0.5,0.8,-1.239844960032599e-08,6.199224800162995e-09,-9.918759813487554e-09,-12.437488968557512,-3.769918697538428,-1.5124005583596338
10.463797092437744,0.999999999838356,-0.499999999919178,0.7999999998706849,1.0,-0.5,0.8,1.616440314933243e-10,-8.082201574666215e-11,1.2931511417235697e-10,-12.437488773870918,-3.7699186256528234,-1.5124005396359288
10.473787069320679,0.9999999875296258,-0.4999999937648129,0.7999999900237008,1.0,-0.5,0.8,1.2470374177731003e-08,-6.2351870888655014e-09,9.9762992311625e-09,-12.437488586087209,-3.769918556483288,-1.5124005216748921
10.483814477920532,0.9999999754795407,-0.49999998773977034,0.7999999803836326,1.0,-0.5,0.8,2.452045932965774e-08,-1.226022966482887e-08,1.961636741931727e-08,-12.437488405256108,-3.7699184900446685,-1.512400504479232
10.493805885314941,0.9999999636949777,-0.49999998184748884,0.7999999709559822,1.0,-0.5,0.8,3.63050223217698e-08,-1.81525111608849e-08,2.9044017857415838e-08,-12.437488231419396,-3.7699184263487875,-1.5124004880508355
10.503802061080933,0.999999952182411,-0.4999999760912055,0.7999999617459288,1.0,-0.5,0.8,4.7817588999521377e-08,-2.3908794499760688e-08,3.825407124402602e-08,-12.43748806461102,-3.7699183654044846,-1.5124004723907873
10.513750791549683,0.9999999409479132,-0.4999999704739566,0.7999999527583306,1.0,-0.5,0.8,5.9052086776034685e-08,-2.9526043388017342e-08,4.724166946523667e-08,-12.437487904857225,-3.769918307217673,-1.5124004574993795
10.523762226104736,0.9999999299971575,-0.49999996499857874,0.799999943997726,1.0,-0.5,0.8,7.000284252267619e-08,-3.5001421261338095e-08,5.600227404034541e-08,-12.437487752176667,-3.7699182517913905,-1.5124004433761309
10.533766984939575,0.9999999193354197,-0.4999999596677098,0.7999999354683358,1.0,-0.5,0.8,8.066458034861057e-08,-4.0332290174305285e-08,6.453166423447954e-08,-12.437487606580566,-3.7699181991258515,-1.5124004300198017
10.543874263763428,0.9999999089675812,-0.4999999544837906,0.799999927174065,1.0,-0.5,0.8,9.103241882524316e-08,-4.551620941262158e-08,7.282593506019452e-08,-12.437487468072831,-3.769918149218507,-1.5124004174284096
10.55379343032837,0.9999998988981319,-0.49999994944906595,0.7999999191185055,1.0,-0.5,0.8,1.0110186809964006e-07,-5.055093404982003e-08,8.08814945019165e-08,-12.437487336650202,-3.7699181020641017,-1.512400405599248
10.563787698745728,0.9999998891311734,-0.4999999445655867,0.7999999113049387,1.0,-0.5,0.8,1.108688265638591e-07,-5.543441328192955e-08,8.86950612954962e-08,-12.437487212302397,-3.769918057654729,-1.5124003945289002
10.57383108139038,0.999999879670423,-0.4999999398352115,0.7999999037363384,1.0,-0.5,0.8,1.2032957696916924e-07,-6.016478848458462e-08,9.626366159753985e-08,-12.43748709501227,-3.7699180159799006,-1.5124003842132616
10.583764791488647,0.9999998705192172,-0.4999999352596086,0.7999998964153737,1.0,-0.5,0.8,1.2948078276231456e-07,-6.474039138115728e-08,1.0358462632087395e-07,-12.437486984755957,-3.7699179770265996,-1.512400374647553
10.59378957748413,0.9999998616805162,-0.4999999308402582,0.799999889344413,1.0,-0.5,0.8,1.383194837556445e-07,-6.91597418223111e-08,1.1065558702672007e-07,-12.437486881503034,-3.7699179407793464,-1.5124003658263412
10.60379958152771,0.9999998531569088,-0.49999992657845443,0.7999998825255271,1.0,-0.5,0.8,1.4684309124213257e-07,-7.342154556555514e-08,1.1747447292709268e-07,-12.437486785216691,-3.76991790722027,-1.5124003577435583
10.613779306411743,0.9999998449506166,-0.49999992247530833,0.7999998759604934,1.0,-0.5,0.8,1.5504938344346186e-07,-7.752469166621978e-08,1.2403950666595165e-07,-12.437486695853883,-3.7699178763291648,-1.512400350392518
10.623797416687012,0.9999998370634996,-0.49999991853174985,0.7999998696507998,1.0,-0.5,0.8,1.6293650040299923e-07,-8.146825014598846e-08,1.3034920021137708e-07,-12.4374866133655,-3.7699178480835633,-1.5124003437659368
10.633811950683594,0.9999998294970615,-0.4999999147485308,0.7999998635976493,1.0,-0.5,0.8,1.7050293854570242e-07,-8.525146921734006e-08,1.364023507477441e-07,-12.437486537696543,-3.7699178224588015,-1.5124003378559518
10.643810510635376,0.999999822252455,-0.49999991112622755,0.7999998578019641,1.0,-0.5,0.8,1.7774754501598267e-07,-8.887377245248018e-08,1.4219803590176383e-07,-12.437486468786295,-3.769917799428085,-1.512400332654141
10.653762817382812,0.9999998153304882,-0.49999990766524416,0.7999998522643907,1.0,-0.5,0.8,1.8466951179352264e-07,-9.233475584125017e-08,1.4773560930159135e-07,-12.437486406568487,-3.769917778962567,-1.5124003281515437
10.663779497146606,0.9999998087316303,-0.4999999043658152,0.7999998469853045,1.0,-0.5,0.8,1.9126836969807215e-07,-9.563418479352492e-08,1.5301469558082204e-07,-12.437486350971492,-3.7699177610314054,-1.512400324338677
10.673816680908203,0.9999998024560179,-0.499999901228009,0.7999998419648146,1.0,-0.5,0.8,1.9754398206117685e-07,-9.877199097507727e-08,1.5803518549351026e-07,-12.437486301918492,-3.769917745601848,-1.5124003212055597
10.683857679367065,0.9999997965034618,-0.49999989825173097,0.7999998372027696,1.0,-0.5,0.8,2.0349653817586244e-07,-1.0174826903242007e-07,1.6279723047407657e-07,-12.437486259327653,-3.76991773263929,-1.51240031874173
10.693804264068604,0.9999997908734534,-0.49999989543672674,0.7999998326987627,1.0,-0.5,0.8,2.091265466352965e-07,-1.045632732621371e-07,1.673012373082372e-07,-12.43748622311233,-3.769917722107354,-1.5124003169362659
10.70375394821167,0.9999997855651716,-0.49999989278258583,0.7999998284521374,1.0,-0.5,0.8,2.1443482844940576e-07,-1.0721741416919173e-07,1.7154786269291122e-07,-12.437486193181222,-3.7699177139679603,-1.5124003157778056
10.7137451171875,0.9999997805774903,-0.4999998902887452,0.7999998244619922,1.0,-0.5,0.8,2.1942250971740407e-07,-1.0971125480319088e-07,1.7553800779612772e-07,-12.437486169438586,-3.769917708181397,-1.5124003152545675
10.723759889602661,0.9999997759089851,-0.49999988795449263,0.7999998207271881,1.0,-0.5,0.8,2.2409101485543204e-07,-1.1204550737220487e-07,1.7927281192875455e-07,-12.437486151784388,-3.7699177047063945,-1.5124003153543704
10.733775854110718,0.9999997715579411,-0.4999998857789706,0.7999998172463528,1.0,-0.5,0.8,2.284420589360181e-07,-1.142210294124979e-07,1.8275364721542786e-07,-12.437486140114506,-3.769917703500196,-1.5124003160646535
10.743813276290894,0.99999976752236,-0.49999988376118004,0.7999998140178879,1.0,-0.5,0.8,2.3247764002753968e-07,-1.1623881995825869e-07,1.859821121552585e-07,-12.43748613432094,-3.7699177045186327,-1.5124003173724974
10.753810405731201,0.9999997637999681,-0.4999998818999841,0.7999998110399744,1.0,-0.5,0.8,2.362000318667512e-07,-1.1810001587786445e-07,1.8896002562662773e-07,-12.437486134291946,-3.7699177077161927,-1.5124003192646422
10.76380443572998,0.9999997603882241,-0.4999998801941121,0.7999998083105793,1.0,-0.5,0.8,2.3961177586517834e-07,-1.1980588787707802e-07,1.9168942078096052e-07,-12.437486139912263,-3.7699177130460955,-1.5124003217275108
10.773823499679565,0.9999997572843268,-0.49999987864216344,0.7999998058274614,1.0,-0.5,0.8,2.4271567322653453e-07,-1.2135783655775612e-07,1.941725386034321e-07,-12.437486151063288,-3.7699177204603656,-1.5124003247472253
10.783812046051025,0.999999754485223,-0.4999998772426116,0.7999998035881785,1.0,-0.5,0.8,2.455147769531152e-07,-1.2275738842104644e-07,1.964118215846966e-07,-12.437486167623252,-3.769917729909899,-1.512400328309629
10.793787956237793,0.9999997519876161,-0.49999987599380813,0.799999801590093,1.0,-0.5,0.8,2.4801238385219193e-07,-1.2400619187058481e-07,1.9840990705954908e-07,-12.43748618946742,-3.7699177413445444,-1.5124003324003057
10.80379343032837,0.9999997497879738,-0.49999987489398695,0.7999997998303792,1.0,-0.5,0.8,2.502120262093399e-07,-1.251060130491588e-07,2.0016962087865409e-07,-12.43748621646826,-3.7699177547131617,-1.5124003370045995
10.81375503540039,0.9999997478825363,-0.4999998739412682,0.7999997983060292,1.0,-0.5,0.8,2.521174636838097e-07,-1.260587317863937e-07,2.0169397085822993e-07,-12.437486248495643,-3.769917769963705,-1.5124003421076337
10.823763847351074,0.999999746267325,-0.49999987313366256,0.7999997970138601,1.0,-0.5,0.8,2.537326749818547e-07,-1.268663374354162e-07,2.0298613989666592e-07,-12.437486285417002,-3.7699177870432843,-1.5124003476943304
10.833742141723633,0.9999997449381507,-0.4999998724690754,0.7999997959505206,1.0,-0.5,0.8,2.550618493080137e-07,-1.275309245984957e-07,2.0404947942420648e-07,-12.437486327097547,-3.76991780589824,-1.51240035374943
10.843744039535522,0.9999997438906216,-0.49999987194531087,0.7999997951124974,1.0,-0.5,0.8,2.5610937837150516e-07,-1.2805468913024143e-07,2.0488750263059075e-07,-12.437486373400409,-3.769917826474208,-1.5124003602575087
10.853767395019531,0.9999997431201526,-0.49999987156007636,0.7999997944961221,1.0,-0.5,0.8,2.5687984739342085e-07,-1.2843992364119927e-07,2.0550387791473668e-07,-12.437486424186835,-3.7699178487161946,-1.5124003672029993
10.863736867904663,0.9999997426219728,-0.49999987131098644,0.7999997940975783,1.0,-0.5,0.8,2.5737802722414216e-07,-1.2868901355655993e-07,2.0590242177931373e-07,-12.437486479316371,-3.7699178725686355,-1.512400374570208
10.873776912689209,0.9999997423911345,-0.4999998711955673,0.7999997939129077,1.0,-0.5,0.8,2.5760886546155604e-07,-1.2880443267526687e-07,2.060870923914493e-07,-12.437486538647024,-3.76991789797547,-1.5124003823433334
10.883806705474854,0.999999742422522,-0.49999987121126105,0.7999997939380176,1.0,-0.5,0.8,2.5757747801335995e-07,-1.2878873895116882e-07,2.0606198247730134e-07,-12.437486602035444,-3.7699179248802013,-1.5124003905064836
10.893838167190552,0.9999997427108591,-0.4999998713554296,0.7999997941686873,1.0,-0.5,0.8,2.5728914088141153e-07,-1.286445703851946e-07,2.058313127717426e-07,-12.437486669337083,-3.76991795322597,-1.5124003990436952
10.903777122497559,0.9999997432507187,-0.4999998716253594,0.7999997946005749,1.0,-0.5,0.8,2.5674928127994434e-07,-1.2837464058446102e-07,2.0539942513497778e-07,-12.437486740406378,-3.7699179829556084,-1.5124004079389497
10.913825511932373,0.9999997440365304,-0.49999987201826523,0.7999997952292243,1.0,-0.5,0.8,2.5596346964196215e-07,-1.2798173476546992e-07,2.047707757801831e-07,-12.437486815096905,-3.7699180140117083,-1.5124004171761913
10.92382025718689,0.9999997450625893,-0.4999998725312947,0.7999997960500713,1.0,-0.5,0.8,2.549374107374547e-07,-1.274687053132162e-07,2.039499287231905e-07,-12.437486893261548,-3.769918046336686,-1.5124004267393423
10.933825492858887,0.9999997463230643,-0.49999987316153227,0.7999997970584514,1.0,-0.5,0.8,2.536769356797919e-07,-1.2683846772887364e-07,2.0294154867706027e-07,-12.437486974752662,-3.7699180798728364,-1.5124004366123218
10.943831443786621,0.9999997478120068,-0.49999987390600353,0.7999997982496054,1.0,-0.5,0.8,2.52187993154962e-07,-1.260939964664587e-07,2.0175039461278743e-07,-12.437487059422226,-3.7699181145624028,-1.5124004467790608
10.953794717788696,0.9999997495233586,-0.4999998747616794,0.7999997996186867,1.0,-0.5,0.8,2.504766414279658e-07,-1.2523832060296058e-07,2.003813133200083e-07,-12.437487147122,-3.7699181503476256,-1.5124004572235168
10.963773488998413,0.9999997514509599,-0.49999987572548005,0.7999998011607677,1.0,-0.5,0.8,2.4854904012716617e-07,-1.2427451995256078e-07,1.9883923230157308e-07,-12.437487237703687,-3.769918187170808,-1.5124004679296907
10.973820924758911,0.9999997535885582,-0.4999998767942792,0.7999998028708464,1.0,-0.5,0.8,2.4641144180659325e-07,-1.2320572079227432e-07,1.971291536673192e-07,-12.437487331019055,-3.769918224974365,-1.5124004788816425
10.983756303787231,0.9999997559298159,-0.4999998779649081,0.7999998047438526,1.0,-0.5,0.8,2.440701840633608e-07,-1.220350919206581e-07,1.9525614747273323e-07,-12.43748742692012,-3.769918263700887,-1.5124004900635042
10.993775129318237,0.9999997584683188,-0.4999998792341595,0.7999998067746549,1.0,-0.5,0.8,2.4153168121099355e-07,-1.2076584049447447e-07,1.93225345168635e-07,-12.437487525259275,-3.7699183032931898,-1.5124005014594966
11.003775119781494,0.9999997611975833,-0.49999988059879175,0.7999998089580664,1.0,-0.5,0.8,2.3880241672991076e-07,-1.1940120825393308e-07,1.910419336059732e-07,-12.437487625889407,-3.7699183436943633,-1.5124005130539404
11.01374888420105,0.9999997641110648,-0.49999988205553253,0.7999998112888517,1.0,-0.5,0.8,2.3588893516279796e-07,-1.1794446747037668e-07,1.8871114837448744e-07,-12.43748772866407,-3.7699183848478284,-1.5124005248312715
11.023745059967041,0.9999997672021657,-0.49999988360108294,0.7999998137617323,1.0,-0.5,0.8,2.327978343430459e-07,-1.1639891706050065e-07,1.8623826769648133e-07,-12.437487833437604,-3.7699184266973873,-1.5124005367760562
11.033766984939575,0.9999997704642424,-0.4999998852321213,0.7999998163713937,1.0,-0.5,0.8,2.2953575762318934e-07,-1.1476787870057237e-07,1.8362860632059608e-07,-12.437487940065251,-3.7699184691872683,-1.5124005488729997
11.043780088424683,0.9999997738906133,-0.4999998869453068,0.7999998191124904,1.0,-0.5,0.8,2.2610938665845737e-07,-1.1305469321820638e-07,1.8088750963762834e-07,-12.437488048403306,-3.7699185122621754,-1.5124005611069629
11.053788185119629,0.9999997774745663,-0.49999988873728324,0.7999998219796527,1.0,-0.5,0.8,2.2252543374623457e-07,-1.1126271676209498e-07,1.7802034735225902e-07,-12.437488158309222,-3.769918555867332,-1.5124005734629697
11.06376838684082,0.9999997812093655,-0.49999989060468286,0.7999998249674921,1.0,-0.5,0.8,2.1879063449858904e-07,-1.0939531713827222e-07,1.7503250793193814e-07,-12.437488269641731,-3.769918599948528,-1.512400585926225
11.073755979537964,0.9999997850882594,-0.4999998925441298,0.7999998280706072,1.0,-0.5,0.8,2.1491174062582274e-07,-1.0745587020188907e-07,1.719293928337251e-07,-12.437488382260975,-3.769918644452162,-1.5124005984821194
11.083787202835083,0.9999997891044872,-0.4999998945522437,0.7999998312835894,1.0,-0.5,0.8,2.1089551283104413e-07,-1.0544775630449976e-07,1.6871641062010667e-07,-12.437488496028598,-3.7699186893252823,-1.512400611116245
11.093791484832764,0.9999997932512859,-0.49999989662564304,0.7999998346010284,1.0,-0.5,0.8,2.0674871414883e-07,-1.033743569633927e-07,1.6539897162992645e-07,-12.43748861080786,-3.7699187345156244,-1.5124006238144023
11.103793621063232,0.9999997975218973,-0.49999989876094875,0.7999998380175176,1.0,-0.5,0.8,2.0247810272877587e-07,-1.0123905125336563e-07,1.6198248242726976e-07,-12.437488726463755,-3.7699187799716545,-1.512400636562613
11.113786697387695,0.9999998019095746,-0.4999999009547874,0.7999998415276595,1.0,-0.5,0.8,1.9809042539620236e-07,-9.904521258707888e-08,1.5847234058341542e-07,-12.437488842863093,-3.769918825642603,-1.5124006493471271
11.12375807762146,0.9999998064075888,-0.4999999032037945,0.7999998451260708,1.0,-0.5,0.8,1.9359241121286175e-07,-9.679620549540857e-08,1.5487392923674292e-07,-12.437488959874603,-3.7699188714784992,-1.5124006621544352
11.133772373199463,0.9999998110092352,-0.49999990550461765,0.7999998488073878,1.0,-0.5,0.8,1.8899076481559973e-07,-9.449538235228871e-08,1.5119261220775115e-07,-12.437489077369035,-3.769918917430211,-1.5124006749712737
11.143775939941406,0.9999998157078394,-0.49999990785391973,0.7999998525662712,1.0,-0.5,0.8,1.8429216064319576e-07,-9.214608026608673e-08,1.4743372889203243e-07,-12.437489195219234,-3.7699189634494674,-1.512400687784635
11.153786420822144,0.9999998204967636,-0.49999991024838186,0.7999998563974106,1.0,-0.5,0.8,1.7950323638604715e-07,-8.975161813751242e-08,1.4360258948631355e-07,-12.437489313300231,-3.7699190094888992,-1.5124007005817748
11.163832664489746,0.9999998253694127,-0.49999991268470634,0.7999998602955297,1.0,-0.5,0.8,1.746305873240317e-07,-8.731529366201585e-08,1.3970447032551903e-07,-12.437489431489334,-3.7699190555020654,-1.5124007133502213
11.173814535140991,0.9999998303192393,-0.49999991515961967,0.799999864255391,1.0,-0.5,0.8,1.696807606643702e-07,-8.48403803321851e-08,1.3574460899778984e-07,-12.43748954966619,-3.769919101443475,-1.5124007260777792
11.183804035186768,0.9999998353397502,-0.49999991766987506,0.7999998682717997,1.0,-0.5,0.8,1.6466024976846683e-07,-8.233012493974456e-08,1.317282003476805e-07,-12.437489667712862,-3.7699191472686233,-1.512400738752539
11.193832874298096,0.9999998404245111,-0.4999999202122555,0.7999998723396085,1.0,-0.5,0.8,1.5957548893386075e-07,-7.978774452244153e-08,1.276603915911778e-07,-12.437489785513915,-3.769919192934011,-1.5124007513628819
11.203813076019287,0.9999998455671523,-0.4999999227835761,0.7999998764537214,1.0,-0.5,0.8,1.5443284773208887e-07,-7.721642392155559e-08,1.2354627865196477e-07,-12.437489902956457,-3.7699192383971663,-1.5124007638974855
11.21376347541809,0.9999998507613734,-0.49999992538068666,0.7999998806090983,1.0,-0.5,0.8,1.4923862656779363e-07,-7.461931333940797e-08,1.1939090172052857e-07,-12.437490019930214,-3.769919283616671,-1.5124007763453309
11.223757982254028,0.9999998560009488,-0.4999999280004743,0.7999998848007587,1.0,-0.5,0.8,1.4399905123863022e-07,-7.199952567482626e-08,1.1519924136838e-07,-12.43749013632759,-3.7699193285521786,-1.512400788695704
11.233774662017822,0.9999998612797317,-0.4999999306398658,0.799999889023785,1.0,-0.5,0.8,1.3872026827232986e-07,-6.936013419167608e-08,1.1097621499533972e-07,-12.437490252043714,-3.7699193731644347,-1.5124008009382055
11.243759155273438,0.9999998665916593,-0.4999999332958296,0.7999998932733271,1.0,-0.5,0.8,1.3340834070785235e-07,-6.670417040943732e-08,1.067266729437577e-07,-12.437490366976496,-3.7699194174152924,-1.5124008130627493
11.25379753112793,0.9999998719307566,-0.49999993596537823,0.799999897544605,1.0,-0.5,0.8,1.280692434324493e-07,-6.40346217717358e-08,1.0245539505682189e-07,-12.43749048102667,-3.7699194612677265,-1.5124008250595702
11.263801574707031,0.9999998772911411,-0.4999999386455705,0.7999999018329127,1.0,-0.5,0.8,1.227088588517944e-07,-6.135442948140835e-08,9.816708734788904e-08,-12.437490594097834,-3.7699195046858542,-1.5124008369192259
11.27383828163147,0.9999998826670269,-0.4999999413335134,0.7999999061336214,1.0,-0.5,0.8,1.1733297311522506e-07,-5.866648661312368e-08,9.386637866981573e-08,-12.437490706096504,-3.7699195476349434,-1.5124008486326
11.283811807632446,0.9999998880527279,-0.4999999440263639,0.7999999104421822,1.0,-0.5,0.8,1.1194727211893962e-07,-5.597363611498096e-08,8.955781782837846e-08,-12.437490816932128,-3.7699195900814266,-1.5124008601909047
11.293736457824707,0.9999998934426622,-0.499999946721331,0.7999999147541297,1.0,-0.5,0.8,1.0655733784226129e-07,-5.3278668976641796e-08,8.524587036262687e-08,-12.437490926517128,-3.7699196319929094,-1.5124008715856834
11.303741455078125,0.9999998988313551,-0.4999999494156775,0.799999919065084,1.0,-0.5,0.8,1.0116864490594679e-07,-5.058432250848455e-08,8.093491599137081e-08,-12.437491034766936,-3.7699196733381783,-1.5124008828088114
11.313743114471436,0.9999999042134429,-0.4999999521067214,0.7999999233707542,1.0,-0.5,0.8,9.5786557130495e-08,-4.789327862075865e-08,7.662924583762276e-08,-12.437491141600006,-3.769919714087215,-1.5124008938524987
11.323789596557617,0.9999999095836754,-0.4999999547918376,0.7999999276669403,1.0,-0.5,0.8,9.041632464956706e-08,-4.520816238029468e-08,7.233305976406257e-08,-12.437491246937835,-3.7699197542111933,-1.5124009047092903
11.333818197250366,0.9999999149369195,-0.4999999574684597,0.7999999319495357,1.0,-0.5,0.8,8.506308046829503e-08,-4.2531540289658665e-08,6.805046437463602e-08,-12.437491350704997,-3.769919793682491,-1.512400915372068
11.343758821487427,0.999999920268162,-0.49999996013408093,0.7999999362145296,1.0,-0.5,0.8,7.97318380207912e-08,-3.986591906590675e-08,6.378547046104188e-08,-12.437491452829132,-3.7699198324746908,-1.512400925834049
11.353762149810791,0.9999999255725114,-0.49999996278625564,0.7999999404580092,1.0,-0.5,0.8,7.442748861663517e-08,-3.721374436382874e-08,5.954199089330814e-08,-12.43749155324098,-3.769919870562582,-1.5124009360887871
11.363796949386597,0.9999999308452012,-0.49999996542260056,0.7999999446761611,1.0,-0.5,0.8,6.915479877633857e-08,-3.4577399443680434e-08,5.532383895445747e-08,-12.437491651874371,-3.769919907922162,-1.5124009461301722
11.373802185058594,0.9999999360815921,-0.499999968040796,0.7999999488652738,1.0,-0.5,0.8,6.391840789987668e-08,-3.195920400544949e-08,5.1134726231083505e-08,-12.437491748666245,-3.769919944530639,-1.5124009559524298
11.383751153945923,0.9999999412771736,-0.49999997063858675,0.799999953021739,1.0,-0.5,0.8,5.872282637930937e-08,-2.9361413245165835e-08,4.697826105903857e-08,-12.437491843556641,-3.7699199803664256,-1.512400965550121
11.39380693435669,0.9999999464275663,-0.4999999732137831,0.7999999571420532,1.0,-0.5,0.8,5.357243371140186e-08,-2.678621691121208e-08,4.285794685809918e-08,-12.437491936488692,-3.76992001540914,-1.5124009749181389
11.403808832168579,0.9999999515285235,-0.4999999757642617,0.799999961222819,1.0,-0.5,0.8,4.847147649922334e-08,-2.4235738305122823e-08,3.877718102174299e-08,-12.43749202740864,-3.7699200496396026,-1.5124009840517092
11.413816928863525,0.9999999565759331,-0.4999999782879665,0.7999999652607467,1.0,-0.5,0.8,4.3424066897834734e-08,-2.171203350442852e-08,3.4739253362836564e-08,-12.437492116265805,-3.769920083039825,-1.5124009929463869
11.423850774765015,0.9999999615658186,-0.49999998078290925,0.799999969252655,1.0,-0.5,0.8,3.843418139304333e-08,-1.9217090752032817e-08,3.074734500341236e-08,-12.43749220301258,-3.769920115593014,-1.5124010015980554
11.433841466903687,0.9999999664943405,-0.4999999832471702,0.7999999731954726,1.0,-0.5,0.8,3.3505659469135196e-08,-1.675282979007875e-08,2.6804527486490315e-08,-12.437492287604437,-3.769920147283556,-1.5124010100029233
11.44385814666748,0.9999999713577977,-0.4999999856788988,0.7999999770862383,1.0,-0.5,0.8,2.864220227660752e-08,-1.4321101193814911e-08,2.2913761776877095e-08,-12.437492369999873,-3.769920178097013,-1.5124010181575216
11.453815698623657,0.9999999761526279,-0.4999999880763139,0.7999999809221024,1.0,-0.5,0.8,2.3847372077057116e-08,-1.192368609403971e-08,1.907789759503231e-08,-12.437492450160423,-3.769920208020115,-1.5124010260587017
11.463816165924072,0.9999999808754089,-0.4999999904377044,0.7999999847003273,1.0,-0.5,0.8,1.912459113295739e-08,-9.562295621989847e-09,1.529967275093469e-08,-12.437492528050626,-3.7699202370407443,-1.5124010337036298
11.473803520202637,0.9999999855228588,-0.49999999276142937,0.7999999884182872,1.0,-0.5,0.8,1.4477141152546835e-08,-7.238570631784569e-09,1.1581712811015166e-08,-12.437492603637999,-3.769920265147932,-1.5124010410897866
11.48381233215332,0.9999999900918369,-0.4999999950459184,0.7999999920734697,1.0,-0.5,0.8,9.908163067784415e-09,-4.9540815894033585e-09,7.926530321000769e-09,-12.437492676893006,-3.769920292331837,-1.512401048214961
11.493809223175049,0.9999999945793436,-0.49999999728967176,0.7999999956634751,1.0,-0.5,0.8,5.420656368215759e-09,-2.710328239619031e-09,4.3365249169369235e-09,-12.437492747789051,-3.769920318583743,-1.5124010550772482
11.503797769546509,0.9999999989825209,-0.4999999994912604,0.7999999991860169,1.0,-0.5,0.8,1.017479100973162e-09,-5.087396059977323e-10,8.139831031428457e-10,-12.437492816302408,-3.7699203438960356,-1.5124010616750427
11.513761520385742,1.000000003298652,-0.500000001649326,0.8000000026389219,1.0,-0.5,0.8,-3.2986520182021195e-09,1.6493260091010598e-09,-2.638921858810761e-09,-12.437492882412213,-3.7699203682621976,-1.5124010680070374
11.523808240890503,1.0000000075251618,-0.5000000037625809,0.8000000060201298,1.0,-0.5,0.8,-7.525161827004467e-09,3.762580913502234e-09,-6.0201297280571e-09,-12.437492946100434,-3.769920391676784,-1.5124010740722156
11.533799409866333,1.0000000116596164,-0.5000000058298082,0.8000000093276934,1.0,-0.5,0.8,-1.1659616383496996e-08,5.829808191748498e-09,-9.327693395455583e-09,-12.43749300735182,-3.769920414135413,-1.5124010798698493
11.543790578842163,1.0000000156997222,-0.5000000078498611,0.8000000125597782,1.0,-0.5,0.8,-1.5699722188955434e-08,7.849861094477717e-09,-1.2559778106435715e-08,-12.437493066153849,-3.7699204356347424,-1.5124010853994907
11.553843975067139,1.000000019643326,-0.500000009821663,0.8000000157146613,1.0,-0.5,0.8,-1.9643326076845824e-08,9.821663038422912e-09,-1.5714661238952488e-08,-12.437493122496702,-3.7699204561724615,-1.5124010906609708
11.56381368637085,1.0000000234884145,-0.5000000117442073,0.8000000187907321,1.0,-0.5,0.8,-2.3488414546690706e-08,1.1744207273345353e-08,-1.8790732081441774e-08,-12.437493176373227,-3.7699204757472646,-1.5124010956543907
11.5737886428833,1.0000000272331129,-0.5000000136165564,0.8000000217864909,1.0,-0.5,0.8,-2.7233112875890697e-08,1.3616556437945349e-08,-2.178649083361961e-08,-12.437493227778875,-3.7699204943588343,-1.5124011003801192
11.583836078643799,1.0000000308756842,-0.5000000154378421,0.8000000247005479,1.0,-0.5,0.8,-3.0875684231546074e-08,1.5437842115773037e-08,-2.470054782932607e-08,-12.437493276711654,-3.769920512007824,-1.5124011048387835
11.593798875808716,1.0000000344145283,-0.5000000172072642,0.8000000275316232,1.0,-0.5,0.8,-3.441452833818914e-08,1.720726416909457e-08,-2.7531623203458366e-08,-12.437493323172088,-3.7699205286958364,-1.5124011090312668
11.603811264038086,1.000000037848181,-0.5000000189240905,0.8000000302785455,1.0,-0.5,0.8,-3.784818103369503e-08,1.8924090516847514e-08,-3.0278545448680916e-08,-12.437493367163167,-3.7699205444254025,-1.5124011129586996
11.613795280456543,1.0000000411753125,-0.5000000205876562,0.8000000329402507,1.0,-0.5,0.8,-4.117531249292483e-08,2.0587656246462416e-08,-3.294025063826922e-08,-12.437493408690283,-3.7699205591999623,-1.512401116622456
11.62381362915039,1.0000000443947261,-0.5000000221973631,0.8000000355157816,1.0,-0.5,0.8,-4.4394726117502614e-08,2.2197363058751307e-08,-3.5515781537931446e-08,-12.437493447761193,-3.769920573023841,-1.5124011200241456
11.633837699890137,1.0000000475053568,-0.5000000237526784,0.8000000380042861,1.0,-0.5,0.8,-4.750535675945855e-08,2.3752678379729275e-08,-3.8004286051496194e-08,-12.43749348438595,-3.7699205859022307,-1.5124011231656083
11.643858671188354,1.0000000505062694,-0.5000000252531347,0.8000000404050162,1.0,-0.5,0.8,-5.05062693889613e-08,2.525313469448065e-08,-4.0405016110689473e-08,-12.437493518576845,-3.769920597841159,-1.5124011260489065
11.65378713607788,1.0000000533966575,-0.5000000266983288,0.8000000427173266,1.0,-0.5,0.8,-5.3396657540005776e-08,2.6698328770002888e-08,-4.271732656491167e-08,-12.437493550348371,-3.769920608847478,-1.512401128676321
11.663819789886475,1.0000000561758413,-0.5000000280879207,0.8000000449406736,1.0,-0.5,0.8,-5.61758413120117e-08,2.808792065600585e-08,-4.494067351590303e-08,-12.437493579717145,-3.769920618928835,-1.5124011310503418
11.67385196685791,1.0000000588432656,-0.5000000294216328,0.8000000470746129,1.0,-0.5,0.8,-5.8843265593466754e-08,2.9421632796733377e-08,-4.707461287445369e-08,-12.43749360670185,-3.7699206280936455,-1.5124011331736624
11.683804512023926,1.000000061398498,-0.500000030699249,0.8000000491187989,1.0,-0.5,0.8,-6.139849806352515e-08,3.0699249031762577e-08,-4.911879880609149e-08,-12.437493631323179,-3.7699206363510767,-1.512401135049174
11.693804025650024,1.0000000638412274,-0.5000000319206137,0.8000000510729822,1.0,-0.5,0.8,-6.384122741565079e-08,3.1920613707825396e-08,-5.10729821767697e-08,-12.437493653603786,-3.7699206437110173,-1.512401136679957
11.703793048858643,1.000000066171261,-0.5000000330856305,0.800000052937009,1.0,-0.5,0.8,-6.61712609151266e-08,3.30856304575633e-08,-5.29370089985548e-08,-12.437493673568198,-3.769920650184059,-1.5124011380692748
11.713768720626831,1.0000000683885224,-0.5000000341942612,0.8000000547108183,1.0,-0.5,0.8,-6.838852240065307e-08,3.419426120032654e-08,-5.4710818209180445e-08,-12.43749369124278,-3.769920655781467,-1.512401139220568
11.723802328109741,1.0000000704930503,-0.5000000352465251,0.8000000563944405,1.0,-0.5,0.8,-7.049305028594688e-08,3.524652514297344e-08,-5.639444045080211e-08,-12.437493706655653,-3.7699206605151545,-1.5124011401374455
11.733769178390503,1.0000000724849945,-0.5000000362424972,0.8000000579879958,1.0,-0.5,0.8,-7.248499445111634e-08,3.624249722555817e-08,-5.798799573852875e-08,-12.437493719836631,-3.769920664397663,-1.5124011408236788
11.743811845779419,1.0000000743646147,-0.5000000371823073,0.8000000594916921,1.0,-0.5,0.8,-7.43646146883492e-08,3.71823073441746e-08,-5.949169201713289e-08,-12.437493730817181,-3.7699206674421344,-1.5124011412831946
11.753820180892944,1.000000076132278,-0.500000038066139,0.8000000609058227,1.0,-0.5,0.8,-7.613227803737743e-08,3.8066139018688716e-08,-6.090582260753763e-08,-12.437493739630327,-3.769920669662285,-1.512401141520068
11.763819932937622,1.0000000777884557,-0.5000000388942278,0.8000000622307648,1.0,-0.5,0.8,-7.778845567685266e-08,3.889422783842633e-08,-6.223076476352674e-08,-12.437493746310603,-3.7699206710723803,-1.5124011415385143
11.773877143859863,1.0000000793337214,-0.5000000396668607,0.8000000634669774,1.0,-0.5,0.8,-7.933372137003403e-08,3.9666860685017014e-08,-6.346697734027629e-08,-12.437493750893985,-3.7699206716872116,-1.5124011413428842
11.783837080001831,1.0000000807687481,-0.5000000403843741,0.8000000646149987,1.0,-0.5,0.8,-8.076874813411905e-08,4.0384374067059525e-08,-6.461499868493092e-08,-12.437493753417833,-3.7699206715220694,-1.5124011409376543
11.793789386749268,1.0000000820943056,-0.5000000410471528,0.8000000656754447,1.0,-0.5,0.8,-8.20943055757084e-08,4.10471527878542e-08,-6.567544463820241e-08,-12.43749375392081,-3.7699206705927195,-1.5124011403274225
11.803802013397217,1.0000000833112574,-0.5000000416556287,0.8000000666490062,1.0,-0.5,0.8,-8.331125744831525e-08,4.165562872415762e-08,-6.664900620290126e-08,-12.437493752442828,-3.769920668915373,-1.5124011395168986
11.813749074935913,1.0000000844205592,-0.5000000422102796,0.8000000675364476,1.0,-0.5,0.8,-8.442055920987457e-08,4.2210279604937284e-08,-6.753644754553534e-08,-12.437493749024991,-3.769920666506669,-1.5124011385108995
11.823745012283325,1.0000000854232542,-0.5000000427116271,0.8000000683386036,1.0,-0.5,0.8,-8.542325424798491e-08,4.271162712399246e-08,-6.833860355381915e-08,-12.437493743709506,-3.769920663383643,-1.51240113731434
11.833764553070068,1.000000086320472,-0.500000043160236,0.8000000690563779,1.0,-0.5,0.8,-8.632047210355154e-08,4.316023605177577e-08,-6.905637783827245e-08,-12.437493736539645,-3.7699206595637027,-1.5124011359322278
11.84377932548523,1.0000000871134251,-0.5000000435567126,0.8000000696907403,1.0,-0.5,0.8,-8.711342514011733e-08,4.3556712570058664e-08,-6.969074028972955e-08,-12.437493727559666,-3.7699206550646083,-1.5124011343696568
11.853773832321167,1.0000000878034057,-0.5000000439017028,0.8000000702427248,1.0,-0.5,0.8,-8.780340565728295e-08,4.3901702828641476e-08,-7.024272474787097e-08,-12.437493716814753,-3.7699206499044413,-1.512401132631798
11.863788366317749,1.0000000883917832,-0.5000000441958916,0.8000000707134268,1.0,-0.5,0.8,-8.839178322617158e-08,4.419589161308579e-08,-7.071342678077741e-08,-12.437493704350945,-3.7699206441015845,-1.5124011307238958
11.873791933059692,1.0000000888800014,-0.5000000444400008,0.8000000711040014,1.0,-0.5,0.8,-8.888000135875984e-08,4.444000079040222e-08,-7.11040013534614e-08,-12.437493690215085,-3.7699206376746917,-1.5124011286512582
11.88375735282898,1.0000000892695753,-0.5000000446347878,0.8000000714156605,1.0,-0.5,0.8,-8.926957528743173e-08,4.463478775473817e-08,-7.141566049639891e-08,-12.437493674454757,-3.7699206306426754,-1.5124011264192538
11.893819332122803,1.0000000895620882,-0.5000000447810442,0.8000000716496708,1.0,-0.5,0.8,-8.956208819022038e-08,4.478104420613249e-08,-7.164967075201645e-08,-12.437493657118203,-3.7699206230246656,-1.5124011240333006
11.903802156448364,1.0000000897591887,-0.5000000448795945,0.8000000718073512,1.0,-0.5,0.8,-8.975918874831734e-08,4.4879594485180974e-08,-7.180735117628956e-08,-12.437493638254288,-3.769920614840003,-1.512401121498864
11.913841962814331,1.000000089862588,-0.5000000449312941,0.8000000718900706,1.0,-0.5,0.8,-8.986258803744818e-08,4.493129412974639e-08,-7.18900705631853e-08,-12.437493617912418,-3.7699206061082022,-1.5124011188214481
11.923836946487427,1.0000000898740566,-0.5000000449370284,0.8000000718992456,1.0,-0.5,0.8,-8.987405664129255e-08,4.493702843166858e-08,-7.189924555728311e-08,-12.437493596142497,-3.76992059684894,-1.51240111600659
11.93379831314087,1.000000089795422,-0.5000000448977111,0.8000000718363378,1.0,-0.5,0.8,-8.979542198694901e-08,4.489771110449681e-08,-7.183633776719489e-08,-12.437493572994859,-3.7699205870820256,-1.5124011130598531
11.943803787231445,1.0000000896285646,-0.5000000448142824,0.8000000717028518,1.0,-0.5,0.8,-8.962856457017665e-08,4.481428239611063e-08,-7.170285176716362e-08,-12.4374935485202,-3.769920576827377,-1.5124011099868222
11.953840494155884,1.0000000893754157,-0.500000044687708,0.8000000715003327,1.0,-0.5,0.8,-8.937541573494912e-08,4.468770797849686e-08,-7.150033265457267e-08,-12.437493522769541,-3.7699205661050046,-1.5124011067930954
11.963827848434448,1.0000000890379543,-0.5000000445189773,0.8000000712303637,1.0,-0.5,0.8,-8.90379543427855e-08,4.451897728241505e-08,-7.123036360745516e-08,-12.437493495794145,-3.769920554934984,-1.5124011034842813
11.97382926940918,1.0000000886182043,-0.5000000443091023,0.8000000708945636,1.0,-0.5,0.8,-8.861820433025969e-08,4.4309102276152146e-08,-7.089456355302559e-08,-12.437493467645488,-3.7699205433374403,-1.5124011000659898
11.983824968338013,1.0000000881182312,-0.5000000440591157,0.800000070494585,1.0,-0.5,0.8,-8.81182311562867e-08,4.405911568916565e-08,-7.049458494723382e-08,-12.437493438375189,-3.76992053133252,-1.5124010965438295
11.993803024291992,1.0000000875401391,-0.5000000437700697,0.8000000700321114,1.0,-0.5,0.8,-8.75401391375874e-08,4.3770069679816004e-08,-7.003211133227438e-08,-12.437493408034939,-3.7699205189403755,-1.5124010929233989
12.00381088256836,1.0000000868860688,-0.5000000434430345,0.8000000695088552,1.0,-0.5,0.8,-8.688606878415328e-08,4.344303450309894e-08,-6.950885511614047e-08,-12.437493376676482,-3.7699205061811445,-1.5124010892102844
12.013765096664429,1.000000086158194,-0.5000000430790971,0.8000000689265552,1.0,-0.5,0.8,-8.615819391266655e-08,4.3079097067355576e-08,-6.892655513013324e-08,-12.437493344351546,-3.7699204930749266,-1.5124010854100527
12.023777961730957,1.0000000853587183,-0.5000000426793593,0.8000000682869747,1.0,-0.5,0.8,-8.535871831583108e-08,4.2679359268937844e-08,-6.82869746304604e-08,-12.437493311111782,-3.76992047964177,-1.5124010815282465
12.033781051635742,1.0000000844898735,-0.5000000422449369,0.8000000675918988,1.0,-0.5,0.8,-8.448987354192639e-08,4.2244936881985495e-08,-6.759189874472327e-08,-12.437493277008727,-3.7699204659016443,-1.5124010775703793
12.04377818107605,1.0000000835539158,-0.500000041776958,0.8000000668431325,1.0,-0.5,0.8,-8.35539157861831e-08,4.177695800411385e-08,-6.684313247351525e-08,-12.437493242093744,-3.7699204518744303,-1.51240107354193
12.05382227897644,1.0000000825531232,-0.5000000412765617,0.8000000660424984,1.0,-0.5,0.8,-8.255312322624775e-08,4.127656172414618e-08,-6.60424983589536e-08,-12.437493206417994,-3.7699204375798954,-1.5124010694483383
12.06378698348999,1.0000000814897934,-0.5000000407448968,0.8000000651918345,1.0,-0.5,0.8,-8.14897933576475e-08,4.074489678984605e-08,-6.519183448627786e-08,-12.437493170032361,-3.7699204230376817,-1.5124010652950006
12.073782920837402,1.0000000803662403,-0.5000000401831203,0.8000000642929921,1.0,-0.5,0.8,-8.036624032925488e-08,4.018312027564974e-08,-6.42929920413593e-08,-12.437493132987434,-3.7699204082672853,-1.5124010610872658
12.083823919296265,1.000000079184792,-0.5000000395923961,0.8000000633478335,1.0,-0.5,0.8,-7.918479205670792e-08,3.959239613937626e-08,-6.334783342332173e-08,-12.437493095333442,-3.76992039328804,-1.5124010568304291
12.093791246414185,1.000000077947788,-0.5000000389738941,0.8000000623582302,1.0,-0.5,0.8,-7.794778800196411e-08,3.897389411200436e-08,-6.235823013511776e-08,-12.437493057120221,-3.769920378119102,-1.5124010525297298
12.103761196136475,1.0000000766575763,-0.5000000383287883,0.8000000613260607,1.0,-0.5,0.8,-7.665757628672054e-08,3.832878825438257e-08,-6.132606067410507e-08,-12.437493018397168,-3.769920362779433,-1.5124010481903452
12.113741636276245,1.0000000753165112,-0.5000000376582557,0.8000000602532086,1.0,-0.5,0.8,-7.531651124992322e-08,3.7658255735983914e-08,-6.025320853364491e-08,-12.437492979213205,-3.769920347287789,-1.512401043817389
12.123773336410522,1.000000073926951,-0.5000000369634756,0.8000000591415604,1.0,-0.5,0.8,-7.392695100527646e-08,3.6963475613660535e-08,-5.914156031572304e-08,-12.437492939616732,-3.7699203316627017,-1.5124010394159055
12.133789539337158,1.000000072491255,-0.5000000362456276,0.8000000579930036,1.0,-0.5,0.8,-7.24912549987522e-08,3.62456276103984e-08,-5.799300351050363e-08,-12.437492899655595,-3.769920315922462,-1.5124010349908668
12.143741369247437,1.0000000710117816,-0.5000000355058909,0.8000000568094249,1.0,-0.5,0.8,-7.101178156609933e-08,3.550589089407197e-08,-5.6809424830994715e-08,-12.437492859377047,-3.7699203000851154,-1.512401030547168
12.15376901626587,1.000000069490886,-0.5000000347454431,0.8000000555927083,1.0,-0.5,0.8,-6.94908859344423e-08,3.4745443078243454e-08,-5.559270821464679e-08,-12.43749281882772,-3.7699202841684407,-1.5124010260896275
12.163803815841675,1.0000000679309173,-0.5000000339654588,0.8000000543447333,1.0,-0.5,0.8,-6.793091733570122e-08,3.3965458778872915e-08,-5.4344733269040546e-08,-12.437492778053576,-3.769920268189942,-1.5124010216229793
12.173793315887451,1.000000066334217,-0.5000000331671086,0.8000000530673731,1.0,-0.5,0.8,-6.633421700819042e-08,3.316710861511751e-08,-5.3067373051440825e-08,-12.43749273709988,-3.769920252166832,-1.512401017151871
12.183815717697144,1.0000000647031166,-0.5000000323515584,0.8000000517624928,1.0,-0.5,0.8,-6.470311664230621e-08,3.235155843217541e-08,-5.1762492736529e-08,-12.437492696011187,-3.7699202361160298,-1.5124010126808645
12.19384765625,1.000000063039935,-0.5000000315199676,0.8000000504319476,1.0,-0.5,0.8,-6.303993504985783e-08,3.151996763595122e-08,-5.0431947506979213e-08,-12.43749265483128,-3.7699202200541353,-1.5124010082144277
12.203860759735107,1.0000000613469773,-0.5000000306734887,0.8000000490775813,1.0,-0.5,0.8,-6.1346977275889e-08,3.0673488748966804e-08,-4.907758122119077e-08,-12.437492613603164,-3.7699202039974375,-1.5124010037569364
12.213762998580933,1.0000000596265315,-0.5000000298132659,0.8000000477012247,1.0,-0.5,0.8,-5.962653149005348e-08,2.981326585604904e-08,-4.770122463693127e-08,-12.437492572369026,-3.769920187961884,-1.5124009993126684
12.223792314529419,1.000000057880868,-0.5000000289404342,0.800000046304694,1.0,-0.5,0.8,-5.788086809843662e-08,2.8940434160240613e-08,-4.6304693968046706e-08,-12.43749253117023,-3.769920171963091,-1.5124009948858037
12.233797550201416,1.0000000561122373,-0.5000000280561188,0.8000000448897893,1.0,-0.5,0.8,-5.611223730106474e-08,2.805611876155467e-08,-4.4889789219126897e-08,-12.437492490047266,-3.769920156016322,-1.5124009904804219
12.243801593780518,1.0000000543228669,-0.5000000271614335,0.8000000434582929,1.0,-0.5,0.8,-5.432286687145904e-08,2.7161433546751823e-08,-4.345829285323788e-08,-12.437492449039738,-3.769920140136482,-1.5124009861004983
12.253823041915894,1.0000000525149608,-0.5000000262574805,0.8000000420119682,1.0,-0.5,0.8,-5.251496082436802e-08,2.625748052320631e-08,-4.201196812658736e-08,-12.437492408186339,-3.7699201243381113,-1.512400981749903
12.263801336288452,1.000000050690698,-0.5000000253453492,0.8000000405525579,1.0,-0.5,0.8,-5.0690698083499797e-08,2.53453491527722e-08,-4.0552557867279404e-08,-12.43749236752485,-3.7699201086353815,-1.5124009774324005
12.27379846572876,1.0000000488522298,-0.500000024426115,0.8000000390817833,1.0,-0.5,0.8,-4.885222981698689e-08,2.442611501951575e-08,-3.908178325406908e-08,-12.43749232709209,-3.76992009304208,-1.5124009731516468
12.28380298614502,1.0000000470016788,-0.5000000235008395,0.8000000376013424,1.0,-0.5,0.8,-4.7001678771252386e-08,2.3500839496648496e-08,-3.7601342373072555e-08,-12.437492286923915,-3.7699200775716144,-1.512400968911187
12.293792009353638,1.000000045141137,-0.5000000225705686,0.800000036112909,1.0,-0.5,0.8,-4.5141137050563884e-08,2.2570568636304245e-08,-3.611290899652175e-08,-12.437492247055209,-3.7699200622369964,-1.5124009647144565
12.30381178855896,1.000000043272665,-0.5000000216363326,0.8000000346181314,1.0,-0.5,0.8,-4.3272665006810485e-08,2.1636332614427545e-08,-3.4618131361519033e-08,-12.43749220751984,-3.7699200470508436,-1.5124009605647766
12.313799381256104,1.0000000413982897,-0.500000020699145,0.8000000331186312,1.0,-0.5,0.8,-4.139828968519055e-08,2.0699144953617576e-08,-3.3118631170836466e-08,-12.437492168350683,-3.769920032025373,-1.5124009564653562
12.3237886428833,1.0000000395200035,-0.5000000197600019,0.8000000316160023,1.0,-0.5,0.8,-3.952000349194407e-08,1.9760001856994336e-08,-3.16160022606482e-08,-12.437492129579582,-3.7699200171723963,-1.5124009524192898
12.333807468414307,1.000000037639763,-0.5000000188198817,0.80000003011181,1.0,-0.5,0.8,-3.763976308412964e-08,1.8819881653087123e-08,-3.011180993439666e-08,-12.437492091237347,-3.769920002503317,-1.5124009484295562
12.343807220458984,1.0000000357594878,-0.500000017879744,0.8000000286075898,1.0,-0.5,0.8,-3.575948781531224e-08,1.7879744018678423e-08,-2.86075897415472e-08,-12.437492053353747,-3.7699199880291268,-1.512400944499019
12.35377287864685,1.0000000338810584,-0.5000000169405293,0.8000000271048463,1.0,-0.5,0.8,-3.388105840329558e-08,1.6940529312670094e-08,-2.7104846256342796e-08,-12.437492015957487,-3.7699199737604014,-1.5124009406304237
12.363828659057617,1.0000000320063167,-0.5000000160031585,0.8000000256050529,1.0,-0.5,0.8,-3.200631670807752e-08,1.6003158465061063e-08,-2.5605052855759425e-08,-12.437491979076217,-3.7699199597073014,-1.5124009368264013
12.373820304870605,1.0000000301370635,-0.5000000150685319,0.8000000241096503,1.0,-0.5,0.8,-3.0137063511403994e-08,1.50685318667243e-08,-2.4109650276216144e-08,-12.437491942736525,-3.769919945879565,-1.5124009330894632
12.383772850036621,1.0000000282750583,-0.5000000141375293,0.8000000226200461,1.0,-0.5,0.8,-2.827505829472443e-08,1.4137529258384518e-08,-2.2620046058463572e-08,-12.437491906963913,-3.769919932286515,-1.5124009294220055
12.393756866455078,1.0000000264220181,-0.5000000132110092,0.8000000211376139,1.0,-0.5,0.8,-2.6422018128968716e-08,1.321100917550666e-08,-2.113761388145008e-08,-12.437491871782811,-3.76991991893705,-1.5124009258263063
12.40374231338501,1.0000000245796168,-0.5000000122898085,0.8000000196636928,1.0,-0.5,0.8,-2.4579616786368774e-08,1.228980850420669e-08,-1.9663692785165665e-08,-12.437491837216577,-3.7699199058396466,-1.512400922304525
12.413737058639526,1.0000000227494839,-0.500000011374742,0.8000000181995864,1.0,-0.5,0.8,-2.274948385228015e-08,1.1374742037162378e-08,-1.8199586393485845e-08,-12.43749180328747,-3.769919893002363,-1.5124009188587055
12.423775434494019,1.000000020933204,-0.5000000104666021,0.8000000167465626,1.0,-0.5,0.8,-2.0933204059048194e-08,1.04666021405464e-08,-1.674656258110474e-08,-12.437491770016686,-3.769919880432832,-1.512400915490775
12.433783054351807,1.0000000191323166,-0.5000000095661584,0.8000000153058526,1.0,-0.5,0.8,-1.9132316619874246e-08,9.566158420959425e-09,-1.530585258535666e-08,-12.43749173742432,-3.7699198681382704,-1.512400912202543
12.443773984909058,1.0000000173483146,-0.5000000086741574,0.800000013878651,1.0,-0.5,0.8,-1.734831456268182e-08,8.674157392363213e-09,-1.3878651006216103e-08,-12.437491705529403,-3.769919856125469,-1.5124009089957033
12.453810691833496,1.0000000155826443,-0.5000000077913223,0.8000000124661149,1.0,-0.5,0.8,-1.5582644286027403e-08,7.791322254036004e-09,-1.2466114807097028e-08,-12.437491674349879,-3.7699198444008113,-1.5124009058718362
12.463802337646484,1.0000000138367047,-0.5000000069183524,0.8000000110693632,1.0,-0.5,0.8,-1.3836704670922018e-08,6.918352446483311e-09,-1.1069363203830562e-08,-12.437491643902618,-3.7699198329702543,-1.512400902832405
12.47379469871521,1.0000000121118473,-0.5000000060559238,0.8000000096894773,1.0,-0.5,0.8,-1.2111847302875844e-08,6.055923762460225e-09,-9.689477220575782e-09,-12.437491614203426,-3.7699198218393497,-1.512400899878761
12.483799457550049,1.0000000104093751,-0.5000000052046877,0.8000000083274996,1.0,-0.5,0.8,-1.0409375139630583e-08,5.204687680837594e-09,-8.327499578797415e-09,-12.437491585267034,-3.7699198110132333,-1.5124008970121419
12.493790864944458,1.0000000087305432,-0.5000000043652716,0.800000006984434,1.0,-0.5,0.8,-8.73054317729327e-09,4.365271588646635e-09,-6.984433920109723e-09,-12.437491557107135,-3.7699198004966386,-1.5124008942336742
12.50381875038147,1.0000000070765571,-0.5000000035382786,0.8000000056612452,1.0,-0.5,0.8,-7.076557118068649e-09,3.5382785590343246e-09,-5.661245139343407e-09,-12.437491529736345,-3.769919790293887,-1.5124008915443725
12.513768672943115,1.0000000054485743,-0.5000000027242871,0.800000004358859,1.0,-0.5,0.8,-5.4485742584375885e-09,2.7242871292187942e-09,-4.3588589404564004e-09,-12.437491503166259,-3.7699197804089075,-1.5124008889451435
12.52375602722168,1.0000000038477026,-0.5000000019238513,0.8000000030781617,1.0,-0.5,0.8,-3.847702600978664e-09,1.923851300489332e-09,-3.078161614489261e-09,-12.437491477407432,-3.769919770845229,-1.512400886436785
12.533914804458618,1.0000000022750006,-0.5000000011375003,0.8000000018200001,1.0,-0.5,0.8,-2.275000632323554e-09,1.137500316161777e-09,-1.8200000395651728e-09,-12.437491452469402,-3.769919761605989,-1.5124008840199874
12.543755292892456,1.0000000007314778,-0.5000000003657389,0.8000000005851817,1.0,-0.5,0.8,-7.314777672462469e-10,3.6573888362312346e-10,-5.851816808899457e-10,-12.437491428360685,-3.7699197526939385,-1.5124008816953365
12.553749799728394,0.9999999992180938,-0.4999999996090469,0.7999999993744745,1.0,-0.5,0.8,7.819062064484683e-10,-3.9095310322423416e-10,6.25525520270287e-10,-12.437491405088805,-3.7699197441114456,-1.5124008794633146
12.563809156417847,0.9999999977357594,-0.4999999988678797,0.799999998188607,1.0,-0.5,0.8,2.2642405728134918e-09,-1.1321202864067459e-09,1.8113930355667662e-09,-12.437491382660298,-3.7699197358605008,-1.5124008773243003
12.573795557022095,0.999999996285336,-0.499999998142668,0.7999999970282683,1.0,-0.5,0.8,3.7146640208263193e-09,-1.8573320104131597e-09,2.9717317495681073e-09,-12.437491361080726,-3.769919727942725,-1.5124008752785725
12.583785057067871,0.9999999948676357,-0.49999999743381784,0.7999999958941081,1.0,-0.5,0.8,5.132364311322135e-09,-2.5661821556610676e-09,4.1058919597602994e-09,-12.437491340354686,-3.769919720359371,-1.512400873326312
12.593766212463379,0.9999999934834217,-0.49999999674171086,0.7999999947867369,1.0,-0.5,0.8,6.516578276993812e-09,-3.258289138496906e-09,5.213263154502101e-09,-12.437491320485838,-3.7699197131113356,-1.512400871467601
12.603768587112427,0.9999999921334086,-0.4999999960667043,0.7999999937067265,1.0,-0.5,0.8,7.866591378302701e-09,-3.9332956891513504e-09,6.293273568935831e-09,-12.437491301476902,-3.7699197061991607,-1.5124008697024274
12.61378526687622,0.9999999908182624,-0.4999999954091312,0.7999999926546095,1.0,-0.5,0.8,9.18173759245633e-09,-4.590868796228165e-09,7.345390518054273e-09,-12.437491283329697,-3.7699196996230406,-1.5124008680306857
12.623810768127441,0.9999999895386008,-0.4999999947693004,0.7999999916308803,1.0,-0.5,0.8,1.0461399191363796e-08,-5.230699595681898e-09,8.369119730566865e-09,-12.437491266045129,-3.769919693382829,-1.512400866452179
12.633819103240967,0.9999999882949938,-0.4999999941474969,0.7999999906359948,1.0,-0.5,0.8,1.1705006186524258e-08,-5.852503093262129e-09,9.364005237877393e-09,-12.437491249623227,-3.769919687478049,-1.512400864966621
12.643834352493286,0.999999987087964,-0.499999993543982,0.799999989670371,1.0,-0.5,0.8,1.2912035995960025e-08,-6.4560179979800125e-09,1.0329629041017085e-08,-12.437491234063167,-3.769919681907898,-1.5124008635736386
12.65380334854126,0.9999999859179868,-0.4999999929589934,0.7999999887343893,1.0,-0.5,0.8,1.4082013222171952e-08,-7.041006611085976e-09,1.1265610777577706e-08,-12.437491219363269,-3.7699196766712513,-1.512400862272773
12.663811683654785,0.9999999847854911,-0.49999999239274556,0.7999999878283928,1.0,-0.5,0.8,1.5214508874983323e-08,-7.607254437491662e-09,1.2171607277622343e-08,-12.43749120552103,-3.7699196717666763,-1.5124008610634825
12.673784732818604,0.99999998369086,-0.49999999184543,0.7999999869526878,1.0,-0.5,0.8,1.6309140038472947e-08,-8.154570019236473e-09,1.3047312230618502e-08,-12.437491192533138,-3.769919667192438,-1.5124008599451453
12.683813095092773,0.9999999826344306,-0.4999999913172153,0.7999999861075443,1.0,-0.5,0.8,1.736556942688594e-08,-8.68278471344297e-09,1.3892455741348897e-08,-12.437491180395496,-3.769919662946502,-1.51240085891706
12.69381856918335,0.9999999816164953,-0.49999999080824764,0.799999985293196,1.0,-0.5,0.8,1.838350471849992e-08,-9.19175235924996e-09,1.4706803996844542e-08,-12.437491169103232,-3.7699196590265474,-1.512400857978451
12.703858613967896,0.9999999806373022,-0.4999999903186511,0.7999999845098416,1.0,-0.5,0.8,1.9362697778468885e-08,-9.681348889234442e-09,1.5490158489228634e-08,-12.437491158650738,-3.7699196554299768,-1.5124008571284662
12.713809728622437,0.9999999796970557,-0.49999998984852784,0.7999999837576444,1.0,-0.5,0.8,2.03029443257563e-08,-1.015147216287815e-08,1.6242355682649645e-08,-12.437491149031667,-3.769919652153917,-1.5124008563661833
12.723822355270386,0.9999999787959171,-0.49999998939795853,0.7999999830367335,1.0,-0.5,0.8,2.1204082933934387e-08,-1.0602041466967194e-08,1.6963266569192115e-08,-12.437491140238969,-3.7699196491952347,-1.512400855690611
12.733873128890991,0.9999999779340053,-0.49999998896700265,0.799999982347204,1.0,-0.5,0.8,2.206599469811721e-08,-1.1032997349058604e-08,1.7652796002742832e-08,-12.437491132264908,-3.769919646550542,-1.5124008551006902
12.743739604949951,0.9999999771113978,-0.4999999885556989,0.799999981689118,1.0,-0.5,0.8,2.2888602235759947e-08,-1.1444301117879974e-08,1.8310882032857023e-08,-12.43749112510109,-3.769919644216203,-1.5124008545952976
12.753754377365112,0.999999976328131,-0.4999999881640655,0.7999999810625046,1.0,-0.5,0.8,2.3671869020525094e-08,-1.1835934510262547e-08,1.893749546066914e-08,-12.437491118738468,-3.769919642188344,-1.512400854173249
12.763741731643677,0.9999999755842014,-0.4999999877921007,0.799999980467361,1.0,-0.5,0.8,2.4415798605126326e-08,-1.2207899302563163e-08,1.9532639061736745e-08,-12.437491113167388,-3.7699196404628648,-1.5124008538332985
12.773741006851196,0.9999999748795662,-0.4999999874397831,0.7999999799036528,1.0,-0.5,0.8,2.5120433844172396e-08,-1.2560216922086198e-08,2.00963472529736e-08,-12.437491108377582,-3.7699196390354417,-1.5124008535741449
12.78382134437561,0.9999999742141441,-0.49999998710707205,0.7999999793713152,1.0,-0.5,0.8,2.5785855894966403e-08,-1.2892927947483201e-08,2.0628684871404346e-08,-12.437491104358223,-3.769919637901543,-1.5124008533944309
12.793773412704468,0.9999999735878163,-0.49999998679390817,0.799999978870253,1.0,-0.5,0.8,2.6412183662394284e-08,-1.3206091831197142e-08,2.112974706314219e-08,-12.437491101097915,-3.7699196370564305,-1.5124008532927475
12.803849458694458,0.9999999730004273,-0.49999998650021366,0.7999999784003418,1.0,-0.5,0.8,2.699957268870179e-08,-1.3499786344350895e-08,2.1599658284188195e-08,-12.437491098584738,-3.7699196364951746,-1.5124008532676358
12.813779592514038,0.9999999724517856,-0.4999999862258928,0.7999999779614284,1.0,-0.5,0.8,2.7548214376338365e-08,-1.3774107188169182e-08,2.2038571634297455e-08,-12.437491096806266,-3.769919636212658,-1.5124008533175897
12.823786735534668,0.999999971941665,-0.4999999859708325,0.799999977553332,1.0,-0.5,0.8,2.8058334988756428e-08,-1.4029167494378214e-08,2.2446668079822985e-08,-12.437491095749582,-3.7699196362035905,-1.5124008534410576
12.833757877349854,0.9999999714698051,-0.49999998573490256,0.799999977175844,1.0,-0.5,0.8,2.8530194873255255e-08,-1.4265097436627627e-08,2.2824156009626506e-08,-12.437491095401302,-3.7699196364625096,-1.5124008536364462
12.843751192092896,0.9999999710359126,-0.4999999855179563,0.79999997682873,1.0,-0.5,0.8,2.896408735075795e-08,-1.4482043675378975e-08,2.3171270013833123e-08,-12.437491095747612,-3.7699196369837997,-1.512400853902121
12.853746891021729,0.9999999706396621,-0.49999998531983103,0.7999999765117296,1.0,-0.5,0.8,2.9360337938655334e-08,-1.4680168969327667e-08,2.348827043974211e-08,-12.437491096774274,-3.76991963776169,-1.5124008542364111
12.863746881484985,0.9999999702806969,-0.49999998514034844,0.7999999762245574,1.0,-0.5,0.8,2.9719303129560615e-08,-1.4859651564780307e-08,2.3775442614670794e-08,-12.437491098466651,-3.7699196387902707,-1.5124008546376098
12.873756885528564,0.9999999699586303,-0.49999998497931514,0.7999999759669042,1.0,-0.5,0.8,3.004136972517557e-08,-1.5020684862587785e-08,2.4033095846753838e-08,-12.437491100809737,-3.7699196400634998,-1.512400855103978
12.883753061294556,0.9999999696730464,-0.4999999848365232,0.7999999757384371,1.0,-0.5,0.8,3.032695361504523e-08,-1.5163476807522613e-08,2.4261562980854023e-08,-12.437491103788178,-3.7699196415752114,-1.5124008556337456
12.893768072128296,0.9999999694235011,-0.49999998471175056,0.7999999755388009,1.0,-0.5,0.8,3.057649888837943e-08,-1.5288249444189717e-08,2.4461199177316928e-08,-12.437491107386284,-3.7699196433191235,-1.5124008562251152
12.903772592544556,0.9999999692095233,-0.49999998460476164,0.7999999753676186,1.0,-0.5,0.8,3.079047672382984e-08,-1.539523836191492e-08,2.4632381467881714e-08,-12.437491111588068,-3.7699196452888493,-1.5124008568762624
12.913745164871216,0.9999999690306155,-0.49999998451530775,0.7999999752244923,1.0,-0.5,0.8,3.096938450131148e-08,-1.548469225065574e-08,2.4775507756480408e-08,-12.437491116377252,-3.7699196474779018,-1.5124008575853416
12.923748254776001,0.9999999688862552,-0.4999999844431276,0.7999999751090041,1.0,-0.5,0.8,3.1113744802802046e-08,-1.5556872401401023e-08,2.489099593105948e-08,-12.437491121737297,-3.769919649879705,-1.5124008583504847
12.933756351470947,0.9999999687758959,-0.49999998438794796,0.7999999750207166,1.0,-0.5,0.8,3.1224104080074255e-08,-1.5612052040037128e-08,2.4979283419490628e-08,-12.43749112765143,-3.7699196524876037,-1.5124008591698055
12.94376540184021,0.9999999686989679,-0.49999998434948395,0.7999999749591742,1.0,-0.5,0.8,3.130103209958435e-08,-1.5650516049792174e-08,2.5040825857303162e-08,-12.437491134102652,-3.7699196552948666,-1.5124008600414007
12.953810214996338,0.9999999686548795,-0.49999998432743975,0.7999999749239034,1.0,-0.5,0.8,3.1345120499182144e-08,-1.5672560249591072e-08,2.507609664359478e-08,-12.437491141073773,-3.7699196582947,-1.5124008609633535
12.963811159133911,0.999999968643018,-0.499999984321509,0.7999999749144142,1.0,-0.5,0.8,3.135698201095494e-08,-1.567849100547747e-08,2.5085585830808554e-08,-12.437491148547421,-3.7699196614802526,-1.5124008619337348
12.973803997039795,0.9999999686627506,-0.4999999843313753,0.7999999749302004,1.0,-0.5,0.8,3.133724935100446e-08,-1.566862467550223e-08,2.5069799680643712e-08,-12.43749115650607,-3.7699196648446236,-1.5124008629506052
12.983860731124878,0.9999999687134259,-0.49999998435671295,0.7999999749707406,1.0,-0.5,0.8,3.1286574109223864e-08,-1.5643287054611932e-08,2.5029259442810314e-08,-12.437491164932066,-3.7699196683808727,-1.5124008640120186
12.993832349777222,0.9999999687943742,-0.4999999843971871,0.7999999750354992,1.0,-0.5,0.8,3.1205625750097e-08,-1.56028128750485e-08,2.4964500799917744e-08,-12.437491173807633,-3.769919672082027,-1.5124008651160228
13.003811120986938,0.9999999689049093,-0.49999998445245464,0.7999999751239273,1.0,-0.5,0.8,3.109509072451999e-08,-1.5547545362259996e-08,2.4876072757251677e-08,-12.437491183114908,-3.7699196759410865,-1.5124008662606616
13.013799905776978,0.9999999690443286,-0.4999999845221643,0.7999999752354628,1.0,-0.5,0.8,3.095567135957822e-08,-1.547783567978911e-08,2.4764537198684877e-08,-12.437491192835944,-3.769919679951033,-1.5124008674439777
13.023765087127686,0.9999999692119153,-0.4999999846059576,0.7999999753695322,1.0,-0.5,0.8,3.0788084748323286e-08,-1.5394042374161643e-08,2.463046788747647e-08,-12.437491202952746,-3.7699196841048406,-1.5124008686640142
13.0337655544281,0.9999999694069382,-0.4999999847034691,0.7999999755255506,1.0,-0.5,0.8,3.0593061750572303e-08,-1.5296530875286152e-08,2.4474449467071224e-08,-12.437491213447284,-3.769919688395477,-1.5124008699188167
13.043788194656372,0.9999999696286539,-0.49999998481432695,0.799999975702923,1.0,-0.5,0.8,3.037134610472947e-08,-1.5185673052364734e-08,2.4297077017010338e-08,-12.43749122430151,-3.7699196928159155,-1.5124008712064354
13.053788900375366,0.9999999698763066,-0.4999999849381533,0.7999999759010452,1.0,-0.5,0.8,3.012369342858534e-08,-1.506184671429267e-08,2.4098954831686115e-08,-12.437491235497376,-3.7699196973591405,-1.5124008725249263
13.063809633255005,0.9999999701491299,-0.49999998507456495,0.7999999761193038,1.0,-0.5,0.8,2.985087010909382e-08,-1.492543505454691e-08,2.3880696198297358e-08,-12.437491247016847,-3.769919702018152,-1.5124008738723531
13.073800086975098,0.9999999704463476,-0.4999999852231738,0.799999976357078,1.0,-0.5,0.8,2.955365241419372e-08,-1.477682620709686e-08,2.364292206458174e-08,-12.437491258841938,-3.7699197067859744,-1.51240087524679
13.083745956420898,0.9999999707671746,-0.4999999853835873,0.7999999766137396,1.0,-0.5,0.8,2.923282538258576e-08,-1.461641269129288e-08,2.338626048370429e-08,-12.437491270954709,-3.7699197116556653,-1.5124008766463215
13.09377145767212,0.9999999711108178,-0.4999999855554089,0.7999999768886542,1.0,-0.5,0.8,2.8889182157598725e-08,-1.4444591078799363e-08,2.3111345837101283e-08,-12.437491283337293,-3.769919716620317,-1.5124008780690477
13.103778839111328,0.9999999714764775,-0.49999998573823873,0.7999999771811819,1.0,-0.5,0.8,2.852352254389956e-08,-1.426176127194978e-08,2.281881816834641e-08,-12.437491295971913,-3.769919721673065,-1.5124008795130806
13.113791942596436,0.9999999718633473,-0.49999998593167366,0.7999999774906779,1.0,-0.5,0.8,2.8136652674426443e-08,-1.4068326337213222e-08,2.2509322183950076e-08,-12.43749130884089,-3.7699197268070965,-1.5124008809765508
13.123850345611572,0.9999999722706165,-0.49999998613530827,0.7999999778164932,1.0,-0.5,0.8,2.7729383456076562e-08,-1.3864691728038281e-08,2.218350680927017e-08,-12.437491321926675,-3.76991973201565,-1.5124008824576063
13.13381052017212,0.9999999726974698,-0.4999999863487349,0.7999999781579757,1.0,-0.5,0.8,2.73025302366392e-08,-1.36512651183196e-08,2.1842024300333662e-08,-12.437491335211837,-3.7699197372920272,-1.5124008839544132
13.14372730255127,0.9999999731430884,-0.4999999865715442,0.7999999785144707,1.0,-0.5,0.8,2.6856911583550414e-08,-1.3428455791775207e-08,2.1485529355658173e-08,-12.437491348679112,-3.769919742629595,-1.5124008854651607
13.153759956359863,0.9999999736066516,-0.4999999868033258,0.7999999788853213,1.0,-0.5,0.8,2.639334839571461e-08,-1.3196674197857305e-08,2.111467878318507e-08,-12.437491362311382,-3.769919748021792,-1.5124008869880587
13.163760423660278,0.9999999740873369,-0.49999998704366844,0.7999999792698695,1.0,-0.5,0.8,2.5912663126348434e-08,-1.2956331563174217e-08,2.0730130501078747e-08,-12.437491376091725,-3.7699197534621347,-1.512400888521342
13.17379355430603,0.9999999745843211,-0.49999998729216055,0.799999979667457,1.0,-0.5,0.8,2.541567889480234e-08,-1.270783944740117e-08,2.0332543093637412e-08,-12.437491390003391,-3.7699197589442166,-1.512400890063269
13.183803796768188,0.9999999750967813,-0.49999998754839065,0.7999999800774251,1.0,-0.5,0.8,2.4903218709404484e-08,-1.2451609354702242e-08,1.9922574923114666e-08,-12.43749140402984,-3.769919764461724,-1.5124008916121245
13.193756580352783,0.9999999756238955,-0.49999998781194777,0.7999999804991166,1.0,-0.5,0.8,2.4376104468259996e-08,-1.2188052234129998e-08,1.9500883463585694e-08,-12.43749141815476,-3.76991977000843,-1.5124008931662223
13.203790187835693,0.9999999761648436,-0.4999999880824218,0.7999999809318751,1.0,-0.5,0.8,2.3835156404139468e-08,-1.1917578202069734e-08,1.906812496788035e-08,-12.437491432362052,-3.7699197755782046,-1.5124008947239023
13.21381664276123,0.9999999767188078,-0.4999999883594039,0.7999999813750465,1.0,-0.5,0.8,2.3281192196300537e-08,-1.1640596098150269e-08,1.8624953579404746e-08,-12.437491446635853,-3.769919781165014,-1.5124008962835356
13.223794937133789,0.9999999772849739,-0.49999998864248696,0.7999999818279794,1.0,-0.5,0.8,2.2715026082309464e-08,-1.1357513041154732e-08,1.8172020666007427e-08,-12.43749146096057,-3.7699197867629333,-1.5124008978435237
13.233884334564209,0.9999999778625318,-0.4999999889312659,0.7999999822900257,1.0,-0.5,0.8,2.2137468191907317e-08,-1.1068734095953658e-08,1.770997437589017e-08,-12.437491475320856,-3.7699197923661414,-1.512400899402299
13.243842363357544,0.999999978450676,-0.499999989225338,0.7999999827605411,1.0,-0.5,0.8,2.154932399189846e-08,-1.077466199594923e-08,1.7239458971474164e-08,-12.437491489701642,-3.76991979796893,-1.512400900958328
13.253800630569458,0.9999999790486066,-0.4999999895243033,0.7999999832388855,1.0,-0.5,0.8,2.095139339797214e-08,-1.047569669898607e-08,1.6761114496333107e-08,-12.43749150408813,-3.7699198035657036,-1.5124009025101084
13.26385760307312,0.99999997965553,-0.499999989827765,0.7999999837244243,1.0,-0.5,0.8,2.0344469997546355e-08,-1.0172234998773177e-08,1.627557577599248e-08,-12.43749151846583,-3.7699198091509865,-1.5124009040561737
13.273824691772461,0.9999999802706594,-0.4999999901353297,0.7999999842165278,1.0,-0.5,0.8,1.9729340605678658e-08,-9.864670302839329e-09,1.578347219588494e-08,-12.43749153282053,-3.7699198147194233,-1.5124009055950929
13.283837080001831,0.9999999808932155,-0.49999999044660776,0.7999999847145728,1.0,-0.5,0.8,1.9106784487910033e-08,-9.553392243955017e-09,1.528542725726112e-08,-12.437491547138338,-3.769919820265782,-1.5124009071254692
13.293864011764526,0.9999999815224273,-0.49999999076121365,0.7999999852179422,1.0,-0.5,0.8,1.8477572694131084e-08,-9.238786347065542e-09,1.4782057800033499e-08,-12.437491561405679,-3.7699198257849584,-1.5124009086459431
13.303833961486816,0.9999999821575325,-0.49999999107876625,0.7999999857260264,1.0,-0.5,0.8,1.7842467503470516e-08,-8.921233751735258e-09,1.4273973669709505e-08,-12.437491575609293,-3.7699198312719764,-1.512400910155193
13.313832521438599,0.999999982797778,-0.499999991398889,0.7999999862382228,1.0,-0.5,0.8,1.7202221980205934e-08,-8.601110990102967e-09,1.37617772733023e-08,-12.437491589736243,-3.769919836721992,-1.512400911651933
13.323853492736816,0.9999999834424208,-0.4999999917212104,0.799999986753937,1.0,-0.5,0.8,1.655757919660772e-08,-8.27878959830386e-09,1.3246063024219268e-08,-12.437491603773948,-3.769919842130296,-1.5124009131349172
13.333884477615356,0.9999999840907283,-0.49999999204536416,0.799999987272583,1.0,-0.5,0.8,1.590927167782752e-08,-7.95463583891376e-09,1.2727417009195108e-08,-12.437491617710146,-3.7699198474923135,-1.5124009146029378
13.34383511543274,0.9999999847419789,-0.49999999237098947,0.7999999877935836,1.0,-0.5,0.8,1.525802106883134e-08,-7.62901053441567e-09,1.2206416433180323e-08,-12.437491631532932,-3.769919852803608,-1.5124009160548257
13.353833436965942,0.9999999853954626,-0.4999999926977313,0.7999999883163705,1.0,-0.5,0.8,1.460453735724343e-08,-7.302268678621715e-09,1.1683629508318916e-08,-12.437491645230757,-3.7699198580598847,-1.512400917489452
13.36383605003357,0.9999999860504811,-0.49999999302524056,0.7999999888403854,1.0,-0.5,0.8,1.3949518873346278e-08,-6.974759436673139e-09,1.1159614676792273e-08,-12.437491658792418,-3.769919863256986,-1.5124009189057268
13.373813152313232,0.9999999867063488,-0.4999999933531744,0.7999999893650795,1.0,-0.5,0.8,1.329365117985759e-08,-6.646825589928795e-09,1.0634920499796863e-08,-12.437491672207075,-3.769919868390898,-1.5124009203026014
13.383817434310913,0.9999999873623928,-0.4999999936811964,0.7999999898899147,1.0,-0.5,0.8,1.2637607182952593e-08,-6.318803591476296e-09,1.0110085324477325e-08,-12.43749168546426,-3.7699198734577517,-1.512400921679067
13.393811225891113,0.9999999880179535,-0.49999999400897677,0.7999999904143633,1.0,-0.5,0.8,1.1982046466130214e-08,-5.991023233065107e-09,9.585636728814961e-09,-12.437491698553858,-3.76991987845382,-1.5124009230341546
13.403818130493164,0.999999988672385,-0.4999999943361925,0.7999999909379085,1.0,-0.5,0.8,1.1327614957146181e-08,-5.663807478573091e-09,9.062091521627735e-09,-12.437491711466134,-3.7699198833755245,-1.5124009243669374
13.413821458816528,0.9999999893250555,-0.49999999466252776,0.799999991460045,1.0,-0.5,0.8,1.067494448392381e-08,-5.337472241961905e-09,8.539955076436456e-09,-12.437491724191723,-3.7699198882194294,-1.5124009256765285
13.423795461654663,0.9999999899753476,-0.4999999949876738,0.7999999919802786,1.0,-0.5,0.8,1.0024652441487092e-08,-5.012326220743546e-09,8.019721442487082e-09,-12.437491736721633,-3.7699198929822466,-1.5124009269620817
13.433798551559448,0.9999999906226584,-0.4999999953113292,0.7999999924981273,1.0,-0.5,0.8,9.377341569916098e-09,-4.688670784958049e-09,7.501872789639208e-09,-12.437491749047245,-3.769919897660836,-1.512400928222793
13.443834066390991,0.9999999912664004,-0.4999999956332002,0.7999999930131209,1.0,-0.5,0.8,8.733599621280064e-09,-4.366799810640032e-09,6.98687918632146e-09,-12.437491761160326,-3.769919902252202,-1.5124009294578977
13.453828811645508,0.9999999919060011,-0.49999999595300054,0.7999999935248014,1.0,-0.5,0.8,8.093998915548184e-09,-4.046999457774092e-09,6.475198599531495e-09,-12.437491773053004,-3.7699199067534996,-1.5124009306666735
13.463842153549194,0.9999999925409038,-0.4999999962704519,0.7999999940327236,1.0,-0.5,0.8,7.459096229567308e-09,-3.729548114783654e-09,5.9672764507467946e-09,-12.437491784717801,-3.769919911162028,-1.5124009318484377
13.473782300949097,0.9999999931705675,-0.49999999658528377,0.7999999945364547,1.0,-0.5,0.8,6.829432463995033e-09,-3.4147162319975166e-09,5.463545393880054e-09,-12.43749179614761,-3.769919915475234,-1.5124009330025492
13.483833074569702,0.9999999937944675,-0.49999999689723373,0.7999999950355746,1.0,-0.5,0.8,6.2055325322774024e-09,-3.1027662661387012e-09,4.964425426301489e-09,-12.437491807335698,-3.769919919690711,-1.512400934128407
13.493868112564087,0.999999994412095,-0.49999999720604743,0.7999999955296766,1.0,-0.5,0.8,5.587905027581996e-09,-2.7939525693021494e-09,4.470323444749624e-09,-12.437491818275715,-3.7699199238061993,-1.5124009352254497
13.5037682056427,0.9999999950229578,-0.49999999751147883,0.7999999960183668,1.0,-0.5,0.8,4.977042222797934e-09,-2.488521166910118e-09,3.981633245331295e-09,-12.437491828961678,-3.7699199278195805,-1.512400936293157
13.513748168945312,0.9999999956265804,-0.49999999781329013,0.7999999965012649,1.0,-0.5,0.8,4.373419626446662e-09,-2.186709868734482e-09,3.498735190454738e-09,-12.437491839387985,-3.769919931728885,-1.5124009373310479
13.52374815940857,0.9999999962225039,-0.4999999981112519,0.7999999969780037,1.0,-0.5,0.8,3.777496093704258e-09,-1.88874810236328e-09,3.021996319851894e-09,-12.4374918495494,-3.769919935532284,-1.5124009383386807
13.533764362335205,0.9999999968102865,-0.4999999984051432,0.7999999974482298,1.0,-0.5,0.8,3.189713493334523e-09,-1.5948568021784126e-09,2.551770239556106e-09,-12.437491859441062,-3.7699199392280947,-1.5124009393156532
13.543789625167847,0.9999999973895032,-0.49999999869475154,0.7999999979116031,1.0,-0.5,0.8,2.610496818711283e-09,-1.3052484648667928e-09,2.088396899857514e-09,-12.437491869058476,-3.7699199428147705,-1.5124009402616012
13.55379843711853,0.999999997959746,-0.49999999897987296,0.7999999983677974,1.0,-0.5,0.8,2.040253965773786e-09,-1.0201270383980443e-09,1.6322025953030561e-09,-12.437491878397505,-3.7699199462909085,-1.5124009411761994
13.563784837722778,0.9999999985206243,-0.4999999992603121,0.7999999988165,1.0,-0.5,0.8,1.4793757330266999e-09,-7.396879220245012e-10,1.1835000757187686e-09,-12.437491887454378,-3.769919949655243,-1.5124009420591602
13.573834896087646,0.9999999990717643,-0.4999999995358821,0.7999999992574119,1.0,-0.5,0.8,9.282357105178107e-10,-4.641179107700566e-10,7.425881021205782e-10,-12.43749189622569,-3.7699199529066463,-1.512400942910234
13.583807706832886,0.9999999996128097,-0.4999999998064048,0.7999999996902483,1.0,-0.5,0.8,3.8719027983802334e-10,-1.935951954301629e-10,3.097517797812088e-10,-12.437491904708368,-3.769919956044124,-1.512400943729206
13.593844890594482,1.0000000001434215,-0.5000000000717106,0.8000000001147377,1.0,-0.5,0.8,-1.4342149690094175e-10,7.171063742816841e-11,-1.1473766381442374e-10,-12.437491912899711,-3.7699199590668204,-1.512400944515901
13.603895425796509,1.0000000006632777,-0.5000000003316387,0.8000000005306226,1.0,-0.5,0.8,-6.632776550219432e-10,3.3163871648866916e-10,-5.30622545902304e-10,-12.437491920797349,-3.7699199619740056,-1.5124009452701768
13.613889455795288,1.0000000011720733,-0.5000000005860366,0.8000000009376591,1.0,-0.5,0.8,-1.172073327282419e-09,5.860365526189071e-10,-9.376590615062241e-10,-12.437491928399263,-3.7699199647650823,-1.5124009459919276
13.623811721801758,1.000000001669521,-0.5000000008347604,0.8000000013356172,1.0,-0.5,0.8,-1.6695209659189914e-09,8.347603719371932e-10,-1.335617172415482e-09,-12.437491935703763,-3.7699199674395834,-1.5124009466810824
13.633829116821289,1.0000000021553501,-0.500000001077675,0.8000000017242805,1.0,-0.5,0.8,-2.1553501206028614e-09,1.0776749492791282e-09,-1.724280496162578e-09,-12.437491942709492,-3.7699199699971637,-1.5124009473376037
13.643809795379639,1.0000000026293074,-0.5000000013146536,0.8000000021034464,1.0,-0.5,0.8,-2.6293074384398096e-09,1.3146536081976024e-09,-2.1034463060232156e-09,-12.437491949415422,-3.769919972437607,-1.5124009479614877
13.653783559799194,1.0000000030911562,-0.500000001545578,0.8000000024729255,1.0,-0.5,0.8,-3.091156219880986e-09,1.5455779989181906e-09,-2.4729254199939987e-09,-12.43749195582084,-3.769919974760814,-1.5124009485527636
13.663775205612183,1.0000000035406769,-0.5000000017703383,0.800000002832542,1.0,-0.5,0.8,-3.54067686281212e-09,1.7703383203837575e-09,-2.8325419787478268e-09,-12.437491961925353,-3.7699199769668064,-1.5124009491114923
13.673832416534424,1.0000000039776664,-0.5000000019888331,0.8000000031821337,1.0,-0.5,0.8,-3.9776664184643096e-09,1.9888330982098523e-09,-3.1821336676784995e-09,-12.437491967728874,-3.769919979055721,-1.5124009496377648
13.683762073516846,1.0000000044019386,-0.5000000022009692,0.8000000035215514,1.0,-0.5,0.8,-4.401938591414023e-09,2.200969184684709e-09,-3.5215513838338097e-09,-12.437491973231626,-3.769919981027814,-1.5124009501317055
13.693835258483887,1.0000000048133233,-0.5000000024066615,0.8000000038506593,1.0,-0.5,0.8,-4.813323295493888e-09,2.4066615367246413e-09,-3.850659235915543e-09,-12.437491978434107,-3.769919982883446,-1.5124009505934668
13.703827142715454,1.000000005211667,-0.5000000026058334,0.8000000041693343,1.0,-0.5,0.8,-5.2116670978819e-09,2.6058334379186476e-09,-4.169334211212572e-09,-12.437491983337136,-3.769919984623094,-1.51240095102323
13.713800430297852,1.0000000055968323,-0.500000002798416,0.8000000044774664,1.0,-0.5,0.8,-5.596832330923007e-09,2.798416054439201e-09,-4.477466397645458e-09,-12.437491987941787,-3.769919986247335,-1.5124009514212056
13.72378420829773,1.0000000059686973,-0.5000000029843485,0.8000000047749585,1.0,-0.5,0.8,-5.96869731417371e-09,2.9843485460645525e-09,-4.774958428654941e-09,-12.437491992249425,-3.7699199877568543,-1.512400951787631
13.733821868896484,1.0000000063271564,-0.5000000031635781,0.8000000050617257,1.0,-0.5,0.8,-6.327156354402064e-09,3.1635780661787294e-09,-5.061725705246545e-09,-12.437491996261691,-3.769919989152437,-1.5124009521227713
13.743843078613281,1.000000006672119,-0.5000000033360594,0.8000000053376959,1.0,-0.5,0.8,-6.672119079453864e-09,3.3360594287046297e-09,-5.337695840879064e-09,-12.43749199998047,-3.7699199904349654,-1.5124009524269169
13.753842115402222,1.0000000070035104,-0.5000000035017551,0.8000000056028089,1.0,-0.5,0.8,-7.003510438252647e-09,3.501755108104021e-09,-5.602808883509169e-09,-12.437492003407916,-3.769919991605419,-1.5124009527003832
13.76381230354309,1.0000000073212705,-0.5000000036606351,0.8000000058570169,1.0,-0.5,0.8,-7.321270478755082e-09,3.6606351283552385e-09,-5.857016871502196e-09,-12.437492006546432,-3.7699199926648683,-1.512400952943511
13.773849487304688,1.0000000076253541,-0.500000003812677,0.8000000061002838,1.0,-0.5,0.8,-7.62535412590637e-09,3.812676951930882e-09,-6.100283722609845e-09,-12.437492009398655,-3.769919993614474,-1.5124009531566636
13.783835411071777,1.0000000079157307,-0.5000000039578653,0.800000006332585,1.0,-0.5,0.8,-7.91573073755103e-09,3.9578652577532125e-09,-6.332584900903271e-09,-12.437492011967462,-3.769919994455484,-1.5124009533402272
13.793828964233398,1.000000008192384,-0.5000000040961919,0.8000000065539076,1.0,-0.5,0.8,-8.192384104432904e-09,4.0961919411941494e-09,-6.5539075277953884e-09,-12.437492014255945,-3.769919995189229,-1.5124009534946103
13.80385708808899,1.000000008455312,-0.5000000042276559,0.8000000067642499,1.0,-0.5,0.8,-8.455312006105942e-09,4.227655892030668e-09,-6.764249826929358e-09,-12.437492016267433,-3.7699199958171197,-1.5124009536202419
13.81380295753479,1.000000008704526,-0.5000000043522629,0.8000000069636211,1.0,-0.5,0.8,-8.7045259888896e-09,4.3522628834224975e-09,-6.963621013156285e-09,-12.43749201800544,-3.769919996340645,-1.512400953717571
13.823832273483276,1.0000000089400511,-0.5000000044700255,0.8000000071520412,1.0,-0.5,0.8,-8.940051143824235e-09,4.470025460889815e-09,-7.152041181512914e-09,-12.43749201947371,-3.7699199967613706,-1.5124009537870675
13.833842992782593,1.0000000091619257,-0.5000000045809627,0.8000000073295409,1.0,-0.5,0.8,-9.161925662581893e-09,4.580962720268644e-09,-7.329540863132422e-09,-12.43749202067616,-3.769919997080929,-1.5124009538292171
13.843775987625122,1.0000000093702008,-0.5000000046851003,0.8000000074961611,1.0,-0.5,0.8,-9.370200837466314e-09,4.685100307710854e-09,-7.496161025244419e-09,-12.437492021616912,-3.769919997301027,-1.5124009538445258
13.85380506515503,1.0000000095649404,-0.5000000047824701,0.8000000076519527,1.0,-0.5,0.8,-9.564940395279109e-09,4.782470086617252e-09,-7.651952627085734e-09,-12.437492022300255,-3.769919997423432,-1.5124009538335144
13.863821506500244,1.00000000974622,-0.5000000048731099,0.8000000077969764,1.0,-0.5,0.8,-9.746220053230559e-09,4.873109915592977e-09,-7.796976397855815e-09,-12.437492022730654,-3.769919997449975,-1.5124009537967205
13.873821496963501,1.000000009914128,-0.5000000049570639,0.8000000079313028,1.0,-0.5,0.8,-9.914127963028818e-09,4.957063870492107e-09,-7.931302725694422e-09,-12.43749202291274,-3.769919997382548,-1.5124009537346967
13.883792161941528,1.0000000100687636,-0.5000000050343817,0.8000000080550113,1.0,-0.5,0.8,-1.0068763600656894e-08,5.034381689306144e-09,-8.055011213592422e-09,-12.437492022851297,-3.769919997223097,-1.5124009536480096
13.893810987472534,1.0000000102102378,-0.5000000051051188,0.8000000081681906,1.0,-0.5,0.8,-1.0210237766372643e-08,5.105118772164019e-09,-8.168190568369482e-09,-12.437492022551254,-3.769919996973622,-1.512400953537239
13.903756380081177,1.0000000103386721,-0.500000005169336,0.8000000082709382,1.0,-0.5,0.8,-1.0338672140619565e-08,5.16933595928748e-09,-8.270938156584862e-09,-12.437492022017684,-3.7699199966361743,-1.512400953402977
13.9138023853302,1.0000000104541993,-0.5000000052270995,0.8000000083633598,1.0,-0.5,0.8,-1.04541992840268e-08,5.227099530991097e-09,-8.363359782492807e-09,-12.437492021255794,-3.7699199962128493,-1.5124009532458287
13.923808336257935,1.0000000105569615,-0.5000000052784807,0.8000000084455697,1.0,-0.5,0.8,-1.0556961527186104e-08,5.2784806525707495e-09,-8.445569688042553e-09,-12.437492020270906,-3.769919995705787,-1.5124009530664078
13.933811902999878,1.0000000106471116,-0.5000000053235557,0.8000000085176898,1.0,-0.5,0.8,-1.0647111636785667e-08,5.323555707370531e-09,-8.517689775722204e-09,-12.43749201906847,-3.7699199951171716,-1.5124009528653402
13.9437894821167,1.0000000107248117,-0.5000000053624057,0.8000000085798499,1.0,-0.5,0.8,-1.0724811705387083e-08,5.362405741671239e-09,-8.579849830603337e-09,-12.437492017654042,-3.769919994449222,-1.5124009526432594
13.953835725784302,1.000000010790233,-0.5000000053951164,0.8000000086321868,1.0,-0.5,0.8,-1.079023292938075e-08,5.395116353668072e-09,-8.632186743184889e-09,-12.43749201603327,-3.7699199937041916,-1.5124009524008073
13.963798761367798,1.0000000108435554,-0.5000000054217776,0.8000000086748448,1.0,-0.5,0.8,-1.0843555386941262e-08,5.421777582448328e-09,-8.674844731437759e-09,-12.437492014211903,-3.769919992884368,-1.5124009521386346
13.973828077316284,1.000000010884968,-0.5000000054424839,0.8000000087079748,1.0,-0.5,0.8,-1.088496803802741e-08,5.442483907991402e-09,-8.707974785693295e-09,-12.43749201219578,-3.769919991992068,-1.5124009518573978
13.98379898071289,1.0000000109146674,-0.5000000054573336,0.8000000087317343,1.0,-0.5,0.8,-1.0914667392114552e-08,5.4573335850349736e-09,-8.731734224554089e-09,-12.437492009990804,-3.7699199910296315,-1.5124009515577592
13.993815660476685,1.0000000109328582,-0.500000005466429,0.8000000087462869,1.0,-0.5,0.8,-1.093285817432843e-08,5.466428976141913e-09,-8.74628680591627e-09,-12.437492007602964,-3.7699199899994245,-1.512400951240386
14.003815174102783,1.0000000109397522,-0.500000005469876,0.800000008751802,1.0,-0.5,0.8,-1.0939752215222143e-08,5.469875996588769e-09,-8.751801949813398e-09,-12.4374920050383,-3.769919988903833,-1.512400950905951
14.013756036758423,1.0000000109355687,-0.5000000054677842,0.8000000087484551,1.0,-0.5,0.8,-1.093556867282075e-08,5.467784225388073e-09,-8.748455071483363e-09,-12.437492002302918,-3.7699199877452587,-1.5124009505551297
14.023753643035889,1.0000000109205331,-0.5000000054602665,0.8000000087364267,1.0,-0.5,0.8,-1.0920533144442857e-08,5.460266461199126e-09,-8.73642669318997e-09,-12.437491999402958,-3.769919986526122,-1.5124009501886002
14.033748865127563,1.0000000108948779,-0.5000000054474388,0.8000000087159025,1.0,-0.5,0.8,-1.0894877888745214e-08,5.447438833350304e-09,-8.715902444222934e-09,-12.437491996344622,-3.769919985248852,-1.5124009498070436
14.043766736984253,1.0000000108588407,-0.5000000054294202,0.8000000086870728,1.0,-0.5,0.8,-1.0858840715499696e-08,5.4294202467275454e-09,-8.68707272783098e-09,-12.437491993134131,-3.7699199839158877,-1.5124009494111417
14.053810358047485,1.0000000108126654,-0.5000000054063326,0.8000000086501325,1.0,-0.5,0.8,-1.0812665429682511e-08,5.406332603818953e-09,-8.650132499177232e-09,-12.43749198977774,-3.769919982529677,-1.512400949001578
14.06381869316101,1.000000010756601,-0.5000000053783004,0.800000008605281,1.0,-0.5,0.8,-1.075660094329578e-08,5.3783003606255875e-09,-8.605280932272308e-09,-12.437491986281723,-3.7699199810926713,-1.5124009485790342
14.073819875717163,1.0000000106909013,-0.5000000053454505,0.8000000085527212,1.0,-0.5,0.8,-1.0690901275367537e-08,5.345450526661466e-09,-8.552721197929714e-09,-12.437491982652368,-3.769919979607324,-1.5124009481441931
14.083842039108276,1.0000000106158247,-0.5000000053079122,0.80000000849266,1.0,-0.5,0.8,-1.061582466377331e-08,5.3079122208643525e-09,-8.492659908654332e-09,-12.437491978895972,-3.7699199780760866,-1.512400947697736
14.093772172927856,1.0000000105316338,-0.5000000052658168,0.8000000084253073,1.0,-0.5,0.8,-1.0531633787280725e-08,5.26581678261806e-09,-8.425307229664725e-09,-12.437491975018833,-3.7699199765014075,-1.5124009472403408
14.103754997253418,1.000000010438595,-0.5000000052192974,0.8000000083508763,1.0,-0.5,0.8,-1.0438595099415693e-08,5.219297438685544e-09,-8.350876212759317e-09,-12.437491971027242,-3.769919974885732,-1.5124009467726842
14.113846063613892,1.0000000103369786,-0.5000000051684892,0.8000000082695831,1.0,-0.5,0.8,-1.0336978606417802e-08,5.168489192186598e-09,-8.269583018361004e-09,-12.437491966927483,-3.7699199732314943,-1.512400946295439
14.123767852783203,1.0000000102270574,-0.5000000051135286,0.8000000081816461,1.0,-0.5,0.8,-1.0227057423151109e-08,5.113528600553252e-09,-8.18164602733873e-09,-12.43749196272581,-3.7699199715411207,-1.5124009458092738
14.133782863616943,1.0000000101091076,-0.5000000050545537,0.8000000080872862,1.0,-0.5,0.8,-1.0109107551059537e-08,5.054553664507466e-09,-8.087286174074393e-09,-12.437491958428472,-3.769919969817022,-1.5124009453148533
14.143799304962158,1.0000000099834077,-0.5000000049917037,0.8000000079867263,1.0,-0.5,0.8,-9.983407656122267e-09,4.991703717038831e-09,-7.986726280329037e-09,-12.437491954041676,-3.7699199680616,-1.5124009448128373
14.153743982315063,1.0000000098502384,-0.5000000049251191,0.8000000078801909,1.0,-0.5,0.8,-9.850238402719924e-09,4.92511909033766e-09,-7.880190833198242e-09,-12.4374919495716,-3.7699199662772354,-1.5124009443038802
14.163745641708374,1.0000000097098822,-0.500000004854941,0.8000000077679059,1.0,-0.5,0.8,-9.709882231589972e-09,4.854941004772684e-09,-7.76790587408982e-09,-12.437491945024375,-3.7699199644662897,-1.5124009437886288
14.173773765563965,1.0000000095626234,-0.5000000047813116,0.8000000076500987,1.0,-0.5,0.8,-9.562623359826716e-09,4.781311568891056e-09,-7.650098665656913e-09,-12.437491940406094,-3.7699199626311075,-1.5124009432677243
14.183773517608643,1.000000009408747,-0.5000000047043733,0.8000000075269976,1.0,-0.5,0.8,-9.40874689270288e-09,4.704373335329137e-09,-7.526997580775685e-09,-12.437491935722797,-3.7699199607740086,-1.512400942741801
14.19376802444458,1.0000000092485393,-0.5000000046242695,0.8000000073988315,1.0,-0.5,0.8,-9.248539267758815e-09,4.624269522857105e-09,-7.398831436411513e-09,-12.437491930980466,-3.7699199588972867,-1.5124009422114855
14.203789472579956,1.0000000090822874,-0.5000000045411436,0.8000000072658299,1.0,-0.5,0.8,-9.082287366624087e-09,4.541143572289741e-09,-7.265829826685888e-09,-12.437491926185027,-3.7699199570032147,-1.5124009416773956
14.213793516159058,1.000000008910278,-0.5000000044551389,0.8000000071282225,1.0,-0.5,0.8,-8.910278070928257e-09,4.455138924441826e-09,-7.1282224567426056e-09,-12.437491921342335,-3.769919955094029,-1.512400941140141
14.223833799362183,1.0000000087327987,-0.5000000043663992,0.8000000069862391,1.0,-0.5,0.8,-8.732798706390099e-09,4.366399242172747e-09,-6.986239031725461e-09,-12.437491916458182,-3.7699199531719443,-1.512400940600322
14.233800172805786,1.0000000085501362,-0.500000004275068,0.8000000068401091,1.0,-0.5,0.8,-8.550136154639176e-09,4.275067966297286e-09,-6.8401090347336435e-09,-12.43749191153827,-3.7699199512391384,-1.5124009400585299
14.243824481964111,1.0000000083625766,-0.5000000041812882,0.8000000066900615,1.0,-0.5,0.8,-8.362576631171237e-09,4.181288204563316e-09,-6.690061504777134e-09,-12.437491906588248,-3.7699199492977606,-1.512400939515346
14.253797769546509,1.000000008170406,-0.5000000040852028,0.8000000065363249,1.0,-0.5,0.8,-8.17040590739282e-09,4.085202842674107e-09,-6.536324814732097e-09,-12.437491901613663,-3.769919947349923,-1.5124009389713415
14.263818264007568,1.0000000079739082,-0.500000003986954,0.8000000063791266,1.0,-0.5,0.8,-7.973908200398228e-09,3.986953989176811e-09,-6.379126560318582e-09,-12.437491896619978,-3.769919945397704,-1.5124009384270762
14.273808479309082,1.0000000077733664,-0.5000000038866831,0.8000000062186932,1.0,-0.5,0.8,-7.773366395014136e-09,3.886683086484766e-09,-6.218693116011309e-09,-12.437491891612572,-3.7699199434431403,-1.5124009378831
14.283799886703491,1.000000007569062,-0.5000000037845309,0.8000000060552497,1.0,-0.5,0.8,-7.56906204379959e-09,3.784530910877493e-09,-6.055249635039672e-09,-12.437491886596721,-3.769919941488234,-1.512400937339951
14.293823719024658,1.0000000073612747,-0.5000000036806372,0.8000000058890199,1.0,-0.5,0.8,-7.36127470091219e-09,3.6806372394337927e-09,-5.889019827343134e-09,-12.437491881577618,-3.769919939534949,-1.5124009367981557
14.30381727218628,1.000000007150282,-0.5000000035751409,0.8000000057202257,1.0,-0.5,0.8,-7.150281922108093e-09,3.575140850031744e-09,-5.720225626504316e-09,-12.437491876560344,-3.7699199375852057,-1.5124009362582296
14.313811779022217,1.0000000069363586,-0.5000000034681792,0.8000000055490871,1.0,-0.5,0.8,-6.936358598608194e-09,3.4681791882817947e-09,-5.5490870787267e-09,-12.437491871549875,-3.769919935640881,-1.512400935720674
14.32382082939148,1.0000000067197774,-0.5000000033598886,0.8000000053758223,1.0,-0.5,0.8,-6.7197774011873435e-09,3.3598885895713693e-09,-5.375822231812322e-09,-12.437491866551092,-3.7699199337038127,-1.51240093518598
14.333828926086426,1.0000000065008081,-0.500000003250404,0.8000000052006468,1.0,-0.5,0.8,-6.500808114040524e-09,3.2504039459979595e-09,-5.200646802094866e-09,-12.437491861568759,-3.7699199317757923,-1.5124009346546248
14.343810319900513,1.0000000062797174,-0.5000000031398586,0.8000000050237743,1.0,-0.5,0.8,-6.2797174127382505e-09,3.1398585953468228e-09,-5.023774285461968e-09,-12.437491856607528,-3.7699199298585673,-1.5124009341270725
14.353821754455566,1.0000000060567689,-0.5000000030283843,0.8000000048454154,1.0,-0.5,0.8,-6.056768864226569e-09,3.0283843210909822e-09,-4.845415402243702e-09,-12.437491851671936,-3.7699199279538385,-1.5124009336037756
14.363874912261963,1.0000000058322225,-0.5000000029161111,0.8000000046657784,1.0,-0.5,0.8,-5.832222482737848e-09,2.9161111303466214e-09,-4.6657783192571856e-09,-12.437491846766411,-3.76991992606326,-1.5124009330851713
14.37374758720398,1.0000000056063347,-0.5000000028031673,0.8000000044850683,1.0,-0.5,0.8,-5.606334729790774e-09,2.8031672538730845e-09,-4.4850682057173685e-09,-12.437491841895254,-3.7699199241884416,-1.5124009325716847
14.383805751800537,1.0000000053793585,-0.5000000026896791,0.8000000043034873,1.0,-0.5,0.8,-5.379358514190358e-09,2.6896791460728764e-09,-4.3034872332370355e-09,-12.437491837062648,-3.7699199223309403,-1.5124009320637273
14.393831491470337,1.0000000051515423,-0.5000000025757712,0.8000000041212344,1.0,-0.5,0.8,-5.15154230384951e-09,2.575771151924755e-09,-4.121234353782199e-09,-12.43749183227265,-3.769919920492267,-1.5124009315616955
14.403801441192627,1.000000004923131,-0.5000000024615655,0.8000000039385053,1.0,-0.5,0.8,-4.923131013967463e-09,2.4615655069837317e-09,-3.9385052996721015e-09,-12.43749182752921,-3.769919918673887,-1.5124009310659738
14.413767576217651,1.0000000046943647,-0.5000000023471824,0.8000000037554924,1.0,-0.5,0.8,-4.6943646747621415e-09,2.347182448403373e-09,-3.755492361534607e-09,-12.437491822836128,-3.7699199168772095,-1.5124009305769313
14.423815250396729,1.0000000044654793,-0.5000000022327398,0.8000000035723842,1.0,-0.5,0.8,-4.46547931964858e-09,2.2327397708465924e-09,-3.5723841662615996e-09,-12.437491818197099,-3.7699199151035994,-1.512400930094924
14.43380355834961,1.0000000042367063,-0.5000000021183533,0.8000000033893657,1.0,-0.5,0.8,-4.23670631910511e-09,2.1183532705748576e-09,-3.389365677008982e-09,-12.43749181361568,-3.769919913354369,-1.512400929620292
14.443821668624878,1.000000004008272,-0.5000000020041361,0.8000000032066182,1.0,-0.5,0.8,-4.008271936584151e-09,2.004136079314378e-09,-3.2066181931966753e-09,-12.437491809095294,-3.769919911630778,-1.5124009291533638
14.453819036483765,1.000000003780398,-0.5000000018901991,0.8000000030243192,1.0,-0.5,0.8,-3.780397994646023e-09,1.890199108345314e-09,-3.0243191284640147e-09,-12.437491804639244,-3.7699199099340386,-1.512400928694451
14.463797330856323,1.0000000035533012,-0.5000000017766507,0.8000000028426417,1.0,-0.5,0.8,-3.5533012088251326e-09,1.7766507154348687e-09,-2.842641677602842e-09,-12.437491800250703,-3.7699199082653108,-1.5124009282438535
14.473804712295532,1.000000003327193,-0.5000000016635966,0.8000000026617552,1.0,-0.5,0.8,-3.3271929655853683e-09,1.6635965938149866e-09,-2.661755149624412e-09,-12.437491795932702,-3.769919906625702,-1.5124009278018546
14.483790397644043,1.0000000031022798,-0.50000000155114,0.8000000024818247,1.0,-0.5,0.8,-3.1022797664093105e-09,1.5511399942269577e-09,-2.4818246346924866e-09,-12.437491791688156,-3.7699199050162706,-1.5124009273687251
14.49380087852478,1.0000000028787626,-0.5000000014393814,0.8000000023030109,1.0,-0.5,0.8,-2.8787625616644164e-09,1.4393813918545106e-09,-2.303010893101032e-09,-12.437491787519837,-3.7699199034380215,-1.5124009269447198
14.503754377365112,1.000000002656837,-0.5000000013284186,0.8000000021254704,1.0,-0.5,0.8,-2.656836972647625e-09,1.3284185973461149e-09,-2.125470355274217e-09,-12.437491783430387,-3.7699199018919103,-1.5124009265300808
14.51376485824585,1.000000002436693,-0.5000000012183466,0.8000000019493553,1.0,-0.5,0.8,-2.436693069540752e-09,1.2183466457926784e-09,-1.9493552327887187e-09,-12.437491779422322,-3.76991990037884,-1.5124009261250355
14.523751735687256,1.0000000022185154,-0.5000000011092578,0.800000001774813,1.0,-0.5,0.8,-2.21851537141049e-09,1.1092577967275474e-09,-1.7748129632622067e-09,-12.437491775498021,-3.769919898899662,-1.512400925729797
14.533753633499146,1.0000000020024826,-0.5000000010012414,0.8000000016019868,1.0,-0.5,0.8,-2.002482624163804e-09,1.0012414231042044e-09,-1.6019867654648579e-09,-12.43749177165973,-3.7699198974551784,-1.512400925344564
14.54374647140503,1.000000001788768,-0.5000000008943841,0.8000000014310151,1.0,-0.5,0.8,-1.788768022592535e-09,8.9438412231857e-10,-1.4310150842078428e-09,-12.437491767909565,-3.769919896046138,-1.5124009249695218
14.553756713867188,1.000000001577539,-0.5000000007887696,0.8000000012620319,1.0,-0.5,0.8,-1.5775389883287971e-09,7.88769605186701e-10,-1.2620318123879315e-09,-12.437491764249524,-3.7699198946732446,-1.512400924604842
14.563779354095459,1.000000001368957,-0.5000000006844786,0.8000000010951662,1.0,-0.5,0.8,-1.3689569478003705e-09,6.844785849224877e-10,-1.0951661799651902e-09,-12.437491760681453,-3.769919893337144,-1.5124009242506817
14.573798894882202,1.0000000011631776,-0.5000000005815889,0.8000000009305428,1.0,-0.5,0.8,-1.1631775542753076e-09,5.815888881599562e-10,-9.305427539629818e-10,-12.437491757207086,-3.7699198920384402,-1.5124009239071847
14.583776235580444,1.0000000009603507,-0.5000000004801755,0.8000000007682813,1.0,-0.5,0.8,-9.603506878619328e-10,4.801754549532689e-10,-7.68281216423361e-10,-12.437491753828029,-3.7699198907776816,-1.5124009235744815
14.593743562698364,1.00000000076062,-0.5000000003803101,0.8000000006084966,1.0,-0.5,0.8,-7.606200114196326e-10,3.803101167321188e-10,-6.084965864516789e-10,-12.437491750545744,-3.769919889555372,-1.5124009232526887
14.603744268417358,1.0000000005641232,-0.5000000002820617,0.8000000004512993,1.0,-0.5,0.8,-5.641231926034607e-10,2.820617073240328e-10,-4.512992202165833e-10,-12.437491747361587,-3.769919888371962,-1.5124009229419095
14.613742351531982,1.0000000003709923,-0.5000000001854963,0.8000000002967945,1.0,-0.5,0.8,-3.7099234795334723e-10,1.8549628499897608e-10,-2.967944778831111e-10,-12.437491744276773,-3.76991988722786,-1.512400922642235
14.623758554458618,1.0000000001813532,-0.5000000000906767,0.8000000001450831,1.0,-0.5,0.8,-1.8135315471567992e-10,9.067668838014242e-11,-1.4508305667959576e-10,-12.437491741292405,-3.769919886123422,-1.512400922353743
14.633779525756836,0.9999999999953253,-0.49999999999766276,0.7999999999962608,1.0,-0.5,0.8,4.674705067486684e-12,-2.3372415114408795e-12,3.739231146937527e-12,-12.437491738409454,-3.7699198850589593,-1.5124009220764976
14.64381742477417,0.9999999998130227,-0.49999999990651145,0.7999999998504187,1.0,-0.5,0.8,1.8697732251382604e-10,-9.348855023461056e-11,1.495813473084695e-10,-12.437491735628779,-3.769919884034737,-1.5124009218105512
14.653791427612305,0.9999999996345531,-0.49999999981727666,0.799999999707643,1.0,-0.5,0.8,3.6544689496764704e-10,-1.8272333646152106e-10,2.923570274759868e-10,-12.43749173295111,-3.7699198830509753,-1.5124009215559444
14.663782119750977,0.9999999994600184,-0.4999999997300093,0.7999999995680152,1.0,-0.5,0.8,5.399816149775916e-10,-2.699906964664933e-10,4.319848923017844e-10,-12.437491730377067,-3.7699198821078483,-1.512400921312704
14.673795223236084,0.9999999992895143,-0.4999999996447573,0.7999999994316119,1.0,-0.5,0.8,7.104856702966345e-10,-3.5524272412601476e-10,5.683881143525582e-10,-12.437491727907155,-3.7699198812054857,-1.5124009210808473
14.683785200119019,0.9999999991231309,-0.49999999956156554,0.7999999992985051,1.0,-0.5,0.8,8.768691328597811e-10,-4.384344554075881e-10,7.014949732209175e-10,-12.437491725541756,-3.7699198803439753,-1.5124009208603775
14.69380497932434,0.9999999989609519,-0.4999999994804761,0.7999999991687619,1.0,-0.5,0.8,1.0390480698063698e-09,-5.195239238808824e-10,8.312381893915699e-10,-12.437491723281147,-3.7699198795233615,-1.5124009206512874
14.703832387924194,0.9999999988030556,-0.4999999994015279,0.7999999990424448,1.0,-0.5,0.8,1.1969444324577694e-09,-5.984721052065822e-10,9.57555257308229e-10,-12.437491721125495,-3.7699198787436474,-1.5124009204535587
14.713809967041016,0.999999998649514,-0.49999999932475714,0.7999999989196116,1.0,-0.5,0.8,1.3504859452950768e-09,-6.752428616252359e-10,1.0803884453736146e-09,-12.43749171907485,-3.769919878004793,-1.5124009202671618
14.723810195922852,0.9999999985003939,-0.49999999925019706,0.7999999988003155,1.0,-0.5,0.8,1.499606105959117e-09,-7.498029419572561e-10,1.1996845739048467e-09,-12.43749171712917,-3.7699198773067217,-1.5124009200920563
14.733875274658203,0.9999999983557557,-0.499999999177878,0.7999999986846049,1.0,-0.5,0.8,1.6442442962727455e-09,-8.22121981602919e-10,1.3153951261557495e-09,-12.437491715288296,-3.7699198766493143,-1.5124009199281918
14.743794918060303,0.9999999982156546,-0.49999999910782744,0.799999998572524,1.0,-0.5,0.8,1.7843454491739408e-09,-8.921725580535167e-10,1.4274760262722452e-09,-12.437491713551978,-3.7699198760324184,-1.512400919775507
14.753806352615356,0.9999999980801398,-0.4999999990400701,0.7999999984641122,1.0,-0.5,0.8,1.919860159738107e-09,-9.599299133355998e-10,1.5358878613369598e-09,-12.43749171191986,-3.7699198754558374,-1.5124009196339316
14.763818502426147,0.9999999979492552,-0.49999999897462777,0.7999999983594045,1.0,-0.5,0.8,2.0507447962003766e-09,-1.0253722315667346e-09,1.640595548302315e-09,-12.437491710391486,-3.7699198749193417,-1.512400919503385
14.773805141448975,0.999999997823039,-0.4999999989115197,0.7999999982584316,1.0,-0.5,0.8,2.1769609448440974e-09,-1.088480305888595e-09,1.741568445012831e-09,-12.437491708966313,-3.7699198744226674,-1.512400919383776
14.783775329589844,0.9999999977015241,-0.49999999885076224,0.7999999981612197,1.0,-0.5,0.8,2.298475854090043e-09,-1.1492377605115678e-09,1.838780350205127e-09,-12.4374917076437,-3.769919873965515,-1.5124009192750067
14.793791770935059,0.999999997584738,-0.49999999879236917,0.7999999980677908,1.0,-0.5,0.8,2.4152619904072026e-09,-1.2076308286701476e-09,1.932209281463315e-09,-12.43749170642292,-3.769919873547549,-1.5124009191769685
14.80377745628357,0.9999999974727029,-0.4999999987363516,0.7999999979781627,1.0,-0.5,0.8,2.5272971493350838e-09,-1.2636484081340882e-09,2.021837364196699e-09,-12.437491705303156,-3.769919873168406,-1.5124009190895449
14.813921451568604,0.9999999973654358,-0.49999999868271805,0.799999997892349,1.0,-0.5,0.8,2.6345642334391073e-09,-1.3172819501861e-09,2.1076510536843784e-09,-12.437491704283511,-3.7699198728276873,-1.5124009190126109
14.82380747795105,0.9999999972629485,-0.49999999863147443,0.7999999978103592,1.0,-0.5,0.8,2.737051474355212e-09,-1.3685255706441524e-09,2.1896408020083413e-09,-12.437491703362996,-3.769919872524966,-1.512400918946034
14.833795547485352,0.9999999971652481,-0.4999999985826242,0.7999999977321989,1.0,-0.5,0.8,2.834751877678343e-09,-1.4173757723057179e-09,2.267801169075767e-09,-12.437491702540555,-3.769919872259784,-1.5124009188896734
14.843802452087402,0.9999999970723364,-0.4999999985361684,0.7999999976578696,1.0,-0.5,0.8,2.9276635560293585e-09,-1.4638316114812255e-09,2.342130489552119e-09,-12.437491701815047,-3.769919872031657,-1.5124009188433811
14.853816032409668,0.9999999969842107,-0.4999999984921055,0.799999997587369,1.0,-0.5,0.8,3.0157892849658197e-09,-1.5078944759494561e-09,2.4126310949057483e-09,-12.437491701185257,-3.769919871840071,-1.5124009188070022
14.863734483718872,0.9999999969008633,-0.4999999984504318,0.799999997520691,1.0,-0.5,0.8,3.0991367250265967e-09,-1.5495681959798446e-09,2.479309091363291e-09,-12.4374917006499,-3.769919871684486,-1.5124009187803746
14.8737473487854,0.9999999968222819,-0.4999999984111411,0.7999999974578258,1.0,-0.5,0.8,3.1777180886649603e-09,-1.5888588777990265e-09,2.5421742488873633e-09,-12.437491700207627,-3.7699198715643396,-1.5124009187633298
14.883727788925171,0.9999999967484499,-0.4999999983742251,0.7999999973987602,1.0,-0.5,0.8,3.2515501402485825e-09,-1.6257749035908375e-09,2.601239890154261e-09,-12.437491699857015,-3.769919871479041,-1.5124009187556935
14.89374303817749,0.999999996679346,-0.4999999983396732,0.799999997343477,1.0,-0.5,0.8,3.320653974014931e-09,-1.6603268204740118e-09,2.656523001576261e-09,-12.43749169959658,-3.76991987142798,-1.5124009187572853
14.903749227523804,0.9999999966149449,-0.4999999983074726,0.7999999972919561,1.0,-0.5,0.8,3.3850551250935723e-09,-1.6925273960133325e-09,2.7080439002347134e-09,-12.437491699424783,-3.7699198714105226,-1.5124009187679188
14.913749694824219,0.9999999965552169,-0.4999999982776086,0.7999999972441737,1.0,-0.5,0.8,3.4447831254169614e-09,-1.722391396175027e-09,2.7558263449023457e-09,-12.437491699340018,-3.7699198714260147,-1.5124009187874021
14.923771858215332,0.9999999965001282,-0.49999999825006425,0.7999999972001027,1.0,-0.5,0.8,3.4998718367873494e-09,-1.749935751860221e-09,2.799897313998656e-09,-12.437491699340637,-3.7699198714737805,-1.5124009188155394
14.933794498443604,0.9999999964496411,-0.4999999982248207,0.799999997159713,1.0,-0.5,0.8,3.550358895765271e-09,-1.7751792813491818e-09,2.8402870055899143e-09,-12.437491699424925,-3.769919871553128,-1.5124009188521295
14.943792819976807,0.9999999964037142,-0.49999999820185725,0.7999999971229714,1.0,-0.5,0.8,3.5962858246918472e-09,-1.79814274581247e-09,2.8770286153445568e-09,-12.437491699591126,-3.7699198716633457,-1.5124009188969663
14.953811407089233,0.9999999963623021,-0.4999999981811512,0.7999999970898417,1.0,-0.5,0.8,3.6376979206664828e-09,-1.8188487937997877e-09,2.9101583365331862e-09,-12.437491699837437,-3.7699198718037055,-1.5124009189498402
14.963843822479248,0.9999999963253559,-0.4999999981626781,0.7999999970602848,1.0,-0.5,0.8,3.6746441445245637e-09,-1.8373219057288281e-09,2.9397152490062695e-09,-12.437491700162006,-3.769919871973464,-1.5124009190105374
14.973848819732666,0.9999999962928232,-0.4999999981464118,0.7999999970342587,1.0,-0.5,0.8,3.7071767877705497e-09,-1.8535882273518212e-09,2.9657413191941373e-09,-12.437491700562948,-3.769919872171865,-1.5124009190788412
14.98383617401123,0.9999999962646484,-0.4999999981323244,0.7999999970117189,1.0,-0.5,0.8,3.735351583600277e-09,-1.867675625266685e-09,2.9882811780623797e-09,-12.437491701038331,-3.769919872398136,-1.512400919154531
14.993797302246094,0.9999999962407725,-0.4999999981203864,0.7999999969926181,1.0,-0.5,0.8,3.759227484856353e-09,-1.879613575894723e-09,3.0073818990672407e-09,-12.437491701586193,-3.7699198726514953,-1.5124009192373833
15.003812074661255,0.9999999962211333,-0.49999999811056683,0.7999999969769068,1.0,-0.5,0.8,3.778866664028158e-09,-1.889433165480625e-09,3.0230932202002236e-09,-12.437491702204538,-3.7699198729311454,-1.512400919327172
15.013756036758423,0.9999999962056658,-0.4999999981028331,0.7999999969645328,1.0,-0.5,0.8,3.794334180184933e-09,-1.8971669235590127e-09,3.0354672109211833e-09,-12.437491702891332,-3.7699198732362817,-1.5124009194236685
15.023760080337524,0.999999996194302,-0.4999999980971512,0.7999999969554418,1.0,-0.5,0.8,3.805697978975786e-09,-1.9028488229544394e-09,3.0445582721583264e-09,-12.437491703644525,-3.7699198735660895,-1.5124009195266421
15.033758163452148,0.9999999961869711,-0.4999999980934857,0.799999996949577,1.0,-0.5,0.8,3.8130288926296885e-09,-1.9065142797813905e-09,3.050423025285909e-09,-12.43749170446203,-3.769919873919745,-1.5124009196358605
15.043829679489136,0.9999999961835999,-0.4999999980918001,0.7999999969468801,1.0,-0.5,0.8,3.816400084843963e-09,-1.9081998758885277e-09,3.0531199790573282e-09,-12.437491705341753,-3.7699198742964173,-1.5124009197510895
15.053817987442017,0.9999999961841125,-0.4999999980920564,0.7999999969472902,1.0,-0.5,0.8,3.815887494873493e-09,-1.907943580903293e-09,3.0527098626720317e-09,-12.43749170628156,-3.769919874695272,-1.5124009198720936
15.063835144042969,0.9999999961884307,-0.4999999980942155,0.7999999969507448,1.0,-0.5,0.8,3.811569282419214e-09,-1.905784474676153e-09,3.049255292708608e-09,-12.437491707279312,-3.769919875115462,-1.5124009199986366
15.073827505111694,0.9999999961964742,-0.49999999809823725,0.7999999969571795,1.0,-0.5,0.8,3.803525827628107e-09,-1.9017627472806e-09,3.042820551080183e-09,-12.437491708332857,-3.7699198755561447,-1.5124009201304807
15.083826065063477,0.9999999962081603,-0.4999999981040803,0.7999999969665283,1.0,-0.5,0.8,3.791839731093205e-09,-1.895919699013149e-09,3.033471696056722e-09,-12.437491709440021,-3.769919876016467,-1.5124009202673883
15.093750953674316,0.9999999962234045,-0.4999999981117024,0.7999999969787237,1.0,-0.5,0.8,3.776595480786682e-09,-1.8882975738598873e-09,3.0212763402204246e-09,-12.437491710598625,-3.7699198764955777,-1.512400920409121
15.103763818740845,0.9999999962421204,-0.4999999981210604,0.7999999969936964,1.0,-0.5,0.8,3.757879563082156e-09,-1.8789396150076243e-09,3.0063036504657248e-09,-12.437491711806482,-3.76991987699262,-1.5124009205554412
15.113748550415039,0.9999999962642199,-0.4999999981321101,0.7999999970113759,1.0,-0.5,0.8,3.735780129687782e-09,-1.8678898983104375e-09,2.9886241259546864e-09,-12.4374917130614,-3.769919877506739,-1.51240092070611
15.12375783920288,0.9999999962896131,-0.4999999981448067,0.7999999970316906,1.0,-0.5,0.8,3.710386886623951e-09,-1.8551932767785217e-09,2.9683094870947002e-09,-12.43749171436118,-3.7699198780370797,-1.5124009208608902
15.133792400360107,0.9999999963182089,-0.4999999981591046,0.7999999970545671,1.0,-0.5,0.8,3.6817910942232857e-09,-1.8408953805781891e-09,2.945432897583089e-09,-12.43749171570363,-3.7699198785827868,-1.5124009210195446
15.143795013427734,0.9999999963499145,-0.49999999817495744,0.7999999970799316,1.0,-0.5,0.8,3.650085456108343e-09,-1.8250425615207178e-09,2.9200684092955953e-09,-12.437491717086552,-3.7699198791430066,-1.5124009211818374
15.153875350952148,0.9999999963846362,-0.4999999981923183,0.799999997107709,1.0,-0.5,0.8,3.6153637861247034e-09,-1.807681726528898e-09,2.8922910733086837e-09,-12.437491718507752,-3.7699198797168907,-1.5124009213475333
15.163736343383789,0.9999999964222788,-0.49999999821113955,0.799999997137823,1.0,-0.5,0.8,3.5777212303855777e-09,-1.7888604486593351e-09,2.8621770509218436e-09,-12.437491719965044,-3.76991988030359,-1.5124009215163987
15.173775672912598,0.9999999964627462,-0.49999999823137325,0.799999997170197,1.0,-0.5,0.8,3.5372538231825956e-09,-1.7686267450578441e-09,2.8298030585460765e-09,-12.437491721456247,-3.769919880902261,-1.512400921688201
15.183777332305908,0.9999999965059415,-0.4999999982529709,0.7999999972047532,1.0,-0.5,0.8,3.494058486985807e-09,-1.7470290769594499e-09,2.795246811793106e-09,-12.437491722979196,-3.7699198815120676,-1.5124009218627104
15.193785905838013,0.999999996551767,-0.49999999827588365,0.7999999972414136,1.0,-0.5,0.8,3.4482330324436816e-09,-1.7241163496883871e-09,2.7585864703638663e-09,-12.437491724531732,-3.769919882132175,-1.5124009220396966
15.203782320022583,0.9999999966001242,-0.49999999830006225,0.7999999972800993,1.0,-0.5,0.8,3.399875825316201e-09,-1.6999377461246468e-09,2.7199007490708027e-09,-12.437491726111707,-3.7699198827617595,-1.512400922218935
15.213801860809326,0.9999999966509141,-0.4999999983254572,0.7999999973207312,1.0,-0.5,0.8,3.3490858974971616e-09,-1.674542782215127e-09,2.6792688068155712e-09,-12.437491727716996,-3.7699198834000005,-1.5124009224002004
15.223820447921753,0.9999999967040374,-0.49999999835201886,0.7999999973632298,1.0,-0.5,0.8,3.2959626139472675e-09,-1.64798114044018e-09,2.6367702465890375e-09,-12.437491729345489,-3.7699198840460877,-1.5124009225832713
15.233840703964233,0.9999999967593941,-0.4999999983796972,0.7999999974075152,1.0,-0.5,0.8,3.240605894738735e-09,-1.6203027808359138e-09,2.592484893426672e-09,-12.437491730995086,-3.7699198846992164,-1.5124009227679283
15.243777990341187,0.9999999968168843,-0.49999999840844234,0.7999999974535074,1.0,-0.5,0.8,3.1831156599437804e-09,-1.5915576634384365e-09,2.5464926833862478e-09,-12.437491732663723,-3.7699198853585947,-1.5124009229539548
15.253795862197876,0.9999999968764078,-0.4999999984382041,0.7999999975011262,1.0,-0.5,0.8,3.1235921627015273e-09,-1.56179591481731e-09,2.4988738855924453e-09,-12.437491734349345,-3.7699198860234366,-1.512400923141138
15.263814449310303,0.9999999969378645,-0.4999999984689324,0.7999999975502915,1.0,-0.5,0.8,3.062135545128797e-09,-1.5310676060309447e-09,2.44970854712534e-09,-12.437491736049932,-3.769919886692968,-1.512400923329267
15.273825883865356,0.999999997001154,-0.4999999985005772,0.7999999976009232,1.0,-0.5,0.8,2.9988459493424102e-09,-1.4994228081377514e-09,2.3990768260873097e-09,-12.43749173776348,-3.7699198873664272,-1.5124009235181348
15.283797025680542,0.9999999970661767,-0.4999999985330885,0.7999999976529414,1.0,-0.5,0.8,2.9338232954145838e-09,-1.4669114811738382e-09,2.3470586585361275e-09,-12.437491739488017,-3.7699198880430598,-1.5124009237075382
15.293812990188599,0.9999999971328327,-0.4999999985664165,0.7999999977062663,1.0,-0.5,0.8,2.8671672813729288e-09,-1.4335834741530107e-09,2.2937337584849615e-09,-12.437491741221601,-3.7699198887221272,-1.5124009238972764
15.303846597671509,0.9999999972010228,-0.4999999986005116,0.7999999977608183,1.0,-0.5,0.8,2.7989771611558467e-09,-1.3994884140444697e-09,2.2391817289246774e-09,-12.437491742962314,-3.7699198894029022,-1.5124009240871539
15.313801288604736,0.9999999972706481,-0.49999999863532424,0.7999999978165185,1.0,-0.5,0.8,2.7293518556348317e-09,-1.3646757612839622e-09,2.183481506712326e-09,-12.437491744708277,-3.769919890084668,-1.5124009242769774
15.323803186416626,0.9999999973416103,-0.4999999986708053,0.7999999978732882,1.0,-0.5,0.8,2.6583897305698656e-09,-1.3291946987514791e-09,2.126711806660353e-09,-12.437491746457635,-3.7699198907667255,-1.5124009244665582
15.333847045898438,0.9999999974138115,-0.4999999987069059,0.7999999979310493,1.0,-0.5,0.8,2.5861884855871153e-09,-1.293094076260104e-09,2.0689507884696923e-09,-12.437491748208569,-3.7699198914483842,-1.5124009246557115
15.343866348266602,0.999999997487155,-0.49999999874357764,0.799999997989724,1.0,-0.5,0.8,2.5128450431566307e-09,-1.2564223550448617e-09,2.010276056729765e-09,-12.437491749959303,-3.7699198921289723,-1.5124009248442571
15.35393214225769,0.9999999975615443,-0.49999999878077234,0.7999999980492355,1.0,-0.5,0.8,2.4384556596146467e-09,-1.2192276632738697e-09,1.950764549896178e-09,-12.43749175170809,-3.7699198928078306,-1.5124009250320183
15.363852739334106,0.9999999976368844,-0.49999999881844237,0.7999999981095076,1.0,-0.5,0.8,2.3631155920966762e-09,-1.1815576295148844e-09,1.89049242926842e-09,-12.43749175345321,-3.7699198934843126,-1.512400925218823
15.373822212219238,0.9999999977130808,-0.49999999885654056,0.7999999981704647,1.0,-0.5,0.8,2.2869192095598123e-09,-1.1434594382464525e-09,1.8295353010344684e-09,-12.437491755193001,-3.769919894157792,-1.512400925404504
15.383843660354614,0.9999999977900402,-0.4999999988950203,0.7999999982320323,1.0,-0.5,0.8,2.2099597707381236e-09,-1.104979718835608e-09,1.7679677721815779e-09,-12.437491756925832,-3.769919894827654,-1.5124009255888975
15.393818378448486,0.9999999978676704,-0.49999999893383534,0.7999999982941364,1.0,-0.5,0.8,2.1323296461872587e-09,-1.0661646565601757e-09,1.705863672540886e-09,-12.4374917586501,-3.769919895493301,-1.5124009257718447
15.403834342956543,0.9999999979458802,-0.4999999989729403,0.7999999983567043,1.0,-0.5,0.8,2.0541197631729347e-09,-1.0270597150530136e-09,1.6432957217205058e-09,-12.437491760364258,-3.769919896154153,-1.512400925953192
15.413815021514893,0.9999999980245801,-0.4999999990122902,0.7999999984196642,1.0,-0.5,0.8,1.9754199387378435e-09,-9.87709802835468e-10,1.5803358621724328e-09,-12.437491762066795,-3.7699198968096437,-1.5124009261327904
15.423815488815308,0.9999999981036813,-0.49999999905184084,0.7999999984829451,1.0,-0.5,0.8,1.896318657657048e-09,-9.481591622950702e-10,1.5170549261256383e-09,-12.437491763756237,-3.769919897459226,-1.5124009263104947
15.433847427368164,0.9999999981830969,-0.4999999990915486,0.7999999985464775,1.0,-0.5,0.8,1.8169030724379809e-09,-9.08451425196688e-10,1.4535225245637662e-09,-12.437491765431158,-3.7699198981023674,-1.5124009264861653
15.443845272064209,0.999999998262741,-0.4999999991313706,0.7999999986101928,1.0,-0.5,0.8,1.737259003320446e-09,-8.686293906379206e-10,1.3898072692697383e-09,-12.437491767090172,-3.7699198987385527,-1.5124009266596667
15.453836441040039,0.9999999983425295,-0.49999999917126486,0.7999999986740236,1.0,-0.5,0.8,1.6574704941874074e-09,-8.287351360714013e-10,1.325976439758847e-09,-12.43749176873194,-3.7699198993672884,-1.5124009268308698
15.463811874389648,0.9999999984223797,-0.49999999921119,0.7999999987379037,1.0,-0.5,0.8,1.5776202566541997e-09,-7.888100173047974e-10,1.2620963163456622e-09,-12.437491770355166,-3.76991989998809,-1.5124009269996486
15.473836421966553,0.9999999985022106,-0.4999999992511054,0.7999999988017684,1.0,-0.5,0.8,1.4977894480239229e-09,-7.48894612989659e-10,1.1982316250325198e-09,-12.437491771958596,-3.7699199006004984,-1.512400927165883
15.48381781578064,0.9999999985819426,-0.4999999992909714,0.7999999988655541,1.0,-0.5,0.8,1.4180574492428377e-09,-7.090286135991164e-10,1.1344459815987307e-09,-12.437491773541023,-3.769919901204069,-1.5124009273294576
15.493831872940063,0.9999999986614979,-0.49999999933074907,0.7999999989291984,1.0,-0.5,0.8,1.3385020869449704e-09,-6.692509324501827e-10,1.0708016695559763e-09,-12.437491775101282,-3.769919901798374,-1.5124009274902621
15.503780841827393,0.9999999987408007,-0.49999999937040046,0.7999999989926406,1.0,-0.5,0.8,1.2591993003852053e-09,-6.295995391703002e-10,1.0073594181037038e-09,-12.437491776638259,-3.7699199023830046,-1.5124009276481911
15.513783693313599,0.9999999988197766,-0.49999999940988843,0.7999999990558214,1.0,-0.5,0.8,1.18022336348389e-09,-5.901115707196425e-10,9.441786241737304e-10,-12.437491778150886,-3.7699199029575703,-1.5124009278031438
15.523773670196533,0.9999999988983533,-0.4999999994491767,0.7999999991186827,1.0,-0.5,0.8,1.1016466627822297e-09,-5.508232758799636e-10,8.813173524302442e-10,-12.43749177963813,-3.7699199035216977,-1.5124009279550257
15.533772706985474,0.9999999989764601,-0.4999999994882301,0.7999999991811682,1.0,-0.5,0.8,1.0235399194868933e-09,-5.117699042322954e-10,8.188318911805936e-10,-12.437491781099018,-3.769919904075031,-1.5124009281037458
15.543766736984253,0.9999999990540283,-0.4999999995270142,0.7999999992432227,1.0,-0.5,0.8,9.459717453808025e-10,-4.7298581717925e-10,7.567773074868001e-10,-12.43749178253261,-3.7699199046172325,-1.5124009282492183
15.553895473480225,0.999999999130991,-0.49999999956549557,0.7999999993047929,1.0,-0.5,0.8,8.690089758900399e-10,-4.345044324338687e-10,6.952071140986504e-10,-12.437491783938022,-3.7699199051479835,-1.5124009283913629
15.563823461532593,0.9999999992072836,-0.49999999960364183,0.799999999365827,1.0,-0.5,0.8,7.927164480392435e-10,-3.963581685084705e-10,6.341730474090923e-10,-12.437491785314412,-3.7699199056669808,-1.5124009285301039
15.573790311813354,0.999999999282843,-0.4999999996414215,0.7999999994262745,1.0,-0.5,0.8,7.17157000451607e-10,-3.585785002258035e-10,5.737255115434436e-10,-12.437491786660987,-3.7699199061739432,-1.5124009286653715
15.583846807479858,0.9999999993576084,-0.49999999967880415,0.7999999994860868,1.0,-0.5,0.8,6.423915843711825e-10,-3.211958476967425e-10,5.139132452924855e-10,-12.437491787976994,-3.7699199066686027,-1.5124009287970992
15.593836069107056,0.9999999994315208,-0.49999999971576037,0.7999999995452167,1.0,-0.5,0.8,5.684791526405775e-10,-2.8423963183143997e-10,4.5478332211246197e-10,-12.437491789261724,-3.769919907150709,-1.512400928925225
15.603928804397583,0.9999999995045236,-0.4999999997522617,0.7999999996036189,1.0,-0.5,0.8,4.954764376563503e-10,-2.477382743393264e-10,3.9638115012508024e-10,-12.437491790514525,-3.7699199076200345,-1.512400929049695
15.61381196975708,0.9999999995765617,-0.49999999978828075,0.7999999996612494,1.0,-0.5,0.8,4.2343828443591747e-10,-2.117192532402612e-10,3.3875069416211545e-10,-12.437491791734777,-3.769919908076363,-1.512400929170456
15.62379002571106,0.9999999996475825,-0.4999999998237911,0.799999999718066,1.0,-0.5,0.8,3.5241753959525113e-10,-1.7620888081992803e-10,2.819340316762009e-10,-12.437491792921913,-3.769919908519498,-1.5124009292874625
15.63382363319397,0.9999999997175353,-0.49999999985876753,0.7999999997740282,1.0,-0.5,0.8,2.8246471828197173e-10,-1.4123247016328833e-10,2.2597179683003787e-10,-12.437491794075408,-3.769919908949262,-1.5124009294006722
15.643814086914062,0.9999999997863714,-0.4999999998931856,0.7999999998290972,1.0,-0.5,0.8,2.136285592868603e-10,-1.0681439066573262e-10,1.7090284742948825e-10,-12.437491795194783,-3.7699199093654916,-1.5124009295100478
15.65381383895874,0.9999999998540445,-0.49999999992702215,0.7999999998832357,1.0,-0.5,0.8,1.459554699323462e-10,-7.297784598847556e-11,1.1676437594587696e-10,-12.4374917962796,-3.7699199097680403,-1.5124009296155565
15.663832902908325,0.9999999999205101,-0.49999999996025496,0.7999999999364081,1.0,-0.5,0.8,7.948985913941442e-11,-3.974504059200967e-11,6.359190951599203e-11,-12.437491797329464,-3.769919910156782,-1.5124009297171703
15.673805713653564,0.9999999999857259,-0.4999999999928628,0.7999999999885807,1.0,-0.5,0.8,1.4274137427605638e-11,-7.137179736105281e-12,1.141930994208451e-11,-12.437491798344025,-3.769919910531601,-1.5124009298148657
15.683794975280762,1.0000000000496516,-0.5000000000248257,0.8000000000397213,1.0,-0.5,0.8,-4.9651616151891176e-11,2.4825697053643125e-11,-3.972122630813146e-11,-12.437491799322977,-3.7699199108924035,-1.5124009299086232
15.693783521652222,1.000000000112249,-0.5000000000561244,0.8000000000897993,1.0,-0.5,0.8,-1.1224909890472645e-10,5.6124438430060763e-11,-8.979927912378116e-11,-12.437491800266049,-3.769919911239107,-1.5124009299984276
15.703756093978882,1.0000000001734826,-0.5000000000867412,0.800000000138786,1.0,-0.5,0.8,-1.7348256164950726e-10,8.674116980245117e-11,-1.3878598270622433e-10,-12.437491801173017,-3.7699199115716477,-1.5124009300842682
15.71374797821045,1.0000000002333178,-0.5000000001166588,0.8000000001866542,1.0,-0.5,0.8,-2.3331780951707515e-10,1.166587937362351e-10,-1.8665413659135766e-10,-12.4374918020437,-3.769919911889977,-1.5124009301661387
15.723750591278076,1.000000000291723,-0.5000000001458614,0.8000000002333784,1.0,-0.5,0.8,-2.9172309012892583e-10,1.4586143404216045e-10,-2.333783166719172e-10,-12.437491802877949,-3.76991991219406,-1.5124009302440367
15.73378872871399,1.0000000003486684,-0.5000000001743341,0.8000000002789347,1.0,-0.5,0.8,-3.4866842746339444e-10,1.7433410270939476e-10,-2.789346531528736e-10,-12.437491803675655,-3.7699199124838767,-1.5124009303179633
15.74380350112915,1.0000000004041263,-0.500000000202063,0.8000000003233009,1.0,-0.5,0.8,-4.0412628798947026e-10,2.0206303297243267e-10,-3.2330083055143177e-10,-12.437491804436762,-3.769919912759425,-1.5124009303879242
15.753793478012085,1.0000000004580707,-0.5000000002290352,0.8000000003664565,1.0,-0.5,0.8,-4.5807069248837706e-10,2.2903523522188607e-10,-3.664564207639387e-10,-12.437491805161228,-3.7699199130207104,-1.5124009304539285
15.763792037963867,1.0000000005104783,-0.500000000255239,0.8000000004083825,1.0,-0.5,0.8,-5.104783262765977e-10,2.552390521159964e-10,-4.0838243897667326e-10,-12.437491805849072,-3.7699199132677625,-1.5124009305159904
15.773819208145142,1.0000000005613272,-0.5000000002806635,0.8000000004490616,1.0,-0.5,0.8,-5.613272069382447e-10,2.8066349244681987e-10,-4.490615657104513e-10,-12.437491806500333,-3.769919913500615,-1.5124009305741253
15.783780336380005,1.0000000006105978,-0.5000000003052988,0.8000000004884781,1.0,-0.5,0.8,-6.105977945480845e-10,3.052987862517398e-10,-4.884780357983232e-10,-12.437491807115087,-3.7699199137193196,-1.5124009306283546
15.793788194656372,1.0000000006582723,-0.500000000329136,0.8000000005266178,1.0,-0.5,0.8,-6.582723255377232e-10,3.2913605174655913e-10,-5.266177494078761e-10,-12.43749180769346,-3.769919913923941,-1.5124009306787012
15.803802728652954,1.0000000007043353,-0.5000000003521675,0.8000000005634681,1.0,-0.5,0.8,-7.04335256784816e-10,3.5216751737010554e-10,-5.634680499966294e-10,-12.437491808235595,-3.7699199141145576,-1.5124009307251935
15.81378984451294,1.0000000007487726,-0.5000000003743862,0.8000000005990179,1.0,-0.5,0.8,-7.487725994792527e-10,3.743861887173239e-10,-5.990178353343367e-10,-12.437491808741678,-3.769919914291257,-1.5124009307678614
15.823824167251587,1.0000000007915724,-0.5000000003957861,0.8000000006332577,1.0,-0.5,0.8,-7.915723632123672e-10,3.9578607058388116e-10,-6.332576685252889e-10,-12.43749180921192,-3.7699199144541424,-1.512400930806739
15.833852052688599,1.0000000008327246,-0.5000000004163622,0.8000000006661795,1.0,-0.5,0.8,-8.327245559769381e-10,4.1636216696616657e-10,-6.66179444941406e-10,-12.437491809646572,-3.7699199146033253,-1.5124009308418631
15.843849897384644,1.000000000872221,-0.5000000004361104,0.8000000006977767,1.0,-0.5,0.8,-8.722209621225829e-10,4.36110370038989e-10,-6.977766142668429e-10,-12.437491810045904,-3.769919914738931,-1.5124009308732738
15.853899002075195,1.0000000009100551,-0.5000000004550275,0.800000000728044,1.0,-0.5,0.8,-9.10055142355759e-10,4.5502746015557705e-10,-7.280439584533838e-10,-12.437491810410227,-3.7699199148610965,-1.5124009309010138
15.86384391784668,1.0000000009462227,-0.5000000004731112,0.800000000756978,1.0,-0.5,0.8,-9.462226557843678e-10,4.731112168698814e-10,-7.569779247873498e-10,-12.43749181073988,-3.7699199149699685,-1.5124009309251283
15.873801469802856,1.0000000009807206,-0.5000000004903602,0.8000000007845763,1.0,-0.5,0.8,-9.807206158285453e-10,4.903601968919702e-10,-7.845762928226918e-10,-12.437491811035224,-3.769919915065702,-1.5124009309456665
15.883806467056274,1.000000001013548,-0.5000000005067738,0.8000000008108381,1.0,-0.5,0.8,-1.0135479122652669e-09,5.06773845110331e-10,-8.108380633586876e-10,-12.43749181129665,-3.7699199151484666,-1.5124009309626794
15.893847465515137,1.000000001044705,-0.5000000005223524,0.8000000008357638,1.0,-0.5,0.8,-1.0447049891837423e-09,5.223523835695687e-10,-8.357637915068494e-10,-12.437491811524572,-3.769919915218437,-1.5124009309762196
15.903825998306274,1.0000000010741943,-0.500000000537097,0.8000000008593553,1.0,-0.5,0.8,-1.0741942890746259e-09,5.370970335150105e-10,-8.593552536240168e-10,-12.437491811719436,-3.7699199152758,-1.5124009309863442
15.913804292678833,1.0000000011020196,-0.5000000005510097,0.8000000008816156,1.0,-0.5,0.8,-1.1020195866962013e-09,5.510096823257982e-10,-8.816155583346585e-10,-12.437491811881706,-3.7699199153207505,-1.5124009309931106
15.923800706863403,1.0000000011281864,-0.5000000005640931,0.8000000009025491,1.0,-0.5,0.8,-1.1281864331635916e-09,5.640931055594933e-10,-9.025490355085708e-10,-12.43749181201188,-3.7699199153534915,-1.5124009309965796
15.933794498443604,1.0000000011527017,-0.5000000005763507,0.8000000009221613,1.0,-0.5,0.8,-1.1527017118595495e-09,5.763507449074723e-10,-9.221612362608766e-10,-12.437491812110457,-3.769919915374233,-1.512400930996813
15.943845987319946,1.000000001175574,-0.5000000005877869,0.8000000009404591,1.0,-0.5,0.8,-1.1755740825236671e-09,5.877869302395311e-10,-9.404590439743288e-10,-12.437491812177978,-3.7699199153831984,-1.5124009309938762
15.953818798065186,1.0000000011968133,-0.5000000005984065,0.8000000009574505,1.0,-0.5,0.8,-1.1968133151185611e-09,5.984065465369781e-10,-9.574504522547045e-10,-12.437491812214994,-3.7699199153806107,-1.5124009309878348
15.963838815689087,1.000000001216431,-0.5000000006082154,0.8000000009731446,1.0,-0.5,0.8,-1.2164309559636877e-09,6.082153669595414e-10,-9.731445649308057e-10,-12.43749181222208,-3.769919915366703,-1.512400930978757
15.973836183547974,1.0000000012344399,-0.5000000006172198,0.8000000009875518,1.0,-0.5,0.8,-1.2344398836461323e-09,6.172198308007637e-10,-9.875517070767614e-10,-12.437491812199822,-3.769919915341719,-1.5124009309667135
15.983787298202515,1.000000001250854,-0.5000000006254269,0.8000000010006831,1.0,-0.5,0.8,-1.2508540869760054e-09,6.254269324657002e-10,-1.0006830919451204e-09,-12.437491812148838,-3.7699199153059015,-1.5124009309517743
15.99383807182312,1.000000001265689,-0.5000000006328444,0.8000000010125512,1.0,-0.5,0.8,-1.2656891090756517e-09,6.328444435155234e-10,-1.0125511540337584e-09,-12.437491812069743,-3.769919915259505,-1.512400930934013
16.003769636154175,1.0000000012789618,-0.5000000006394808,0.8000000010231694,1.0,-0.5,0.8,-1.2789618253350454e-09,6.394808016452203e-10,-1.0231693270412734e-09,-12.437491811963188,-3.769919915202788,-1.512400930913504
16.013754844665527,1.0000000012906902,-0.500000000645345,0.800000001032552,1.0,-0.5,0.8,-1.2906902213671856e-09,6.453449996612903e-10,-1.032551932844683e-09,-12.437491811829828,-3.7699199151360134,-1.5124009308903226
16.023765325546265,1.0000000013008932,-0.5000000006504465,0.8000000010407144,1.0,-0.5,0.8,-1.3008931709634908e-09,6.504464744594429e-10,-1.0407144035440297e-09,-12.437491811670323,-3.7699199150594467,-1.5124009308645452
16.033761024475098,1.0000000013095913,-0.5000000006547956,0.8000000010476729,1.0,-0.5,0.8,-1.309591324272219e-09,6.54795551113807e-10,-1.0476728373731703e-09,-12.437491811485367,-3.769919914973363,-1.5124009308362496
16.043782949447632,1.0000000013168058,-0.5000000006584028,0.8000000010534445,1.0,-0.5,0.8,-1.3168057755308382e-09,6.584027767431166e-10,-1.0534444427889866e-09,-12.437491811275644,-3.769919914878038,-1.5124009308055142
16.053813457489014,1.0000000013225592,-0.5000000006612795,0.8000000010580472,1.0,-0.5,0.8,-1.3225591732890507e-09,6.612794756222229e-10,-1.0580472054044776e-09,-12.437491811041866,-3.7699199147737517,-1.512400930772419
16.06380820274353,1.000000001326875,-0.5000000006634374,0.8000000010614999,1.0,-0.5,0.8,-1.3268750542749785e-09,6.634374161151868e-10,-1.0614998879887594e-09,-12.437491810784747,-3.7699199146607882,-1.5124009307370445
16.073813438415527,1.0000000013297776,-0.5000000006648887,0.8000000010638221,1.0,-0.5,0.8,-1.3297776213505585e-09,6.648886996529768e-10,-1.0638220304670654e-09,-12.437491810505009,-3.7699199145394333,-1.5124009306994708
16.083796501159668,1.0000000013312924,-0.5000000006656461,0.8000000010650339,1.0,-0.5,0.8,-1.3312924096453571e-09,6.656460938003761e-10,-1.0650338388984437e-09,-12.437491810203387,-3.769919914409976,-1.51240093065978
16.09380578994751,1.0000000013314456,-0.5000000006657227,0.8000000010651565,1.0,-0.5,0.8,-1.3314456204227554e-09,6.657226991890752e-10,-1.0651564075203623e-09,-12.437491809880614,-3.7699199142727084,-1.5124009306180541
16.103797912597656,1.0000000013302643,-0.5000000006651321,0.8000000010642114,1.0,-0.5,0.8,-1.3302643431245542e-09,6.651320605399746e-10,-1.0642113856818014e-09,-12.437491809537441,-3.769919914127924,-1.5124009305743757
16.11374306678772,1.0000000013277763,-0.5000000006638881,0.8000000010622211,1.0,-0.5,0.8,-1.3277763333263692e-09,6.638880556408822e-10,-1.0622210888655559e-09,-12.437491809174618,-3.769919913975917,-1.512400930528827
16.12377691268921,1.0000000013240105,-0.5000000006620051,0.8000000010592083,1.0,-0.5,0.8,-1.3240104568268407e-09,6.620051173911179e-10,-1.0592082766436306e-09,-12.437491808792904,-3.769919913816985,-1.5124009304814916
16.133818864822388,1.0000000013189958,-0.5000000006594978,0.8000000010551966,1.0,-0.5,0.8,-1.3189958014692138e-09,6.594977897123044e-10,-1.05519659676645e-09,-12.437491808393055,-3.7699199136514254,-1.5124009304324522
16.143828868865967,1.0000000013127623,-0.5000000006563812,0.80000000105021,1.0,-0.5,0.8,-1.3127623432751534e-09,6.563811716375767e-10,-1.0502099190290437e-09,-12.437491807975828,-3.769919913479534,-1.5124009303817916
16.15383529663086,1.000000001305341,-0.5000000006526705,0.8000000010442728,1.0,-0.5,0.8,-1.305340946444744e-09,6.52670473222372e-10,-1.0442727793602558e-09,-12.437491807542001,-3.7699199133016132,-1.5124009303295938
16.16378879547119,1.0000000012967627,-0.5000000006483813,0.8000000010374101,1.0,-0.5,0.8,-1.2967626972226753e-09,6.483813486113377e-10,-1.0374100467558378e-09,-12.437491807092332,-3.7699199131179597,-1.512400930275941
16.173746824264526,1.0000000012870591,-0.5000000006435296,0.8000000010296473,1.0,-0.5,0.8,-1.2870591259428465e-09,6.435295629714233e-10,-1.0296472563453563e-09,-12.437491806627586,-3.76991991292887,-1.5124009302209158
16.18374752998352,1.0000000012762627,-0.5000000006381313,0.8000000010210101,1.0,-0.5,0.8,-1.2762626511175768e-09,6.381313255587884e-10,-1.02101005428068e-09,-12.43749180614853,-3.7699199127346454,-1.5124009301646018
16.193761348724365,1.0000000012644057,-0.5000000006322028,0.8000000010115246,1.0,-0.5,0.8,-1.264405691259185e-09,6.322028456295925e-10,-1.0115245308028875e-09,-12.437491805655931,-3.7699199125355785,-1.512400930107079
16.203789234161377,1.0000000012515216,-0.5000000006257608,0.8000000010012173,1.0,-0.5,0.8,-1.25152155305841e-09,6.25760776529205e-10,-1.0012172202422676e-09,-12.437491805150554,-3.769919912331969,-1.5124009300484316
16.213797330856323,1.0000000012376435,-0.5000000006188218,0.8000000009901149,1.0,-0.5,0.8,-1.2376435432059907e-09,6.188217716029953e-10,-9.901148789737135e-10,-12.437491804633156,-3.76991991212411,-1.512400929988739
16.22374391555786,1.0000000012228054,-0.5000000006114027,0.8000000009782444,1.0,-0.5,0.8,-1.2228054124818755e-09,6.114027062409377e-10,-9.782443743944214e-10,-12.437491804104495,-3.769919911912294,-1.5124009299280823
16.233766555786133,1.0000000012070414,-0.5000000006035207,0.8000000009656332,1.0,-0.5,0.8,-1.2070413557552229e-09,6.035206778776114e-10,-9.656331290130993e-10,-12.437491803565333,-3.7699199116968134,-1.512400929866542
16.24377989768982,1.0000000011903856,-0.5000000005951928,0.8000000009523085,1.0,-0.5,0.8,-1.1903855678951913e-09,5.951927839475957e-10,-9.52308454316153e-10,-12.437491803016409,-3.7699199114779556,-1.5124009298041963
16.253782033920288,1.0000000011728725,-0.5000000005864362,0.800000000938298,1.0,-0.5,0.8,-1.1728724658155443e-09,5.864362329077721e-10,-9.38297994856896e-10,-12.43749180245847,-3.7699199112560065,-1.5124009297411245
16.263777017593384,1.0000000011545367,-0.5000000005772683,0.8000000009236294,1.0,-0.5,0.8,-1.15453668847465e-09,5.77268344237325e-10,-9.23629395188641e-10,-12.437491801892257,-3.769919911031252,-1.5124009296774037
16.273804903030396,1.000000001135413,-0.5000000005677065,0.8000000009083306,1.0,-0.5,0.8,-1.1354130968754816e-09,5.677065484377408e-10,-9.083305219093063e-10,-12.4374918013185,-3.7699199108039703,-1.5124009296131105
16.28378939628601,1.0000000011155366,-0.5000000005577683,0.8000000008924294,1.0,-0.5,0.8,-1.1155365520210125e-09,5.577682760105063e-10,-8.924293526391125e-10,-12.437491800737924,-3.76991991057444,-1.5124009295483207
16.293778657913208,1.0000000010949421,-0.5000000005474711,0.8000000008759538,1.0,-0.5,0.8,-1.0949421369588208e-09,5.474710684794104e-10,-8.759537539759776e-10,-12.437491800151246,-3.769919910342938,-1.5124009294831098
16.303818941116333,1.0000000010736645,-0.5000000005368322,0.8000000008589317,1.0,-0.5,0.8,-1.0736644906472748e-09,5.368322453236374e-10,-8.589317035401223e-10,-12.437491799559172,-3.769919910109732,-1.5124009294175507
16.313781261444092,1.000000001051739,-0.5000000005258695,0.8000000008413912,1.0,-0.5,0.8,-1.0517389181785575e-09,5.258694590892787e-10,-8.41391178951767e-10,-12.437491798962409,-3.769919909875092,-1.512400929351716
16.32379937171936,1.0000000010292,-0.5000000005146,0.8000000008233601,1.0,-0.5,0.8,-1.0292000585110372e-09,5.146000292555186e-10,-8.233600468088298e-10,-12.437491798361641,-3.7699199096392793,-1.512400929285677
16.33380675315857,1.0000000010060828,-0.5000000005030414,0.8000000008048662,1.0,-0.5,0.8,-1.0060827726476873e-09,5.030413863238437e-10,-8.048661737092289e-10,-12.437491797757549,-3.7699199094025544,-1.512400929219504
16.34379744529724,1.0000000009824217,-0.5000000004912108,0.8000000007859374,1.0,-0.5,0.8,-9.82421699546876e-10,4.91210849773438e-10,-7.859373152285798e-10,-12.437491797150807,-3.7699199091651714,-1.5124009291532656
16.353795528411865,1.0000000009582515,-0.5000000004791257,0.8000000007666012,1.0,-0.5,0.8,-9.582514781669715e-10,4.791257390834858e-10,-7.666011159201958e-10,-12.437491796542071,-3.7699199089273803,-1.51240092908703
16.363812923431396,1.0000000009336063,-0.5000000004668032,0.800000000746885,1.0,-0.5,0.8,-9.336063033771325e-10,4.668031516885662e-10,-7.46884998292785e-10,-12.437491795931992,-3.7699199086894284,-1.5124009290208624
16.37381625175476,1.0000000009085206,-0.5000000004542603,0.8000000007268164,1.0,-0.5,0.8,-9.085205920911221e-10,4.5426029604556106e-10,-7.268163848550557e-10,-12.43749179532121,-3.7699199084515578,-1.5124009289548288
16.383764505386353,1.0000000008830279,-0.5000000004415139,0.8000000007064223,1.0,-0.5,0.8,-8.830278730442842e-10,4.415139365221421e-10,-7.064222540265064e-10,-12.437491794710343,-3.7699199082140016,-1.5124009288889908
16.3937828540802,1.0000000008571621,-0.5000000004285811,0.8000000006857296,1.0,-0.5,0.8,-8.571621190611722e-10,4.285810595305861e-10,-6.857295842266353e-10,-12.437491794100005,-3.769919907976993,-1.5124009288234117
16.40376925468445,1.0000000008309564,-0.5000000004154782,0.8000000006647651,1.0,-0.5,0.8,-8.3095641478792e-10,4.1547820739396e-10,-6.647650208080336e-10,-12.4374917934908,-3.769919907740758,-1.5124009287581521
16.413795471191406,1.0000000008044438,-0.5000000004022219,0.800000000643555,1.0,-0.5,0.8,-8.044438448706615e-10,4.022219224353307e-10,-6.435549870786872e-10,-12.43749179288331,-3.7699199075055168,-1.51240092869327
16.423791646957397,1.0000000007776573,-0.5000000003888286,0.8000000006221257,1.0,-0.5,0.8,-7.776572719109254e-10,3.888286359554627e-10,-6.221256843019773e-10,-12.437491792278118,-3.7699199072714866,-1.5124009286288231
16.433796644210815,1.0000000007506287,-0.5000000003753143,0.8000000006005028,1.0,-0.5,0.8,-7.50628670331821e-10,3.753143351659105e-10,-6.005027586297729e-10,-12.43749179167577,-3.7699199070388754,-1.5124009285648672
16.443885803222656,1.00000000072339,-0.500000000361695,0.8000000005787119,1.0,-0.5,0.8,-7.233900145564576e-10,3.616950072782288e-10,-5.787118562139426e-10,-12.437491791076818,-3.769919906807887,-1.5124009285014566
16.453847646713257,1.0000000006959728,-0.5000000003479864,0.8000000005567781,1.0,-0.5,0.8,-6.959728349187344e-10,3.479864174593672e-10,-5.567780680948431e-10,-12.437491790481797,-3.7699199065787226,-1.5124009284386437
16.46378254890442,1.000000000668408,-0.500000000334204,0.8000000005347262,1.0,-0.5,0.8,-6.684079956187361e-10,3.3420399780936805e-10,-5.347261522459235e-10,-12.437491789891213,-3.769919906351572,-1.5124009283764788
16.47390580177307,1.000000000640726,-0.500000000320363,0.8000000005125806,1.0,-0.5,0.8,-6.407259167673374e-10,3.203629583836687e-10,-5.125805335737255e-10,-12.437491789305573,-3.7699199061266224,-1.5124009283150117
16.483779430389404,1.0000000006129568,-0.5000000003064784,0.8000000004903653,1.0,-0.5,0.8,-6.12956796430808e-10,3.06478398215404e-10,-4.903653039178835e-10,-12.437491788725367,-3.769919905904055,-1.5124009282542898
16.493792057037354,1.0000000005851302,-0.5000000002925651,0.800000000468104,1.0,-0.5,0.8,-5.851301665416031e-10,2.9256508327080155e-10,-4.681040000065195e-10,-12.437491788151062,-3.7699199056840476,-1.512400928194359
16.503795862197876,1.000000000557275,-0.5000000002786374,0.8000000004458199,1.0,-0.5,0.8,-5.572748928983629e-10,2.786374464491814e-10,-4.458198255008483e-10,-12.437491787583118,-3.769919905466764,-1.5124009281352628
16.513751745224,1.0000000005294194,-0.5000000002647097,0.8000000004235355,1.0,-0.5,0.8,-5.294193972105177e-10,2.6470969860525884e-10,-4.2353542895057217e-10,-12.437491787021973,-3.769919905252371,-1.5124009280770447
16.52376103401184,1.0000000005015917,-0.5000000002507958,0.8000000004012733,1.0,-0.5,0.8,-5.015916570982881e-10,2.5079582854914406e-10,-4.0127323686078853e-10,-12.437491786468051,-3.769919905041024,-1.5124009280197444
16.53378391265869,1.0000000004738188,-0.5000000002369094,0.800000000379055,1.0,-0.5,0.8,-4.738187620034751e-10,2.3690938100173753e-10,-3.7905500960278005e-10,-12.437491785921763,-3.769919904832872,-1.5124009279634012
16.543793439865112,1.0000000004461276,-0.5000000002230638,0.8000000003569021,1.0,-0.5,0.8,-4.461275793232744e-10,2.230637896616372e-10,-3.569020634586195e-10,-12.437491785383504,-3.7699199046280607,-1.5124009279080521
16.55383038520813,1.000000000418544,-0.500000000209272,0.8000000003348353,1.0,-0.5,0.8,-4.185440882764624e-10,2.092720441382312e-10,-3.348352706211699e-10,-12.437491784853654,-3.7699199044267284,-1.5124009278537327
16.563836097717285,1.0000000003910938,-0.5000000001955469,0.8000000003128751,1.0,-0.5,0.8,-3.910938239926054e-10,1.955469119963027e-10,-3.128750591940843e-10,-12.437491784332568,-3.769919904229007,-1.5124009278004775
16.57382082939148,1.0000000003638014,-0.5000000001819007,0.8000000002910411,1.0,-0.5,0.8,-3.638014334228501e-10,1.8190071671142505e-10,-2.910410801248986e-10,-12.437491783820597,-3.76991990403502,-1.5124009277483172
16.583840131759644,1.0000000003366911,-0.5000000001683456,0.8000000002693528,1.0,-0.5,0.8,-3.366911194291333e-10,1.6834555971456666e-10,-2.693527623165437e-10,-12.437491783318071,-3.7699199038448894,-1.5124009276972825
16.593831777572632,1.0000000003097862,-0.5000000001548931,0.8000000002478289,1.0,-0.5,0.8,-3.097861966949722e-10,1.548930983474861e-10,-2.478288685381358e-10,-12.437491782825298,-3.7699199036587254,-1.5124009276474024
16.603796005249023,1.0000000002831098,-0.5000000001415549,0.8000000002264877,1.0,-0.5,0.8,-2.8310975785927894e-10,1.4155487892963947e-10,-2.2648760644727872e-10,-12.43749178234258,-3.769919903476637,-1.5124009275987031
16.613837480545044,1.0000000002566836,-0.5000000001283418,0.8000000002053468,1.0,-0.5,0.8,-2.566835632933362e-10,1.283417816466681e-10,-2.053467396123665e-10,-12.437491781870195,-3.769919903298724,-1.51240092755121
16.623852729797363,1.0000000002305294,-0.5000000001152647,0.8000000001844234,1.0,-0.5,0.8,-2.305293733684266e-10,1.152646866842133e-10,-1.8442336546797833e-10,-12.437491781408418,-3.769919903125081,-1.5124009275049466
16.633814096450806,1.0000000002046676,-0.5000000001023338,0.8000000001637341,1.0,-0.5,0.8,-2.0466761618820328e-10,1.0233380809410164e-10,-1.6373402633718115e-10,-12.437491780957489,-3.769919902955796,-1.5124009274599342
16.643833875656128,1.0000000001791185,-0.5000000000895592,0.8000000001432948,1.0,-0.5,0.8,-1.791184978117144e-10,8.95592489058572e-11,-1.4329470943152955e-10,-12.437491780517647,-3.7699199027909516,-1.5124009274161927
16.653834342956543,1.0000000001539011,-0.5000000000769506,0.8000000001231209,1.0,-0.5,0.8,-1.5390111407498352e-10,7.695055703749176e-11,-1.2312084685106583e-10,-12.437491780089102,-3.7699199026306225,-1.5124009273737409
16.66383409500122,1.0000000001290343,-0.5000000000645172,0.8000000001032274,1.0,-0.5,0.8,-1.2903433876942927e-10,6.451716938471463e-11,-1.0322731558431997e-10,-12.437491779672069,-3.7699199024748804,-1.5124009273325953
16.673852920532227,1.0000000001045357,-0.5000000000522679,0.8000000000836285,1.0,-0.5,0.8,-1.0453571341884071e-10,5.226785670942036e-11,-8.362843750830962e-11,-12.437491779266727,-3.7699199023237875,-1.5124009272927705
16.683815479278564,1.0000000000804226,-0.5000000000402113,0.800000000064338,1.0,-0.5,0.8,-8.042255750240201e-11,4.021127875120101e-11,-6.433797938854013e-11,-12.437491778873243,-3.7699199021774032,-1.5124009272542804
16.693865299224854,1.0000000000567113,-0.5000000000283557,0.800000000045369,1.0,-0.5,0.8,-5.671130232087762e-11,2.835565116043881e-11,-4.5368930834399634e-11,-12.437491778491786,-3.7699199020357796,-1.5124009272171366
16.703845262527466,1.0000000000334175,-0.5000000000167087,0.800000000026734,1.0,-0.5,0.8,-3.341749099661229e-11,1.6708745498306143e-11,-2.6733948388368844e-11,-12.437491778122489,-3.7699199018989638,-1.5124009271813494
16.71381711959839,1.0000000000105562,-0.5000000000052781,0.800000000008445,1.0,-0.5,0.8,-1.0556222562740913e-11,5.278111281370457e-12,-8.444911436811253e-12,-12.437491777765482,-3.7699199017669955,-1.5124009271469279
16.723849058151245,0.9999999999881416,-0.4999999999940708,0.7999999999905133,1.0,-0.5,0.8,1.185840314832376e-11,-5.92920157416188e-12,9.4867447231195e-12,-12.437491777420869,-3.769919901639909,-1.512400927113878
16.733896493911743,0.9999999999661872,-0.4999999999830936,0.7999999999729497,1.0,-0.5,0.8,3.3812841415681305e-11,-1.6906420707840653e-11,2.7050361950387014e-11,-12.437491777088756,-3.7699199015177354,-1.5124009270822065
16.743836879730225,0.9999999999447056,-0.4999999999723528,0.7999999999557644,1.0,-0.5,0.8,5.5294435696850996e-11,-2.7647217848425498e-11,4.4235615170862275e-11,-12.437491776769217,-3.7699199014004985,-1.512400927051917
16.753856658935547,0.9999999999237089,-0.49999999996185446,0.7999999999389671,1.0,-0.5,0.8,7.629108456086442e-11,-3.814554228043221e-11,6.10329564665335e-11,-12.437491776462323,-3.769919901288215,-1.5124009270230119
16.763799905776978,0.9999999999032085,-0.4999999999516042,0.7999999999225668,1.0,-0.5,0.8,9.67914637328704e-11,-4.839578737758643e-11,7.743328200859878e-11,-12.437491776168136,-3.7699199011809004,-1.5124009269954934
16.7737934589386,0.9999999998832149,-0.4999999999416074,0.7999999999065719,1.0,-0.5,0.8,1.1678513711643745e-10,-5.839262406936996e-11,9.342815410207095e-11,-12.43749177588668,-3.7699199010785605,-1.51240092696936
16.783843755722046,0.9999999998637379,-0.4999999999318689,0.7999999998909904,1.0,-0.5,0.8,1.3626211270434396e-10,-6.813111186332321e-11,1.0900969016347517e-10,-12.437491775617993,-3.7699199009811992,-1.5124009269446106
16.793789863586426,0.9999999998447867,-0.4999999999223933,0.7999999998758294,1.0,-0.5,0.8,1.55213286667788e-10,-7.760669884504523e-11,1.2417067374315138e-10,-12.437491775362089,-3.7699199008888145,-1.5124009269212428
16.803759336471558,0.9999999998263698,-0.49999999991318483,0.7999999998610958,1.0,-0.5,0.8,1.736302213117824e-10,-8.681516616704243e-11,1.389042214583469e-10,-12.43749177511896,-3.7699199008013977,-1.5124009268992518
16.813743829727173,0.9999999998084949,-0.49999999990424737,0.7999999998467958,1.0,-0.5,0.8,1.9150514507515481e-10,-9.575262804872864e-11,1.5320422708242631e-10,-12.437491774888604,-3.7699199007189406,-1.5124009268786323
16.8237464427948,0.9999999997911689,-0.4999999998955844,0.799999999832935,1.0,-0.5,0.8,2.0883106355285008e-10,-1.0441558728757627e-10,1.67065028477964e-10,-12.437491774670987,-3.7699199006414217,-1.5124009268593772
16.83373737335205,0.9999999997743984,-0.4999999998871991,0.7999999998195185,1.0,-0.5,0.8,2.2560164847362785e-10,-1.1280087974796515e-10,1.804815186190467e-10,-12.437491774466078,-3.7699199005688233,-1.5124009268414786
16.843749284744263,0.9999999997581888,-0.4999999998790943,0.7999999998065509,1.0,-0.5,0.8,2.418112377000625e-10,-1.209056743611825e-10,1.9344914559127346e-10,-12.437491774273823,-3.769919900501118,-1.5124009268249277
16.853771448135376,0.9999999997425452,-0.4999999998712725,0.799999999794036,1.0,-0.5,0.8,2.574548352285433e-10,-1.2872747312542288e-10,2.0596402361405808e-10,-12.437491774094166,-3.769919900438276,-1.5124009268097136
16.8637855052948,0.9999999997274719,-0.4999999998637359,0.7999999997819774,1.0,-0.5,0.8,2.725281111892741e-10,-1.362641111057883e-10,2.1802259997372175e-10,-12.437491773927029,-3.769919900380263,-1.5124009267958245
16.873780012130737,0.9999999997129726,-0.49999999985648624,0.7999999997703781,1.0,-0.5,0.8,2.8702740184627373e-10,-1.435137564342881e-10,2.2962198809040046e-10,-12.43749177377233,-3.76991990032704,-1.5124009267832483
16.883785247802734,0.9999999996990503,-0.4999999998495251,0.7999999997592403,1.0,-0.5,0.8,3.0094970959737566e-10,-1.5047491030983906e-10,2.4075974547344003e-10,-12.43749177362998,-3.7699199002785644,-1.5124009267719716
16.893765687942505,0.9999999996857074,-0.49999999984285365,0.7999999997485661,1.0,-0.5,0.8,3.142925919519257e-10,-1.571463514871141e-10,2.514339847436986e-10,-12.437491773499868,-3.769919900234791,-1.5124009267619791
16.90372943878174,0.9999999996729457,-0.4999999998364728,0.7999999997383567,1.0,-0.5,0.8,3.270542725530845e-10,-1.6352719178769348e-10,2.616433736335466e-10,-12.437491773381884,-3.769919900195668,-1.512400926753255
16.91375732421875,0.9999999996607662,-0.49999999983038307,0.7999999997286131,1.0,-0.5,0.8,3.3923375220012986e-10,-1.6961693161121616e-10,2.713869129422619e-10,-12.437491773275902,-3.7699199001611414,-1.5124009267457832
16.923746347427368,0.9999999996491696,-0.49999999982458476,0.7999999997193359,1.0,-0.5,0.8,3.50830364759247e-10,-1.7541523789077473e-10,2.8066415858063465e-10,-12.437491773181788,-3.7699199001311556,-1.512400926739546
16.93374466896057,0.9999999996381558,-0.49999999981907783,0.7999999997105248,1.0,-0.5,0.8,3.618442212527384e-10,-1.8092216613752043e-10,2.894752215709673e-10,-12.4374917730994,-3.769919900105648,-1.5124009267345246
16.943746328353882,0.999999999627724,-0.49999999981386195,0.7999999997021795,1.0,-0.5,0.8,3.7227598781441884e-10,-1.8613804941836065e-10,2.9782054600246965e-10,-12.437491773028581,-3.769919900084555,-1.5124009267307
16.953761339187622,0.9999999996178732,-0.49999999980893656,0.7999999996942988,1.0,-0.5,0.8,3.8212677466731293e-10,-1.910634428448077e-10,3.057012420981664e-10,-12.437491772969176,-3.76991990006781,-1.512400926728052
16.963770866394043,0.9999999996086015,-0.4999999998043007,0.7999999996868815,1.0,-0.5,0.8,3.9139846919056254e-10,-1.956992901064325e-10,3.131185311033846e-10,-12.437491772921014,-3.7699199000553425,-1.5124009267265597
16.973780155181885,0.9999999995999067,-0.4999999997999533,0.7999999996799256,1.0,-0.5,0.8,4.000932918302169e-10,-2.000467014262597e-10,3.200744114195686e-10,-12.437491772883918,-3.7699199000470793,-1.5124009267262015
16.983795166015625,0.9999999995917859,-0.4999999997958929,0.7999999996734289,1.0,-0.5,0.8,4.082141291661401e-10,-2.0410712009422127e-10,3.2657110349276763e-10,-12.437491772857705,-3.769919900042945,-1.5124009267269554
16.993794918060303,0.9999999995842357,-0.4999999997921178,0.7999999996673888,1.0,-0.5,0.8,4.157643118674059e-10,-2.078822114448542e-10,3.326112718582408e-10,-12.437491772842181,-3.769919900042861,-1.5124009267287977
17.00377917289734,0.9999999995772523,-0.4999999997886261,0.799999999661802,1.0,-0.5,0.8,4.227477257146006e-10,-2.1137391836845154e-10,3.3819802514045705e-10,-12.43749177283715,-3.7699199000467445,-1.5124009267317056
17.013751745224,0.9999999995708312,-0.49999999978541554,0.7999999996566652,1.0,-0.5,0.8,4.291688115998227e-10,-2.1458446131106257e-10,3.433348050307927e-10,-12.437491772842407,-3.769919900054515,-1.5124009267356542
17.023750066757202,0.9999999995649678,-0.49999999978248383,0.7999999996519744,1.0,-0.5,0.8,4.350322324597755e-10,-2.17516171741039e-10,3.4802560833213647e-10,-12.43749177285774,-3.769919900066086,-1.512400926740619
17.033743381500244,0.9999999995596566,-0.49999999977982823,0.7999999996477255,1.0,-0.5,0.8,4.403434283872798e-10,-2.2017176970479113e-10,3.522745428696794e-10,-12.437491772882932,-3.7699199000813683,-1.5124009267465746
17.04377007484436,0.999999999554892,-0.4999999997774459,0.7999999996439139,1.0,-0.5,0.8,4.4510795049745866e-10,-2.225540862710318e-10,3.560861605578225e-10,-12.437491772917765,-3.7699199001002763,-1.5124009267534957
17.053789854049683,0.9999999995506679,-0.4999999997753338,0.7999999996405346,1.0,-0.5,0.8,4.4933212706155246e-10,-2.246661745530787e-10,3.5946545740017655e-10,-12.437491772962005,-3.769919900122715,-1.5124009267613556
17.063819885253906,0.9999999995469775,-0.49999999977348863,0.7999999996375823,1.0,-0.5,0.8,4.530225083954065e-10,-2.265113652200057e-10,3.6241776246725976e-10,-12.43749177301542,-3.7699199001485924,-1.5124009267701277
17.073773622512817,0.9999999995438139,-0.49999999977190684,0.7999999996350514,1.0,-0.5,0.8,4.5618608890407586e-10,-2.280931554743404e-10,3.6494862687419527e-10,-12.437491773077776,-3.769919900177814,-1.5124009267797847
17.083783864974976,0.9999999995411698,-0.4999999997705848,0.7999999996329361,1.0,-0.5,0.8,4.5883019605952313e-10,-2.2941520905206403e-10,3.670639348030136e-10,-12.437491773148832,-3.7699199002102826,-1.5124009267902998
17.09383201599121,0.9999999995390374,-0.4999999997695186,0.7999999996312303,1.0,-0.5,0.8,4.6096260142292067e-10,-2.304814117337628e-10,3.6876979248035013e-10,-12.437491773228341,-3.7699199002459025,-1.512400926801645
17.103803873062134,0.9999999995374087,-0.4999999997687042,0.7999999996299273,1.0,-0.5,0.8,4.625912986000458e-10,-2.3129581583347658e-10,3.700727502220502e-10,-12.43749177331606,-3.769919900284575,-1.512400926813793
17.113786697387695,0.9999999995362752,-0.49999999976813736,0.7999999996290205,1.0,-0.5,0.8,4.6372483630818806e-10,-2.3186264019869895e-10,3.7097958038856405e-10,-12.43749177341173,-3.7699199003262014,-1.512400926826715
17.123788595199585,0.999999999535628,-0.4999999997678138,0.7999999996285028,1.0,-0.5,0.8,4.6437198530924206e-10,-2.3218621469922596e-10,3.7149727738494676e-10,-12.437491773515099,-3.769919900370678,-1.5124009268403824
17.13379406929016,0.9999999995354582,-0.49999999976772885,0.7999999996283669,1.0,-0.5,0.8,4.645418494320097e-10,-2.3227114676060978e-10,3.716331686831609e-10,-12.437491773625908,-3.769919900417904,-1.5124009268547671
17.143807888031006,0.9999999995357562,-0.4999999997678779,0.7999999996286054,1.0,-0.5,0.8,4.6424375454989786e-10,-2.3212209931955385e-10,3.713946927774714e-10,-12.4374917737439,-3.7699199004677784,-1.5124009268698402
17.15380358695984,0.9999999995365126,-0.4999999997682561,0.7999999996292104,1.0,-0.5,0.8,4.6348735960322074e-10,-2.317439018462153e-10,3.707896212290507e-10,-12.437491773868814,-3.7699199005201973,-1.5124009268855727
17.16380000114441,0.9999999995377173,-0.49999999976885845,0.7999999996301742,1.0,-0.5,0.8,4.622826565992e-10,-2.3114155034420492e-10,3.698258366213736e-10,-12.437491774000382,-3.7699199005750583,-1.5124009269019356
17.173798084259033,0.9999999995393603,-0.4999999997696799,0.7999999996314885,1.0,-0.5,0.8,4.606397485673597e-10,-2.3032009632828476e-10,3.685115546048223e-10,-12.437491774138344,-3.7699199006322575,-1.5124009269189003
17.183769702911377,0.9999999995414309,-0.49999999977071524,0.799999999633145,1.0,-0.5,0.8,4.585690716041313e-10,-2.2928475784667057e-10,3.6685499082977913e-10,-12.437491774282432,-3.7699199006916904,-1.5124009269364376
17.193780660629272,0.9999999995439187,-0.49999999977195914,0.7999999996351354,1.0,-0.5,0.8,4.5608128385055124e-10,-2.2804086396988055e-10,3.648646940135336e-10,-12.43749177443238,-3.7699199007532536,-1.5124009269545187
17.20377802848816,0.9999999995468128,-0.4999999997734062,0.7999999996374507,1.0,-0.5,0.8,4.531871544699584e-10,-2.2659379927958412e-10,3.6254932389567784e-10,-12.43749177458792,-3.769919900816842,-1.5124009269731145
17.213802337646484,0.9999999995501023,-0.49999999977505094,0.7999999996400823,1.0,-0.5,0.8,4.498976746702965e-10,-2.2494905937975318e-10,3.5991776226040884e-10,-12.437491774748786,-3.769919900882352,-1.5124009269921954
17.22379732131958,0.9999999995537759,-0.49999999977688775,0.7999999996430212,1.0,-0.5,0.8,4.4622405770411433e-10,-2.231122508966621e-10,3.569788908919236e-10,-12.43749177491471,-3.769919900949681,-1.5124009270117345
17.233882665634155,0.9999999995578223,-0.4999999997789109,0.7999999996462582,1.0,-0.5,0.8,4.421777388685655e-10,-2.2108909147888767e-10,3.53741813619024e-10,-12.437491775085425,-3.7699199010187225,-1.512400927031701
17.243802309036255,0.9999999995622298,-0.4999999997811147,0.7999999996497843,1.0,-0.5,0.8,4.377701534608036e-10,-2.1888529877500673e-10,3.502157452928145e-10,-12.437491775260664,-3.769919901089376,-1.5124009270520677
17.253796815872192,0.999999999566987,-0.4999999997834933,0.79999999965359,1.0,-0.5,0.8,4.330129588225873e-10,-2.1650670145589856e-10,3.4641001178670194e-10,-12.43749177544016,-3.769919901161537,-1.5124009270728056
17.263834714889526,0.9999999995720821,-0.4999999997860408,0.7999999996576661,1.0,-0.5,0.8,4.279179233179775e-10,-2.1395918370359368e-10,3.4233393897409314e-10,-12.437491775623652,-3.7699199012351023,-1.5124009270938867
17.27379035949707,0.9999999995775032,-0.49999999978875137,0.799999999662003,1.0,-0.5,0.8,4.2249681531103533e-10,-2.112486297001226e-10,3.379970747729999e-10,-12.437491775810877,-3.769919901309973,-1.5124009271152834
17.283781051635742,0.9999999995832384,-0.49999999979161897,0.7999999996665911,1.0,-0.5,0.8,4.167616252104267e-10,-2.0838103464981828e-10,3.3340896710143397e-10,-12.437491776001568,-3.769919901386046,-1.5124009271369676
17.29379677772522,0.9999999995892755,-0.49999999979463755,0.7999999996714209,1.0,-0.5,0.8,4.1072445444712e-10,-2.0536244926816494e-10,3.2857916387740715e-10,-12.437491776195463,-3.769919901463222,-1.5124009271589118
17.303797245025635,0.9999999995956027,-0.49999999979780113,0.7999999996764826,1.0,-0.5,0.8,4.0439729342978126e-10,-2.0219886875949555e-10,3.2351743506353614e-10,-12.437491776392314,-3.769919901541401,-1.512400927181089
17.313780546188354,0.9999999996022078,-0.49999999980110366,0.7999999996817666,1.0,-0.5,0.8,3.977922435893788e-10,-1.9889634383929433e-10,3.1823343960013517e-10,-12.437491776591859,-3.7699199016204856,-1.5124009272034729
17.32380247116089,0.9999999996090785,-0.499999999804539,0.7999999996872632,1.0,-0.5,0.8,3.9092151737918357e-10,-1.954609807341967e-10,3.127368364275185e-10,-12.437491776793843,-3.7699199017003786,-1.512400927226036
17.333749294281006,0.9999999996162027,-0.49999999980810117,0.7999999996929626,1.0,-0.5,0.8,3.837973272524664e-10,-1.918988301596869e-10,3.070373955083028e-10,-12.437491776998018,-3.7699199017809826,-1.5124009272487526
17.343766927719116,0.9999999996235682,-0.49999999981178395,0.799999999698855,1.0,-0.5,0.8,3.7643177464019573e-10,-1.8821605385355156e-10,3.011449978274072e-10,-12.437491777204137,-3.7699199018622047,-1.512400927271597
17.353787422180176,0.9999999996311629,-0.4999999998155813,0.7999999997049307,1.0,-0.5,0.8,3.688370719956424e-10,-1.844187025312749e-10,2.9506930232514605e-10,-12.437491777411955,-3.769919901943951,-1.5124009272945438
17.363805532455444,0.9999999996389746,-0.4999999998194871,0.7999999997111801,1.0,-0.5,0.8,3.6102543177207735e-10,-1.8051288241949237e-10,2.888199679418335e-10,-12.437491777621227,-3.7699199020261283,-1.512400927317568
17.373779296875,0.9999999996469909,-0.4999999998234953,0.7999999997175932,1.0,-0.5,0.8,3.530090664227714e-10,-1.765046997448394e-10,2.8240687566238876e-10,-12.437491777831715,-3.769919902108646,-1.512400927340645
17.383821487426758,0.9999999996552,-0.49999999982759985,0.7999999997241605,1.0,-0.5,0.8,3.4479996635639054e-10,-1.7240014971164896e-10,2.7583957340482357e-10,-12.437491778043189,-3.7699199021914147,-1.5124009273637506
17.393803596496582,0.9999999996635898,-0.4999999998317947,0.7999999997308722,1.0,-0.5,0.8,3.3641023300390316e-10,-1.6820528303540527e-10,2.6912783113175465e-10,-12.437491778255412,-3.7699199022743475,-1.5124009273868613
17.403820753097534,0.9999999996721481,-0.4999999998360739,0.7999999997377188,1.0,-0.5,0.8,3.278518567739752e-10,-1.639260949204413e-10,2.6228119676119377e-10,-12.43749177846816,-3.7699199023573584,-1.512400927409954
17.413748025894165,0.9999999996808632,-0.4999999998404314,0.7999999997446908,1.0,-0.5,0.8,3.1913682807527266e-10,-1.5956858057109002e-10,2.553092182111527e-10,-12.437491778681208,-3.7699199024403605,-1.512400927433005
17.42379641532898,0.999999999689723,-0.4999999998448613,0.7999999997517787,1.0,-0.5,0.8,3.10277026294159e-10,-1.5513867968053319e-10,2.482213323773408e-10,-12.437491778894339,-3.7699199025232732,-1.512400927455993
17.43379497528076,0.9999999996987159,-0.4999999998493578,0.7999999997589731,1.0,-0.5,0.8,3.0128410877239276e-10,-1.5064222091965007e-10,2.410269761554673e-10,-12.437491779107335,-3.7699199026060137,-1.5124009274788963
17.44382667541504,0.9999999997078303,-0.49999999985391497,0.7999999997662646,1.0,-0.5,0.8,2.9216973285173253e-10,-1.4608503295931996e-10,2.3373547541893913e-10,-12.43749177931999,-3.7699199026885055,-1.5124009275016936
17.45379948616028,0.9999999997170546,-0.4999999998585271,0.799999999773644,1.0,-0.5,0.8,2.829454448516344e-10,-1.414728889592709e-10,2.2635604501886064e-10,-12.437491779532095,-3.7699199027706682,-1.5124009275243637
17.46382188796997,0.9999999997263772,-0.49999999986318844,0.7999999997811021,1.0,-0.5,0.8,2.736227910915545e-10,-1.3681156207923095e-10,2.1889789980633623e-10,-12.43749177974345,-3.7699199028524277,-1.512400927546887
17.473797082901,0.9999999997357871,-0.4999999998678934,0.79999999978863,1.0,-0.5,0.8,2.642128738017391e-10,-1.3210660343432323e-10,2.1137003258786535e-10,-12.43749177995386,-3.7699199029337094,-1.5124009275692443
17.483819007873535,0.999999999745273,-0.4999999998726363,0.7999999997962187,1.0,-0.5,0.8,2.547270172570393e-10,-1.2736367516197333e-10,2.0378132514764502e-10,-12.43749178016313,-3.7699199030144426,-1.5124009275914152
17.493800163269043,0.9999999997548239,-0.4999999998774118,0.7999999998038594,1.0,-0.5,0.8,2.4517610164309644e-10,-1.2258821735500192e-10,1.9614065926987223e-10,-12.437491780371078,-3.769919903094556,-1.5124009276133827
17.503779888153076,0.999999999764429,-0.49999999988221433,0.7999999998115435,1.0,-0.5,0.8,2.355710071455519e-10,-1.1778567010622965e-10,1.884565836718366e-10,-12.437491780577519,-3.7699199031739843,-1.512400927635128
17.513776302337646,0.9999999997740775,-0.4999999998870386,0.7999999998192623,1.0,-0.5,0.8,2.2592250292774452e-10,-1.1296141799732595e-10,1.807377580931302e-10,-12.437491780782272,-3.769919903252659,-1.5124009276566341
17.523781061172485,0.999999999783759,-0.4999999998918793,0.7999999998270074,1.0,-0.5,0.8,2.1624102508610576e-10,-1.0812067907650658e-10,1.7299262022874018e-10,-12.43749178098518,-3.769919903330519,-1.512400927677884
17.5337553024292,0.9999999997934631,-0.4999999998967314,0.7999999998347707,1.0,-0.5,0.8,2.0653689869476466e-10,-1.0326861588083602e-10,1.6522938572904877e-10,-12.437491781186065,-3.7699199034075,-1.5124009276988624
17.543865442276,0.9999999998031797,-0.49999999990158966,0.7999999998425439,1.0,-0.5,0.8,1.9682033780554775e-10,-9.841033543622757e-11,1.5745615922213574e-10,-12.437491781384772,-3.7699199034835456,-1.512400927719553
17.55378222465515,0.9999999998128987,-0.49999999990644917,0.7999999998503191,1.0,-0.5,0.8,1.8710133442567667e-10,-9.355083374629203e-11,1.4968093431377838e-10,-12.437491781581144,-3.769919903558597,-1.512400927739941
17.56374764442444,0.9999999998226105,-0.49999999991130506,0.7999999998580885,1.0,-0.5,0.8,1.7738954749546565e-10,-8.869494028118652e-11,1.4191159358745153e-10,-12.437491781775028,-3.7699199036325988,-1.5124009277600121
17.57379937171936,0.9999999998323054,-0.4999999999161525,0.7999999998658444,1.0,-0.5,0.8,1.6769463595522893e-10,-8.384748451106816e-11,1.3415568655972265e-10,-12.437491781966287,-3.769919903705498,-1.5124009277797528
17.583789110183716,0.9999999998419741,-0.49999999992098687,0.7999999998735793,1.0,-0.5,0.8,1.5802592567837337e-10,-7.901312937264038e-11,1.264207627471592e-10,-12.437491782154774,-3.769919903777245,-1.5124009277991495
17.59377884864807,0.9999999998516075,-0.4999999999258036,0.799999999881286,1.0,-0.5,0.8,1.4839252049370089e-10,-7.419642678030414e-11,1.187140385994212e-10,-12.437491782340368,-3.769919903847789,-1.5124009278181902
17.60379981994629,0.9999999998611966,-0.4999999999305981,0.7999999998889573,1.0,-0.5,0.8,1.3880341320771095e-10,-6.940187313730917e-11,1.1104273056616876e-10,-12.43749178252293,-3.7699199039170854,-1.5124009278368626
17.613778352737427,0.9999999998707327,-0.4999999999353662,0.7999999998965862,1.0,-0.5,0.8,1.2926726355999563e-10,-6.463379831345151e-11,1.03413833052457e-10,-12.43749178270234,-3.7699199039850884,-1.5124009278551556
17.623790740966797,0.9999999998802074,-0.4999999999401035,0.7999999999041659,1.0,-0.5,0.8,1.1979262026784454e-10,-5.989647666737596e-11,9.583411841873613e-11,-12.437491782878485,-3.7699199040517564,-1.5124009278730581
17.633793592453003,0.9999999998896123,-0.499999999944806,0.7999999999116899,1.0,-0.5,0.8,1.1038769898163991e-10,-5.519401602427365e-11,8.831013698085144e-11,-12.437491783051252,-3.76991990411705,-1.5124009278905604
17.643808841705322,0.9999999998989395,-0.4999999999494696,0.7999999999191517,1.0,-0.5,0.8,1.0106049330715905e-10,-5.053041318703322e-11,8.084832803234576e-11,-12.437491783220537,-3.7699199041809313,-1.512400927907653
17.653839826583862,0.9999999999081812,-0.49999999995409045,0.7999999999265451,1.0,-0.5,0.8,9.181877480557432e-11,-4.5909553936240854e-11,7.3454908822157e-11,-12.437491783386237,-3.7699199042433635,-1.5124009279243271
17.66381573677063,0.9999999999173299,-0.49999999995866484,0.7999999999338642,1.0,-0.5,0.8,8.267009299345318e-11,-4.133515751902905e-11,6.613587455461811e-11,-12.437491783548262,-3.769919904304313,-1.512400927940574
17.6738018989563,0.9999999999263783,-0.49999999996318906,0.7999999999411029,1.0,-0.5,0.8,7.362166432045569e-11,-3.681094318253031e-11,5.889710941175963e-11,-12.437491783706525,-3.7699199043637512,-1.5124009279563861
17.68381953239441,0.9999999999353194,-0.4999999999676596,0.7999999999482558,1.0,-0.5,0.8,6.468059421393946e-11,-3.234040812927219e-11,5.1744275531007133e-11,-12.437491783860938,-3.7699199044216476,-1.5124009279717567
17.693811655044556,0.9999999999441463,-0.49999999997207306,0.7999999999553173,1.0,-0.5,0.8,5.585365503435469e-11,-2.7926938539479806e-11,4.4682701982878825e-11,-12.437491784011426,-3.769919904477973,-1.5124009279866786
17.703797340393066,0.9999999999528526,-0.4999999999764262,0.7999999999622823,1.0,-0.5,0.8,4.714739709754667e-11,-2.35738095710758e-11,3.7717717837892906e-11,-12.437491784157917,-3.7699199045327054,-1.5124009280011466
17.713801622390747,0.9999999999614319,-0.4999999999807158,0.7999999999691457,1.0,-0.5,0.8,3.8568148674755776e-11,-1.928418535968035e-11,3.085431909966019e-11,-12.437491784300347,-3.769919904585821,-1.512400928015155
17.723793983459473,0.9999999999698781,-0.49999999998493894,0.7999999999759028,1.0,-0.5,0.8,3.012190497031497e-11,-1.506106350745995e-11,2.409727972718656e-11,-12.437491784438645,-3.769919904637298,-1.5124009280286983
17.73378324508667,0.9999999999781856,-0.49999999998909267,0.7999999999825487,1.0,-0.5,0.8,2.1814439143952313e-11,-1.0907330594278619e-11,1.745137367947791e-11,-12.437491784572769,-3.7699199046871184,-1.5124009280417732
17.743795156478882,0.9999999999863487,-0.49999999999317424,0.7999999999890791,1.0,-0.5,0.8,1.3651302310790925e-11,-6.825762177697925e-12,1.0920930826330277e-11,-12.437491784702662,-3.769919904735266,-1.5124009280543755
17.753796815872192,0.9999999999943622,-0.499999999997181,0.7999999999954899,1.0,-0.5,0.8,5.6378235413490074e-12,-2.8190227929769662e-12,4.510170015237236e-12,-12.437491784828275,-3.7699199047817262,-1.5124009280665025
17.763805866241455,1.0000000000022211,-0.5000000000011104,0.800000000001777,1.0,-0.5,0.8,-2.221112183065088e-12,1.1104450692300816e-12,-1.776911950912563e-12,-12.437491784949577,-3.769919904826485,-1.5124009280781512
17.773788928985596,1.0000000000099205,-0.5000000000049601,0.8000000000079366,1.0,-0.5,0.8,-9.920508858840549e-12,4.960143407117812e-12,-7.936540313835394e-12,-12.43749178506652,-3.7699199048695324,-1.5124009280893194
17.783791065216064,1.000000000017456,-0.5000000000087279,0.800000000013965,1.0,-0.5,0.8,-1.7456036616181336e-11,8.727907285788206e-12,-1.3964940315247532e-11,-12.437491785179082,-3.7699199049108585,-1.5124009281000057
17.79379892349243,1.0000000000248235,-0.5000000000124116,0.8000000000198589,1.0,-0.5,0.8,-2.4823476607593875e-11,1.2411627281494475e-11,-1.9858892308377563e-11,-12.437491785287243,-3.7699199049504597,-1.5124009281102095
17.803813457489014,1.0000000000320186,-0.5000000000160093,0.8000000000256151,1.0,-0.5,0.8,-3.201860998558459e-11,1.6009304992792295e-11,-2.5615065624151612e-11,-12.437491785390971,-3.7699199049883267,-1.5124009281199293
17.813756704330444,1.0000000000390379,-0.5000000000195189,0.8000000000312305,1.0,-0.5,0.8,-3.903788403647468e-11,1.951894201823734e-11,-3.123046266040319e-11,-12.437491785490263,-3.769919905024459,-1.512400928129166
17.823776245117188,1.0000000000458777,-0.5000000000229389,0.8000000000367025,1.0,-0.5,0.8,-4.5877746046585344e-11,2.2938873023292672e-11,-3.67024188818732e-11,-12.437491785585102,-3.7699199050588548,-1.5124009281379196
17.83375835418701,1.0000000000525349,-0.5000000000262674,0.8000000000420282,1.0,-0.5,0.8,-5.253486534684271e-11,2.6267432673421354e-11,-4.2028158731000076e-11,-12.437491785675482,-3.7699199050915144,-1.5124009281461908
17.843773365020752,1.0000000000590064,-0.5000000000295032,0.8000000000472054,1.0,-0.5,0.8,-5.900635535738274e-11,2.950317767869137e-11,-4.7205350739432106e-11,-12.437491785761404,-3.7699199051224386,-1.5124009281539814
17.85377264022827,1.0000000000652896,-0.5000000000326448,0.8000000000522318,1.0,-0.5,0.8,-6.528955154294636e-11,3.264477577147318e-11,-5.223177446112004e-11,-12.437491785842871,-3.7699199051516343,-1.5124009281612931
17.863787174224854,1.0000000000713818,-0.5000000000356909,0.8000000000571055,1.0,-0.5,0.8,-7.138178936827444e-11,3.569089468413722e-11,-5.710543149461955e-11,-12.43749178591989,-3.769919905179104,-1.5124009281681283
17.87380075454712,1.0000000000772806,-0.5000000000386403,0.8000000000618246,1.0,-0.5,0.8,-7.728062634271282e-11,3.864031317135641e-11,-6.182454548309124e-11,-12.43749178599247,-3.7699199052048535,-1.512400928174489
17.883827924728394,1.0000000000829843,-0.5000000000414921,0.8000000000663875,1.0,-0.5,0.8,-8.29842861094221e-11,4.149214305471105e-11,-6.638745109199817e-11,-12.437491786060631,-3.769919905228895,-1.512400928180379
17.893805265426636,1.000000000088491,-0.5000000000442455,0.8000000000707927,1.0,-0.5,0.8,-8.849099231156288e-11,4.424549615578144e-11,-7.079270503140833e-11,-12.437491786124399,-3.7699199052512387,-1.512400928185802
17.90379571914673,1.000000000093799,-0.5000000000468995,0.8000000000750391,1.0,-0.5,0.8,-9.379896859229575e-11,4.6899484296147875e-11,-7.503908605599463e-11,-12.437491786183783,-3.769919905271893,-1.512400928190761
17.913778066635132,1.0000000000989069,-0.5000000000494536,0.8000000000791255,1.0,-0.5,0.8,-9.890688268399117e-11,4.945355236429805e-11,-7.912548394273244e-11,-12.437491786238818,-3.769919905290871,-1.512400928195261
17.923766374588013,1.0000000001038138,-0.500000000051907,0.800000000083051,1.0,-0.5,0.8,-1.0381384640822944e-10,5.190703422641718e-11,-8.305101051320207e-11,-12.437491786289542,-3.7699199053081904,-1.512400928199307
17.933760404586792,1.0000000001085187,-0.5000000000542595,0.800000000086815,1.0,-0.5,0.8,-1.0851874954198593e-10,5.4259485793295426e-11,-8.681499963358874e-11,-12.437491786335984,-3.7699199053238646,-1.5124009282029027
17.943745851516724,1.0000000001130211,-0.5000000000565107,0.8000000000904169,1.0,-0.5,0.8,-1.1302114799605079e-10,5.6510685020327855e-11,-9.041689619238014e-11,-12.437491786378185,-3.7699199053379124,-1.512400928206055
17.953771591186523,1.0000000001173204,-0.5000000000586603,0.8000000000938564,1.0,-0.5,0.8,-1.1732037563660924e-10,5.866029884060708e-11,-9.385636712266887e-11,-12.437491786416189,-3.7699199053503514,-1.5124009282087691
17.96376395225525,1.0000000001214164,-0.5000000000607083,0.8000000000971332,1.0,-0.5,0.8,-1.214164324636613e-10,6.070832725413311e-11,-9.713319037985002e-11,-12.437491786450042,-3.769919905361203,-1.5124009282110509
17.97378945350647,1.000000000125309,-0.5000000000626547,0.8000000001002474,1.0,-0.5,0.8,-1.2530909643260202e-10,6.265465923860347e-11,-1.0024736596392358e-10,-12.437491786479793,-3.7699199053704855,-1.5124009282129072
17.98379397392273,1.0000000001289986,-0.5000000000644994,0.800000000103199,1.0,-0.5,0.8,-1.2899858958803634e-10,6.449940581632063e-11,-1.0319900489719203e-10,-12.43749178650549,-3.7699199053782224,-1.5124009282143438
17.993800401687622,1.0000000001324854,-0.5000000000662428,0.8000000001059884,1.0,-0.5,0.8,-1.324853560191741e-10,6.624278903188952e-11,-1.0598832922426027e-10,-12.437491786527193,-3.7699199053844374,-1.5124009282153685
18.003840446472168,1.0000000001357698,-0.500000000067885,0.8000000001086159,1.0,-0.5,0.8,-1.3576983981522517e-10,6.788503092991505e-11,-1.0861589405664063e-10,-12.437491786544959,-3.7699199053891532,-1.5124009282159878
18.013779640197754,1.000000000138853,-0.5000000000694266,0.8000000001110824,1.0,-0.5,0.8,-1.3885292915460923e-10,6.942657559960708e-11,-1.1108236552814788e-10,-12.43749178655885,-3.769919905392396,-1.51240092821621
18.023754835128784,1.0000000001417355,-0.5000000000708679,0.8000000001133885,1.0,-0.5,0.8,-1.4173551221574598e-10,7.086786713017545e-11,-1.1338840977259679e-10,-12.437491786568925,-3.7699199053941923,-1.512400928216042
18.033753395080566,1.0000000001444187,-0.5000000000722095,0.800000000115535,1.0,-0.5,0.8,-1.4441869922166006e-10,7.22094606331325e-11,-1.1553491496840707e-10,-12.437491786575258,-3.769919905394568,-1.5124009282154924
18.043858766555786,1.0000000001469038,-0.500000000073452,0.800000000117523,1.0,-0.5,0.8,-1.4690382243998101e-10,7.345202224229297e-11,-1.1752299133860333e-10,-12.437491786577912,-3.7699199053935524,-1.5124009282145692
18.053792476654053,1.0000000001491922,-0.5000000000745962,0.8000000001193538,1.0,-0.5,0.8,-1.4919221413833839e-10,7.459621809147166e-11,-1.1935374910621022e-10,-12.437491786576956,-3.7699199053911734,-1.5124009282132804
18.06378436088562,1.0000000001512857,-0.5000000000756429,0.8000000001210286,1.0,-0.5,0.8,-1.5128565067357158e-10,7.564293635908825e-11,-1.2102852053885726e-10,-12.437491786572465,-3.769919905387461,-1.5124009282116349
18.0738263130188,1.000000000153186,-0.5000000000765931,0.8000000001225488,1.0,-0.5,0.8,-1.5318590840252e-10,7.659306522356246e-11,-1.225487489264765e-10,-12.43749178656452,-3.7699199053824453,-1.5124009282096416
18.08382248878479,1.000000000154895,-0.5000000000774476,0.8000000001239161,1.0,-0.5,0.8,-1.5489498572662797e-10,7.744760388561645e-11,-1.2391609960360483e-10,-12.43749178655319,-3.769919905376158,-1.5124009282073094
18.09380793571472,1.000000000156415,-0.5000000000782077,0.8000000001251322,1.0,-0.5,0.8,-1.5641510309194473e-10,7.820766256827483e-11,-1.2513212688247677e-10,-12.43749178653856,-3.769919905368632,-1.512400928204647
18.10384511947632,1.0000000001577483,-0.5000000000788742,0.8000000001261988,1.0,-0.5,0.8,-1.5774825889991462e-10,7.887424047225977e-11,-1.2619871814223416e-10,-12.437491786520704,-3.7699199053598953,-1.5124009282016644
18.113788604736328,1.0000000001588971,-0.5000000000794487,0.8000000001271178,1.0,-0.5,0.8,-1.5889711768579673e-10,7.944866986520083e-11,-1.2711776076201886e-10,-12.437491786499711,-3.769919905349986,-1.5124009281983706
18.12379026412964,1.0000000001598641,-0.5000000000799322,0.8000000001278914,1.0,-0.5,0.8,-1.5986412194024524e-10,7.993217199242508e-11,-1.2789136416557767e-10,-12.437491786475665,-3.769919905338935,-1.5124009281947752
18.13380002975464,1.000000000160652,-0.5000000000803261,0.8000000001285216,1.0,-0.5,0.8,-1.6065193619851925e-10,8.032607912156209e-11,-1.285215267543549e-10,-12.437491786448646,-3.769919905326777,-1.5124009281908875
18.14377522468567,1.0000000001612632,-0.5000000000806317,0.8000000001290106,1.0,-0.5,0.8,-1.6126322499587786e-10,8.06317235202414e-11,-1.290105799967023e-10,-12.437491786418741,-3.7699199053135444,-1.5124009281867177
18.153850078582764,1.000000000161701,-0.5000000000808507,0.8000000001293609,1.0,-0.5,0.8,-1.6170109695679002e-10,8.085065950069747e-11,-1.2936085536097153e-10,-12.437491786386042,-3.7699199052992727,-1.5124009281822752
18.1638400554657,1.0000000001619684,-0.5000000000809843,0.8000000001295748,1.0,-0.5,0.8,-1.6196843866111976e-10,8.098433035286234e-11,-1.295747953378168e-10,-12.437491786350636,-3.7699199052839982,-1.5124009281775703
18.17383575439453,1.0000000001620686,-0.5000000000810344,0.8000000001296549,1.0,-0.5,0.8,-1.6206858077794095e-10,8.103440141127294e-11,-1.2965484241789227e-10,-12.43749178631261,-3.769919905267756,-1.512400928172613
18.18375587463379,1.0000000001620046,-0.5000000000810024,0.8000000001296037,1.0,-0.5,0.8,-1.6200463193172254e-10,8.100242698816373e-11,-1.2960366113645705e-10,-12.437491786272055,-3.7699199052505814,-1.5124009281674125
18.193744897842407,1.00000000016178,-0.5000000000808901,0.800000000129424,1.0,-0.5,0.8,-1.617799227915384e-10,8.089007241807167e-11,-1.2942391602877024e-10,-12.437491786229062,-3.7699199052325096,-1.51240092816198
18.203743934631348,1.000000000161398,-0.5000000000806991,0.8000000001291183,1.0,-0.5,0.8,-1.6139800607106736e-10,8.069911405783614e-11,-1.2911827163009093e-10,-12.437491786183728,-3.7699199052135772,-1.5124009281563247
18.21377468109131,1.0000000001608622,-0.5000000000804312,0.8000000001286897,1.0,-0.5,0.8,-1.6086221243938326e-10,8.043121724199409e-11,-1.2868961452028316e-10,-12.43749178613614,-3.7699199051938193,-1.5124009281504567
18.223788261413574,1.0000000001601763,-0.5000000000800883,0.8000000001281409,1.0,-0.5,0.8,-1.6017631665476983e-10,8.008826934968738e-11,-1.2814083127921094e-10,-12.437491786086389,-3.7699199051732744,-1.5124009281443869
18.233790636062622,1.0000000001593439,-0.500000000079672,0.800000000127475,1.0,-0.5,0.8,-1.593438714309059e-10,7.967204673775541e-11,-1.2747491950904077e-10,-12.437491786034569,-3.769919905151976,-1.5124009281381245
18.24380111694336,1.0000000001583689,-0.5000000000791845,0.8000000001266949,1.0,-0.5,0.8,-1.5836887357068008e-10,7.91845478076425e-11,-1.2669487681193914e-10,-12.437491785980779,-3.769919905129963,-1.5124009281316801
18.25379991531372,1.0000000001572549,-0.5000000000786275,0.8000000001258037,1.0,-0.5,0.8,-1.572548757877712e-10,7.862754891618806e-11,-1.2580370079007253e-10,-12.437491785925104,-3.7699199051072694,-1.512400928125064
18.263801336288452,1.0000000001560059,-0.500000000078003,0.8000000001248047,1.0,-0.5,0.8,-1.560058748850679e-10,7.800304846483641e-11,-1.2480461109021235e-10,-12.437491785867644,-3.769919905083933,-1.5124009281182857
18.273808479309082,1.0000000001546259,-0.500000000077313,0.8000000001237008,1.0,-0.5,0.8,-1.5462586766545883e-10,7.731304485503188e-11,-1.2370071633682755e-10,-12.437491785808488,-3.7699199050599894,-1.512400928111356
18.283767461776733,1.0000000001531189,-0.5000000000765595,0.8000000001224952,1.0,-0.5,0.8,-1.5311885093183264e-10,7.655953648821878e-11,-1.224951251543871e-10,-12.437491785747733,-3.7699199050354752,-1.5124009281042838
18.293768644332886,1.0000000001514888,-0.5000000000757445,0.8000000001211912,1.0,-0.5,0.8,-1.5148882148707798e-10,7.574452176584145e-11,-1.2119116821196485e-10,-12.437491785685467,-3.769919905010426,-1.51240092809708
18.303796768188477,1.00000000014974,-0.5000000000748701,0.8000000001197921,1.0,-0.5,0.8,-1.4973999817868844e-10,7.487011011164668e-11,-1.1979206515633223e-10,-12.437491785621784,-3.7699199049848784,-1.5124009280897537
18.313772678375244,1.0000000001478764,-0.5000000000739383,0.8000000001183012,1.0,-0.5,0.8,-1.4787637780955265e-10,7.393829992707879e-11,-1.183011466565631e-10,-12.43749178555678,-3.7699199049588668,-1.5124009280823154
18.323846101760864,1.0000000001459022,-0.5000000000729512,0.8000000001167218,1.0,-0.5,0.8,-1.459021792271642e-10,7.295120063588456e-11,-1.1672174338173136e-10,-12.437491785490543,-3.7699199049324275,-1.5124009280747739
18.333799839019775,1.0000000001438216,-0.5000000000719109,0.8000000001150573,1.0,-0.5,0.8,-1.4382162127901665e-10,7.191092166181079e-11,-1.1505729702321332e-10,-12.437491785423166,-3.7699199049055943,-1.5124009280671398
18.343788385391235,1.0000000001416387,-0.5000000000708195,0.8000000001133111,1.0,-0.5,0.8,-1.4163870076799867e-10,7.08194614063018e-11,-1.1331102722778041e-10,-12.437491785354732,-3.7699199048784013,-1.5124009280594217
18.353947162628174,1.0000000001393579,-0.500000000069679,0.8000000001114864,1.0,-0.5,0.8,-1.3935785858620875e-10,6.967904031540684e-11,-1.1148637568680897e-10,-12.437491785285339,-3.7699199048508856,-1.512400928051629
18.363828420639038,1.0000000001369833,-0.5000000000684918,0.8000000001095868,1.0,-0.5,0.8,-1.3698331358114046e-10,6.84917678128727e-11,-1.0958678409167533e-10,-12.437491785215073,-3.76991990482308,-1.5124009280437722
18.373832941055298,1.0000000001345193,-0.5000000000672598,0.8000000001076156,1.0,-0.5,0.8,-1.345192846002874e-10,6.725975332244616e-11,-1.0761558311145336e-10,-12.437491785144022,-3.769919904795016,-1.5124009280358592
18.383838891983032,1.00000000013197,-0.5000000000659851,0.8000000001055761,1.0,-0.5,0.8,-1.319699904911431e-10,6.598510626787402e-11,-1.0557610341521695e-10,-12.43749178507227,-3.76991990476673,-1.5124009280278994
18.393798828125,1.0000000001293397,-0.5000000000646699,0.8000000001034719,1.0,-0.5,0.8,-1.2933965010120119e-10,6.466993607290306e-11,-1.0347189771664489e-10,-12.437491784999906,-3.7699199047382526,-1.5124009280199016
18.403809070587158,1.0000000001266327,-0.5000000000633165,0.8000000001013063,1.0,-0.5,0.8,-1.2663270432256013e-10,6.331646318358253e-11,-1.0130629668481106e-10,-12.437491784927015,-3.769919904709617,-1.512400928011875
18.41381025314331,1.0000000001238531,-0.5000000000619267,0.8000000000990828,1.0,-0.5,0.8,-1.238531499581086e-10,6.192668600135676e-11,-9.90827420110918e-11,-12.437491784853675,-3.769919904680854,-1.5124009280038277
18.423763513565063,1.0000000001210054,-0.5000000000605028,0.8000000000968046,1.0,-0.5,0.8,-1.2100542789994506e-10,6.050282497227499e-11,-9.680456436456097e-11,-12.437491784779974,-3.7699199046519976,-1.5124009279957686
18.433799266815186,1.0000000001180935,-0.5000000000590469,0.8000000000944751,1.0,-0.5,0.8,-1.180935349509582e-10,5.904687849778156e-11,-9.447509441429247e-11,-12.437491784705992,-3.7699199046230754,-1.512400927987705
18.443759441375732,1.000000000115122,-0.5000000000575611,0.8000000000920978,1.0,-0.5,0.8,-1.1512191200324651e-10,5.7561067023925716e-11,-9.209777385166262e-11,-12.43749178463181,-3.769919904594119,-1.5124009279796466
18.453790426254272,1.0000000001120946,-0.5000000000560474,0.800000000089676,1.0,-0.5,0.8,-1.1209455585969863e-10,5.604738895215178e-11,-8.967593334574531e-11,-12.437491784557498,-3.7699199045651577,-1.5124009279716004
18.4638090133667,1.0000000001090157,-0.500000000054508,0.8000000000872128,1.0,-0.5,0.8,-1.0901568536780815e-10,5.4507953706206536e-11,-8.721279254331193e-11,-12.437491784483145,-3.7699199045362213,-1.5124009279635744
18.473779678344727,1.0000000001058893,-0.5000000000529448,0.8000000000847117,1.0,-0.5,0.8,-1.058892973304637e-10,5.2944759687534315e-11,-8.471168211343638e-11,-12.437491784408815,-3.7699199045073373,-1.512400927955576
18.483799695968628,1.0000000001027196,-0.5000000000513599,0.800000000082176,1.0,-0.5,0.8,-1.0271961059515888e-10,5.1359916319881904e-11,-8.217593272519252e-11,-12.437491784334588,-3.769919904478534,-1.5124009279476125
18.493799924850464,1.0000000000995106,-0.5000000000497554,0.8000000000796088,1.0,-0.5,0.8,-9.951062196478233e-11,4.975542200469363e-11,-7.960876402535177e-11,-12.437491784260535,-3.7699199044498393,-1.5124009279396917
18.503762006759644,1.0000000000962663,-0.5000000000481333,0.8000000000770133,1.0,-0.5,0.8,-9.62663282422227e-11,4.813327514341381e-11,-7.701328463838308e-11,-12.43749178418673,-3.769919904421278,-1.5124009279318211
18.513757705688477,1.0000000000929905,-0.5000000000464954,0.8000000000743928,1.0,-0.5,0.8,-9.299050418576371e-11,4.649536311518432e-11,-7.439271421105786e-11,-12.437491784113236,-3.769919904392877,-1.512400927924006
18.523746490478516,1.0000000000896874,-0.5000000000448438,0.8000000000717502,1.0,-0.5,0.8,-8.968736864289895e-11,4.4843795343751935e-11,-7.175016136784507e-11,-12.437491784040121,-3.7699199043646625,-1.5124009279162545
18.533779621124268,1.0000000000863605,-0.5000000000431803,0.8000000000690888,1.0,-0.5,0.8,-8.63604743273072e-11,4.3180348185956063e-11,-6.908873473321364e-11,-12.437491783967456,-3.7699199043366565,-1.5124009279085724
18.543771982192993,1.0000000000830138,-0.500000000041507,0.8000000000664115,1.0,-0.5,0.8,-8.301381804187713e-11,4.150702004324103e-11,-6.641143190933008e-11,-12.437491783895297,-3.769919904308885,-1.5124009279009665
18.553784132003784,1.0000000000796512,-0.5000000000398257,0.8000000000637213,1.0,-0.5,0.8,-7.965117454489246e-11,3.982569829474869e-11,-6.372125049836086e-11,-12.43749178382371,-3.7699199042813714,-1.5124009278934423
18.56376361846924,1.000000000076276,-0.5000000000381382,0.8000000000610212,1.0,-0.5,0.8,-7.627609655003198e-11,3.813815929731845e-11,-6.102118810247248e-11,-12.43749178375276,-3.7699199042541354,-1.5124009278860064
18.573787212371826,1.0000000000728921,-0.5000000000364462,0.8000000000583141,1.0,-0.5,0.8,-7.28921367709745e-11,3.6446179407789714e-11,-5.83140202792265e-11,-12.437491783682495,-3.7699199042272,-1.5124009278786632
18.58379578590393,1.000000000069503,-0.5000000000347516,0.8000000000556028,1.0,-0.5,0.8,-6.950306996600375e-11,3.475164600530434e-11,-5.56027446307894e-11,-12.437491783612979,-3.7699199042005875,-1.5124009278714199
18.593809366226196,1.0000000000661122,-0.5000000000330562,0.8000000000528901,1.0,-0.5,0.8,-6.61122268041936e-11,3.305622442439926e-11,-5.2890025692420295e-11,-12.437491783544266,-3.769919904174317,-1.5124009278642805
18.60388469696045,1.0000000000627232,-0.5000000000313617,0.8000000000501788,1.0,-0.5,0.8,-6.272315999922284e-11,3.1361691021913884e-11,-5.01787500439832e-11,-12.437491783476405,-3.769919904148408,-1.5124009278572506
18.613788604736328,1.000000000059339,-0.5000000000296696,0.8000000000474715,1.0,-0.5,0.8,-5.933897817556044e-11,2.9669600110082683e-11,-4.7471471198434756e-11,-12.437491783409447,-3.7699199041228777,-1.5124009278503343
18.623802661895752,1.0000000000559632,-0.5000000000279817,0.8000000000447709,1.0,-0.5,0.8,-5.596323404688519e-11,2.7981728045745058e-11,-4.477085369103406e-11,-12.437491783343443,-3.7699199040977462,-1.5124009278435373
18.633820056915283,1.000000000052599,-0.5000000000262996,0.8000000000420795,1.0,-0.5,0.8,-5.259903623766604e-11,2.6299629141135483e-11,-4.207945103473776e-11,-12.437491783278443,-3.7699199040730296,-1.5124009278368633
18.64376473426819,1.0000000000492495,-0.5000000000246249,0.8000000000393999,1.0,-0.5,0.8,-4.9249493372371944e-11,2.4624857708488435e-11,-3.939981674250248e-11,-12.437491783214485,-3.769919904048744,-1.5124009278303165
18.653783559799194,1.0000000000459177,-0.500000000022959,0.8000000000367344,1.0,-0.5,0.8,-4.591771407547185e-11,2.2958968060038387e-11,-3.6734393304982405e-11,-12.437491783151616,-3.7699199040249067,-1.512400927823902
18.66381287574768,1.0000000000426066,-0.5000000000213034,0.8000000000340856,1.0,-0.5,0.8,-4.260658492682978e-11,2.1303403485717354e-11,-3.4085512190529244e-11,-12.437491783089879,-3.7699199040015308,-1.5124009278176218
18.673787832260132,1.0000000000393192,-0.5000000000196597,0.8000000000314557,1.0,-0.5,0.8,-3.9319214550914694e-11,1.965971829775981e-11,-3.145561588979717e-11,-12.43749178302931,-3.769919903978633,-1.512400927811481
18.68375539779663,1.0000000000360583,-0.5000000000180292,0.8000000000288469,1.0,-0.5,0.8,-3.6058267482985684e-11,1.8029244763795305e-11,-2.884681382653298e-11,-12.437491782969952,-3.769919903956223,-1.5124009278054822
18.693822860717773,1.0000000000328264,-0.5000000000164133,0.8000000000262614,1.0,-0.5,0.8,-3.2826408258301853e-11,1.641331515145339e-11,-2.6261326446785915e-11,-12.437491782911826,-3.7699199039343165,-1.5124009277996289
18.703797817230225,1.0000000000296263,-0.5000000000148133,0.8000000000237013,1.0,-0.5,0.8,-2.96263014121223e-11,1.4813261728363614e-11,-2.3701263174302767e-11,-12.437491782854979,-3.7699199039129225,-1.512400927793923
18.713793754577637,1.0000000000264606,-0.5000000000132304,0.8000000000211688,1.0,-0.5,0.8,-2.646061147970613e-11,1.3230416762155528e-11,-2.1168733432830322e-11,-12.437491782799437,-3.769919903892055,-1.5124009277883692
18.723819255828857,1.0000000000233318,-0.500000000011666,0.8000000000186658,1.0,-0.5,0.8,-2.3331780951707515e-11,1.166600149815622e-11,-1.8665735623812907e-11,-12.437491782745232,-3.7699199038717226,-1.5124009277829684
18.733832120895386,1.0000000000202423,-0.5000000000101212,0.8000000000161941,1.0,-0.5,0.8,-2.024225231878063e-11,1.0121237181692777e-11,-1.619404610408992e-11,-12.437491782692389,-3.7699199038519358,-1.5124009277777235
18.74379324913025,1.0000000000171942,-0.5000000000085972,0.8000000000137557,1.0,-0.5,0.8,-1.7194246026974724e-11,8.597234035789825e-12,-1.375566327510569e-11,-12.437491782640937,-3.769919903832703,-1.5124009277726367
18.75381326675415,1.00000000001419,-0.5000000000070951,0.8000000000113523,1.0,-0.5,0.8,-1.418998252233905e-11,7.095102283471988e-12,-1.135225247139715e-11,-12.437491782590893,-3.7699199038140314,-1.51240092776771
18.76380968093872,1.0000000000112317,-0.500000000005616,0.8000000000089856,1.0,-0.5,0.8,-1.1231682250922859e-11,5.615952147763892e-12,-8.985590049803704e-12,-12.437491782542285,-3.7699199037959317,-1.5124009277629449
18.773892164230347,1.0000000000083213,-0.5000000000041608,0.8000000000066573,1.0,-0.5,0.8,-8.321343614170473e-12,4.160782829387699e-12,-6.657230322559826e-12,-12.437491782495137,-3.7699199037784075,-1.512400927758343
18.783787727355957,1.0000000000054607,-0.5000000000027305,0.8000000000043689,1.0,-0.5,0.8,-5.460742968921295e-12,2.73048250676311e-12,-4.3688386242024535e-12,-12.43749178244945,-3.7699199037614646,-1.5124009277539052
18.7938015460968,1.0000000000026519,-0.500000000001326,0.8000000000021219,1.0,-0.5,0.8,-2.651878716619649e-12,1.326050380612287e-12,-2.121858244663599e-12,-12.437491782405257,-3.7699199037451097,-1.512400927749633
18.80381965637207,0.9999999999998966,-0.49999999999994843,0.7999999999999177,1.0,-0.5,0.8,1.0336176359260207e-13,-5.156985949383852e-14,8.237854842718662e-14,-12.437491782362565,-3.7699199037293476,-1.5124009277455281
18.813780784606934,0.9999999999971966,-0.4999999999985984,0.7999999999977576,1.0,-0.5,0.8,2.8034241594809828e-12,-1.4016010574380289e-12,2.242428465137891e-12,-12.437491782321388,-3.7699199037141815,-1.5124009277415904
18.82379651069641,0.9999999999945534,-0.4999999999972768,0.799999999995643,1.0,-0.5,0.8,5.4466431365085555e-12,-2.7232105459518152e-12,4.357070260141427e-12,-12.43749178228174,-3.769919903699615,-1.5124009277378203
18.83381152153015,0.9999999999919684,-0.4999999999959843,0.7999999999935751,1.0,-0.5,0.8,8.031575404743307e-12,-4.015676680069191e-12,6.4249716658082434e-12,-12.437491782243624,-3.769919903685651,-1.5124009277342192
18.843810081481934,0.9999999999894432,-0.4999999999947217,0.7999999999915549,1.0,-0.5,0.8,1.0556777674253226e-11,-5.2782778148241505e-12,8.445133481416178e-12,-12.437491782207053,-3.7699199036722897,-1.5124009277307864
18.853837251663208,0.9999999999869791,-0.49999999999348965,0.7999999999895836,1.0,-0.5,0.8,1.3020917677408761e-11,-6.510347816401918e-12,1.0416445483940606e-11,-12.43749178217203,-3.7699199036595346,-1.5124009277275223
18.863816738128662,0.9999999999845772,-0.4999999999922887,0.7999999999876621,1.0,-0.5,0.8,1.5422774168882825e-11,-7.71127606213895e-12,1.2337908472659365e-11,-12.437491782138556,-3.7699199036473847,-1.5124009277244266
18.87382197380066,0.9999999999822389,-0.49999999999111955,0.7999999999857914,1.0,-0.5,0.8,1.776112590334833e-11,-8.880451929371702e-12,1.4208634269152753e-11,-12.437491782106644,-3.769919903635841,-1.5124009277214996
18.883745193481445,0.999999999979965,-0.4999999999899826,0.7999999999839723,1.0,-0.5,0.8,2.0034973680083112e-11,-1.0017375817739094e-11,1.6027734695001072e-11,-12.437491782076284,-3.769919903624903,-1.5124009277187402
18.893751621246338,0.9999999999777567,-0.49999999998887845,0.7999999999822056,1.0,-0.5,0.8,2.224331829836501e-11,-1.1121548126880043e-11,1.7794432594087084e-11,-12.437491782047479,-3.7699199036145687,-1.512400927716148
18.903788566589355,0.9999999999756147,-0.4999999999878075,0.7999999999804921,1.0,-0.5,0.8,2.4385271579774326e-11,-1.21925247675847e-11,1.950795081029355e-11,-12.437491782020224,-3.769919903604837,-1.5124009277137227
18.913788557052612,0.99999999997354,-0.49999999998677014,0.7999999999788323,1.0,-0.5,0.8,2.6459945345891356e-11,-1.3229861650643215e-11,2.116773423210816e-11,-12.437491781994522,-3.7699199035957056,-1.5124009277114627
18.92375683784485,0.9999999999715333,-0.4999999999857668,0.7999999999772269,1.0,-0.5,0.8,2.8466673462901326e-11,-1.42332257091482e-11,2.2773116725716136e-11,-12.437491781970364,-3.7699199035871716,-1.5124009277093675
18.933813333511353,0.9999999999695952,-0.4999999999847977,0.7999999999756764,1.0,-0.5,0.8,3.040478979698946e-11,-1.520228387619227e-11,2.432365420190763e-11,-12.43749178194774,-3.7699199035792312,-1.5124009277074353
18.943785667419434,0.9999999999677263,-0.49999999998386324,0.7999999999741813,1.0,-0.5,0.8,3.227373923664345e-11,-1.6136758596019263e-11,2.5818791549170328e-11,-12.437491781926646,-3.76991990357188,-1.5124009277056658
18.95376968383789,0.9999999999659269,-0.49999999998296357,0.7999999999727417,1.0,-0.5,0.8,3.407307769265344e-11,-1.7036427824024258e-11,2.7258306722899306e-11,-12.437491781907072,-3.769919903565114,-1.512400927704056
18.963736295700073,0.9999999999641976,-0.49999999998209893,0.7999999999713583,1.0,-0.5,0.8,3.5802361075809586e-11,-1.790106951560233e-11,2.8641755633884713e-11,-12.437491781889005,-3.7699199035589297,-1.5124009277026056
18.973758935928345,0.9999999999625387,-0.4999999999812695,0.7999999999700311,1.0,-0.5,0.8,3.7461256319204495e-11,-1.8730517137299785e-11,2.9968916237521626e-11,-12.437491781872435,-3.76991990355332,-1.5124009277013124
18.983746767044067,0.9999999999609505,-0.49999999998047534,0.7999999999687605,1.0,-0.5,0.8,3.9049541378233243e-11,-1.952465966681416e-11,3.123956648920512e-11,-12.437491781857343,-3.769919903548279,-1.5124009277001742
18.99374485015869,0.999999999959433,-0.4999999999797166,0.7999999999675466,1.0,-0.5,0.8,4.056699420829091e-11,-2.028338608184299e-11,3.2453484344330263e-11,-12.437491781843727,-3.769919903543801,-1.5124009276991899
19.00373888015747,0.9999999999579865,-0.49999999997899336,0.7999999999663894,1.0,-0.5,0.8,4.2013503787075024e-11,-2.100664087123505e-11,3.3610669802897064e-11,-12.437491781831561,-3.7699199035398796,-1.512400927698357
19.01375460624695,0.9999999999566109,-0.4999999999783056,0.7999999999652889,1.0,-0.5,0.8,4.338907011458559e-11,-2.1694424034990334e-11,3.471112286490552e-11,-12.43749178182083,-3.769919903536507,-1.512400927697673
19.023757219314575,0.9999999999553063,-0.4999999999776532,0.7999999999642452,1.0,-0.5,0.8,4.4693693190822614e-11,-2.2346791084260076e-11,3.575484353035563e-11,-12.437491781811518,-3.7699199035336757,-1.512400927697136
19.03374218940735,0.9999999999540724,-0.49999999997703626,0.7999999999632581,1.0,-0.5,0.8,4.5927595060391013e-11,-2.2963742019044275e-11,3.6741942821549856e-11,-12.437491781803603,-3.769919903531378,-1.5124009276967434
19.04374623298645,0.9999999999529091,-0.4999999999764546,0.7999999999623275,1.0,-0.5,0.8,4.709088674559325e-11,-2.3545387861645395e-11,3.767253176079066e-11,-12.437491781797068,-3.7699199035296043,-1.5124009276964927
19.053745985031128,0.9999999999518162,-0.49999999997590816,0.7999999999614532,1.0,-0.5,0.8,4.8183790291034256e-11,-2.4091839634365897e-11,3.854683239268297e-11,-12.437491781791891,-3.7699199035283466,-1.512400927696381
19.063758850097656,0.9999999999507934,-0.49999999997539674,0.7999999999606349,1.0,-0.5,0.8,4.920663876362141e-11,-2.4603263870659475e-11,3.9365177784134175e-11,-12.43749178178805,-3.7699199035275965,-1.5124009276964063
19.073758125305176,0.9999999999498401,-0.4999999999749201,0.7999999999598723,1.0,-0.5,0.8,5.015987625256457e-11,-2.5079882615131055e-11,4.0127789979749195e-11,-12.43749178178552,-3.769919903527344,-1.5124009276965653
19.083762645721436,0.9999999999489562,-0.49999999997447814,0.799999999959165,1.0,-0.5,0.8,5.104383582477112e-11,-2.552186240123433e-11,4.083500204643542e-11,-12.437491781784281,-3.7699199035275797,-1.512400927696856
19.09377431869507,0.9999999999481409,-0.4999999999740705,0.7999999999585128,1.0,-0.5,0.8,5.1859072591753375e-11,-2.5929480784725456e-11,4.14872580734027e-11,-12.437491781784306,-3.7699199035282933,-1.5124009276972743
19.10378885269165,0.9999999999473939,-0.499999999973697,0.7999999999579152,1.0,-0.5,0.8,5.260614166502364e-11,-2.630301532136059e-11,4.208489112755842e-11,-12.437491781785571,-3.769919903529475,-1.512400927697818
19.113795280456543,0.9999999999467143,-0.4999999999733572,0.7999999999573715,1.0,-0.5,0.8,5.32857091783967e-11,-2.664279907804712e-11,4.262856734271736e-11,-12.437491781788049,-3.769919903531113,-1.5124009276984838
19.12380599975586,0.9999999999461017,-0.49999999997305083,0.7999999999568813,1.0,-0.5,0.8,5.389833024338486e-11,-2.694916512169243e-11,4.311873080808937e-11,-12.437491781791714,-3.7699199035331983,-1.5124009276992683
19.13378119468689,0.9999999999455551,-0.49999999997277755,0.7999999999564441,1.0,-0.5,0.8,5.4444893038407827e-11,-2.7222446519203913e-11,4.3555936635186754e-11,-12.437491781796535,-3.769919903535719,-1.5124009277001693
19.143765449523926,0.9999999999450739,-0.49999999997253697,0.7999999999560592,1.0,-0.5,0.8,5.492606369728037e-11,-2.7463031848640185e-11,4.3940850957824296e-11,-12.437491781802489,-3.769919903538662,-1.5124009277011823
19.153773546218872,0.9999999999446574,-0.4999999999723287,0.7999999999557259,1.0,-0.5,0.8,5.534261937611973e-11,-2.7671309688059864e-11,4.427413990981677e-11,-12.437491781809547,-3.769919903542021,-1.5124009277023052
19.163792610168457,0.9999999999443044,-0.4999999999721522,0.7999999999554436,1.0,-0.5,0.8,5.5695559275648066e-11,-2.7847779637824033e-11,4.4556469624978945e-11,-12.437491781817675,-3.769919903545779,-1.5124009277035337
19.1737961769104,0.9999999999440142,-0.4999999999720071,0.7999999999552114,1.0,-0.5,0.8,5.598577157428508e-11,-2.799288578714254e-11,4.4788617259428065e-11,-12.437491781826848,-3.7699199035499262,-1.5124009277048653
19.183812618255615,0.9999999999437859,-0.49999999997189293,0.7999999999550287,1.0,-0.5,0.8,5.6214144450450476e-11,-2.8107072225225238e-11,4.4971359969281366e-11,-12.437491781837037,-3.7699199035544515,-1.512400927706296
19.193806886672974,0.9999999999436182,-0.4999999999718091,0.7999999999548946,1.0,-0.5,0.8,5.6381788127168875e-11,-2.8190894063584437e-11,4.5105474910656085e-11,-12.437491781848205,-3.769919903559342,-1.5124009277078225
19.20374369621277,0.9999999999435103,-0.49999999997175515,0.7999999999548083,1.0,-0.5,0.8,5.648970180516244e-11,-2.824485090258122e-11,4.519173923966946e-11,-12.437491781860325,-3.7699199035645847,-1.5124009277094417
19.213787317276,0.9999999999434611,-0.49999999997173056,0.7999999999547689,1.0,-0.5,0.8,5.6538884685153334e-11,-2.8269442342576667e-11,4.523115215704365e-11,-12.43749178187337,-3.769919903570169,-1.5124009277111499
19.223779916763306,0.9999999999434694,-0.4999999999717347,0.7999999999547756,1.0,-0.5,0.8,5.6530558012468646e-11,-2.8265279006234323e-11,4.52244908188959e-11,-12.437491781887305,-3.7699199035760826,-1.5124009277129438
19.23382568359375,0.9999999999435342,-0.49999999997176703,0.7999999999548273,1.0,-0.5,0.8,5.6465832010133e-11,-2.823297151621773e-11,4.517275442594837e-11,-12.437491781902098,-3.7699199035823123,-1.5124009277148196
19.243791341781616,0.999999999943654,-0.4999999999718269,0.7999999999549231,1.0,-0.5,0.8,5.6346038945775945e-11,-2.8173074984039204e-11,4.507694217892322e-11,-12.437491781917716,-3.769919903588844,-1.5124009277167736
19.253796100616455,0.9999999999438277,-0.4999999999719138,0.7999999999550621,1.0,-0.5,0.8,5.617228904242211e-11,-2.8086200032362285e-11,4.493794225624015e-11,-12.437491781934126,-3.769919903595667,-1.5124009277188024
19.263794422149658,0.9999999999440542,-0.49999999997202704,0.7999999999552433,1.0,-0.5,0.8,5.5945803545398576e-11,-2.797295728385052e-11,4.475675385862132e-11,-12.4374917819513,-3.769919903602768,-1.512400927720903
19.27379608154297,0.9999999999443321,-0.499999999972166,0.7999999999554656,1.0,-0.5,0.8,5.56679147223349e-11,-2.783401287231868e-11,4.453448720909137e-11,-12.437491781969202,-3.7699199036101345,-1.5124009277230714
19.283799171447754,0.9999999999446602,-0.49999999997232997,0.799999999955728,1.0,-0.5,0.8,5.5339843818558165e-11,-2.7670032931581545e-11,4.427203048606998e-11,-12.437491781987804,-3.769919903617755,-1.5124009277253048
19.293795347213745,0.999999999945037,-0.49999999997251837,0.7999999999560294,1.0,-0.5,0.8,5.496303412400039e-11,-2.7481628084302656e-11,4.397060493488425e-11,-12.437491782007067,-3.769919903625614,-1.5124009277275985
19.303781032562256,0.9999999999454612,-0.4999999999727305,0.7999999999563688,1.0,-0.5,0.8,5.4538817906291115e-11,-2.726951997544802e-11,4.363120975625634e-11,-12.437491782026962,-3.769919903633702,-1.5124009277299495
19.313801288604736,0.9999999999459315,-0.4999999999729656,0.7999999999567451,1.0,-0.5,0.8,5.40685274330599e-11,-2.7034374738832412e-11,4.3254955173210874e-11,-12.437491782047458,-3.769919903642004,-1.5124009277323547
19.32379150390625,0.9999999999464464,-0.4999999999732231,0.799999999957157,1.0,-0.5,0.8,5.355360599423875e-11,-2.6776914019421838e-11,4.284306243107494e-11,-12.437491782068518,-3.7699199036505084,-1.5124009277348098
19.333811044692993,0.9999999999470046,-0.4999999999735022,0.7999999999576035,1.0,-0.5,0.8,5.299538585745722e-11,-2.6497803951031074e-11,4.23965307305707e-11,-12.437491782090115,-3.7699199036592024,-1.512400927737312
19.343817710876465,0.9999999999476047,-0.49999999997380223,0.7999999999580836,1.0,-0.5,0.8,5.2395310312647325e-11,-2.6197766178626125e-11,4.1916470294722785e-11,-12.437491782112215,-3.7699199036680744,-1.5124009277398578
19.35381531715393,0.9999999999482451,-0.4999999999741224,0.7999999999585959,1.0,-0.5,0.8,5.1754933672043535e-11,-2.587757785832423e-11,4.1404102368858275e-11,-12.43749178213478,-3.76991990367711,-1.5124009277424435
19.363785982131958,0.9999999999489244,-0.4999999999744621,0.7999999999591394,1.0,-0.5,0.8,5.10755882032754e-11,-2.5537905123940163e-11,4.086064819830426e-11,-12.437491782157787,-3.7699199036862985,-1.5124009277450658
19.373838186264038,0.9999999999496413,-0.49999999997482053,0.7999999999597128,1.0,-0.5,0.8,5.035871719627494e-11,-2.517946962043993e-11,4.028721800608537e-11,-12.437491782181198,-3.769919903695627,-1.5124009277477217
19.383800983428955,0.9999999999503941,-0.49999999997519695,0.7999999999603151,1.0,-0.5,0.8,4.960587496327662e-11,-2.4803048503940772e-11,3.968492201522622e-11,-12.437491782204985,-3.7699199037050835,-1.512400927750407
19.393946409225464,0.9999999999511816,-0.4999999999755907,0.7999999999609451,1.0,-0.5,0.8,4.8818393771909996e-11,-2.440930790825746e-11,3.9054981471053907e-11,-12.437491782229113,-3.7699199037146567,-1.5124009277531199
19.403818368911743,0.9999999999520021,-0.4999999999760009,0.7999999999616014,1.0,-0.5,0.8,4.7997938956712005e-11,-2.3999080500658465e-11,3.8398617618895514e-11,-12.437491782253556,-3.7699199037243334,-1.5124009277558557
19.41379976272583,0.9999999999528542,-0.49999999997642697,0.7999999999622831,1.0,-0.5,0.8,4.71458427853122e-11,-2.357303241495856e-11,3.771694068177567e-11,-12.43749178227828,-3.7699199037341025,-1.5124009277586117
19.42380380630493,0.9999999999537363,-0.49999999997686806,0.7999999999629889,1.0,-0.5,0.8,4.626365956994505e-11,-2.3131940807274987e-11,3.7011171905021456e-11,-12.437491782303255,-3.7699199037439537,-1.5124009277613852
19.43375563621521,0.9999999999546472,-0.4999999999773235,0.7999999999637175,1.0,-0.5,0.8,4.535283260054257e-11,-2.2676527322573747e-11,3.6282532533959966e-11,-12.43749178232845,-3.7699199037538738,-1.5124009277641723
19.443782091140747,0.9999999999555851,-0.49999999997779243,0.7999999999644679,1.0,-0.5,0.8,4.441491618933924e-11,-2.220756911697208e-11,3.553213279161582e-11,-12.437491782353838,-3.769919903763851,-1.5124009277669705
19.45383644104004,0.9999999999565486,-0.4999999999782742,0.7999999999652387,1.0,-0.5,0.8,4.3451353626267064e-11,-2.1725787835435995e-11,3.4761304945618576e-11,-12.437491782379388,-3.7699199037738755,-1.5124009277697765
19.463793516159058,0.9999999999575364,-0.4999999999787681,0.799999999966029,1.0,-0.5,0.8,4.246358820125806e-11,-2.1231905122931494e-11,3.397104819669039e-11,-12.437491782405074,-3.7699199037839355,-1.5124009277725874
19.473775386810303,0.9999999999585469,-0.49999999997927336,0.7999999999668373,1.0,-0.5,0.8,4.1453063204244245e-11,-2.0726642624424585e-11,3.3162694812460813e-11,-12.43749178243086,-3.769919903794021,-1.5124009277754005
19.483806610107422,0.9999999999595787,-0.4999999999797892,0.7999999999676627,1.0,-0.5,0.8,4.042133294746009e-11,-2.0210777496032506e-11,3.233735501595447e-11,-12.437491782456727,-3.7699199038041216,-1.5124009277782124
19.493783235549927,0.9999999999606302,-0.49999999998031497,0.7999999999685039,1.0,-0.5,0.8,3.93698407208376e-11,-1.9685031382721263e-11,3.149613903019599e-11,-12.437491782482642,-3.7699199038142264,-1.512400927781021
19.503836631774902,0.9999999999617,-0.4999999999808499,0.7999999999693598,1.0,-0.5,0.8,3.83000298143088e-11,-1.9150125929456863e-11,3.064026810051246e-11,-12.437491782508582,-3.7699199038243245,-1.5124009277838228
19.513760805130005,0.9999999999627868,-0.4999999999813933,0.7999999999702292,1.0,-0.5,0.8,3.7213232495503235e-11,-1.860672727005408e-11,2.97708524499285e-11,-12.437491782534519,-3.7699199038344067,-1.512400927786616
19.52375864982605,0.999999999963889,-0.4999999999819444,0.7999999999711109,1.0,-0.5,0.8,3.611100307665538e-11,-1.8055612560630152e-11,2.8889113323771198e-11,-12.437491782560425,-3.7699199038444626,-1.5124009277893975
19.53377389907837,0.9999999999650053,-0.49999999998250255,0.799999999972004,1.0,-0.5,0.8,3.4994673825394784e-11,-1.7497447934999855e-11,2.7996049922762722e-11,-12.43749178258628,-3.769919903854485,-1.5124009277921648
19.54376769065857,0.9999999999661343,-0.49999999998306704,0.7999999999729072,1.0,-0.5,0.8,3.386568803165346e-11,-1.6932955038129194e-11,2.7092883492230158e-11,-12.437491782612055,-3.7699199038644613,-1.5124009277949153
19.55375027656555,0.9999999999672746,-0.49999999998363714,0.7999999999738193,1.0,-0.5,0.8,3.2725377963060964e-11,-1.6362855514984176e-11,2.618072425519813e-11,-12.437491782637723,-3.7699199038743854,-1.5124009277976471
19.56379008293152,0.9999999999684248,-0.49999999998421224,0.7999999999747395,1.0,-0.5,0.8,3.15751869095493e-11,-1.5787759988228345e-11,2.52605714123888e-11,-12.437491782663265,-3.769919903884246,-1.5124009278003572
19.573761463165283,0.9999999999695836,-0.4999999999847916,0.7999999999756665,1.0,-0.5,0.8,3.0416447138748026e-11,-1.5208390102827707e-11,2.4333535186826794e-11,-12.43749178268866,-3.769919903894035,-1.5124009278030432
19.58379054069519,0.9999999999707495,-0.4999999999853746,0.7999999999765993,1.0,-0.5,0.8,2.925049091828669e-11,-1.4625411992597037e-11,2.3400725801536737e-11,-12.43749178271388,-3.7699199039037445,-1.5124009278057038
19.593992233276367,0.9999999999719215,-0.49999999998596056,0.7999999999775369,1.0,-0.5,0.8,2.807853949349237e-11,-1.403943628019988e-11,2.2463142457240792e-11,-12.437491782738904,-3.769919903913367,-1.5124009278083361
19.60382103919983,0.9999999999730981,-0.49999999998654887,0.7999999999784781,1.0,-0.5,0.8,2.690192513199463e-11,-1.3451129099451009e-11,2.1521895376963585e-11,-12.437491782763715,-3.7699199039228946,-1.5124009278109383
19.613807678222656,0.999999999974278,-0.49999999998713884,0.7999999999794221,1.0,-0.5,0.8,2.5721980101423014e-11,-1.2861156584165201e-11,2.0577983761427276e-11,-12.43749178278829,-3.7699199039323177,-1.512400927813508
19.62383532524109,0.9999999999754601,-0.49999999998772987,0.7999999999803677,1.0,-0.5,0.8,2.453992564710461e-11,-1.2270129357005999e-11,1.9632295789051568e-11,-12.437491782812613,-3.7699199039416302,-1.512400927816044
19.633785486221313,0.999999999976643,-0.49999999998832134,0.7999999999813141,1.0,-0.5,0.8,2.3356983014366506e-11,-1.1678658040636947e-11,1.8685941682861085e-11,-12.437491782836652,-3.769919903950826,-1.512400927818544
19.64380383491516,0.9999999999778256,-0.49999999998891265,0.7999999999822602,1.0,-0.5,0.8,2.217437344853579e-11,-1.1087353257721588e-11,1.7739809621275526e-11,-12.437491782860402,-3.769919903959897,-1.5124009278210058
19.653810501098633,0.9999999999790068,-0.49999999998950323,0.7999999999832051,1.0,-0.5,0.8,2.0993207172637085e-11,-1.0496770119772236e-11,1.6794898805017056e-11,-12.437491782883843,-3.769919903968837,-1.5124009278234287
19.663789987564087,0.9999999999801853,-0.4999999999900925,0.799999999984148,1.0,-0.5,0.8,1.981470543199748e-11,-9.907519249452434e-12,1.5852097412505373e-11,-12.437491782906951,-3.769919903977639,-1.5124009278258106
19.673805475234985,0.9999999999813601,-0.4999999999906799,0.7999999999850878,1.0,-0.5,0.8,1.863986742733914e-11,-9.320100247123264e-12,1.4912293622160178e-11,-12.437491782929719,-3.769919903986299,-1.5124009278281496
19.68381094932556,0.9999999999825301,-0.4999999999912649,0.7999999999860237,1.0,-0.5,0.8,1.746991440398915e-11,-8.735123735448269e-12,1.397637561240117e-11,-12.437491782952122,-3.769919903994809,-1.5124009278304449
19.693788051605225,0.999999999983694,-0.49999999999184686,0.7999999999869549,1.0,-0.5,0.8,1.6305956584972137e-11,-8.153144825939762e-12,1.304512053934559e-11,-12.43749178297415,-3.769919904003164,-1.5124009278326944
19.703791856765747,0.9999999999848511,-0.4999999999924254,0.7999999999878805,1.0,-0.5,0.8,1.51488821487078e-11,-7.574607607807593e-12,1.2119527603715596e-11,-12.437491782995789,-3.7699199040113602,-1.512400927834897
19.71377968788147,0.9999999999860002,-0.49999999999299993,0.7999999999887998,1.0,-0.5,0.8,1.3999801318220761e-11,-7.0000671925640745e-12,1.1200262939325967e-11,-12.437491783017022,-3.76991990401939,-1.5124009278370516
19.723809003829956,0.9999999999871403,-0.49999999999357,0.7999999999897118,1.0,-0.5,0.8,1.2859713294233188e-11,-6.430023180570288e-12,1.02882147245964e-11,-12.437491783037839,-3.7699199040272515,-1.5124009278391566
19.73383140563965,0.9999999999882704,-0.499999999994135,0.7999999999906159,1.0,-0.5,0.8,1.1729617277467241e-11,-5.8649751721873145e-12,9.384160115644136e-12,-12.437491783058224,-3.7699199040349374,-1.5124009278412114
19.74380922317505,0.9999999999893896,-0.49999999999469463,0.7999999999915113,1.0,-0.5,0.8,1.0610401446342621e-11,-5.305367256625004e-12,8.488765246283947e-12,-12.437491783078165,-3.7699199040424456,-1.5124009278432147
19.753804206848145,0.999999999990497,-0.49999999999524836,0.7999999999923972,1.0,-0.5,0.8,9.502953979279027e-12,-4.7516435230932075e-12,7.602807272633072e-12,-12.437491783097656,-3.7699199040497713,-1.5124009278451653
19.7638156414032,0.9999999999915918,-0.49999999999579575,0.7999999999932731,1.0,-0.5,0.8,8.40816305469616e-12,-4.204248060801774e-12,6.726952328506286e-12,-12.437491783116682,-3.7699199040569114,-1.5124009278470627
19.773797512054443,0.9999999999926732,-0.49999999999633643,0.7999999999941382,1.0,-0.5,0.8,7.326805828711258e-12,-3.663569447809323e-12,5.861866547718364e-12,-12.437491783135236,-3.769919904063862,-1.5124009278489061
19.78377890586853,0.9999999999937402,-0.49999999999686995,0.7999999999949918,1.0,-0.5,0.8,6.25977047974402e-12,-3.130051773325704e-12,5.008216064084081e-12,-12.437491783153309,-3.7699199040706195,-1.5124009278506945
19.793761014938354,0.9999999999947922,-0.4999999999973959,0.7999999999958334,1.0,-0.5,0.8,5.207834163911684e-12,-2.604083615409536e-12,4.1666670114182125e-12,-12.437491783170888,-3.769919904077182,-1.5124009278524273
19.803770780563354,0.9999999999958283,-0.499999999997914,0.7999999999966623,1.0,-0.5,0.8,4.171663015029026e-12,-2.0859980409682066e-12,3.3377745012330706e-12,-12.437491783187971,-3.769919904083546,-1.5124009278541037
19.81377601623535,0.9999999999968479,-0.4999999999984238,0.799999999997478,1.0,-0.5,0.8,3.1521452115157444e-12,-1.5761836280603347e-12,2.522093645040968e-12,-12.437491783204548,-3.7699199040897096,-1.5124009278557233
19.823792457580566,0.9999999999978502,-0.49999999999892497,0.7999999999982799,1.0,-0.5,0.8,2.149835864884153e-12,-1.075028954744539e-12,1.7201795543542175e-12,-12.437491783220612,-3.76991990409567,-1.5124009278572856
19.83379888534546,0.9999999999988346,-0.4999999999994172,0.7999999999990675,1.0,-0.5,0.8,1.1654011089490268e-12,-5.828115767769759e-13,9.325873406851315e-13,-12.437491783236158,-3.769919904101427,-1.51240092785879
19.843892812728882,0.9999999999998005,-0.49999999999990014,0.7999999999998402,1.0,-0.5,0.8,1.9950707752514063e-13,-9.986456106503283e-14,1.5987211554602254e-13,-12.43749178325118,-3.769919904106977,-1.512400927860237
19.85378932952881,1.0000000000007472,-0.5000000000003736,0.8000000000005976,1.0,-0.5,0.8,-7.471800955727304e-13,3.735900477863652e-13,-5.975220318532593e-13,-12.437491783265674,-3.769919904112318,-1.5124009278616248
19.863821029663086,1.0000000000016742,-0.5000000000008371,0.8000000000013393,1.0,-0.5,0.8,-1.674216321134736e-12,8.37108160567368e-13,-1.3392620346053263e-12,-12.43749178327964,-3.7699199041174514,-1.5124009278629542
19.8738374710083,1.000000000002581,-0.5000000000012905,0.8000000000020648,1.0,-0.5,0.8,-2.581046487648564e-12,1.290523243824282e-12,-2.064792781197866e-12,-12.437491783293067,-3.7699199041223754,-1.5124009278642254
19.883793592453003,1.0000000000034672,-0.5000000000017336,0.8000000000027738,1.0,-0.5,0.8,-3.467226505904364e-12,1.733613252952182e-12,-2.773781204723491e-12,-12.43749178330596,-3.7699199041270886,-1.5124009278654376
19.89380693435669,1.0000000000043323,-0.5000000000021662,0.8000000000034658,1.0,-0.5,0.8,-4.332312286692286e-12,2.166156143346143e-12,-3.465783215972351e-12,-12.437491783318313,-3.769919904131591,-1.512400927866591
19.903780460357666,1.0000000000051756,-0.5000000000025878,0.8000000000041405,1.0,-0.5,0.8,-5.175637696197555e-12,2.5878188480987774e-12,-4.140465748037059e-12,-12.437491783330124,-3.769919904135882,-1.5124009278676853
19.913769245147705,1.000000000005997,-0.5000000000029985,0.8000000000047975,1.0,-0.5,0.8,-5.9969806898152456e-12,2.9984903449076228e-12,-4.7974957340102264e-12,-12.437491783341391,-3.769919904139961,-1.5124009278687212
19.92380380630493,1.000000000006796,-0.500000000003398,0.8000000000054367,1.0,-0.5,0.8,-6.795897178335508e-12,3.397948589167754e-12,-5.436651129286929e-12,-12.437491783352119,-3.7699199041438294,-1.5124009278696984
19.93380904197693,1.000000000007572,-0.500000000003786,0.8000000000060576,1.0,-0.5,0.8,-7.571943072548493e-12,3.785971536274246e-12,-6.057598866959779e-12,-12.4374917833623,-3.7699199041474873,-1.512400927870617
19.94381022453308,1.000000000008325,-0.5000000000041624,0.80000000000666,1.0,-0.5,0.8,-8.324896327849274e-12,4.162448163924637e-12,-6.660005880121389e-12,-12.437491783371943,-3.769919904150934,-1.5124009278714776
19.95384168624878,1.0000000000090545,-0.5000000000045273,0.8000000000072438,1.0,-0.5,0.8,-9.054534899632927e-12,4.527267449816463e-12,-7.243761146469296e-12,-12.437491783381043,-3.7699199041541718,-1.51240092787228
19.96382236480713,1.0000000000097604,-0.5000000000048802,0.8000000000078086,1.0,-0.5,0.8,-9.760414698689601e-12,4.880207349344801e-12,-7.808531599096113e-12,-12.437491783389603,-3.769919904157199,-1.5124009278730253
19.97380757331848,1.0000000000104425,-0.5000000000052213,0.8000000000083543,1.0,-0.5,0.8,-1.0442535725019297e-11,5.221267862509649e-12,-8.354206215699378e-12,-12.437491783397627,-3.769919904160021,-1.5124009278737132
19.98386001586914,1.0000000000111005,-0.5000000000055502,0.8000000000088807,1.0,-0.5,0.8,-1.1100453889412165e-11,5.5502269447060826e-12,-8.880673973976627e-12,-12.437491783405116,-3.769919904162635,-1.5124009278743444
19.99381136894226,1.0000000000117342,-0.5000000000058671,0.8000000000093878,1.0,-0.5,0.8,-1.1734169191868205e-11,5.867084595934102e-12,-9.387712829322936e-12,-12.437491783412076,-3.7699199041650457,-1.5124009278749198
20.003801345825195,1.0000000000123435,-0.5000000000061717,0.8000000000098753,1.0,-0.5,0.8,-1.234345958778249e-11,6.171729793891245e-12,-9.875211759435842e-12,-12.437491783418508,-3.769919904167253,-1.5124009278754393
20.01377773284912,1.0000000000129283,-0.5000000000064642,0.8000000000103431,1.0,-0.5,0.8,-1.2928325077155023e-11,6.4641625385775114e-12,-1.0343059742012883e-11,-12.437491783424418,-3.7699199041692597,-1.5124009278759043
20.02377414703369,1.0000000000134885,-0.5000000000067443,0.8000000000107913,1.0,-0.5,0.8,-1.3488543615380877e-11,6.7442718076904384e-12,-1.0791256777054059e-11,-12.437491783429811,-3.7699199041710676,-1.5124009278763146
20.033764123916626,1.0000000000140241,-0.5000000000070121,0.8000000000112197,1.0,-0.5,0.8,-1.4024115202460052e-11,7.012057601230026e-12,-1.1219691842256907e-11,-12.43749178343469,-3.769919904172678,-1.512400927876671
20.04376482963562,1.0000000000145348,-0.5000000000072674,0.8000000000116283,1.0,-0.5,0.8,-1.4534817793787624e-11,7.267408896893812e-12,-1.1628253915318965e-11,-12.437491783439055,-3.769919904174093,-1.5124009278769746
20.053797721862793,1.0000000000150209,-0.5000000000075104,0.8000000000120171,1.0,-0.5,0.8,-1.5020873433968518e-11,7.510436716984259e-12,-1.2017054018542694e-11,-12.437491783442924,-3.7699199041753175,-1.5124009278772261
20.06381106376648,1.000000000015482,-0.500000000007741,0.8000000000123861,1.0,-0.5,0.8,-1.5482060078397808e-11,7.741030039198904e-12,-1.2386092151928096e-11,-12.437491783446294,-3.769919904176352,-1.512400927877426
20.073763370513916,1.0000000000159186,-0.5000000000079593,0.8000000000127354,1.0,-0.5,0.8,-1.591859977168042e-11,7.95929988584021e-12,-1.273536831547517e-11,-12.437491783449172,-3.769919904177198,-1.5124009278775752
20.08379054069519,1.0000000000163305,-0.5000000000081652,0.8000000000130649,1.0,-0.5,0.8,-1.6330492513816353e-11,8.165246256908176e-12,-1.3064882509183917e-11,-12.437491783451572,-3.769919904177862,-1.5124009278776747
20.093798398971558,1.0000000000167177,-0.5000000000083589,0.8000000000133748,1.0,-0.5,0.8,-1.6717738304805607e-11,8.358869152402804e-12,-1.3374745755356798e-11,-12.437491783453492,-3.7699199041783444,-1.5124009278777255
20.10382080078125,1.0000000000170806,-0.5000000000085403,0.8000000000136651,1.0,-0.5,0.8,-1.7080559189253108e-11,8.540279594626554e-12,-1.3665069076296277e-11,-12.437491783454945,-3.769919904178649,-1.5124009278777282
20.11380672454834,1.0000000000174192,-0.5000000000087096,0.8000000000139359,1.0,-0.5,0.8,-1.741917721176378e-11,8.70958860588189e-12,-1.3935852472002352e-11,-12.43749178345594,-3.7699199041787805,-1.5124009278776842
20.123833656311035,1.0000000000177336,-0.5000000000088668,0.8000000000141874,1.0,-0.5,0.8,-1.7733592372337625e-11,8.866796186168813e-12,-1.418731798707995e-11,-12.437491783456485,-3.7699199041787406,-1.5124009278775943
20.1337628364563,1.000000000018024,-0.500000000009012,0.8000000000144196,1.0,-0.5,0.8,-1.8024026715579566e-11,9.012013357789783e-12,-1.4419576643831533e-11,-12.437491783456588,-3.769919904178533,-1.5124009278774595
20.1437668800354,1.0000000000182905,-0.5000000000091452,0.8000000000146328,1.0,-0.5,0.8,-1.8290480241489604e-11,9.145240120744802e-12,-1.4632739464559563e-11,-12.437491783456252,-3.76991990417816,-1.5124009278772803
20.15376329421997,1.0000000000185334,-0.5000000000092667,0.8000000000148271,1.0,-0.5,0.8,-1.8533397039277588e-11,9.266698519638794e-12,-1.4827028493868966e-11,-12.437491783455492,-3.769919904177628,-1.5124009278770583
20.16374635696411,1.000000000018753,-0.5000000000093764,0.8000000000150027,1.0,-0.5,0.8,-1.8752999153548444e-11,9.37638855447176e-12,-1.5002665776364665e-11,-12.43749178345432,-3.7699199041769407,-1.5124009278767954
20.1737802028656,1.0000000000189493,-0.5000000000094745,0.8000000000151598,1.0,-0.5,0.8,-1.8949286584302172e-11,9.474532269848623e-12,-1.5159762334349125e-11,-12.437491783452732,-3.7699199041760982,-1.512400927876491
20.183782815933228,1.0000000000191227,-0.5000000000095612,0.8000000000152986,1.0,-0.5,0.8,-1.912270342074862e-11,9.561240688071848e-12,-1.529854021242727e-11,-12.437491783450751,-3.769919904175106,-1.5124009278761468
20.193766355514526,1.0000000000192737,-0.5000000000096366,0.8000000000154193,1.0,-0.5,0.8,-1.9273693752097643e-11,9.636624831443896e-12,-1.5419221455204024e-11,-12.437491783448388,-3.7699199041739724,-1.5124009278757649
20.203758478164673,1.0000000000194023,-0.5000000000097009,0.8000000000155222,1.0,-0.5,0.8,-1.9402257578349236e-11,9.700906744569693e-12,-1.5522139129586776e-11,-12.437491783445642,-3.769919904172695,-1.5124009278753452
20.21374487876892,1.0000000000195088,-0.5000000000097542,0.8000000000156074,1.0,-0.5,0.8,-1.950883898871325e-11,9.7541974497517e-12,-1.5607404257877988e-11,-12.43749178344253,-3.7699199041712808,-1.5124009278748893
20.22374701499939,1.0000000000195939,-0.5000000000097967,0.8000000000156754,1.0,-0.5,0.8,-1.9593882072399538e-11,9.796718991594844e-12,-1.5675349906985048e-11,-12.437491783439063,-3.769919904169735,-1.5124009278743986
20.233769416809082,1.0000000000196576,-0.5000000000098286,0.8000000000157264,1.0,-0.5,0.8,-1.9657608874013022e-11,9.828582392401586e-12,-1.5726309143815342e-11,-12.437491783435252,-3.76991990416806,-1.5124009278738744
20.243791818618774,1.0000000000197005,-0.50000000000985,0.8000000000157605,1.0,-0.5,0.8,-1.9700463482763553e-11,9.850009696776851e-12,-1.5760504012973797e-11,-12.437491783431103,-3.7699199041662617,-1.5124009278733173
20.25378131866455,1.0000000000197227,-0.5000000000098611,0.8000000000157783,1.0,-0.5,0.8,-1.9722667943256056e-11,9.861111927023103e-12,-1.57782675813678e-11,-12.437491783426635,-3.7699199041643423,-1.512400927872729
20.26378870010376,1.0000000000197247,-0.5000000000098621,0.80000000001578,1.0,-0.5,0.8,-1.972466634470038e-11,9.862111127745266e-12,-1.5779932915904737e-11,-12.437491783421846,-3.769919904162307,-1.5124009278721104
20.27378749847412,1.000000000019707,-0.5000000000098532,0.8000000000157658,1.0,-0.5,0.8,-1.970690277630638e-11,9.853229343548264e-12,-1.5765722061189535e-11,-12.437491783416759,-3.769919904160161,-1.5124009278714632
20.283775568008423,1.0000000000196698,-0.5000000000098347,0.8000000000157361,1.0,-0.5,0.8,-1.96698213272839e-11,9.834688619037024e-12,-1.5736079106432044e-11,-12.437491783411382,-3.769919904157908,-1.5124009278707882
20.29379105567932,1.0000000000196139,-0.5000000000098067,0.8000000000156913,1.0,-0.5,0.8,-1.961386608684279e-11,9.80671099881647e-12,-1.5691226096237187e-11,-12.437491783405724,-3.7699199041555524,-1.5124009278700865
20.303767442703247,1.0000000000195393,-0.5000000000097694,0.8000000000156317,1.0,-0.5,0.8,-1.953925909958798e-11,9.769407505189065e-12,-1.5631607119814817e-11,-12.437491783399793,-3.769919904153097,-1.5124009278693595
20.3137788772583,1.0000000000194467,-0.5000000000097231,0.8000000000155576,1.0,-0.5,0.8,-1.9446666499334242e-11,9.723111205062196e-12,-1.555755524407232e-11,-12.437491783393611,-3.7699199041505502,-1.5124009278686088
20.323789834976196,1.0000000000193365,-0.500000000009668,0.8000000000154694,1.0,-0.5,0.8,-1.9336532375291426e-11,9.668044143040788e-12,-1.546940353591708e-11,-12.437491783387182,-3.7699199041479132,-1.5124009278678354
20.333803176879883,1.0000000000192093,-0.5000000000096044,0.8000000000153676,1.0,-0.5,0.8,-1.9209300816669383e-11,9.604428363729767e-12,-1.5367596084558954e-11,-12.437491783380517,-3.769919904145192,-1.5124009278670403
20.343838930130005,1.0000000000190654,-0.5000000000095325,0.8000000000152525,1.0,-0.5,0.8,-1.9065415912677963e-11,9.532485911734057e-12,-1.5252465956905326e-11,-12.437491783373632,-3.76991990414239,-1.5124009278662247
20.353840351104736,1.0000000000189053,-0.5000000000094524,0.8000000000151244,1.0,-0.5,0.8,-1.8905321752527016e-11,9.452438831658583e-12,-1.5124346219863583e-11,-12.437491783366532,-3.769919904139512,-1.5124009278653905
20.363835096359253,1.0000000000187295,-0.5000000000093645,0.8000000000149837,1.0,-0.5,0.8,-1.872946242542639e-11,9.36450916810827e-12,-1.4983680962643575e-11,-12.437491783359233,-3.7699199041365627,-1.5124009278645383
20.3738272190094,1.0000000000185385,-0.500000000009269,0.8000000000148308,1.0,-0.5,0.8,-1.8538504065190864e-11,9.269029987990507e-12,-1.483080325215269e-11,-12.437491783351744,-3.769919904133546,-1.512400927863669
20.383819341659546,1.0000000000183327,-0.5000000000091661,0.8000000000146662,1.0,-0.5,0.8,-1.833266871642536e-11,9.166112313607755e-12,-1.466615717760078e-11,-12.437491783344075,-3.769919904130465,-1.5124009278627846
20.393807649612427,1.0000000000181126,-0.5000000000090561,0.8000000000144902,1.0,-0.5,0.8,-1.8112622512944654e-11,9.056089211867402e-12,-1.4490186828197693e-11,-12.437491783336242,-3.7699199041273257,-1.5124009278618857
20.40380549430847,1.0000000000178788,-0.5000000000089393,0.8000000000143033,1.0,-0.5,0.8,-1.7878809543958596e-11,8.939293749676835e-12,-1.4303225270850817e-11,-12.437491783328248,-3.769919904124132,-1.5124009278609736
20.413822174072266,1.000000000017632,-0.5000000000088158,0.8000000000141058,1.0,-0.5,0.8,-1.763189594328196e-11,8.815836949338518e-12,-1.4105716594770001e-11,-12.437491783320114,-3.7699199041208886,-1.5124009278600499
20.42379927635193,1.0000000000173723,-0.500000000008686,0.800000000013898,1.0,-0.5,0.8,-1.73723258001246e-11,8.686051877759837e-12,-1.3897993866862635e-11,-12.437491783311847,-3.7699199041176006,-1.5124009278591153
20.433814764022827,1.0000000000171005,-0.5000000000085502,0.8000000000136807,1.0,-0.5,0.8,-1.710054320369636e-11,8.550160579545718e-12,-1.3680612198641029e-11,-12.437491783303459,-3.7699199041142704,-1.5124009278581712
20.443825721740723,1.000000000016817,-0.5000000000084084,0.800000000013454,1.0,-0.5,0.8,-1.6816992243207096e-11,8.408385099301086e-12,-1.3453904657012572e-11,-12.437491783294954,-3.769919904110902,-1.5124009278572186
20.45377826690674,1.0000000000165223,-0.5000000000082611,0.8000000000132182,1.0,-0.5,0.8,-1.652233905247158e-11,8.261058503933327e-12,-1.3218204308884651e-11,-12.437491783286353,-3.7699199041075007,-1.5124009278562582
20.463821411132812,1.000000000016217,-0.5000000000081084,0.8000000000129741,1.0,-0.5,0.8,-1.621702772069966e-11,8.108402838047368e-12,-1.297406626576958e-11,-12.437491783277657,-3.76991990410407,-1.5124009278552921
20.473830223083496,1.0000000000159017,-0.5000000000079508,0.8000000000127219,1.0,-0.5,0.8,-1.5901724381706117e-11,7.950751168550596e-12,-1.2721823594574744e-11,-12.437491783268888,-3.7699199041006155,-1.5124009278543211
20.483810901641846,1.0000000000155769,-0.5000000000077883,0.800000000012462,1.0,-0.5,0.8,-1.5576873124700796e-11,7.788325540047936e-12,-1.2461920384509995e-11,-12.437491783260047,-3.769919904097139,-1.5124009278533457
20.49384355545044,1.000000000015243,-0.5000000000076213,0.8000000000121947,1.0,-0.5,0.8,-1.524291803889355e-11,7.621347997144312e-12,-1.219468970248272e-11,-12.437491783251145,-3.7699199040936464,-1.5124009278523676
20.503785133361816,1.0000000000149003,-0.50000000000745,0.8000000000119206,1.0,-0.5,0.8,-1.4900303213494226e-11,7.45004058444465e-12,-1.1920575637702768e-11,-12.437491783242198,-3.7699199040901394,-1.5124009278513872
20.51375460624695,1.0000000000145497,-0.5000000000072747,0.8000000000116401,1.0,-0.5,0.8,-1.4549694782317601e-11,7.274736368856338e-12,-1.1640022279379991e-11,-12.43749178323321,-3.7699199040866223,-1.5124009278504056
20.52375602722168,1.0000000000141915,-0.5000000000070957,0.8000000000113535,1.0,-0.5,0.8,-1.4191536834573526e-11,7.0956573949843005e-12,-1.1353473716724238e-11,-12.43749178322419,-3.7699199040831,-1.5124009278494246
20.533753871917725,1.0000000000138263,-0.500000000006913,0.8000000000110613,1.0,-0.5,0.8,-1.382627345947185e-11,6.913025707433462e-12,-1.1061263016642897e-11,-12.43749178321515,-3.7699199040795737,-1.512400927848444
20.543771028518677,1.0000000000134546,-0.5000000000067272,0.8000000000107639,1.0,-0.5,0.8,-1.3454570790827347e-11,6.727174373111211e-12,-1.0763834268345818e-11,-12.4374917832061,-3.76991990407605,-1.5124009278474657
20.55379819869995,1.0000000000130769,-0.5000000000065383,0.8000000000104617,1.0,-0.5,0.8,-1.3076872917849869e-11,6.538325436622472e-12,-1.046163156104285e-11,-12.437491783197054,-3.7699199040725304,-1.5124009278464907
20.563792943954468,1.0000000000126936,-0.5000000000063467,0.800000000010155,1.0,-0.5,0.8,-1.2693623929749265e-11,6.34670094257217e-12,-1.0154987961641382e-11,-12.43749178318801,-3.769919904069019,-1.5124009278455193
20.573810577392578,1.0000000000123053,-0.5000000000061525,0.8000000000098444,1.0,-0.5,0.8,-1.2305267915735385e-11,6.15252293556523e-12,-9.844347559351263e-12,-12.437491783178986,-3.7699199040655196,-1.5124009278445523
20.583837032318115,1.0000000000119125,-0.5000000000059561,0.8000000000095301,1.0,-0.5,0.8,-1.1912471009623005e-11,5.95612448250904e-12,-9.530043421079881e-12,-12.437491783169985,-3.7699199040620353,-1.5124009278435913
20.593820095062256,1.0000000000115157,-0.5000000000057577,0.8000000000092126,1.0,-0.5,0.8,-1.1515677300621974e-11,5.757727628008524e-12,-9.212519636037086e-12,-12.43749178316102,-3.7699199040585687,-1.5124009278426367
20.60384225845337,1.0000000000111153,-0.5000000000055576,0.8000000000088922,1.0,-0.5,0.8,-1.1115330877942142e-11,5.557554416668609e-12,-8.892109271130266e-12,-12.437491783152101,-3.7699199040551234,-1.5124009278416894
20.61379051208496,1.0000000000107119,-0.5000000000053558,0.8000000000085693,1.0,-0.5,0.8,-1.071187583079336e-11,5.355826893094218e-12,-8.56925641556927e-12,-12.437491783143232,-3.769919904051702,-1.51240092784075
20.623794317245483,1.0000000000103058,-0.5000000000051528,0.8000000000082443,1.0,-0.5,0.8,-1.0305756248385478e-11,5.1527671018902765e-12,-8.244294136261487e-12,-12.437491783134416,-3.7699199040483085,-1.51240092783982
20.63385272026062,1.0000000000098974,-0.5000000000049486,0.8000000000079176,1.0,-0.5,0.8,-9.897416219928346e-12,4.94859708766171e-12,-7.917555500114304e-12,-12.43749178312567,-3.7699199040449445,-1.5124009278388992
20.643792629241943,1.0000000000094873,-0.5000000000047435,0.8000000000075895,1.0,-0.5,0.8,-9.487299834631813e-12,4.743538895013444e-12,-7.58948459633757e-12,-12.437491783116995,-3.7699199040416125,-1.5124009278379889
20.653743028640747,1.0000000000090759,-0.5000000000045378,0.8000000000072605,1.0,-0.5,0.8,-9.07585118170573e-12,4.537814568550402e-12,-7.260414491838674e-12,-12.437491783108397,-3.7699199040383147,-1.512400927837089
20.663753509521484,1.0000000000086635,-0.5000000000043316,0.8000000000069306,1.0,-0.5,0.8,-8.663514350359947e-12,4.331646152877511e-12,-6.93056723122254e-12,-12.43749178309989,-3.7699199040350555,-1.5124009278362014
20.673769235610962,1.000000000008251,-0.5000000000041254,0.8000000000066004,1.0,-0.5,0.8,-8.250955474409238e-12,4.125366714902157e-12,-6.600386903699018e-12,-12.437491783091481,-3.769919904031837,-1.512400927835326
20.683775901794434,1.0000000000078384,-0.5000000000039191,0.8000000000062703,1.0,-0.5,0.8,-7.83839659845853e-12,3.9190872769268026e-12,-6.2702065761754966e-12,-12.43749178308317,-3.7699199040286633,-1.512400927834464
20.69379448890686,1.000000000007426,-0.5000000000037129,0.8000000000059404,1.0,-0.5,0.8,-7.426059767112747e-12,3.712918861253911e-12,-5.9403593155593626e-12,-12.437491783074963,-3.769919904025531,-1.512400927833615
20.70378613471985,1.0000000000070146,-0.5000000000035072,0.8000000000056112,1.0,-0.5,0.8,-7.014611114186664e-12,3.5071945347908695e-12,-5.611178188758004e-12,-12.437491783066871,-3.7699199040224483,-1.5124009278327806
20.7137770652771,1.0000000000066045,-0.5000000000033021,0.800000000005283,1.0,-0.5,0.8,-6.604494728890131e-12,3.302136342142603e-12,-5.282996262678807e-12,-12.437491783058901,-3.769919904019415,-1.5124009278319608
20.723806858062744,1.000000000006196,-0.5000000000030979,0.8000000000049562,1.0,-0.5,0.8,-6.195932655828074e-12,3.0978553056115743e-12,-4.956146604229161e-12,-12.437491783051053,-3.769919904016433,-1.5124009278311563
20.73381495475769,1.0000000000057894,-0.5000000000028946,0.8000000000046309,1.0,-0.5,0.8,-5.789368984210341e-12,2.894573469802708e-12,-4.6308512580139904e-12,-12.437491783043338,-3.7699199040135056,-1.5124009278303676
20.74380922317505,1.000000000005385,-0.5000000000026924,0.8000000000043075,1.0,-0.5,0.8,-5.385025758641859e-12,2.692401857018467e-12,-4.307443290940682e-12,-12.437491783035753,-3.769919904010632,-1.5124009278295951
20.75381112098694,1.0000000000049833,-0.5000000000024916,0.8000000000039862,1.0,-0.5,0.8,-4.983347068332478e-12,2.4915625118637763e-12,-3.986144747614162e-12,-12.437491783028308,-3.769919904007815,-1.512400927828839
20.763839721679688,1.0000000000045848,-0.5000000000022923,0.8000000000036673,1.0,-0.5,0.8,-4.5847770024920464e-12,2.2922774789435607e-12,-3.667288694941817e-12,-12.43749178302101,-3.7699199040050586,-1.5124009278281003
20.77381181716919,1.0000000000041895,-0.5000000000020947,0.8000000000033513,1.0,-0.5,0.8,-4.189537605725491e-12,2.094657780560283e-12,-3.351208199831035e-12,-12.437491783013858,-3.7699199040023603,-1.512400927827379
20.78380298614502,1.000000000003798,-0.5000000000018989,0.8000000000030381,1.0,-0.5,0.8,-3.7980729672426605e-12,1.8989254613188677e-12,-3.0380142845842784e-12,-12.437491783006863,-3.7699199039997255,-1.5124009278266757
20.79383111000061,1.0000000000034106,-0.5000000000017052,0.8000000000027281,1.0,-0.5,0.8,-3.410605131648481e-12,1.705191543521778e-12,-2.7280400161089347e-12,-12.437491783000022,-3.769919903997154,-1.51240092782599
20.80378770828247,1.0000000000030276,-0.5000000000015137,0.8000000000024217,1.0,-0.5,0.8,-3.027578188152802e-12,1.5136780717739384e-12,-2.4216184613123914e-12,-12.437491782993344,-3.7699199039946465,-1.5124009278253236
20.813785314559937,1.0000000000026492,-0.5000000000013245,0.8000000000021189,1.0,-0.5,0.8,-2.6492141813605485e-12,1.3244960683778118e-12,-2.1188606424971113e-12,-12.43749178298683,-3.769919903992206,-1.512400927824676
20.82381319999695,1.0000000000022757,-0.5000000000011378,0.8000000000018201,1.0,-0.5,0.8,-2.275735155876646e-12,1.1377565556358604e-12,-1.8200996265704816e-12,-12.437491782980484,-3.7699199039898317,-1.5124009278240473
20.833836793899536,1.0000000000019074,-0.5000000000009536,0.8000000000015255,1.0,-0.5,0.8,-1.907363156306019e-12,9.53570555850547e-13,-1.525446435834965e-12,-12.437491782974307,-3.769919903987525,-1.5124009278234378
20.843777179718018,1.0000000000015445,-0.5000000000007722,0.8000000000012352,1.0,-0.5,0.8,-1.5445422718585178e-12,7.721601136267964e-13,-1.2351231148954867e-12,-12.437491782968307,-3.769919903985288,-1.5124009278228483
20.85374927520752,1.0000000000011875,-0.5000000000005936,0.8000000000009494,1.0,-0.5,0.8,-1.1874945471390674e-12,5.936362512670712e-13,-9.493517083569714e-13,-12.43749178296248,-3.76991990398312,-1.5124009278222785
20.863754272460938,1.0000000000008362,-0.500000000000418,0.8000000000006684,1.0,-0.5,0.8,-8.362199821476679e-13,4.1799896877137144e-13,-6.683542608243442e-13,-12.437491782956831,-3.7699199039810227,-1.5124009278217283
20.873783588409424,1.0000000000004912,-0.5000000000002455,0.8000000000003924,1.0,-0.5,0.8,-4.911626660941693e-13,2.454703107446221e-13,-3.923528169025303e-13,-12.43749178295136,-3.7699199039789963,-1.5124009278211983
20.883806943893433,1.0000000000001525,-0.5000000000000762,0.8000000000001215,1.0,-0.5,0.8,-1.525446435834965e-13,7.616129948928574e-14,-1.2145839889399213e-13,-12.437491782946072,-3.769919903977043,-1.5124009278206887
20.893814086914062,0.9999999999998206,-0.4999999999999102,0.7999999999998559,1.0,-0.5,0.8,1.794120407794253e-13,-8.981704269217516e-14,1.4410694859634532e-13,-12.437491782940972,-3.7699199039751603,-1.5124009278201993
20.90381956100464,0.9999999999994954,-0.4999999999997476,0.7999999999995958,1.0,-0.5,0.8,5.045963646921336e-13,-2.5240920464852934e-13,4.042322032660195e-13,-12.437491782936053,-3.769919903973352,-1.5124009278197303
20.91380524635315,0.9999999999991772,-0.4999999999995885,0.7999999999993413,1.0,-0.5,0.8,8.227862835497035e-13,-4.1150416407731427e-13,6.586953205101054e-13,-12.437491782931321,-3.7699199039716156,-1.5124009278192816
20.92394208908081,0.9999999999988662,-0.499999999999433,0.7999999999990925,1.0,-0.5,0.8,1.1337597527472099e-12,-5.669908986760674e-13,9.07496300328603e-13,-12.437491782926775,-3.769919903969953,-1.5124009278188537
20.933794260025024,0.9999999999985626,-0.4999999999992812,0.7999999999988496,1.0,-0.5,0.8,1.4374057499821902e-12,-7.188138972935576e-13,1.1504130981165872e-12,-12.43749178292242,-3.7699199039683635,-1.5124009278184465
20.943788290023804,0.9999999999982665,-0.49999999999913314,0.7999999999986127,1.0,-0.5,0.8,1.7335022306497194e-12,-8.668621376273222e-13,1.3873346915715956e-12,-12.437491782918253,-3.7699199039668487,-1.5124009278180595
20.95382595062256,0.9999999999979781,-0.4999999999989889,0.799999999998382,1.0,-0.5,0.8,2.021938172447335e-12,-1.01108010852613e-12,1.6180390360887031e-12,-12.437491782914273,-3.7699199039654068,-1.5124009278176933
20.96375608444214,0.9999999999976974,-0.4999999999988486,0.7999999999981575,1.0,-0.5,0.8,2.3026025530725747e-12,-1.1514122988387498e-12,1.8425261316679098e-12,-12.437491782910485,-3.76991990396404,-1.512400927817347
20.973748445510864,0.9999999999974246,-0.4999999999987122,0.7999999999979394,1.0,-0.5,0.8,2.5753843502229756e-12,-1.2878031974139503e-12,2.060684956006753e-12,-12.437491782906884,-3.7699199039627445,-1.5124009278170216
20.98374915122986,0.9999999999971599,-0.49999999999857986,0.7999999999977276,1.0,-0.5,0.8,2.840061519293613e-12,-1.420141781949269e-12,2.2724044868027704e-12,-12.437491782903477,-3.769919903961525,-1.5124009278167165
20.993754148483276,0.9999999999969034,-0.49999999999845157,0.7999999999975224,1.0,-0.5,0.8,3.0966340602844866e-12,-1.5484280524447058e-12,2.477684724055962e-12,-12.437491782900256,-3.769919903960377,-1.5124009278164314
21.00377082824707,0.999999999996655,-0.4999999999983274,0.7999999999973237,1.0,-0.5,0.8,3.344990950893134e-12,-1.6726064977490296e-12,2.6763036231614024e-12,-12.437491782897222,-3.7699199039593028,-1.5124009278161663
21.013746738433838,0.999999999996415,-0.4999999999982074,0.7999999999971317,1.0,-0.5,0.8,3.585021168817093e-12,-1.792621606711009e-12,2.8683722064215544e-12,-12.437491782894375,-3.7699199039583,-1.5124009278159218
21.02374792098999,0.9999999999961833,-0.4999999999980916,0.7999999999969464,1.0,-0.5,0.8,3.816724714056363e-12,-1.908417868179413e-12,3.053668429231493e-12,-12.437491782891714,-3.769919903957369,-1.5124009278156965
21.03374409675598,0.9999999999959601,-0.49999999999798,0.7999999999967679,1.0,-0.5,0.8,4.03987954200602e-12,-2.019995282154241e-12,3.2321922915912182e-12,-12.43749178288924,-3.769919903956511,-1.5124009278154913
21.043777465820312,0.9999999999957454,-0.49999999999787265,0.7999999999965961,1.0,-0.5,0.8,4.254596674968525e-12,-2.1273538486354937e-12,3.40394379350073e-12,-12.437491782886951,-3.7699199039557234,-1.5124009278153048
21.053788661956787,0.9999999999955392,-0.49999999999776956,0.7999999999964312,1.0,-0.5,0.8,4.4607650906414165e-12,-2.2304380564719395e-12,3.5688119126575657e-12,-12.437491782884845,-3.769919903955006,-1.512400927815138
21.06380534172058,0.9999999999953416,-0.4999999999976708,0.7999999999962731,1.0,-0.5,0.8,4.658384789024694e-12,-2.329192394512347e-12,3.726907671364188e-12,-12.437491782882917,-3.7699199039543574,-1.5124009278149901
21.073782444000244,0.9999999999951527,-0.4999999999975763,0.799999999996122,1.0,-0.5,0.8,4.847344747815896e-12,-2.423672373907948e-12,3.878009025015672e-12,-12.437491782881171,-3.7699199039537783,-1.5124009278148611
21.08384871482849,0.9999999999949724,-0.4999999999974862,0.7999999999959778,1.0,-0.5,0.8,5.027644967015021e-12,-2.5138224835075107e-12,4.02222699591448e-12,-12.437491782879604,-3.7699199039532685,-1.5124009278147508
21.093802213668823,0.9999999999948006,-0.49999999999740036,0.7999999999958405,1.0,-0.5,0.8,5.199396468924533e-12,-2.5996427233110353e-12,4.1595615840606115e-12,-12.437491782878212,-3.769919903952824,-1.5124009278146582
21.103820085525513,0.9999999999946375,-0.4999999999973188,0.79999999999571,1.0,-0.5,0.8,5.362488231241969e-12,-2.681188604469753e-12,4.290012789454067e-12,-12.437491782876991,-3.769919903952447,-1.5124009278145842
21.113799810409546,0.9999999999944831,-0.4999999999972416,0.7999999999955865,1.0,-0.5,0.8,5.516920253967328e-12,-2.7584046158324327e-12,4.413580612094847e-12,-12.437491782875945,-3.769919903952135,-1.5124009278145276
21.123802185058594,0.9999999999943372,-0.4999999999971687,0.7999999999954698,1.0,-0.5,0.8,5.6628035594030735e-12,-2.8312907573990742e-12,4.530265051982951e-12,-12.437491782875064,-3.769919903951887,-1.512400927814488
21.13379716873169,0.9999999999942,-0.4999999999971001,0.79999999999536,1.0,-0.5,0.8,5.800027125246743e-12,-2.899902540320909e-12,4.640066109118379e-12,-12.437491782874355,-3.7699199039517035,-1.5124009278144666
21.143798828125,0.9999999999940713,-0.49999999999703576,0.7999999999952571,1.0,-0.5,0.8,5.9287019738007984e-12,-2.9642399645979367e-12,4.742983783501131e-12,-12.437491782873806,-3.7699199039515823,-1.5124009278144617
21.153770923614502,0.9999999999939511,-0.49999999999697564,0.7999999999951609,1.0,-0.5,0.8,6.048939127367703e-12,-3.024358541381389e-12,4.83912909743367e-12,-12.43749178287342,-3.769919903951521,-1.5124009278144728
21.163761377334595,0.9999999999938393,-0.4999999999969198,0.7999999999950715,1.0,-0.5,0.8,6.160738585947456e-12,-3.0802027595200343e-12,4.928502050915995e-12,-12.43749178287319,-3.76991990395152,-1.5124009278145003
21.173794746398926,0.9999999999937359,-0.4999999999968681,0.7999999999949888,1.0,-0.5,0.8,6.264100349540058e-12,-3.1318836413163353e-12,5.011213666250569e-12,-12.437491782873119,-3.769919903951578,-1.5124009278145436
21.183788537979126,0.9999999999936409,-0.4999999999968206,0.7999999999949128,1.0,-0.5,0.8,6.359135440447972e-12,-3.179401186770292e-12,5.087263943437392e-12,-12.437491782873199,-3.769919903951694,-1.5124009278146022
21.19382071495056,0.999999999993554,-0.49999999999677724,0.7999999999948434,1.0,-0.5,0.8,6.445954880973659e-12,-3.2227553958819044e-12,5.1566528824764646e-12,-12.437491782873426,-3.769919903951865,-1.512400927814676
21.20378279685974,0.9999999999934754,-0.49999999999673794,0.7999999999947806,1.0,-0.5,0.8,6.52455867111712e-12,-3.262057290953635e-12,5.2194915056702484e-12,-12.4374917828738,-3.769919903952092,-1.5124009278147643
21.21377468109131,0.9999999999934049,-0.4999999999967027,0.7999999999947242,1.0,-0.5,0.8,6.595057833180817e-12,-3.2973068719854837e-12,5.275890835321206e-12,-12.437491782874316,-3.7699199039523736,-1.512400927814867
21.22379183769226,0.9999999999933424,-0.49999999999667144,0.7999999999946742,1.0,-0.5,0.8,6.657563389467214e-12,-3.328559650128682e-12,5.3258508714293384e-12,-12.437491782874975,-3.769919903952706,-1.5124009278149835
21.233792304992676,0.9999999999932878,-0.49999999999664413,0.7999999999946306,1.0,-0.5,0.8,6.7121863622787714e-12,-3.3558711365344607e-12,5.369482636297107e-12,-12.437491782875766,-3.76991990395309,-1.5124009278151138
21.24374508857727,0.9999999999932411,-0.49999999999662076,0.7999999999945931,1.0,-0.5,0.8,6.7589267516154905e-12,-3.3792413312028202e-12,5.406897152226975e-12,-12.437491782876695,-3.7699199039535234,-1.512400927815257
21.253748178482056,0.999999999993202,-0.4999999999966012,0.7999999999945618,1.0,-0.5,0.8,6.798006602082296e-12,-3.398781256436223e-12,5.438205441521404e-12,-12.437491782877748,-3.769919903954005,-1.5124009278154127
21.263751983642578,0.9999999999931705,-0.49999999999658545,0.7999999999945366,1.0,-0.5,0.8,6.8295369359816505e-12,-3.4145464233859e-12,5.463407504180395e-12,-12.437491782878926,-3.7699199039545337,-1.5124009278155808
21.273754835128784,0.9999999999931464,-0.4999999999965734,0.7999999999945174,1.0,-0.5,0.8,6.853628775616016e-12,-3.426592343203083e-12,5.4826143625064105e-12,-12.437491782880226,-3.7699199039551066,-1.5124009278157609
21.283756256103516,0.9999999999931297,-0.4999999999965651,0.7999999999945041,1.0,-0.5,0.8,6.870282120985394e-12,-3.434919015887772e-12,5.4959370388019124e-12,-12.437491782881649,-3.7699199039557243,-1.5124009278159527
21.29374599456787,0.9999999999931202,-0.4999999999965603,0.7999999999944966,1.0,-0.5,0.8,6.87983003899717e-12,-3.43969297489366e-12,5.5034865553693635e-12,-12.437491782883178,-3.7699199039563824,-1.5124009278161554
21.303754806518555,0.9999999999931177,-0.4999999999965591,0.7999999999944947,1.0,-0.5,0.8,6.882272529651345e-12,-3.4409142202207477e-12,5.505373934511226e-12,-12.43749178288482,-3.7699199039570837,-1.5124009278163686
21.313746213912964,0.9999999999931223,-0.4999999999965613,0.7999999999944982,1.0,-0.5,0.8,6.877720615250382e-12,-3.4386937741714974e-12,5.501821220832426e-12,-12.437491782886571,-3.7699199039578235,-1.5124009278165922
21.323760271072388,0.9999999999931336,-0.49999999999656697,0.7999999999945072,1.0,-0.5,0.8,6.866396340399206e-12,-3.433031636745909e-12,5.492828414332962e-12,-12.437491782888422,-3.7699199039586,-1.5124009278168253
21.33381485939026,0.9999999999931515,-0.4999999999965759,0.7999999999945215,1.0,-0.5,0.8,6.848521749702741e-12,-3.4240943413976765e-12,5.4785065373152975e-12,-12.437491782890373,-3.7699199039594133,-1.5124009278170678
21.343774557113647,0.9999999999931759,-0.4999999999965881,0.7999999999945411,1.0,-0.5,0.8,6.824096843160987e-12,-3.4118818881268e-12,5.458966612081895e-12,-12.437491782892419,-3.7699199039602616,-1.5124009278173194
21.35377073287964,0.9999999999932067,-0.4999999999966035,0.7999999999945657,1.0,-0.5,0.8,6.79334366537887e-12,-3.3965052992357414e-12,5.434319660935216e-12,-12.437491782894554,-3.769919903961142,-1.5124009278175792
21.363810062408447,0.9999999999932436,-0.499999999996622,0.7999999999945953,1.0,-0.5,0.8,6.756373238658853e-12,-3.3780200858757325e-12,5.404787728480187e-12,-12.437491782896778,-3.769919903962055,-1.5124009278178472
21.373774766921997,0.9999999999932866,-0.49999999999664346,0.7999999999946296,1.0,-0.5,0.8,6.713407607605859e-12,-3.3565372703492358e-12,5.37048183701927e-12,-12.437491782899082,-3.769919903962998,-1.5124009278181227
21.38377547264099,0.9999999999933354,-0.4999999999966679,0.7999999999946686,1.0,-0.5,0.8,6.664557794522352e-12,-3.3321123638074823e-12,5.331401986552464e-12,-12.437491782901468,-3.7699199039639697,-1.5124009278184058
21.393778562545776,0.99999999999339,-0.49999999999669514,0.7999999999947123,1.0,-0.5,0.8,6.610045844013257e-12,-3.3048563885529347e-12,5.2877702216846956e-12,-12.437491782903926,-3.7699199039649667,-1.5124009278186954
21.40379524230957,0.99999999999345,-0.4999999999967251,0.7999999999947602,1.0,-0.5,0.8,6.549982778381036e-12,-3.2748803668880555e-12,5.239808587020889e-12,-12.43749178290646,-3.7699199039659903,-1.5124009278189912
21.413806676864624,0.9999999999935154,-0.4999999999967578,0.7999999999948125,1.0,-0.5,0.8,6.484590642230614e-12,-3.2421842988128446e-12,5.187517082561044e-12,-12.437491782909056,-3.769919903967038,-1.5124009278192931
21.423807382583618,0.9999999999935859,-0.49999999999679307,0.7999999999948689,1.0,-0.5,0.8,6.414091480166917e-12,-3.206934717780996e-12,5.131117752910086e-12,-12.437491782911714,-3.769919903968107,-1.5124009278196004
21.43380117416382,0.9999999999936614,-0.4999999999968308,0.7999999999949293,1.0,-0.5,0.8,6.338596314492406e-12,-3.1691871349437406e-12,5.0707216203704775e-12,-12.437491782914433,-3.769919903969196,-1.5124009278199126
21.44377875328064,0.9999999999937418,-0.499999999996871,0.7999999999949936,1.0,-0.5,0.8,6.258216167509545e-12,-3.12899706145231e-12,5.006439707244681e-12,-12.43749178291721,-3.7699199039703064,-1.5124009278202295
21.453835248947144,0.9999999999938268,-0.4999999999969135,0.7999999999950617,1.0,-0.5,0.8,6.173173083823258e-12,-3.0864755196091664e-12,4.938383035835159e-12,-12.437491782920034,-3.7699199039714335,-1.5124009278205508
21.463809728622437,0.9999999999939163,-0.49999999999695827,0.7999999999951333,1.0,-0.5,0.8,6.08368910803847e-12,-3.0417335317167726e-12,4.866773650746836e-12,-12.437491782922908,-3.7699199039725775,-1.5124009278208763
21.473771810531616,0.9999999999940101,-0.4999999999970052,0.7999999999952083,1.0,-0.5,0.8,5.9898752624576446e-12,-2.9948266089263598e-12,4.791722574282176e-12,-12.437491782925825,-3.769919903973735,-1.5124009278212045
21.483738660812378,0.999999999994108,-0.49999999999705413,0.7999999999952866,1.0,-0.5,0.8,5.891953591685706e-12,-2.9458657735403904e-12,4.713451851046102e-12,-12.437491782928781,-3.769919903974907,-1.5124009278215365
21.49378204345703,0.9999999999942099,-0.49999999999710504,0.7999999999953681,1.0,-0.5,0.8,5.790146140327579e-12,-2.894962047861327e-12,4.631961481038616e-12,-12.437491782931774,-3.769919903976091,-1.5124009278218704
21.5037739276886,0.9999999999943154,-0.49999999999715783,0.7999999999954526,1.0,-0.5,0.8,5.6845639306857265e-12,-2.8421709430404007e-12,4.547473508864641e-12,-12.437491782934798,-3.769919903977285,-1.512400927822207
21.51376438140869,0.9999999999944246,-0.4999999999972124,0.79999999999554,1.0,-0.5,0.8,5.575429007365074e-12,-2.7876034813800743e-12,4.460098956826641e-12,-12.437491782937853,-3.7699199039784888,-1.5124009278225454
21.523771286010742,0.9999999999945371,-0.4999999999972687,0.79999999999563,1.0,-0.5,0.8,5.462852392668083e-12,-2.731315174031579e-12,4.370059869529541e-12,-12.437491782940933,-3.7699199039797002,-1.5124009278228856
21.533792972564697,0.9999999999946529,-0.4999999999973266,0.7999999999957226,1.0,-0.5,0.8,5.347056131199679e-12,-2.673417043297377e-12,4.277467269275803e-12,-12.437491782944031,-3.7699199039809175,-1.5124009278232269
21.543798685073853,0.9999999999947717,-0.499999999997386,0.7999999999958176,1.0,-0.5,0.8,5.228262267564787e-12,-2.614020111479931e-12,4.18243217836789e-12,-12.437491782947152,-3.7699199039821396,-1.5124009278235686
21.55381202697754,0.9999999999948934,-0.4999999999974468,0.799999999995915,1.0,-0.5,0.8,5.10658182406587e-12,-2.5531798897304725e-12,4.0850656191082635e-12,-12.437491782950286,-3.7699199039833666,-1.512400927823911
21.563828229904175,0.9999999999950178,-0.499999999997509,0.7999999999960145,1.0,-0.5,0.8,4.9822368453078525e-12,-2.4910074003514637e-12,3.9855896361018495e-12,-12.43749178295343,-3.7699199039845954,-1.5124009278242538
21.573814153671265,0.9999999999951446,-0.4999999999975724,0.7999999999961159,1.0,-0.5,0.8,4.85544937589566e-12,-2.4276136656453673e-12,3.88411525165111e-12,-12.437491782956581,-3.7699199039858247,-1.5124009278245953
21.584012508392334,0.9999999999952737,-0.49999999999763695,0.7999999999962193,1.0,-0.5,0.8,4.726330438131754e-12,-2.3630541967634144e-12,3.780753488058508e-12,-12.437491782959738,-3.769919903987054,-1.512400927824937
21.5938618183136,0.9999999999954049,-0.49999999999770256,0.7999999999963243,1.0,-0.5,0.8,4.5951020766210604e-12,-2.2974400160080677e-12,3.675726389928968e-12,-12.437491782962892,-3.7699199039882823,-1.5124009278252777
21.60385537147522,0.9999999999955381,-0.4999999999977692,0.7999999999964309,1.0,-0.5,0.8,4.461875313666042e-12,-2.2308266345305583e-12,3.5691449795649532e-12,-12.437491782966049,-3.7699199039895084,-1.512400927825617
21.613857984542847,0.9999999999956731,-0.4999999999978367,0.7999999999965389,1.0,-0.5,0.8,4.3268721938716226e-12,-2.1633250746333488e-12,3.4611202792689255e-12,-12.437491782969197,-3.76991990399073,-1.5124009278259545
21.6237895488739,0.9999999999958098,-0.499999999997905,0.7999999999966483,1.0,-0.5,0.8,4.190203739540266e-12,-2.0949908474676704e-12,3.3517633113433476e-12,-12.437491782972339,-3.769919903991947,-1.5124009278262904
21.633796453475952,0.9999999999959479,-0.49999999999797407,0.7999999999967587,1.0,-0.5,0.8,4.052091995276896e-12,-2.0259349753359857e-12,3.2412961203931445e-12,-12.43749178297547,-3.769919903993157,-1.5124009278266237
21.643810987472534,0.9999999999960874,-0.4999999999980438,0.7999999999968703,1.0,-0.5,0.8,3.912647983383977e-12,-1.956212969389526e-12,3.1297187064183163e-12,-12.437491782978588,-3.769919903994362,-1.5124009278269552
21.65381407737732,0.9999999999962279,-0.49999999999811406,0.7999999999969828,1.0,-0.5,0.8,3.772093748466432e-12,-1.8859358519307534e-12,3.017253114023788e-12,-12.43749178298169,-3.769919903995558,-1.5124009278272839
21.663778066635132,0.9999999999963695,-0.4999999999981848,0.799999999997096,1.0,-0.5,0.8,3.6305403128267244e-12,-1.815214645262131e-12,2.904010365512022e-12,-12.43749178298477,-3.7699199039967453,-1.5124009278276092
21.673803567886353,0.9999999999965118,-0.49999999999825595,0.7999999999972098,1.0,-0.5,0.8,3.4882097210697793e-12,-1.7440493493836584e-12,2.7902125054879434e-12,-12.437491782987829,-3.7699199039979225,-1.5124009278279313
21.683797597885132,0.9999999999966548,-0.4999999999983274,0.7999999999973242,1.0,-0.5,0.8,3.345212995498059e-12,-1.6726064977490296e-12,2.6758595339515523e-12,-12.437491782990863,-3.7699199039990883,-1.51240092782825
21.69380760192871,0.9999999999967982,-0.4999999999983991,0.7999999999974389,1.0,-0.5,0.8,3.201772180716489e-12,-1.6008860903582445e-12,2.5611734955077736e-12,-12.437491782993868,-3.769919904000242,-1.5124009278285646
21.70379328727722,0.999999999996942,-0.499999999998471,0.7999999999975539,1.0,-0.5,0.8,3.057998299027531e-12,-1.5289991495137656e-12,2.4461543901566074e-12,-12.437491782996846,-3.769919904001382,-1.512400927828875
21.71379828453064,0.999999999997086,-0.499999999998543,0.799999999997669,1.0,-0.5,0.8,2.9140023727336484e-12,-1.4570011863668242e-12,2.3310242625029787e-12,-12.437491782999789,-3.769919904002509,-1.512400927829182
21.723827362060547,0.99999999999723,-0.499999999998615,0.7999999999977842,1.0,-0.5,0.8,2.7700064464397656e-12,-1.3850032232198828e-12,2.21589413484935e-12,-12.437491783002697,-3.7699199040036206,-1.5124009278294839
21.733800649642944,0.9999999999973739,-0.49999999999868694,0.7999999999978993,1.0,-0.5,0.8,2.6261215424483453e-12,-1.3130607712241726e-12,2.1007640071957212e-12,-12.43749178300557,-3.769919904004717,-1.5124009278297812
21.743797063827515,0.9999999999975175,-0.49999999999875877,0.7999999999980142,1.0,-0.5,0.8,2.48245868306185e-12,-1.241229341530925e-12,1.9858559241470175e-12,-12.437491783008403,-3.7699199040057967,-1.5124009278300736
21.753875017166138,0.9999999999976608,-0.4999999999988304,0.7999999999981288,1.0,-0.5,0.8,2.339239912885205e-12,-1.1696199564426024e-12,1.8712809080057013e-12,-12.437491783011195,-3.7699199040068594,-1.512400927830361
21.763754844665527,0.9999999999978034,-0.4999999999989017,0.7999999999982429,1.0,-0.5,0.8,2.1965762542208722e-12,-1.0982881271104361e-12,1.7571499810742353e-12,-12.437491783013943,-3.7699199040079043,-1.512400927830643
21.77374529838562,0.9999999999979454,-0.4999999999989727,0.7999999999983566,1.0,-0.5,0.8,2.0545787293713147e-12,-1.0272893646856573e-12,1.6434631433526192e-12,-12.437491783016647,-3.7699199040089293,-1.5124009278309194
21.783767461776733,0.9999999999980866,-0.4999999999990433,0.7999999999984696,1.0,-0.5,0.8,1.9133583606389948e-12,-9.566791803194974e-13,1.5304424394457783e-12,-12.437491783019302,-3.7699199040099374,-1.5124009278311903
21.793776273727417,0.999999999998227,-0.4999999999991135,0.7999999999985818,1.0,-0.5,0.8,1.773026170326375e-12,-8.865130851631875e-13,1.418198891656175e-12,-12.437491783021912,-3.7699199040109237,-1.5124009278314554
21.803777933120728,0.9999999999983663,-0.49999999999918315,0.7999999999986933,1.0,-0.5,0.8,1.6336931807359178e-12,-8.168465903679589e-13,1.3067324999838092e-12,-12.43749178302447,-3.7699199040118914,-1.5124009278317145
21.81374955177307,0.9999999999985044,-0.4999999999992522,0.7999999999988039,1.0,-0.5,0.8,1.4955814364725484e-12,-7.477907182362742e-13,1.1961542867311437e-12,-12.437491783026978,-3.769919904012837,-1.5124009278319677
21.823749780654907,0.9999999999986413,-0.49999999999932065,0.7999999999989134,1.0,-0.5,0.8,1.3586909375362666e-12,-6.793454687681333e-13,1.0866862965031032e-12,-12.437491783029431,-3.7699199040137614,-1.5124009278322146
21.833784341812134,0.9999999999987769,-0.49999999999938843,0.7999999999990217,1.0,-0.5,0.8,1.223132706229535e-12,-6.115663531147675e-13,9.78328529299688e-13,-12.437491783031833,-3.769919904014665,-1.5124009278324553
21.843797206878662,0.9999999999989109,-0.49999999999945544,0.799999999999129,1.0,-0.5,0.8,1.0891287871572786e-12,-5.445643935786393e-13,8.710809851208978e-13,-12.437491783034174,-3.769919904015545,-1.5124009278326895
21.853783130645752,0.9999999999990433,-0.49999999999952166,0.7999999999992349,1.0,-0.5,0.8,9.566791803194974e-13,-4.783395901597487e-13,7.651657085716579e-13,-12.437491783036462,-3.769919904016402,-1.5124009278329171
21.863811016082764,0.9999999999991741,-0.49999999999958705,0.7999999999993395,1.0,-0.5,0.8,8.25894908018654e-13,-4.12947454009327e-13,6.605826996519681e-13,-12.437491783038691,-3.7699199040172364,-1.512400927833138
21.87381410598755,0.9999999999993031,-0.49999999999965156,0.7999999999994426,1.0,-0.5,0.8,6.968869925572108e-13,-3.484434962786054e-13,5.574429806642911e-13,-12.437491783040862,-3.769919904018047,-1.5124009278333521
21.883804082870483,0.9999999999994302,-0.4999999999997151,0.7999999999995443,1.0,-0.5,0.8,5.697664562376303e-13,-2.8488322811881517e-13,4.557465516086268e-13,-12.43749178304297,-3.7699199040188343,-1.51240092783356
21.893829107284546,0.9999999999995554,-0.4999999999997777,0.7999999999996443,1.0,-0.5,0.8,4.446443213623752e-13,-2.223221606811876e-13,3.5571545708990016e-13,-12.437491783045019,-3.7699199040195968,-1.5124009278337605
21.903809547424316,0.9999999999996784,-0.4999999999998392,0.7999999999997428,1.0,-0.5,0.8,3.2163161023390785e-13,-1.6081580511695392e-13,2.5723867480564877e-13,-12.437491783047006,-3.7699199040203335,-1.512400927833954
21.913800954818726,0.9999999999997993,-0.49999999999989964,0.7999999999998395,1.0,-0.5,0.8,2.007283228522283e-13,-1.0036416142611415e-13,1.6053824936079764e-13,-12.437491783048928,-3.769919904021047,-1.5124009278341404
21.92379856109619,0.999999999999918,-0.499999999999959,0.7999999999999344,1.0,-0.5,0.8,8.204548151979907e-14,-4.1022740759899534e-14,6.561418075534675e-14,-12.437491783050788,-3.7699199040217355,-1.51240092783432
21.93378186225891,1.0000000000000344,-0.5000000000000172,0.8000000000000276,1.0,-0.5,0.8,-3.441691376337985e-14,1.7208456881689926e-14,-2.7533531010703882e-14,-12.437491783052588,-3.769919904022398,-1.5124009278344925
21.94377851486206,1.0000000000001485,-0.5000000000000743,0.8000000000001188,1.0,-0.5,0.8,-1.4854784069484595e-13,7.427392034742297e-14,-1.1879386363489175e-13,-12.43749178305432,-3.7699199040230362,-1.5124009278346582
21.953803300857544,1.0000000000002602,-0.5000000000001301,0.8000000000002081,1.0,-0.5,0.8,-2.602362769721367e-13,1.3011813848606835e-13,-2.0805579481475434e-13,-12.437491783055988,-3.769919904023649,-1.5124009278348167
21.963776350021362,1.0000000000003693,-0.5000000000001846,0.8000000000002954,1.0,-0.5,0.8,-3.6926017799032707e-13,1.8463008899516353e-13,-2.9531932455029164e-13,-12.437491783057588,-3.7699199040242344,-1.5124009278349673
21.973791122436523,1.0000000000004758,-0.5000000000002379,0.8000000000003806,1.0,-0.5,0.8,-4.758415883543421e-13,2.3792079417717105e-13,-3.8058445284150366e-13,-12.437491783059127,-3.7699199040247953,-1.5124009278351114
21.983808755874634,1.0000000000005798,-0.5000000000002899,0.8000000000004638,1.0,-0.5,0.8,-5.797584634592567e-13,2.8987923172962837e-13,-4.637401573859279e-13,-12.437491783060592,-3.76991990402533,-1.5124009278352484
21.99378252029419,1.000000000000681,-0.5000000000003405,0.8000000000005448,1.0,-0.5,0.8,-6.81010803305071e-13,3.405054016525355e-13,-5.447864381835643e-13,-12.437491783061997,-3.769919904025839,-1.5124009278353776
22.0037784576416,1.0000000000007796,-0.5000000000003898,0.8000000000006237,1.0,-0.5,0.8,-7.795986078917849e-13,3.8979930394589246e-13,-6.236122729319504e-13,-12.437491783063333,-3.769919904026322,-1.5124009278355
22.01374912261963,1.0000000000008755,-0.5000000000004378,0.8000000000007004,1.0,-0.5,0.8,-8.755218772193984e-13,4.377609386096992e-13,-7.003286839335487e-13,-12.43749178306461,-3.7699199040267812,-1.5124009278356152
22.023748636245728,1.0000000000009686,-0.5000000000004843,0.8000000000007748,1.0,-0.5,0.8,-9.685585666829866e-13,4.842792833414933e-13,-7.747136265834342e-13,-12.437491783065816,-3.7699199040272124,-1.5124009278357238
22.033759593963623,1.0000000000010587,-0.5000000000005294,0.8000000000008469,1.0,-0.5,0.8,-1.0587086762825493e-12,5.293543381412746e-13,-8.468781231840694e-13,-12.437491783066953,-3.7699199040276192,-1.5124009278358246
22.04376745223999,1.000000000001146,-0.500000000000573,0.8000000000009168,1.0,-0.5,0.8,-1.1459722060180866e-12,5.729861030090433e-13,-9.167111514329918e-13,-12.437491783068024,-3.769919904027999,-1.5124009278359187
22.053783655166626,1.0000000000012303,-0.5000000000006152,0.8000000000009844,1.0,-0.5,0.8,-1.2303491558895985e-12,6.151745779447992e-13,-9.843237336326638e-13,-12.437491783069033,-3.7699199040283546,-1.5124009278360058
22.06375551223755,1.0000000000013118,-0.5000000000006559,0.8000000000010496,1.0,-0.5,0.8,-1.311839525897085e-12,6.559197629485425e-13,-1.049604847480623e-12,-12.437491783069976,-3.769919904028685,-1.512400927836086
22.07374334335327,1.0000000000013904,-0.5000000000006952,0.8000000000011125,1.0,-0.5,0.8,-1.390443316040546e-12,6.95221658020273e-13,-1.1124434706744069e-12,-12.437491783070856,-3.7699199040289915,-1.5124009278361596
22.08375906944275,1.0000000000014662,-0.5000000000007331,0.800000000001173,1.0,-0.5,0.8,-1.4661605263199817e-12,7.330802631599909e-13,-1.1729506255164779e-12,-12.437491783071673,-3.769919904029272,-1.512400927836226
22.09375524520874,1.0000000000015388,-0.5000000000007694,0.8000000000012312,1.0,-0.5,0.8,-1.538769112130467e-12,7.693845560652335e-13,-1.231126312006836e-12,-12.437491783072423,-3.7699199040295284,-1.5124009278362858
22.10373044013977,1.0000000000016085,-0.5000000000008042,0.8000000000012869,1.0,-0.5,0.8,-1.6084911180769268e-12,8.042455590384634e-13,-1.286859507843019e-12,-12.437491783073108,-3.7699199040297597,-1.512400927836339
22.11374282836914,1.000000000001675,-0.5000000000008376,0.8000000000013402,1.0,-0.5,0.8,-1.6751044995544362e-12,8.375522497772181e-13,-1.3401502130250265e-12,-12.437491783073732,-3.7699199040299685,-1.5124009278363857
22.123768091201782,1.0000000000017388,-0.5000000000008694,0.8000000000013912,1.0,-0.5,0.8,-1.7388313011679202e-12,8.694156505839601e-13,-1.3911094498553211e-12,-12.437491783074297,-3.7699199040301523,-1.5124009278364259
22.133795738220215,1.0000000000017994,-0.5000000000008997,0.8000000000014397,1.0,-0.5,0.8,-1.7994494783124537e-12,8.997247391562269e-13,-1.4396261960314405e-12,-12.437491783074798,-3.769919904030313,-1.5124009278364594
22.14380431175232,1.0000000000018572,-0.5000000000009286,0.8000000000014857,1.0,-0.5,0.8,-1.857181075592962e-12,9.28590537796481e-13,-1.4857004515533845e-12,-12.437491783075238,-3.7699199040304503,-1.5124009278364872
22.15382218360901,1.0000000000019118,-0.5000000000009559,0.8000000000015295,1.0,-0.5,0.8,-1.9118040484045196e-12,9.559020242022598e-13,-1.5294432387236157e-12,-12.437491783075618,-3.769919904030565,-1.5124009278365083
22.163795709609985,1.0000000000019633,-0.5000000000009817,0.8000000000015708,1.0,-0.5,0.8,-1.963318396747127e-12,9.816591983735634e-13,-1.5707435352396715e-12,-12.437491783075938,-3.7699199040306564,-1.5124009278365234
22.17378044128418,1.000000000002012,-0.500000000001006,0.8000000000016096,1.0,-0.5,0.8,-2.0119461652257087e-12,1.0059730826128543e-12,-1.609601341101552e-12,-12.4374917830762,-3.7699199040307256,-1.5124009278365325
22.18378973007202,1.0000000000020577,-0.5000000000010288,0.8000000000016462,1.0,-0.5,0.8,-2.057687353840265e-12,1.0288436769201326e-12,-1.6461276786117196e-12,-12.437491783076409,-3.769919904030774,-1.5124009278365358
22.193780183792114,1.0000000000021003,-0.5000000000010502,0.8000000000016803,1.0,-0.5,0.8,-2.100319917985871e-12,1.0501599589929356e-12,-1.680211525467712e-12,-12.437491783076553,-3.7699199040308002,-1.5124009278365331
22.203805446624756,1.00000000000214,-0.50000000000107,0.800000000001712,1.0,-0.5,0.8,-2.1400659022674517e-12,1.0700329511337259e-12,-1.7119639039719914e-12,-12.437491783076647,-3.7699199040308056,-1.512400927836525
22.21379780769348,1.000000000002177,-0.5000000000010885,0.8000000000017414,1.0,-0.5,0.8,-2.176925306685007e-12,1.0884626533425035e-12,-1.741384814124558e-12,-12.437491783076688,-3.769919904030791,-1.5124009278365114
22.223730325698853,1.000000000002211,-0.5000000000011054,0.8000000000017685,1.0,-0.5,0.8,-2.2108981312385367e-12,1.1054490656192684e-12,-1.7684742559254119e-12,-12.437491783076677,-3.7699199040307563,-1.5124009278364923
22.23376989364624,1.000000000002242,-0.500000000001121,0.8000000000017933,1.0,-0.5,0.8,-2.241984375928041e-12,1.1209921879640206e-12,-1.7932322293745528e-12,-12.437491783076613,-3.7699199040307017,-1.5124009278364678
22.243746042251587,1.0000000000022702,-0.5000000000011351,0.8000000000018158,1.0,-0.5,0.8,-2.27018404075352e-12,1.13509202037676e-12,-1.8157697567744435e-12,-12.437491783076492,-3.7699199040306275,-1.5124009278364385
22.25374412536621,1.0000000000022955,-0.5000000000011477,0.800000000001836,1.0,-0.5,0.8,-2.2954971257149737e-12,1.1477485628574868e-12,-1.8359758158226214e-12,-12.437491783076323,-3.7699199040305347,-1.512400927836404
22.263760566711426,1.000000000002318,-0.500000000001159,0.800000000001854,1.0,-0.5,0.8,-2.317923630812402e-12,1.158961815406201e-12,-1.853961428821549e-12,-12.437491783076107,-3.7699199040304228,-1.5124009278363646
22.273768186569214,1.0000000000023377,-0.5000000000011688,0.8000000000018698,1.0,-0.5,0.8,-2.3376856006507296e-12,1.1688428003253648e-12,-1.869726595771226e-12,-12.437491783075844,-3.7699199040302926,-1.5124009278363202
22.2837975025177,1.0000000000023546,-0.5000000000011774,0.8000000000018833,1.0,-0.5,0.8,-2.354560990625032e-12,1.1773915176149785e-12,-1.883271316671653e-12,-12.437491783075528,-3.7699199040301443,-1.512400927836271
22.293806314468384,1.0000000000023688,-0.5000000000011845,0.8000000000018948,1.0,-0.5,0.8,-2.368771845340234e-12,1.1844969449725795e-12,-1.894706613825292e-12,-12.437491783075169,-3.7699199040299796,-1.5124009278362176
22.303773403167725,1.0000000000023803,-0.5000000000011903,0.8000000000019041,1.0,-0.5,0.8,-2.3803181647963356e-12,1.1902701047006303e-12,-1.9040324872321435e-12,-12.437491783074769,-3.769919904029799,-1.5124009278361596
22.313774347305298,1.0000000000023894,-0.5000000000011948,0.8000000000019113,1.0,-0.5,0.8,-2.389421993598262e-12,1.1948220191015935e-12,-1.911248936892207e-12,-12.437491783074323,-3.769919904029603,-1.512400927836098
22.32374906539917,1.0000000000023959,-0.500000000001198,0.8000000000019165,1.0,-0.5,0.8,-2.395861287141088e-12,1.1980416658730064e-12,-1.9164669851079452e-12,-12.437491783073842,-3.7699199040293907,-1.5124009278360322
22.333786964416504,1.0000000000023999,-0.5000000000012,0.8000000000019196,1.0,-0.5,0.8,-2.3998580900297384e-12,1.2000400673173317e-12,-1.9195756095768957e-12,-12.437491783073316,-3.769919904029165,-1.5124009278359625
22.34380316734314,1.0000000000024014,-0.5000000000012008,0.8000000000019207,1.0,-0.5,0.8,-2.4014124022642136e-12,1.2008172234345693e-12,-1.920685832601521e-12,-12.437491783072753,-3.7699199040289253,-1.5124009278358892
22.35374140739441,1.0000000000024005,-0.5000000000012004,0.80000000000192,1.0,-0.5,0.8,-2.4005242238445135e-12,1.2003731342247193e-12,-1.9199086764842832e-12,-12.437491783072154,-3.7699199040286704,-1.5124009278358117
22.36374807357788,1.0000000000023972,-0.5000000000011987,0.8000000000019173,1.0,-0.5,0.8,-2.397193554770638e-12,1.1987077996877815e-12,-1.917244141225183e-12,-12.437491783071517,-3.769919904028404,-1.5124009278357315
22.373740196228027,1.0000000000023914,-0.5000000000011958,0.8000000000019127,1.0,-0.5,0.8,-2.391420395042587e-12,1.1958212198237561e-12,-1.9126922268242197e-12,-12.437491783070843,-3.7699199040281224,-1.5124009278356478
22.38375949859619,1.0000000000023834,-0.5000000000011918,0.8000000000019064,1.0,-0.5,0.8,-2.383426789265286e-12,1.1918244169351055e-12,-1.9063639555838563e-12,-12.437491783070138,-3.7699199040278293,-1.5124009278355608
22.39378046989441,1.0000000000023732,-0.5000000000011867,0.8000000000018983,1.0,-0.5,0.8,-2.3732127374387346e-12,1.1867173910218298e-12,-1.8982593275040927e-12,-12.437491783069401,-3.7699199040275246,-1.5124009278354709
22.40380358695984,1.0000000000023608,-0.5000000000011805,0.8000000000018884,1.0,-0.5,0.8,-2.360778239562933e-12,1.180500142083929e-12,-1.8883783425849288e-12,-12.437491783068632,-3.7699199040272084,-1.5124009278353778
22.41377902030945,1.0000000000023463,-0.5000000000011733,0.8000000000018769,1.0,-0.5,0.8,-2.346345340242806e-12,1.1732836924238654e-12,-1.876832023128827e-12,-12.437491783067834,-3.7699199040268825,-1.5124009278352823
22.42378044128418,1.00000000000233,-0.5000000000011651,0.8000000000018637,1.0,-0.5,0.8,-2.3299140394783535e-12,1.1650680420416393e-12,-1.8636203691357878e-12,-12.437491783067012,-3.7699199040265468,-1.5124009278351844
22.433814764022827,1.0000000000023115,-0.5000000000011559,0.8000000000018489,1.0,-0.5,0.8,-2.311484337269576e-12,1.1558531909372505e-12,-1.848854402908273e-12,-12.437491783066159,-3.7699199040262013,-1.5124009278350843
22.443819046020508,1.000000000002291,-0.5000000000011456,0.8000000000018326,1.0,-0.5,0.8,-2.291056233616473e-12,1.145639139110699e-12,-1.8325341244462834e-12,-12.437491783065285,-3.769919904025847,-1.5124009278349817
22.453798055648804,1.0000000000022686,-0.5000000000011344,0.8000000000018147,1.0,-0.5,0.8,-2.268629728519045e-12,1.134425886561985e-12,-1.8146595337498184e-12,-12.437491783064385,-3.769919904025483,-1.5124009278348767
22.463818073272705,1.0000000000022444,-0.5000000000011223,0.8000000000017954,1.0,-0.5,0.8,-2.2444268665822165e-12,1.1223244555935707e-12,-1.7953416531213406e-12,-12.43749178306346,-3.7699199040251115,-1.5124009278347699
22.4738130569458,1.0000000000022184,-0.5000000000011093,0.8000000000017746,1.0,-0.5,0.8,-2.218447647805988e-12,1.1093348462054564e-12,-1.7745804825608502e-12,-12.437491783062514,-3.7699199040247326,-1.5124009278346613
22.48379921913147,1.000000000002191,-0.5000000000010956,0.8000000000017525,1.0,-0.5,0.8,-2.190914116795284e-12,1.0955680807001045e-12,-1.7524870443708096e-12,-12.437491783061555,-3.769919904024348,-1.5124009278345514
22.493799686431885,1.0000000000021616,-0.5000000000010809,0.8000000000017291,1.0,-0.5,0.8,-2.1616042289451798e-12,1.0809131367750524e-12,-1.7290613385512188e-12,-12.437491783060572,-3.769919904023956,-1.5124009278344395
22.503771781921387,1.0000000000021307,-0.5000000000010655,0.8000000000017045,1.0,-0.5,0.8,-2.1307400288606004e-12,1.0654810367327627e-12,-1.7044143874045403e-12,-12.43749178305957,-3.769919904023558,-1.5124009278343262
22.51374912261963,1.0000000000020983,-0.5000000000010493,0.8000000000016786,1.0,-0.5,0.8,-2.098321516541546e-12,1.0492717805732354e-12,-1.6785461909307742e-12,-12.437491783058558,-3.7699199040231544,-1.5124009278342117
22.523759126663208,1.0000000000020646,-0.5000000000010324,0.8000000000016515,1.0,-0.5,0.8,-2.064570736592941e-12,1.032396390598933e-12,-1.6514567491299204e-12,-12.43749178305753,-3.769919904022747,-1.5124009278340964
22.5337495803833,1.0000000000020293,-0.5000000000010147,0.8000000000016233,1.0,-0.5,0.8,-2.029265644409861e-12,1.014743844507393e-12,-1.6232570843044414e-12,-12.437491783056487,-3.7699199040223346,-1.5124009278339796
22.543835639953613,1.0000000000019926,-0.5000000000009965,0.8000000000015941,1.0,-0.5,0.8,-1.992628284597231e-12,9.965361869035405e-13,-1.5940582187567998e-12,-12.437491783055432,-3.769919904021918,-1.5124009278338624
22.553739547729492,1.0000000000019549,-0.5000000000009777,0.8000000000015639,1.0,-0.5,0.8,-1.9548807017599756e-12,9.776623954849128e-13,-1.5638601524869955e-12,-12.437491783054368,-3.769919904021499,-1.5124009278337445
22.56375479698181,1.0000000000019158,-0.5000000000009581,0.8000000000015327,1.0,-0.5,0.8,-1.91580085129317e-12,9.5812247025151e-13,-1.5326628854950286e-12,-12.437491783053293,-3.7699199040210756,-1.512400927833626
22.573792934417725,1.0000000000018756,-0.500000000000938,0.8000000000015006,1.0,-0.5,0.8,-1.8756107778017395e-12,9.380274335057948e-13,-1.5005774400833616e-12,-12.437491783052213,-3.7699199040206515,-1.5124009278335067
22.583791971206665,1.0000000000018343,-0.5000000000009174,0.8000000000014676,1.0,-0.5,0.8,-1.8343104812856836e-12,9.173772852477668e-13,-1.4676038162519944e-12,-12.437491783051124,-3.769919904020225,-1.5124009278333876
22.59379553794861,1.0000000000017921,-0.5000000000008963,0.8000000000014339,1.0,-0.5,0.8,-1.7921220063499277e-12,8.962830477798889e-13,-1.4338530363033897e-12,-12.437491783050033,-3.769919904019796,-1.512400927833268
22.603808164596558,1.000000000001749,-0.5000000000008747,0.8000000000013994,1.0,-0.5,0.8,-1.7490453529944716e-12,8.747447211021608e-13,-1.3993251002375473e-12,-12.437491783048937,-3.769919904019369,-1.5124009278331485
22.61379098892212,1.000000000001705,-0.5000000000008528,0.8000000000013642,1.0,-0.5,0.8,-1.7050805212193154e-12,8.527623052145827e-13,-1.3641310303569298e-12,-12.437491783047841,-3.76991990401894,-1.5124009278330297
22.623788833618164,1.0000000000016602,-0.5000000000008303,0.8000000000013283,1.0,-0.5,0.8,-1.660227511024459e-12,8.303358001171546e-13,-1.3282708266615373e-12,-12.43749178304674,-3.7699199040185114,-1.5124009278329102
22.633805751800537,1.0000000000016147,-0.5000000000008076,0.8000000000012918,1.0,-0.5,0.8,-1.6147083670148277e-12,8.075762281123389e-13,-1.2917444891513696e-12,-12.437491783045639,-3.7699199040180837,-1.5124009278327915
22.643807649612427,1.0000000000015683,-0.5000000000007844,0.8000000000012547,1.0,-0.5,0.8,-1.5683010445854961e-12,7.843725668976731e-13,-1.2546630401288894e-12,-12.437491783044537,-3.7699199040176548,-1.5124009278326727
22.65379786491394,1.0000000000015212,-0.5000000000007608,0.8000000000012172,1.0,-0.5,0.8,-1.5212275883413895e-12,7.608358387756198e-13,-1.2171375018965591e-12,-12.437491783043434,-3.7699199040172275,-1.5124009278325548
22.663807153701782,1.0000000000014737,-0.5000000000007371,0.8000000000011791,1.0,-0.5,0.8,-1.4737100428874328e-12,7.370770660486414e-13,-1.1790568521519162e-12,-12.43749178304234,-3.769919904016803,-1.5124009278324377
22.673791885375977,1.0000000000014255,-0.500000000000713,0.8000000000011407,1.0,-0.5,0.8,-1.425526363618701e-12,7.129852264142755e-13,-1.1406431354998858e-12,-12.437491783041244,-3.769919904016379,-1.5124009278323207
22.68376398086548,1.000000000001377,-0.5000000000006887,0.8000000000011018,1.0,-0.5,0.8,-1.3768985951401191e-12,6.886713421749846e-13,-1.1017853296380054e-12,-12.437491783040153,-3.769919904015958,-1.512400927832205
22.69378089904785,1.000000000001328,-0.5000000000006642,0.8000000000010626,1.0,-0.5,0.8,-1.3280487820566123e-12,6.642464356332312e-13,-1.0625944568687373e-12,-12.437491783039071,-3.7699199040155404,-1.5124009278320902
22.70378541946411,1.0000000000012788,-0.5000000000006396,0.8000000000010232,1.0,-0.5,0.8,-1.2787548797632553e-12,6.395994844865527e-13,-1.0231815394945443e-12,-12.437491783037995,-3.769919904015125,-1.5124009278319765
22.713810205459595,1.0000000000012292,-0.5000000000006148,0.8000000000009836,1.0,-0.5,0.8,-1.2292389328649733e-12,6.148415110374117e-13,-9.835465775154262e-13,-12.437491783036927,-3.769919904014714,-1.512400927831864
22.723801374435425,1.0000000000011795,-0.50000000000059,0.8000000000009437,1.0,-0.5,0.8,-1.1795009413617663e-12,5.899725152858082e-13,-9.43689570931383e-13,-12.43749178303587,-3.7699199040143077,-1.5124009278317525
22.733803272247314,1.0000000000011295,-0.500000000000565,0.8000000000009038,1.0,-0.5,0.8,-1.1295409052536343e-12,5.649924972317422e-13,-9.037215420448774e-13,-12.437491783034817,-3.769919904013905,-1.5124009278316424
22.74380397796631,1.0000000000010794,-0.5000000000005399,0.8000000000008637,1.0,-0.5,0.8,-1.0793588245405772e-12,5.399014568752136e-13,-8.636424908559093e-13,-12.437491783033778,-3.769919904013505,-1.5124009278315338
22.753821849822998,1.0000000000010292,-0.5000000000005148,0.8000000000008235,1.0,-0.5,0.8,-1.0291767438275201e-12,5.148104165186851e-13,-8.234524173644786e-13,-12.43749178303275,-3.7699199040131113,-1.5124009278314263
22.763811349868774,1.000000000000979,-0.5000000000004897,0.8000000000007833,1.0,-0.5,0.8,-9.78994663114463e-13,4.897193761621565e-13,-7.832623438730479e-13,-12.437491783031732,-3.769919904012722,-1.5124009278313206
22.77380657196045,1.0000000000009288,-0.5000000000004646,0.8000000000007431,1.0,-0.5,0.8,-9.28812582401406e-13,4.64628335805628e-13,-7.430722703816173e-13,-12.437491783030728,-3.769919904012339,-1.5124009278312167
22.78379726409912,1.0000000000008786,-0.5000000000004395,0.800000000000703,1.0,-0.5,0.8,-8.786305016883489e-13,4.3953729544909947e-13,-7.029932191926491e-13,-12.437491783029733,-3.7699199040119606,-1.512400927831114
22.79379177093506,1.0000000000008287,-0.5000000000004146,0.8000000000006631,1.0,-0.5,0.8,-8.286704655802168e-13,4.1455727739503345e-13,-6.630251903061435e-13,-12.43749178302876,-3.769919904011589,-1.5124009278310135
22.8038113117218,1.000000000000779,-0.5000000000003897,0.8000000000006232,1.0,-0.5,0.8,-7.789324740770098e-13,3.8968828164342995e-13,-6.231681837221004e-13,-12.437491783027797,-3.769919904011223,-1.5124009278309147
22.813759803771973,1.0000000000007294,-0.5000000000003649,0.8000000000005835,1.0,-0.5,0.8,-7.294165271787278e-13,3.6493030819428895e-13,-5.834221994405198e-13,-12.437491783026852,-3.7699199040108637,-1.512400927830818
22.823793411254883,1.0000000000006801,-0.5000000000003403,0.8000000000005439,1.0,-0.5,0.8,-6.801226248853709e-13,3.402833570476105e-13,-5.438982597638642e-13,-12.43749178302592,-3.769919904010511,-1.5124009278307227
22.833794116973877,1.000000000000631,-0.5000000000003157,0.8000000000005048,1.0,-0.5,0.8,-6.31050767196939e-13,3.157474282033945e-13,-5.047073869945962e-13,-12.437491783025004,-3.769919904010165,-1.51240092783063
22.843761205673218,1.0000000000005824,-0.5000000000002914,0.8000000000004658,1.0,-0.5,0.8,-5.824229987183571e-13,2.914335439641036e-13,-4.657385588302532e-13,-12.43749178302411,-3.7699199040098264,-1.512400927830539
22.85383176803589,1.000000000000534,-0.5000000000002672,0.8000000000004271,1.0,-0.5,0.8,-5.340172748447003e-13,2.672306820272752e-13,-4.271027975732977e-13,-12.43749178302323,-3.769919904009493,-1.5124009278304502
22.863842725753784,1.000000000000486,-0.5000000000002432,0.8000000000003888,1.0,-0.5,0.8,-4.860556401808935e-13,2.432498646953718e-13,-3.888001032237298e-13,-12.437491783022367,-3.7699199040091678,-1.5124009278303632
22.87377953529358,1.0000000000004385,-0.5000000000002195,0.8000000000003509,1.0,-0.5,0.8,-4.3853809472693683e-13,2.1949109196839345e-13,-3.5083047578154947e-13,-12.437491783021521,-3.7699199040088502,-1.5124009278302788
22.883742094039917,1.0000000000003917,-0.5000000000001961,0.8000000000003133,1.0,-0.5,0.8,-3.9168668308775523e-13,1.9606538614880265e-13,-3.133049375492192e-13,-12.437491783020699,-3.769919904008542,-1.5124009278301964
22.89373207092285,1.0000000000003453,-0.5000000000001729,0.8000000000002763,1.0,-0.5,0.8,-3.452793606584237e-13,1.7286172493413687e-13,-2.7622348852673895e-13,-12.437491783019896,-3.769919904008241,-1.5124009278301165
22.903773546218872,1.0000000000002995,-0.50000000000015,0.8000000000002396,1.0,-0.5,0.8,-2.9953817204386723e-13,1.4999113062685865e-13,-2.395861287141088e-13,-12.437491783019114,-3.7699199040079474,-1.5124009278300388
22.913769960403442,1.0000000000002545,-0.5000000000001275,0.8000000000002035,1.0,-0.5,0.8,-2.544631172440859e-13,1.2745360322696797e-13,-2.035038804137912e-13,-12.437491783018352,-3.769919904007663,-1.5124009278299635
22.923826694488525,1.00000000000021,-0.5000000000001052,0.8000000000001679,1.0,-0.5,0.8,-2.1005419625907962e-13,1.0524914273446484e-13,-1.6786572132332367e-13,-12.437491783017615,-3.7699199040073874,-1.5124009278298904
22.933852672576904,1.0000000000001663,-0.5000000000000834,0.8000000000001328,1.0,-0.5,0.8,-1.6631140908884845e-13,8.337774914934926e-14,-1.3278267374516872e-13,-12.437491783016895,-3.7699199040071196,-1.51240092782982
22.94376277923584,1.0000000000001232,-0.5000000000000618,0.8000000000000983,1.0,-0.5,0.8,-1.2323475573339238e-13,6.183942247162122e-14,-9.825473767932635e-14,-12.4374917830162,-3.7699199040068607,-1.512400927829752
22.953752279281616,1.0000000000000808,-0.5000000000000406,0.8000000000000644,1.0,-0.5,0.8,-8.08242361927114e-14,4.063416270128073e-14,-6.439293542825908e-14,-12.43749178301552,-3.7699199040066094,-1.5124009278296864
22.963805675506592,1.0000000000000393,-0.5000000000000199,0.8000000000000311,1.0,-0.5,0.8,-3.930189507173054e-14,1.9872992140790302e-14,-3.108624468950438e-14,-12.437491783014867,-3.7699199040063673,-1.5124009278296229
22.97382140159607,0.9999999999999984,-0.49999999999999944,0.7999999999999985,1.0,-0.5,0.8,1.5543122344752192e-15,-5.551115123125783e-16,1.5543122344752192e-15,-12.437491783014234,-3.769919904006134,-1.5124009278295623
22.983835458755493,0.9999999999999585,-0.49999999999997946,0.7999999999999665,1.0,-0.5,0.8,4.1522341120980855e-14,-2.0539125955565396e-14,3.352873534367973e-14,-12.437491783013625,-3.7699199040059095,-1.5124009278295039
22.9938325881958,0.9999999999999193,-0.49999999999995987,0.7999999999999352,1.0,-0.5,0.8,8.071321389024888e-14,-4.013456234019941e-14,6.483702463810914e-14,-12.437491783013037,-3.769919904005693,-1.5124009278294481
23.003767728805542,0.999999999999881,-0.4999999999999407,0.7999999999999046,1.0,-0.5,0.8,1.1901590823981678e-13,-5.928590951498336e-14,9.547918011776346e-14,-12.437491783012472,-3.7699199040054867,-1.5124009278293946
23.01374053955078,0.9999999999998436,-0.499999999999922,0.7999999999998746,1.0,-0.5,0.8,1.5643042416968456e-13,-7.799316747991725e-14,1.254552017826427e-13,-12.437491783011932,-3.7699199040052886,-1.5124009278293438
23.02373194694519,0.999999999999807,-0.49999999999990374,0.7999999999998454,1.0,-0.5,0.8,1.929567616798522e-13,-9.625633623500107e-14,1.546540673302843e-13,-12.437491783011412,-3.769919904005099,-1.5124009278292958
23.03375506401062,0.9999999999997715,-0.4999999999998859,0.799999999999817,1.0,-0.5,0.8,2.284838984678572e-13,-1.1407541578023483e-13,1.8307577676068831e-13,-12.437491783010918,-3.7699199040049205,-1.5124009278292496
23.043734550476074,0.9999999999997369,-0.4999999999998686,0.7999999999997892,1.0,-0.5,0.8,2.631228568361621e-13,-1.3139489496438728e-13,2.1083135237631723e-13,-12.437491783010444,-3.7699199040047495,-1.5124009278292065
23.053790807724,0.9999999999997032,-0.49999999999985173,0.7999999999997622,1.0,-0.5,0.8,2.9676261448230434e-13,-1.4827028493868966e-13,2.3780977187470853e-13,-12.437491783009994,-3.7699199040045874,-1.5124009278291655
23.063804388046265,0.9999999999996705,-0.49999999999983535,0.799999999999736,1.0,-0.5,0.8,3.2951419370874646e-13,-1.6464607455191071e-13,2.6401103525586223e-13,-12.437491783009566,-3.7699199040044338,-1.512400927829127
23.07377815246582,0.9999999999996387,-0.4999999999998195,0.7999999999997106,1.0,-0.5,0.8,3.6126657221302594e-13,-1.8052226380405045e-13,2.894351425197783e-13,-12.437491783009163,-3.7699199040042894,-1.512400927829091
23.083784341812134,0.999999999999608,-0.4999999999998041,0.7999999999996861,1.0,-0.5,0.8,3.9201974999514277e-13,-1.9589885269510887e-13,3.1397107136399427e-13,-12.437491783008785,-3.769919904004155,-1.5124009278290578
23.09386372566223,0.9999999999995782,-0.4999999999997892,0.7999999999996623,1.0,-0.5,0.8,4.2177372705509697e-13,-2.1077584122508597e-13,3.377298440909726e-13,-12.437491783008424,-3.769919904004028,-1.5124009278290265
23.104015350341797,0.9999999999995495,-0.49999999999977485,0.7999999999996393,1.0,-0.5,0.8,4.505285033928885e-13,-2.2515322939398175e-13,3.6071146070071336e-13,-12.43749178300809,-3.76991990400391,-1.5124009278289978
23.113840579986572,0.9999999999995218,-0.499999999999761,0.7999999999996172,1.0,-0.5,0.8,4.781730567060549e-13,-2.3897550605056495e-13,3.82804898890754e-13,-12.437491783007777,-3.769919904003802,-1.5124009278289718
23.123838901519775,0.9999999999994952,-0.4999999999997477,0.7999999999995959,1.0,-0.5,0.8,5.048184092970587e-13,-2.522981823460668e-13,4.04121180963557e-13,-12.437491783007484,-3.7699199040037015,-1.5124009278289479
23.133930921554565,0.9999999999994695,-0.4999999999997349,0.7999999999995754,1.0,-0.5,0.8,5.304645611658998e-13,-2.651212582804874e-13,4.246603069191224e-13,-12.43749178300722,-3.76991990400361,-1.5124009278289263
23.14384698867798,0.999999999999445,-0.4999999999997226,0.7999999999995557,1.0,-0.5,0.8,5.550004900101158e-13,-2.7738922270259536e-13,4.4431125445498765e-13,-12.437491783006976,-3.7699199040035274,-1.5124009278289074
23.153770208358765,0.9999999999994215,-0.49999999999971084,0.799999999999537,1.0,-0.5,0.8,5.785372181321691e-13,-2.89157586763622e-13,4.630740235711528e-13,-12.437491783006752,-3.769919904003452,-1.5124009278288906
23.16387701034546,0.999999999999399,-0.4999999999996996,0.799999999999519,1.0,-0.5,0.8,6.009637232295972e-13,-3.0042635046356736e-13,4.810596365700803e-13,-12.43749178300655,-3.7699199040033866,-1.5124009278288761
23.173771619796753,0.9999999999993776,-0.49999999999968886,0.7999999999995019,1.0,-0.5,0.8,6.223910276048628e-13,-3.111400026512001e-13,4.981570711493077e-13,-12.437491783006372,-3.769919904003329,-1.512400927828864
23.183788061141968,0.9999999999993572,-0.49999999999967865,0.7999999999994856,1.0,-0.5,0.8,6.428191312579656e-13,-3.2135405447775156e-13,5.144773496112975e-13,-12.43749178300621,-3.7699199040032783,-1.5124009278288537
23.193799018859863,0.9999999999993379,-0.499999999999669,0.7999999999994701,1.0,-0.5,0.8,6.621370118864434e-13,-3.310129947919904e-13,5.299094496535872e-13,-12.437491783006074,-3.7699199040032365,-1.5124009278288455
23.2038414478302,0.9999999999993195,-0.4999999999996598,0.7999999999994555,1.0,-0.5,0.8,6.804556917927584e-13,-3.4017233474514796e-13,5.445643935786393e-13,-12.437491783005957,-3.7699199040032023,-1.5124009278288395
23.21382713317871,0.9999999999993023,-0.4999999999996512,0.7999999999994417,1.0,-0.5,0.8,6.976641486744484e-13,-3.4877656318599293e-13,5.583311590839912e-13,-12.437491783005859,-3.7699199040031766,-1.512400927828836
23.223746299743652,0.9999999999992861,-0.4999999999996431,0.7999999999994287,1.0,-0.5,0.8,7.138734048339757e-13,-3.5688119126575657e-13,5.713207684721056e-13,-12.437491783005783,-3.7699199040031575,-1.5124009278288342
23.23374843597412,0.999999999999271,-0.4999999999996355,0.7999999999994166,1.0,-0.5,0.8,7.289724379688778e-13,-3.644862189844389e-13,5.834221994405198e-13,-12.437491783005726,-3.769919904003147,-1.512400927828835
23.243743658065796,0.9999999999992569,-0.49999999999962846,0.7999999999994053,1.0,-0.5,0.8,7.430722703816173e-13,-3.7153613519080864e-13,5.947464742916964e-13,-12.43749178300569,-3.7699199040031433,-1.5124009278288373
23.25374126434326,0.9999999999992438,-0.4999999999996219,0.7999999999993949,1.0,-0.5,0.8,7.561729020721941e-13,-3.7808645103609706e-13,6.051825707231728e-13,-12.43749178300567,-3.769919904003147,-1.5124009278288417
23.263737678527832,0.9999999999992317,-0.49999999999961586,0.7999999999993852,1.0,-0.5,0.8,7.682743330406083e-13,-3.8413716652030416e-13,6.148415110374117e-13,-12.437491783005672,-3.7699199040031575,-1.5124009278288475
23.273820877075195,0.9999999999992206,-0.4999999999996103,0.7999999999993763,1.0,-0.5,0.8,7.793765632868599e-13,-3.8968828164342995e-13,6.237232952344129e-13,-12.437491783005688,-3.7699199040031743,-1.5124009278288557
23.283771753311157,0.9999999999992105,-0.49999999999960526,0.7999999999993683,1.0,-0.5,0.8,7.894795928109488e-13,-3.947397964054744e-13,6.317169010117141e-13,-12.437491783005726,-3.7699199040031983,-1.5124009278288655
23.293795824050903,0.9999999999992014,-0.4999999999996007,0.7999999999993611,1.0,-0.5,0.8,7.985834216128751e-13,-3.9929171080643755e-13,6.389333506717776e-13,-12.437491783005779,-3.769919904003229,-1.5124009278288773
23.30410647392273,0.9999999999991933,-0.49999999999959666,0.7999999999993547,1.0,-0.5,0.8,8.066880496926387e-13,-4.0334402484631937e-13,6.453726442146035e-13,-12.43749178300585,-3.7699199040032663,-1.5124009278288906
23.31381630897522,0.9999999999991862,-0.4999999999995931,0.799999999999349,1.0,-0.5,0.8,8.137934770502397e-13,-4.0689673852511987e-13,6.510347816401918e-13,-12.437491783005939,-3.769919904003311,-1.512400927828906
23.323818683624268,0.99999999999918,-0.49999999999959,0.7999999999993441,1.0,-0.5,0.8,8.200107259881406e-13,-4.100053629940703e-13,6.559197629485425e-13,-12.437491783006042,-3.76991990400336,-1.5124009278289223
23.33377194404602,0.9999999999991748,-0.4999999999995874,0.7999999999993399,1.0,-0.5,0.8,8.252287742038789e-13,-4.1261438710193943e-13,6.601386104421181e-13,-12.437491783006164,-3.769919904003416,-1.5124009278289405
23.34381604194641,0.9999999999991704,-0.4999999999995852,0.7999999999993365,1.0,-0.5,0.8,8.29558643999917e-13,-4.147793219999585e-13,6.635803018184561e-13,-12.4374917830063,-3.7699199040034768,-1.5124009278289603
23.35385298728943,0.9999999999991671,-0.49999999999958356,0.7999999999993338,1.0,-0.5,0.8,8.328893130737924e-13,-4.164446565368962e-13,6.662448370775564e-13,-12.43749178300645,-3.7699199040035447,-1.5124009278289816
23.363869428634644,0.9999999999991647,-0.49999999999958233,0.7999999999993318,1.0,-0.5,0.8,8.353318037279678e-13,-4.176659018639839e-13,6.682432385218817e-13,-12.437491783006616,-3.7699199040036167,-1.512400927829004
23.3738272190094,0.9999999999991631,-0.49999999999958156,0.7999999999993306,1.0,-0.5,0.8,8.36886115962443e-13,-4.184430579812215e-13,6.694644838489694e-13,-12.437491783006797,-3.7699199040036953,-1.5124009278290282
23.383883714675903,0.9999999999991623,-0.49999999999958117,0.79999999999933,1.0,-0.5,0.8,8.376632720796806e-13,-4.188316360398403e-13,6.70019595361282e-13,-12.43749178300699,-3.769919904003778,-1.5124009278290536
23.39388370513916,0.9999999999991624,-0.4999999999995812,0.7999999999993301,1.0,-0.5,0.8,8.375522497772181e-13,-4.1877612488860905e-13,6.699085730588195e-13,-12.437491783007195,-3.769919904003865,-1.51240092782908
23.40382409095764,0.9999999999991634,-0.4999999999995817,0.7999999999993309,1.0,-0.5,0.8,8.365530490550555e-13,-4.1827652452752773e-13,6.691314169415818e-13,-12.437491783007419,-3.7699199040039577,-1.512400927829108
23.413829565048218,0.9999999999991652,-0.4999999999995826,0.7999999999993324,1.0,-0.5,0.8,8.347766922156552e-13,-4.173883461078276e-13,6.676881270095691e-13,-12.43749178300765,-3.7699199040040545,-1.512400927829137
23.42384433746338,0.9999999999991678,-0.4999999999995839,0.7999999999993345,1.0,-0.5,0.8,8.322231792590173e-13,-4.1611158962950867e-13,6.655787032627813e-13,-12.437491783007893,-3.7699199040041553,-1.5124009278291668
23.433878421783447,0.9999999999991711,-0.49999999999958555,0.7999999999993371,1.0,-0.5,0.8,8.288925101851419e-13,-4.1444625509257094e-13,6.62914168003681e-13,-12.437491783008143,-3.76991990400426,-1.5124009278291979
23.443869829177856,0.9999999999991752,-0.4999999999995876,0.7999999999993405,1.0,-0.5,0.8,8.247846849940288e-13,-4.123923424970144e-13,6.595834989298055e-13,-12.437491783008406,-3.76991990400437,-1.51240092782923
23.453804969787598,0.9999999999991801,-0.49999999999959005,0.7999999999993443,1.0,-0.5,0.8,8.198997036856781e-13,-4.0994985184283905e-13,6.556977183436175e-13,-12.437491783008685,-3.7699199040044826,-1.5124009278292634
23.46376657485962,0.9999999999991857,-0.4999999999995928,0.7999999999993488,1.0,-0.5,0.8,8.143485885625523e-13,-4.0717429428127616e-13,6.512568262451168e-13,-12.43749178300897,-3.769919904004599,-1.5124009278292971
23.474034309387207,0.999999999999192,-0.499999999999596,0.7999999999993538,1.0,-0.5,0.8,8.080203173221889e-13,-4.0401015866109447e-13,6.462608226343036e-13,-12.437491783009266,-3.7699199040047193,-1.512400927829332
23.48374366760254,0.999999999999199,-0.4999999999995995,0.7999999999993593,1.0,-0.5,0.8,8.010259122670504e-13,-4.005129561335252e-13,6.407097075111778e-13,-12.437491783009568,-3.7699199040048414,-1.5124009278293677
23.493736267089844,0.9999999999992066,-0.4999999999996033,0.7999999999993654,1.0,-0.5,0.8,7.933653733971369e-13,-3.9668268669856843e-13,6.346034808757395e-13,-12.437491783009882,-3.769919904004968,-1.5124009278294042
23.503764867782593,0.999999999999215,-0.4999999999996075,0.7999999999993721,1.0,-0.5,0.8,7.850387007124482e-13,-3.925193503562241e-13,6.279421427279885e-13,-12.437491783010202,-3.7699199040050977,-1.5124009278294412
23.513753175735474,0.9999999999992238,-0.4999999999996119,0.7999999999993792,1.0,-0.5,0.8,7.761569165154469e-13,-3.8807845825772347e-13,6.208367153703875e-13,-12.43749178301053,-3.7699199040052287,-1.512400927829479
23.523730278015137,0.9999999999992333,-0.4999999999996167,0.7999999999993868,1.0,-0.5,0.8,7.667200208061331e-13,-3.833044992518353e-13,6.132871988029365e-13,-12.437491783010863,-3.7699199040053615,-1.512400927829517
23.53377413749695,0.9999999999992434,-0.49999999999962175,0.7999999999993949,1.0,-0.5,0.8,7.566169912820442e-13,-3.7825298448979083e-13,6.051825707231728e-13,-12.437491783011206,-3.7699199040054983,-1.5124009278295563
23.543773412704468,0.999999999999254,-0.4999999999996271,0.7999999999994034,1.0,-0.5,0.8,7.459588502456427e-13,-3.729239139715901e-13,5.966338534335591e-13,-12.437491783011552,-3.769919904005637,-1.5124009278295953
23.553948879241943,0.9999999999992651,-0.4999999999996326,0.7999999999994123,1.0,-0.5,0.8,7.348566199993911e-13,-3.673727988484643e-13,5.877520692365579e-13,-12.437491783011906,-3.7699199040057767,-1.5124009278296353
23.563955783843994,0.9999999999992768,-0.49999999999963846,0.7999999999994216,1.0,-0.5,0.8,7.23199278240827e-13,-3.6154412796918223e-13,5.784261958297066e-13,-12.43749178301226,-3.7699199040059184,-1.5124009278296753
23.573803663253784,0.999999999999289,-0.49999999999964456,0.7999999999994314,1.0,-0.5,0.8,7.109868249699502e-13,-3.5543790133374387e-13,5.686562332130052e-13,-12.437491783012623,-3.7699199040060623,-1.5124009278297161
23.583834409713745,0.9999999999993017,-0.4999999999996509,0.7999999999994415,1.0,-0.5,0.8,6.983302824892235e-13,-3.4910963009338047e-13,5.585532036889163e-13,-12.437491783012991,-3.769919904006207,-1.5124009278297568
23.593811750411987,0.9999999999993148,-0.49999999999965744,0.7999999999994519,1.0,-0.5,0.8,6.852296507986466e-13,-3.4255931424809205e-13,5.481171072574398e-13,-12.437491783013362,-3.769919904006353,-1.512400927829798
23.603837728500366,0.9999999999993283,-0.4999999999996642,0.7999999999994627,1.0,-0.5,0.8,6.716849298982197e-13,-3.357869537978786e-13,5.373479439185758e-13,-12.437491783013735,-3.7699199040065006,-1.5124009278298394
23.61387825012207,0.9999999999993422,-0.49999999999967115,0.7999999999994738,1.0,-0.5,0.8,6.578071420904053e-13,-3.2884805989397137e-13,5.262457136723242e-13,-12.437491783014112,-3.7699199040066476,-1.5124009278298807
23.62388324737549,0.9999999999993565,-0.4999999999996783,0.7999999999994852,1.0,-0.5,0.8,6.434852650727407e-13,-3.216871213851391e-13,5.148104165186851e-13,-12.437491783014492,-3.769919904006797,-1.5124009278299224
23.63383150100708,0.9999999999993712,-0.49999999999968564,0.7999999999994969,1.0,-0.5,0.8,6.288303211476887e-13,-3.1435964942261307e-13,5.031530747601209e-13,-12.437491783014874,-3.769919904006946,-1.512400927829964
23.64385724067688,0.9999999999993862,-0.49999999999969313,0.7999999999995089,1.0,-0.5,0.8,6.138423103152491e-13,-3.0686564400639327e-13,4.911626660941693e-13,-12.437491783015256,-3.7699199040070956,-1.5124009278300055
23.653810262680054,0.9999999999994015,-0.4999999999997008,0.7999999999995211,1.0,-0.5,0.8,5.985212325754219e-13,-2.992051051364797e-13,4.789502128232925e-13,-12.437491783015636,-3.7699199040072453,-1.5124009278300476
23.66383647918701,0.999999999999417,-0.49999999999970857,0.7999999999995335,1.0,-0.5,0.8,5.829781102306697e-13,-2.914335439641036e-13,4.665157149474908e-13,-12.43749178301602,-3.7699199040073945,-1.5124009278300887
23.673853874206543,0.9999999999994329,-0.4999999999997165,0.7999999999995462,1.0,-0.5,0.8,5.6710192097853e-13,-2.834954493380337e-13,4.53859172466764e-13,-12.437491783016405,-3.769919904007544,-1.5124009278301302
23.68381953239441,0.999999999999449,-0.49999999999972455,0.7999999999995591,1.0,-0.5,0.8,5.510036871214652e-13,-2.7544633240950134e-13,4.409805853811122e-13,-12.437491783016789,-3.769919904007694,-1.512400927830172
23.693792819976807,0.9999999999994653,-0.4999999999997327,0.7999999999995722,1.0,-0.5,0.8,5.346834086594754e-13,-2.6728619317850644e-13,4.2787995369053533e-13,-12.437491783017173,-3.769919904007843,-1.5124009278302133
23.703875303268433,0.9999999999994819,-0.499999999999741,0.7999999999995854,1.0,-0.5,0.8,5.181410855925606e-13,-2.59015031645049e-13,4.1466829969749597e-13,-12.437491783017554,-3.769919904007991,-1.5124009278302541
23.713841438293457,0.9999999999994986,-0.49999999999974937,0.7999999999995988,1.0,-0.5,0.8,5.013767179207207e-13,-2.506328478091291e-13,4.0123460109953157e-13,-12.43749178301794,-3.7699199040081393,-1.5124009278302948
23.72381854057312,0.9999999999995155,-0.4999999999997578,0.7999999999996124,1.0,-0.5,0.8,4.845013279464183e-13,-2.421951528219779e-13,3.8768988019910466e-13,-12.437491783018318,-3.769919904008286,-1.5124009278303352
23.733803033828735,0.9999999999995325,-0.4999999999997663,0.799999999999626,1.0,-0.5,0.8,4.675149156696534e-13,-2.3370194668359545e-13,3.7403413699621524e-13,-12.437491783018697,-3.769919904008432,-1.5124009278303756
23.74380898475647,0.9999999999995497,-0.4999999999997749,0.7999999999996398,1.0,-0.5,0.8,4.503064587879635e-13,-2.250977182427505e-13,3.602673714908633e-13,-12.437491783019073,-3.7699199040085776,-1.5124009278304154
23.753907680511475,0.999999999999567,-0.49999999999978356,0.7999999999996535,1.0,-0.5,0.8,4.3298697960381105e-13,-2.1643797865067427e-13,3.4650060598551136e-13,-12.437491783019446,-3.769919904008721,-1.5124009278304544
23.763815879821777,0.9999999999995843,-0.4999999999997922,0.7999999999996674,1.0,-0.5,0.8,4.156675004196586e-13,-2.0777823905859805e-13,3.326228181776969e-13,-12.437491783019818,-3.769919904008863,-1.5124009278304937
23.773795127868652,0.9999999999996018,-0.49999999999980094,0.7999999999996814,1.0,-0.5,0.8,3.9823699893304365e-13,-1.9906298831529057e-13,3.1863400806741993e-13,-12.437491783020183,-3.769919904009005,-1.5124009278305321
23.783807039260864,0.9999999999996192,-0.49999999999980965,0.7999999999996954,1.0,-0.5,0.8,3.808064974464287e-13,-1.903477375719831e-13,3.0464519795714295e-13,-12.43749178302055,-3.7699199040091433,-1.5124009278305701
23.79377508163452,0.9999999999996367,-0.4999999999998184,0.7999999999997094,1.0,-0.5,0.8,3.632649736573512e-13,-1.8157697567744435e-13,2.90656387846866e-13,-12.43749178302091,-3.769919904009282,-1.5124009278306076
23.803812742233276,0.9999999999996543,-0.4999999999998272,0.7999999999997234,1.0,-0.5,0.8,3.4572344986827375e-13,-1.7280621378290562e-13,2.76667577736589e-13,-12.437491783021265,-3.7699199040094182,-1.512400927830645
23.81387233734131,0.9999999999996718,-0.49999999999983596,0.7999999999997374,1.0,-0.5,0.8,3.2818192607919627e-13,-1.6403545188836688e-13,2.6267876762631204e-13,-12.437491783021617,-3.769919904009553,-1.5124009278306814
23.823846101760864,0.9999999999996894,-0.49999999999984474,0.7999999999997514,1.0,-0.5,0.8,3.106404022901188e-13,-1.5526468999382814e-13,2.4868995751603507e-13,-12.437491783021965,-3.769919904009685,-1.5124009278307173
23.833815336227417,0.9999999999997068,-0.49999999999985345,0.7999999999997653,1.0,-0.5,0.8,2.9320990080350384e-13,-1.4654943925052066e-13,2.347011474057581e-13,-12.437491783022306,-3.769919904009816,-1.5124009278307524
23.843827724456787,0.9999999999997242,-0.49999999999986217,0.7999999999997792,1.0,-0.5,0.8,2.757793993168889e-13,-1.3783418850721318e-13,2.2082335959794364e-13,-12.437491783022644,-3.769919904009944,-1.5124009278307873
23.853847980499268,0.9999999999997415,-0.4999999999998708,0.7999999999997931,1.0,-0.5,0.8,2.5845992013273644e-13,-1.2917444891513696e-13,2.0694557179012918e-13,-12.437491783022976,-3.76991990401007,-1.512400927830821
23.86382031440735,0.9999999999997587,-0.49999999999987943,0.7999999999998069,1.0,-0.5,0.8,2.412514632510465e-13,-1.20570220474292e-13,1.9317880628477724e-13,-12.437491783023303,-3.7699199040101936,-1.5124009278308543
23.873847246170044,0.9999999999997758,-0.499999999999888,0.7999999999998205,1.0,-0.5,0.8,2.241540286718191e-13,-1.120215031846783e-13,1.795230630818878e-13,-12.43749178302362,-3.7699199040103144,-1.512400927830887
23.883814573287964,0.9999999999997928,-0.49999999999989647,0.7999999999998342,1.0,-0.5,0.8,2.071676163950542e-13,-1.0352829704629585e-13,1.6586731987899839e-13,-12.437491783023935,-3.7699199040104334,-1.512400927830919
23.893824815750122,0.9999999999998097,-0.4999999999999049,0.7999999999998477,1.0,-0.5,0.8,1.9029222642075183e-13,-9.509060205914466e-14,1.5232259897857148e-13,-12.437491783024244,-3.7699199040105498,-1.51240092783095
23.90382146835327,0.9999999999998265,-0.4999999999999133,0.7999999999998612,1.0,-0.5,0.8,1.7352785874891197e-13,-8.670841822322473e-14,1.3888890038060708e-13,-12.437491783024546,-3.769919904010664,-1.5124009278309807
23.913817644119263,0.999999999999843,-0.49999999999992156,0.7999999999998744,1.0,-0.5,0.8,1.5698553568199713e-13,-7.843725668976731e-14,1.2567724638756772e-13,-12.43749178302484,-3.769919904010774,-1.51240092783101
23.92379117012024,0.9999999999998594,-0.4999999999999298,0.7999999999998875,1.0,-0.5,0.8,1.4055423491754482e-13,-7.022160630754115e-14,1.1257661469699087e-13,-12.43749178302513,-3.7699199040108833,-1.5124009278310389
23.933789253234863,0.9999999999998757,-0.4999999999999379,0.7999999999999005,1.0,-0.5,0.8,1.2434497875801753e-13,-6.211697822777751e-14,9.958700530887654e-14,-12.437491783025413,-3.7699199040109894,-1.512400927831067
23.94385051727295,0.9999999999998916,-0.4999999999999459,0.7999999999999132,1.0,-0.5,0.8,1.0835776720341528e-13,-5.412337245047638e-14,8.681944052568724e-14,-12.437491783025687,-3.769919904011092,-1.5124009278310941
23.953827619552612,0.9999999999999074,-0.49999999999995376,0.7999999999999259,1.0,-0.5,0.8,9.259260025373806e-14,-4.624078897563777e-14,7.416289804496046e-14,-12.437491783025953,-3.769919904011192,-1.512400927831121
23.96378779411316,0.999999999999923,-0.49999999999996153,0.7999999999999383,1.0,-0.5,0.8,7.704947790898586e-14,-3.8469227803261674e-14,6.17284001691587e-14,-12.437491783026212,-3.7699199040112883,-1.5124009278311463
23.973860502243042,0.9999999999999383,-0.4999999999999692,0.7999999999999506,1.0,-0.5,0.8,6.17284001691587e-14,-3.0808688933348094e-14,4.9404924595819466e-14,-12.437491783026466,-3.769919904011383,-1.5124009278311712
23.9838924407959,0.9999999999999534,-0.49999999999997674,0.7999999999999627,1.0,-0.5,0.8,4.6629367034256575e-14,-2.325917236589703e-14,3.730349362740526e-14,-12.437491783026712,-3.7699199040114735,-1.5124009278311954
23.993788719177246,0.9999999999999682,-0.4999999999999842,0.7999999999999746,1.0,-0.5,0.8,3.175237850427948e-14,-1.582067810090848e-14,2.5424107263916085e-14,-12.43749178302695,-3.7699199040115623,-1.5124009278312183
24.003767728805542,0.9999999999999828,-0.49999999999999145,0.7999999999999863,1.0,-0.5,0.8,1.7208456881689926e-14,-8.548717289613705e-15,1.3766765505351941e-14,-12.437491783027177,-3.7699199040116476,-1.5124009278312407
24.013746976852417,0.9999999999999971,-0.4999999999999986,0.7999999999999977,1.0,-0.5,0.8,2.886579864025407e-15,-1.3877787807814457e-15,2.3314683517128287e-15,-12.437491783027403,-3.76991990401173,-1.512400927831262
24.02375054359436,1.000000000000011,-0.5000000000000057,0.8000000000000089,1.0,-0.5,0.8,-1.1102230246251565e-14,5.662137425588298e-15,-8.881784197001252e-15,-12.437491783027617,-3.7699199040118088,-1.5124009278312824
24.03377938270569,1.0000000000000249,-0.5000000000000125,0.8000000000000199,1.0,-0.5,0.8,-2.4868995751603507e-14,1.2545520178264269e-14,-1.9872992140790302e-14,-12.437491783027822,-3.7699199040118847,-1.5124009278313022
24.04377818107605,1.0000000000000382,-0.5000000000000192,0.8000000000000307,1.0,-0.5,0.8,-3.8191672047105385e-14,1.9206858326015208e-14,-3.064215547965432e-14,-12.437491783028017,-3.7699199040119566,-1.5124009278313209
24.05375838279724,1.0000000000000513,-0.5000000000000258,0.8000000000000412,1.0,-0.5,0.8,-5.129230373768223e-14,2.5757174171303632e-14,-4.118927421359331e-14,-12.437491783028209,-3.7699199040120264,-1.5124009278313388
24.063807487487793,1.0000000000000642,-0.5000000000000322,0.8000000000000514,1.0,-0.5,0.8,-6.417089082333405e-14,3.219646771412954e-14,-5.140332604014475e-14,-12.437491783028394,-3.7699199040120934,-1.5124009278313562
24.073795557022095,1.0000000000000766,-0.5000000000000384,0.8000000000000614,1.0,-0.5,0.8,-7.66053886991358e-14,3.8413716652030416e-14,-6.139533326177116e-14,-12.437491783028568,-3.7699199040121565,-1.5124009278313721
24.08383536338806,1.0000000000000888,-0.5000000000000445,0.8000000000000712,1.0,-0.5,0.8,-8.881784197001252e-14,4.451994328746878e-14,-7.116529587847253e-14,-12.437491783028735,-3.7699199040122173,-1.5124009278313875
24.093783140182495,1.0000000000001006,-0.5000000000000504,0.8000000000000806,1.0,-0.5,0.8,-1.0058620603103918e-13,5.040412531798211e-14,-8.060219158778636e-14,-12.437491783028893,-3.769919904012274,-1.512400927831402
24.10379457473755,1.0000000000001121,-0.5000000000000562,0.8000000000000899,1.0,-0.5,0.8,-1.1213252548714081e-13,5.617728504603292e-14,-8.981704269217516e-14,-12.437491783029046,-3.7699199040123292,-1.5124009278314157
24.113787412643433,1.0000000000001232,-0.5000000000000617,0.8000000000000987,1.0,-0.5,0.8,-1.2323475573339238e-13,6.17284001691587e-14,-9.869882688917642e-14,-12.437491783029188,-3.76991990401238,-1.5124009278314283
24.123809576034546,1.0000000000001341,-0.5000000000000672,0.8000000000001074,1.0,-0.5,0.8,-1.341149413747189e-13,6.716849298982197e-14,-1.0735856648125264e-13,-12.437491783029325,-3.769919904012428,-1.5124009278314403
24.1337947845459,1.0000000000001446,-0.5000000000000724,0.8000000000001157,1.0,-0.5,0.8,-1.4455103780619538e-13,7.238654120556021e-14,-1.156852391659413e-13,-12.437491783029449,-3.7699199040124727,-1.5124009278314512
24.1438992023468,1.0000000000001545,-0.5000000000000774,0.8000000000001238,1.0,-0.5,0.8,-1.545430450278218e-13,7.738254481637341e-14,-1.2378986724570495e-13,-12.437491783029568,-3.769919904012514,-1.5124009278314612
24.15384864807129,1.0000000000001643,-0.5000000000000823,0.8000000000001316,1.0,-0.5,0.8,-1.6431300764452317e-13,8.22675261247241e-14,-1.3156142841808105e-13,-12.437491783029678,-3.7699199040125535,-1.5124009278314707
24.16382098197937,1.0000000000001736,-0.5000000000000869,0.8000000000001392,1.0,-0.5,0.8,-1.7363888105137448e-13,8.693046282814976e-14,-1.3911094498553211e-13,-12.437491783029781,-3.769919904012588,-1.512400927831479
24.174285888671875,1.0000000000001827,-0.5000000000000915,0.8000000000001464,1.0,-0.5,0.8,-1.8274270985330077e-13,9.14823772291129e-14,-1.4632739464559563e-13,-12.437491783029875,-3.769919904012621,-1.5124009278314872
24.183757066726685,1.0000000000001914,-0.5000000000000958,0.8000000000001533,1.0,-0.5,0.8,-1.91402449445377e-13,9.581224702515101e-14,-1.532107773982716e-13,-12.437491783029964,-3.769919904012651,-1.5124009278314938
24.193761587142944,1.0000000000001996,-0.5000000000000999,0.8000000000001599,1.0,-0.5,0.8,-1.9961809982760315e-13,9.992007221626409e-14,-1.5987211554602254e-13,-12.43749178303004,-3.769919904012678,-1.5124009278314998
24.203802347183228,1.0000000000002076,-0.5000000000001039,0.8000000000001662,1.0,-0.5,0.8,-2.0761170560490427e-13,1.0391687510491465e-13,-1.6620038678638593e-13,-12.437491783030115,-3.769919904012701,-1.5124009278315051
24.213817596435547,1.0000000000002152,-0.5000000000001077,0.8000000000001722,1.0,-0.5,0.8,-2.1516122217235534e-13,1.0769163338864018e-13,-1.7219559111936178e-13,-12.437491783030179,-3.7699199040127223,-1.5124009278315096
24.22385597229004,1.0000000000002223,-0.5000000000001112,0.800000000000178,1.0,-0.5,0.8,-2.2226664952995634e-13,1.1124434706744069e-13,-1.779687508474126e-13,-12.437491783030238,-3.7699199040127396,-1.5124009278315131
24.233794689178467,1.0000000000002292,-0.5000000000001147,0.8000000000001835,1.0,-0.5,0.8,-2.291500322826323e-13,1.1468603844377867e-13,-1.8340884366807586e-13,-12.437491783030287,-3.769919904012755,-1.512400927831516
24.24375867843628,1.0000000000002356,-0.5000000000001179,0.8000000000001887,1.0,-0.5,0.8,-2.355893258254582e-13,1.1790568521519162e-13,-1.886268918838141e-13,-12.437491783030328,-3.7699199040127684,-1.5124009278315182
24.253745317459106,1.0000000000002416,-0.5000000000001209,0.8000000000001936,1.0,-0.5,0.8,-2.4158453015843406e-13,1.2090328738167955e-13,-1.9351187319216478e-13,-12.437491783030362,-3.769919904012777,-1.5124009278315198
24.263737440109253,1.0000000000002474,-0.5000000000001238,0.8000000000001981,1.0,-0.5,0.8,-2.473576898864849e-13,1.2378986724570495e-13,-1.9806378759312793e-13,-12.437491783030392,-3.769919904012784,-1.5124009278315205
24.27376413345337,1.0000000000002527,-0.5000000000001265,0.8000000000002024,1.0,-0.5,0.8,-2.5268676040468563e-13,1.2645440250480533e-13,-2.0239365738916604e-13,-12.437491783030413,-3.769919904012789,-1.5124009278315205
24.284188747406006,1.0000000000002578,-0.500000000000129,0.8000000000002064,1.0,-0.5,0.8,-2.5779378631796135e-13,1.290079154614432e-13,-2.063904602778166e-13,-12.437491783030428,-3.7699199040127915,-1.5124009278315198
24.293812036514282,1.0000000000002625,-0.5000000000001313,0.8000000000002102,1.0,-0.5,0.8,-2.62456723021387e-13,1.3133938381315602e-13,-2.1016521856154213e-13,-12.437491783030437,-3.76991990401279,-1.5124009278315187
24.303788900375366,1.0000000000002667,-0.5000000000001334,0.8000000000002137,1.0,-0.5,0.8,-2.666755705149626e-13,1.3344880755994382e-13,-2.1360690993788012e-13,-12.437491783030438,-3.7699199040127875,-1.5124009278315167
24.31384801864624,1.0000000000002707,-0.5000000000001354,0.8000000000002168,1.0,-0.5,0.8,-2.7067237340361316e-13,1.354472090042691e-13,-2.1671553440683056e-13,-12.437491783030433,-3.7699199040127818,-1.5124009278315138
24.323812007904053,1.0000000000002742,-0.5000000000001372,0.8000000000002196,1.0,-0.5,0.8,-2.7422508708241367e-13,1.3722356584366935e-13,-2.1960211427085596e-13,-12.43749178303042,-3.7699199040127738,-1.5124009278315107
24.33384943008423,1.0000000000002776,-0.5000000000001389,0.8000000000002222,1.0,-0.5,0.8,-2.7755575615628914e-13,1.3888890038060708e-13,-2.2215562722749382e-13,-12.437491783030406,-3.7699199040127644,-1.512400927831507
24.34382462501526,1.0000000000002804,-0.5000000000001403,0.8000000000002245,1.0,-0.5,0.8,-2.8044233602031454e-13,1.4033219031261979e-13,-2.2448709557920665e-13,-12.437491783030381,-3.769919904012752,-1.5124009278315025
24.35381031036377,1.000000000000283,-0.5000000000001417,0.8000000000002266,1.0,-0.5,0.8,-2.831068712794149e-13,1.4166445794216997e-13,-2.2659651932599445e-13,-12.437491783030357,-3.769919904012738,-1.5124009278314972
24.363840579986572,1.0000000000002853,-0.5000000000001428,0.8000000000002284,1.0,-0.5,0.8,-2.8532731732866523e-13,1.4277468096679513e-13,-2.283728761653947e-13,-12.43749178303032,-3.769919904012721,-1.5124009278314918
24.37388253211975,1.0000000000002873,-0.5000000000001438,0.80000000000023,1.0,-0.5,0.8,-2.873257187729905e-13,1.4377388168895777e-13,-2.299271883998699e-13,-12.437491783030278,-3.7699199040127023,-1.5124009278314856
24.383789777755737,1.0000000000002889,-0.5000000000001446,0.8000000000002312,1.0,-0.5,0.8,-2.8888003100746573e-13,1.4455103780619538e-13,-2.311484337269576e-13,-12.437491783030234,-3.769919904012682,-1.512400927831479
24.393856287002563,1.0000000000002902,-0.5000000000001452,0.8000000000002322,1.0,-0.5,0.8,-2.902122986370159e-13,1.4521717162097048e-13,-2.3214763444912023e-13,-12.437491783030183,-3.769919904012659,-1.5124009278314718
24.40383791923523,1.000000000000291,-0.5000000000001457,0.800000000000233,1.0,-0.5,0.8,-2.9110047705671604e-13,1.4566126083082054e-13,-2.3292479056635784e-13,-12.437491783030126,-3.7699199040126334,-1.5124009278314638
24.413833618164062,1.0000000000002918,-0.500000000000146,0.8000000000002335,1.0,-0.5,0.8,-2.9176661087149114e-13,1.4599432773820809e-13,-2.334799020786704e-13,-12.437491783030065,-3.7699199040126072,-1.5124009278314556
24.423940896987915,1.0000000000002922,-0.5000000000001462,0.8000000000002337,1.0,-0.5,0.8,-2.922107000813412e-13,1.4621637234313312e-13,-2.3370194668359545e-13,-12.437491783030001,-3.76991990401258,-1.5124009278314472
24.433876276016235,1.0000000000002922,-0.5000000000001462,0.8000000000002337,1.0,-0.5,0.8,-2.922107000813412e-13,1.4621637234313312e-13,-2.3370194668359545e-13,-12.43749178302993,-3.7699199040125495,-1.5124009278314379
24.443795442581177,1.000000000000292,-0.5000000000001461,0.8000000000002335,1.0,-0.5,0.8,-2.9198865547641617e-13,1.461053500406706e-13,-2.334799020786704e-13,-12.437491783029854,-3.7699199040125175,-1.5124009278314283
24.454121112823486,1.0000000000002915,-0.5000000000001459,0.8000000000002331,1.0,-0.5,0.8,-2.915445662665661e-13,1.4588330543574557e-13,-2.3303581286882036e-13,-12.437491783029778,-3.769919904012485,-1.5124009278314183
24.46383571624756,1.0000000000002907,-0.5000000000001454,0.8000000000002324,1.0,-0.5,0.8,-2.90656387846866e-13,1.454392162258955e-13,-2.3236967905404526e-13,-12.437491783029692,-3.76991990401245,-1.512400927831408
24.473772525787354,1.0000000000002895,-0.5000000000001449,0.8000000000002315,1.0,-0.5,0.8,-2.8954616482224083e-13,1.4488410471358293e-13,-2.3148150063434514e-13,-12.437491783029607,-3.7699199040124136,-1.5124009278313972
24.483814477920532,1.0000000000002882,-0.5000000000001442,0.8000000000002304,1.0,-0.5,0.8,-2.8821389719269064e-13,1.4421797089880783e-13,-2.3037127760972e-13,-12.437491783029515,-3.7699199040123754,-1.512400927831386
24.493779182434082,1.0000000000002867,-0.5000000000001434,0.8000000000002291,1.0,-0.5,0.8,-2.866595849582154e-13,1.4344081478157023e-13,-2.290390099801698e-13,-12.437491783029419,-3.769919904012337,-1.5124009278313746
24.503847122192383,1.0000000000002849,-0.5000000000001426,0.8000000000002275,1.0,-0.5,0.8,-2.8488322811881517e-13,1.425526363618701e-13,-2.274846977456946e-13,-12.437491783029323,-3.7699199040122977,-1.512400927831363
24.513785123825073,1.0000000000002827,-0.5000000000001414,0.8000000000002259,1.0,-0.5,0.8,-2.8266278206956486e-13,1.4144241333724494e-13,-2.2581936320875684e-13,-12.437491783029222,-3.769919904012256,-1.5124009278313508
24.5237557888031,1.0000000000002802,-0.5000000000001402,0.800000000000224,1.0,-0.5,0.8,-2.802202914153895e-13,1.4022116801015727e-13,-2.2393198406689407e-13,-12.437491783029113,-3.769919904012212,-1.5124009278313384
24.533769369125366,1.0000000000002776,-0.5000000000001389,0.8000000000002219,1.0,-0.5,0.8,-2.7755575615628914e-13,1.3888890038060708e-13,-2.2182256032010628e-13,-12.437491783029005,-3.769919904012168,-1.5124009278313255
24.543744564056396,1.0000000000002747,-0.5000000000001374,0.8000000000002196,1.0,-0.5,0.8,-2.7466917629226373e-13,1.3744561044859438e-13,-2.1960211427085596e-13,-12.437491783028893,-3.7699199040121236,-1.5124009278313129
24.553786277770996,1.0000000000002716,-0.5000000000001359,0.8000000000002172,1.0,-0.5,0.8,-2.715605518233133e-13,1.3589129821411916e-13,-2.1715962361668062e-13,-12.437491783028776,-3.769919904012077,-1.5124009278312995
24.563963890075684,1.0000000000002682,-0.5000000000001342,0.8000000000002147,1.0,-0.5,0.8,-2.682298827494378e-13,1.3422596367718143e-13,-2.1460611066004276e-13,-12.437491783028658,-3.76991990401203,-1.5124009278312862
24.57378625869751,1.0000000000002647,-0.5000000000001324,0.8000000000002119,1.0,-0.5,0.8,-2.646771690706373e-13,1.3244960683778118e-13,-2.1183055309847987e-13,-12.43749178302854,-3.769919904011982,-1.5124009278312724
24.58381962776184,1.0000000000002611,-0.5000000000001306,0.800000000000209,1.0,-0.5,0.8,-2.611244553918368e-13,1.305622276959184e-13,-2.0894397323445446e-13,-12.437491783028422,-3.7699199040119358,-1.5124009278312593
24.59373712539673,1.0000000000002573,-0.5000000000001287,0.8000000000002059,1.0,-0.5,0.8,-2.573496971081113e-13,1.2867484855405564e-13,-2.0583534876550402e-13,-12.4374917830283,-3.769919904011887,-1.5124009278312456
24.60374641418457,1.0000000000002534,-0.5000000000001267,0.8000000000002027,1.0,-0.5,0.8,-2.533528942194607e-13,1.2667644710973036e-13,-2.0261570199409107e-13,-12.437491783028177,-3.7699199040118385,-1.5124009278312316
24.61376118659973,1.0000000000002491,-0.5000000000001246,0.8000000000001993,1.0,-0.5,0.8,-2.4913404672588513e-13,1.2456702336294256e-13,-1.992850329202156e-13,-12.43749178302805,-3.769919904011788,-1.5124009278312176
24.623796939849854,1.0000000000002447,-0.5000000000001223,0.8000000000001959,1.0,-0.5,0.8,-2.446931546273845e-13,1.2234657731369225e-13,-1.9584334154387761e-13,-12.437491783027921,-3.7699199040117373,-1.5124009278312032
24.633827686309814,1.0000000000002403,-0.5000000000001201,0.8000000000001922,1.0,-0.5,0.8,-2.402522625288839e-13,1.2012613126444194e-13,-1.921796055626146e-13,-12.437491783027795,-3.7699199040116875,-1.5124009278311887
24.64379906654358,1.0000000000002356,-0.5000000000001178,0.8000000000001884,1.0,-0.5,0.8,-2.355893258254582e-13,1.177946629127291e-13,-1.8840484727888906e-13,-12.437491783027665,-3.769919904011636,-1.5124009278311745
24.653801918029785,1.0000000000002307,-0.5000000000001154,0.8000000000001846,1.0,-0.5,0.8,-2.3070434451710753e-13,1.1535217225855376e-13,-1.8451906669270102e-13,-12.437491783027532,-3.7699199040115845,-1.5124009278311599
24.6638081073761,1.0000000000002258,-0.5000000000001129,0.8000000000001806,1.0,-0.5,0.8,-2.2581936320875684e-13,1.1290968160437842e-13,-1.8052226380405045e-13,-12.4374917830274,-3.7699199040115325,-1.5124009278311452
24.673951625823975,1.0000000000002207,-0.5000000000001104,0.8000000000001765,1.0,-0.5,0.8,-2.2071233729548112e-13,1.1035616864774056e-13,-1.7641443861293737e-13,-12.437491783027268,-3.7699199040114806,-1.5124009278311308
24.683793544769287,1.0000000000002156,-0.5000000000001078,0.8000000000001724,1.0,-0.5,0.8,-2.156053113822054e-13,1.078026556911027e-13,-1.723066134218243e-13,-12.437491783027136,-3.7699199040114286,-1.5124009278311166
24.69379758834839,1.0000000000002103,-0.5000000000001051,0.8000000000001681,1.0,-0.5,0.8,-2.1027624086400465e-13,1.0513812043200232e-13,-1.680877659282487e-13,-12.437491783027003,-3.769919904011377,-1.512400927831102
24.703873872756958,1.000000000000205,-0.5000000000001025,0.8000000000001638,1.0,-0.5,0.8,-2.049471703458039e-13,1.0247358517290195e-13,-1.637578961322106e-13,-12.437491783026871,-3.769919904011325,-1.5124009278310875
24.713789224624634,1.0000000000001994,-0.5000000000000997,0.8000000000001594,1.0,-0.5,0.8,-1.9939605522267811e-13,9.969802761133906e-14,-1.5931700403370996e-13,-12.437491783026735,-3.7699199040112727,-1.512400927831073
24.723763704299927,1.0000000000001938,-0.5000000000000969,0.8000000000001549,1.0,-0.5,0.8,-1.9384494009955233e-13,9.692247004977617e-14,-1.5487611193520934e-13,-12.437491783026601,-3.7699199040112203,-1.5124009278310586
24.73384928703308,1.000000000000188,-0.500000000000094,0.8000000000001504,1.0,-0.5,0.8,-1.8807178037150152e-13,9.403589018575076e-14,-1.503241975342462e-13,-12.437491783026466,-3.769919904011168,-1.512400927831044
24.74382472038269,1.0000000000001823,-0.5000000000000911,0.8000000000001458,1.0,-0.5,0.8,-1.822986206434507e-13,9.114931032172535e-14,-1.4577228313328305e-13,-12.437491783026333,-3.7699199040111164,-1.5124009278310298
24.753854274749756,1.0000000000001765,-0.5000000000000883,0.8000000000001412,1.0,-0.5,0.8,-1.765254609153999e-13,8.826273045769994e-14,-1.411093464298574e-13,-12.437491783026198,-3.7699199040110654,-1.5124009278310155
24.76379108428955,1.0000000000001708,-0.5000000000000853,0.8000000000001365,1.0,-0.5,0.8,-1.7075230118734908e-13,8.526512829121202e-14,-1.3644640972643174e-13,-12.43749178302607,-3.769919904011015,-1.5124009278310018
24.773885011672974,1.0000000000001648,-0.5000000000000823,0.8000000000001317,1.0,-0.5,0.8,-1.6475709685437323e-13,8.22675261247241e-14,-1.3167245072054357e-13,-12.437491783025937,-3.769919904010963,-1.5124009278309876
24.783964157104492,1.0000000000001588,-0.5000000000000793,0.8000000000001269,1.0,-0.5,0.8,-1.5876189252139739e-13,7.926992395823618e-14,-1.268984917146554e-13,-12.437491783025804,-3.769919904010913,-1.5124009278309736
24.79386878013611,1.0000000000001528,-0.5000000000000763,0.8000000000001222,1.0,-0.5,0.8,-1.5276668818842154e-13,7.627232179174825e-14,-1.2212453270876722e-13,-12.437491783025676,-3.7699199040108624,-1.51240092783096
24.80385708808899,1.0000000000001468,-0.5000000000000733,0.8000000000001173,1.0,-0.5,0.8,-1.467714838554457e-13,7.327471962526033e-14,-1.1723955140041653e-13,-12.437491783025546,-3.7699199040108136,-1.5124009278309465
24.813899040222168,1.0000000000001408,-0.5000000000000703,0.8000000000001124,1.0,-0.5,0.8,-1.4077627952246985e-13,7.027711745877241e-14,-1.1235457009206584e-13,-12.437491783025418,-3.7699199040107634,-1.512400927830933
24.823925971984863,1.0000000000001348,-0.5000000000000673,0.8000000000001075,1.0,-0.5,0.8,-1.34781075189494e-13,6.727951529228449e-14,-1.0746958878371515e-13,-12.437491783025294,-3.769919904010716,-1.5124009278309196
24.833904266357422,1.0000000000001286,-0.5000000000000642,0.8000000000001026,1.0,-0.5,0.8,-1.2856382625159313e-13,6.417089082333405e-14,-1.0258460747536446e-13,-12.437491783025164,-3.769919904010667,-1.5124009278309063
24.843827486038208,1.0000000000001223,-0.5000000000000611,0.8000000000000977,1.0,-0.5,0.8,-1.2234657731369225e-13,6.106226635438361e-14,-9.769962616701378e-14,-12.43749178302504,-3.769919904010618,-1.5124009278308932
24.853813648223877,1.0000000000001161,-0.500000000000058,0.8000000000000929,1.0,-0.5,0.8,-1.1612932837579137e-13,5.795364188543317e-14,-9.281464485866309e-14,-12.437491783024914,-3.769919904010571,-1.5124009278308805
24.86387300491333,1.00000000000011,-0.5000000000000548,0.800000000000088,1.0,-0.5,0.8,-1.099120794378905e-13,5.484501741648273e-14,-8.79296635503124e-14,-12.43749178302479,-3.7699199040105236,-1.5124009278308674
24.873767375946045,1.000000000000104,-0.5000000000000518,0.8000000000000831,1.0,-0.5,0.8,-1.0391687510491465e-13,5.184741524999481e-14,-8.304468224196171e-14,-12.437491783024672,-3.7699199040104783,-1.5124009278308554
24.88386869430542,1.000000000000098,-0.5000000000000488,0.8000000000000782,1.0,-0.5,0.8,-9.792167077193881e-14,4.884981308350689e-14,-7.815970093361102e-14,-12.437491783024555,-3.7699199040104343,-1.5124009278308432
24.89381194114685,1.000000000000092,-0.5000000000000459,0.8000000000000733,1.0,-0.5,0.8,-9.192646643896296e-14,4.5852210917018965e-14,-7.327471962526033e-14,-12.43749178302444,-3.76991990401039,-1.5124009278308312
24.903825759887695,1.000000000000086,-0.5000000000000429,0.8000000000000685,1.0,-0.5,0.8,-8.593126210598712e-14,4.285460875053104e-14,-6.850076061937216e-14,-12.437491783024326,-3.769919904010347,-1.51240092783082
24.91380476951599,1.00000000000008,-0.5000000000000399,0.8000000000000638,1.0,-0.5,0.8,-7.993605777301127e-14,3.985700658404312e-14,-6.372680161348399e-14,-12.437491783024214,-3.7699199040103046,-1.5124009278308084
24.923819065093994,1.000000000000074,-0.5000000000000369,0.800000000000059,1.0,-0.5,0.8,-7.394085344003543e-14,3.68594044175552e-14,-5.895284260759581e-14,-12.437491783024102,-3.769919904010263,-1.5124009278307973
24.933789253234863,1.000000000000068,-0.5000000000000339,0.8000000000000542,1.0,-0.5,0.8,-6.794564910705958e-14,3.3861802251067274e-14,-5.417888360170764e-14,-12.437491783023994,-3.769919904010221,-1.5124009278307857
24.94385862350464,1.0000000000000622,-0.500000000000031,0.8000000000000496,1.0,-0.5,0.8,-6.217248937900877e-14,3.097522238704187e-14,-4.951594689828198e-14,-12.437491783023889,-3.769919904010181,-1.5124009278307753
24.953785181045532,1.0000000000000564,-0.5000000000000281,0.8000000000000449,1.0,-0.5,0.8,-5.639932965095795e-14,2.808864252301646e-14,-4.4853010194856324e-14,-12.437491783023786,-3.769919904010143,-1.512400927830765
24.963837385177612,1.0000000000000506,-0.5000000000000252,0.8000000000000403,1.0,-0.5,0.8,-5.062616992290714e-14,2.5202062658991053e-14,-4.030109579389318e-14,-12.437491783023685,-3.769919904010105,-1.512400927830755
24.973783493041992,1.0000000000000449,-0.5000000000000223,0.8000000000000358,1.0,-0.5,0.8,-4.4853010194856324e-14,2.2315482794965646e-14,-3.574918139293004e-14,-12.437491783023582,-3.769919904010067,-1.512400927830745
24.983898639678955,1.0000000000000393,-0.5000000000000195,0.8000000000000314,1.0,-0.5,0.8,-3.930189507173054e-14,1.9539925233402755e-14,-3.1308289294429414e-14,-12.437491783023487,-3.76991990401003,-1.5124009278307353
24.993812799453735,1.0000000000000338,-0.5000000000000168,0.8000000000000269,1.0,-0.5,0.8,-3.375077994860476e-14,1.6764367671839864e-14,-2.6867397195928788e-14,-12.437491783023392,-3.769919904009995,-1.512400927830726
25.003818035125732,1.0000000000000282,-0.500000000000014,0.8000000000000226,1.0,-0.5,0.8,-2.8199664825478976e-14,1.3988810110276972e-14,-2.2537527399890678e-14,-12.4374917830233,-3.769919904009961,-1.5124009278307167
25.013760328292847,1.0000000000000229,-0.5000000000000113,0.8000000000000183,1.0,-0.5,0.8,-2.2870594307278225e-14,1.1324274851176597e-14,-1.8207657603852567e-14,-12.437491783023212,-3.7699199040099276,-1.5124009278307082
25.023763179779053,1.0000000000000175,-0.5000000000000087,0.800000000000014,1.0,-0.5,0.8,-1.7541523789077473e-14,8.659739592076221e-15,-1.3988810110276972e-14,-12.437491783023123,-3.769919904009895,-1.5124009278306996
25.0337495803833,1.0000000000000124,-0.5000000000000061,0.8000000000000099,1.0,-0.5,0.8,-1.2434497875801753e-14,6.106226635438361e-15,-9.880984919163893e-15,-12.437491783023043,-3.7699199040098645,-1.5124009278306916
25.043753147125244,1.0000000000000073,-0.5000000000000036,0.8000000000000058,1.0,-0.5,0.8,-7.327471962526033e-15,3.552713678800501e-15,-5.773159728050814e-15,-12.437491783022962,-3.7699199040098357,-1.5124009278306838
25.053746938705444,1.0000000000000022,-0.500000000000001,0.8000000000000018,1.0,-0.5,0.8,-2.220446049250313e-15,9.992007221626409e-16,-1.7763568394002505e-15,-12.43749178302288,-3.769919904009805,-1.512400927830676
25.063747882843018,0.9999999999999973,-0.49999999999999856,0.7999999999999979,1.0,-0.5,0.8,2.6645352591003757e-15,-1.4432899320127035e-15,2.1094237467877974e-15,-12.437491783022807,-3.769919904009778,-1.512400927830669
25.07376003265381,0.9999999999999926,-0.49999999999999617,0.799999999999994,1.0,-0.5,0.8,7.438494264988549e-15,-3.83026943495679e-15,5.995204332975845e-15,-12.437491783022734,-3.7699199040097513,-1.5124009278306623
25.083784341812134,0.9999999999999879,-0.49999999999999384,0.7999999999999903,1.0,-0.5,0.8,1.2101430968414206e-14,-6.161737786669619e-15,9.769962616701378e-15,-12.437491783022665,-3.7699199040097264,-1.5124009278306554
25.09384799003601,0.9999999999999832,-0.4999999999999915,0.7999999999999866,1.0,-0.5,0.8,1.6764367671839864e-14,-8.493206138382448e-15,1.3433698597964394e-14,-12.437491783022594,-3.769919904009701,-1.5124009278306492
25.103855848312378,0.9999999999999787,-0.49999999999998923,0.7999999999999831,1.0,-0.5,0.8,2.1316282072803006e-14,-1.0769163338864018e-14,1.6986412276764895e-14,-12.437491783022534,-3.769919904009677,-1.5124009278306432
25.113794088363647,0.9999999999999742,-0.499999999999987,0.7999999999999795,1.0,-0.5,0.8,2.5757174171303632e-14,-1.2989609388114332e-14,2.0539125955565396e-14,-12.43749178302247,-3.769919904009654,-1.5124009278306374
25.123754739761353,0.9999999999999699,-0.49999999999998485,0.7999999999999761,1.0,-0.5,0.8,3.008704396734174e-14,-1.5154544286133387e-14,2.398081733190338e-14,-12.43749178302241,-3.7699199040096323,-1.5124009278306316
25.133756160736084,0.9999999999999658,-0.4999999999999828,0.7999999999999727,1.0,-0.5,0.8,3.419486915845482e-14,-1.7208456881689926e-14,2.731148640577885e-14,-12.437491783022356,-3.7699199040096123,-1.5124009278306267
25.143758296966553,0.9999999999999618,-0.4999999999999808,0.7999999999999695,1.0,-0.5,0.8,3.8191672047105385e-14,-1.9206858326015208e-14,3.0531133177191805e-14,-12.437491783022299,-3.769919904009594,-1.512400927830622
25.153769969940186,0.9999999999999579,-0.49999999999997885,0.7999999999999664,1.0,-0.5,0.8,4.207745263329343e-14,-2.1149748619109232e-14,3.3639757646142243e-14,-12.437491783022251,-3.7699199040095763,-1.5124009278306174
25.163776397705078,0.9999999999999541,-0.49999999999997696,0.7999999999999634,1.0,-0.5,0.8,4.5852210917018965e-14,-2.3037127760971998e-14,3.6637359812630166e-14,-12.437491783022205,-3.7699199040095586,-1.5124009278306132
25.173795223236084,0.9999999999999505,-0.49999999999997513,0.7999999999999605,1.0,-0.5,0.8,4.951594689828198e-14,-2.4868995751603507e-14,3.952393967665557e-14,-12.43749178302216,-3.769919904009543,-1.5124009278306094
25.183990955352783,0.9999999999999469,-0.49999999999997335,0.7999999999999576,1.0,-0.5,0.8,5.306866057708248e-14,-2.6645352591003757e-14,4.241051954068098e-14,-12.437491783022118,-3.769919904009529,-1.5124009278306059
25.193774938583374,0.9999999999999435,-0.49999999999997163,0.7999999999999549,1.0,-0.5,0.8,5.651035195342047e-14,-2.836619827917275e-14,4.518607710224387e-14,-12.437491783022077,-3.769919904009515,-1.5124009278306025
25.203782081604004,0.9999999999999402,-0.49999999999996997,0.7999999999999522,1.0,-0.5,0.8,5.984102102729594e-14,-3.0031532816110484e-14,4.785061236134425e-14,-12.437491783022042,-3.7699199040095017,-1.5124009278305992
25.21378207206726,0.9999999999999369,-0.49999999999996836,0.7999999999999496,1.0,-0.5,0.8,6.306066779870889e-14,-3.164135620181696e-14,5.040412531798211e-14,-12.437491783022006,-3.7699199040094893,-1.5124009278305963
25.22377872467041,0.9999999999999338,-0.4999999999999668,0.7999999999999472,1.0,-0.5,0.8,6.616929226765933e-14,-3.319566843629218e-14,5.284661597215745e-14,-12.437491783021974,-3.769919904009479,-1.5124009278305939
25.23380470275879,0.9999999999999309,-0.49999999999996536,0.7999999999999449,1.0,-0.5,0.8,6.905587213168474e-14,-3.4638958368304884e-14,5.517808432387028e-14,-12.437491783021946,-3.7699199040094697,-1.5124009278305919
25.243847370147705,0.9999999999999282,-0.499999999999964,0.7999999999999426,1.0,-0.5,0.8,7.183142969324763e-14,-3.602673714908633e-14,5.739853037312059e-14,-12.43749178302192,-3.769919904009461,-1.5124009278305899
25.25375485420227,0.9999999999999255,-0.49999999999996264,0.7999999999999405,1.0,-0.5,0.8,7.4495964952348e-14,-3.735900477863652e-14,5.950795411990839e-14,-12.437491783021894,-3.7699199040094533,-1.5124009278305883
25.263747930526733,0.999999999999923,-0.49999999999996136,0.7999999999999385,1.0,-0.5,0.8,7.704947790898586e-14,-3.863576125695545e-14,6.150635556423367e-14,-12.437491783021875,-3.769919904009447,-1.5124009278305868
25.273808002471924,0.9999999999999205,-0.49999999999996014,0.7999999999999367,1.0,-0.5,0.8,7.949196856316121e-14,-3.985700658404312e-14,6.339373470609644e-14,-12.437491783021857,-3.7699199040094413,-1.5124009278305859
25.28381896018982,0.9999999999999182,-0.499999999999959,0.7999999999999349,1.0,-0.5,0.8,8.182343691487404e-14,-4.1022740759899534e-14,6.517009154549669e-14,-12.437491783021843,-3.769919904009436,-1.5124009278305852
25.293758153915405,0.9999999999999161,-0.4999999999999579,0.7999999999999331,1.0,-0.5,0.8,8.393286066166183e-14,-4.207745263329343e-14,6.694644838489694e-14,-12.43749178302183,-3.769919904009433,-1.5124009278305843
25.303813934326172,0.9999999999999141,-0.4999999999999569,0.7999999999999314,1.0,-0.5,0.8,8.593126210598712e-14,-4.3076653355456074e-14,6.861178292183467e-14,-12.43749178302182,-3.7699199040094307,-1.512400927830584
25.313838005065918,0.9999999999999122,-0.499999999999956,0.7999999999999299,1.0,-0.5,0.8,8.781864124784988e-14,-4.4020342926387457e-14,7.016609515630989e-14,-12.437491783021814,-3.769919904009429,-1.5124009278305843
25.32388472557068,0.9999999999999104,-0.4999999999999551,0.7999999999999284,1.0,-0.5,0.8,8.959499808725013e-14,-4.490852134608758e-14,7.16093850883226e-14,-12.437491783021807,-3.769919904009428,-1.5124009278305843
25.33381700515747,0.9999999999999087,-0.49999999999995426,0.7999999999999271,1.0,-0.5,0.8,9.126033262418787e-14,-4.574118861455645e-14,7.294165271787278e-14,-12.437491783021802,-3.769919904009428,-1.5124009278305846
25.343819618225098,0.9999999999999072,-0.4999999999999535,0.7999999999999259,1.0,-0.5,0.8,9.281464485866309e-14,-4.651834473179406e-14,7.416289804496046e-14,-12.437491783021802,-3.7699199040094284,-1.5124009278305854
25.35383915901184,0.9999999999999057,-0.49999999999995276,0.7999999999999248,1.0,-0.5,0.8,9.425793479067579e-14,-4.723998969780041e-14,7.527312106958561e-14,-12.437491783021802,-3.7699199040094302,-1.512400927830586
25.363771677017212,0.9999999999999044,-0.4999999999999521,0.7999999999999238,1.0,-0.5,0.8,9.559020242022598e-14,-4.7906123512575505e-14,7.627232179174825e-14,-12.437491783021803,-3.7699199040094324,-1.5124009278305872
25.373828411102295,0.9999999999999033,-0.49999999999995154,0.7999999999999229,1.0,-0.5,0.8,9.670042544485113e-14,-4.846123502488808e-14,7.716050021144838e-14,-12.437491783021809,-3.7699199040094356,-1.5124009278305883
25.383869171142578,0.9999999999999023,-0.49999999999995104,0.799999999999922,1.0,-0.5,0.8,9.769962616701378e-14,-4.8960835385969403e-14,7.80486786311485e-14,-12.43749178302182,-3.76991990400944,-1.5124009278305903
25.393834114074707,0.9999999999999014,-0.4999999999999506,0.7999999999999212,1.0,-0.5,0.8,9.85878045867139e-14,-4.9404924595819466e-14,7.882583474838611e-14,-12.437491783021828,-3.7699199040094453,-1.5124009278305919
25.403849124908447,0.9999999999999006,-0.4999999999999502,0.7999999999999206,1.0,-0.5,0.8,9.936496070395151e-14,-4.979350265443827e-14,7.949196856316121e-14,-12.43749178302184,-3.769919904009451,-1.5124009278305939
25.413859844207764,0.9999999999999,-0.4999999999999499,0.79999999999992,1.0,-0.5,0.8,1.000310945187266e-13,-5.012656956182582e-14,8.004708007547379e-14,-12.437491783021857,-3.769919904009458,-1.5124009278305959
25.423753261566162,0.9999999999998994,-0.4999999999999496,0.7999999999999196,1.0,-0.5,0.8,1.0058620603103918e-13,-5.040412531798211e-14,8.049116928532385e-14,-12.437491783021873,-3.7699199040094653,-1.5124009278305983
25.433786392211914,0.999999999999899,-0.4999999999999494,0.7999999999999192,1.0,-0.5,0.8,1.0103029524088925e-13,-5.062616992290714e-14,8.08242361927114e-14,-12.437491783021892,-3.7699199040094737,-1.512400927830601
25.443764209747314,0.9999999999998986,-0.4999999999999492,0.7999999999999189,1.0,-0.5,0.8,1.0136336214827679e-13,-5.079270337660091e-14,8.115730310009894e-14,-12.43749178302191,-3.769919904009482,-1.5124009278306036
25.45377516746521,0.9999999999998984,-0.4999999999999491,0.7999999999999187,1.0,-0.5,0.8,1.0158540675320182e-13,-5.090372567906343e-14,8.137934770502397e-14,-12.437491783021931,-3.769919904009491,-1.5124009278306063
25.463870525360107,0.9999999999998983,-0.49999999999994904,0.7999999999999186,1.0,-0.5,0.8,1.0169642905566434e-13,-5.0959236830294685e-14,8.149037000748649e-14,-12.437491783021954,-3.7699199040095013,-1.5124009278306094
25.4738347530365,0.9999999999998983,-0.49999999999994904,0.7999999999999186,1.0,-0.5,0.8,1.0169642905566434e-13,-5.0959236830294685e-14,8.149037000748649e-14,-12.43749178302198,-3.769919904009512,-1.5124009278306128
25.48384404182434,0.9999999999998984,-0.4999999999999491,0.7999999999999186,1.0,-0.5,0.8,1.0158540675320182e-13,-5.090372567906343e-14,8.149037000748649e-14,-12.437491783022006,-3.769919904009523,-1.5124009278306159
25.49380087852478,0.9999999999998985,-0.4999999999999492,0.7999999999999187,1.0,-0.5,0.8,1.0147438445073931e-13,-5.079270337660091e-14,8.137934770502397e-14,-12.43749178302203,-3.7699199040095337,-1.5124009278306192
25.503869771957397,0.9999999999998987,-0.4999999999999493,0.7999999999999189,1.0,-0.5,0.8,1.0125233984581428e-13,-5.0681681074138396e-14,8.115730310009894e-14,-12.43749178302206,-3.7699199040095457,-1.5124009278306227
25.513760089874268,0.9999999999998991,-0.4999999999999495,0.7999999999999192,1.0,-0.5,0.8,1.0091927293842673e-13,-5.051514762044462e-14,8.08242361927114e-14,-12.437491783022091,-3.769919904009558,-1.5124009278306265
25.523738622665405,0.9999999999998995,-0.4999999999999497,0.7999999999999196,1.0,-0.5,0.8,1.0047518372857667e-13,-5.029310301551959e-14,8.049116928532385e-14,-12.437491783022121,-3.7699199040095706,-1.5124009278306303
25.533743381500244,0.9999999999999001,-0.49999999999995,0.79999999999992,1.0,-0.5,0.8,9.992007221626409e-14,-5.00155472593633e-14,8.004708007547379e-14,-12.437491783022155,-3.7699199040095848,-1.5124009278306343
25.543742179870605,0.9999999999999007,-0.4999999999999503,0.7999999999999206,1.0,-0.5,0.8,9.9253938401489e-14,-4.9682480351975755e-14,7.949196856316121e-14,-12.437491783022189,-3.769919904009598,-1.5124009278306385
25.553797006607056,0.9999999999999014,-0.4999999999999507,0.7999999999999211,1.0,-0.5,0.8,9.85878045867139e-14,-4.929390229335695e-14,7.893685705084863e-14,-12.437491783022223,-3.7699199040096123,-1.5124009278306425
25.56382727622986,0.9999999999999022,-0.4999999999999511,0.7999999999999218,1.0,-0.5,0.8,9.781064846947629e-14,-4.8905324234738146e-14,7.827072323607354e-14,-12.437491783022258,-3.769919904009627,-1.5124009278306467
25.57381010055542,0.9999999999999031,-0.49999999999995154,0.7999999999999224,1.0,-0.5,0.8,9.692247004977617e-14,-4.846123502488808e-14,7.760458942129844e-14,-12.437491783022296,-3.7699199040096416,-1.5124009278306512
25.583751678466797,0.9999999999999041,-0.49999999999995204,0.7999999999999232,1.0,-0.5,0.8,9.592326932761353e-14,-4.796163466380676e-14,7.682743330406083e-14,-12.437491783022335,-3.7699199040096576,-1.5124009278306556
25.593801498413086,0.9999999999999051,-0.49999999999995254,0.7999999999999241,1.0,-0.5,0.8,9.492406860545088e-14,-4.746203430272544e-14,7.593925488436071e-14,-12.437491783022374,-3.769919904009673,-1.51240092783066
25.60383677482605,0.9999999999999062,-0.4999999999999531,0.799999999999925,1.0,-0.5,0.8,9.381384558082573e-14,-4.6906922790412864e-14,7.505107646466058e-14,-12.437491783022413,-3.7699199040096887,-1.512400927830665
25.613804817199707,0.9999999999999074,-0.4999999999999537,0.799999999999926,1.0,-0.5,0.8,9.259260025373806e-14,-4.629630012686903e-14,7.405187574249794e-14,-12.437491783022455,-3.769919904009706,-1.5124009278306696
25.623842477798462,0.9999999999999086,-0.4999999999999543,0.799999999999927,1.0,-0.5,0.8,9.137135492665038e-14,-4.568567746332519e-14,7.30526750203353e-14,-12.437491783022498,-3.769919904009722,-1.512400927830674
25.633909940719604,0.99999999999991,-0.499999999999955,0.7999999999999281,1.0,-0.5,0.8,9.00390872971002e-14,-4.50195436485501e-14,7.194245199571014e-14,-12.43749178302254,-3.769919904009739,-1.512400927830679
25.643747091293335,0.9999999999999113,-0.4999999999999557,0.7999999999999292,1.0,-0.5,0.8,8.870681966755001e-14,-4.4297898682543746e-14,7.083222897108499e-14,-12.437491783022582,-3.7699199040097553,-1.5124009278306838
25.653772115707397,0.9999999999999127,-0.4999999999999564,0.7999999999999303,1.0,-0.5,0.8,8.72635297355373e-14,-4.3576253716537394e-14,6.972200594645983e-14,-12.437491783022624,-3.7699199040097726,-1.5124009278306885
25.663833141326904,0.9999999999999143,-0.4999999999999572,0.7999999999999315,1.0,-0.5,0.8,8.570921750106208e-14,-4.2799097599299785e-14,6.850076061937216e-14,-12.43749178302267,-3.7699199040097913,-1.5124009278306936
25.673834800720215,0.9999999999999158,-0.499999999999958,0.7999999999999328,1.0,-0.5,0.8,8.415490526658687e-14,-4.2021941482062175e-14,6.727951529228449e-14,-12.437491783022713,-3.7699199040098077,-1.5124009278306987
25.68378233909607,0.9999999999999175,-0.4999999999999588,0.7999999999999341,1.0,-0.5,0.8,8.248957072964913e-14,-4.118927421359331e-14,6.59472476627343e-14,-12.43749178302276,-3.769919904009827,-1.5124009278307038
25.693838596343994,0.9999999999999192,-0.49999999999995964,0.7999999999999354,1.0,-0.5,0.8,8.08242361927114e-14,-4.035660694512444e-14,6.461498003318411e-14,-12.437491783022805,-3.769919904009844,-1.5124009278307087
25.703863620758057,0.9999999999999208,-0.4999999999999605,0.7999999999999368,1.0,-0.5,0.8,7.915890165577366e-14,-3.952393967665557e-14,6.328271240363392e-14,-12.437491783022852,-3.769919904009862,-1.5124009278307136
25.71377444267273,0.9999999999999226,-0.49999999999996136,0.7999999999999382,1.0,-0.5,0.8,7.738254481637341e-14,-3.863576125695545e-14,6.183942247162122e-14,-12.437491783022896,-3.7699199040098805,-1.5124009278307189
25.72374939918518,0.9999999999999244,-0.49999999999996225,0.7999999999999396,1.0,-0.5,0.8,7.560618797697316e-14,-3.774758283725532e-14,6.039613253960852e-14,-12.437491783022944,-3.7699199040098987,-1.5124009278307238
25.733722448349,0.9999999999999263,-0.4999999999999632,0.7999999999999411,1.0,-0.5,0.8,7.37188088351104e-14,-3.680389326632394e-14,5.895284260759581e-14,-12.43749178302299,-3.7699199040099165,-1.5124009278307289
25.743777990341187,0.9999999999999282,-0.49999999999996414,0.7999999999999426,1.0,-0.5,0.8,7.183142969324763e-14,-3.5860203695392556e-14,5.739853037312059e-14,-12.437491783023038,-3.7699199040099356,-1.512400927830734
25.75378966331482,0.9999999999999301,-0.4999999999999651,0.7999999999999442,1.0,-0.5,0.8,6.994405055138486e-14,-3.4916514124461173e-14,5.5844218138645374e-14,-12.437491783023084,-3.7699199040099534,-1.512400927830739
25.76380705833435,0.9999999999999319,-0.4999999999999661,0.7999999999999458,1.0,-0.5,0.8,6.80566714095221e-14,-3.391731340229853e-14,5.4289905904170155e-14,-12.43749178302313,-3.7699199040099707,-1.5124009278307438
25.773911714553833,0.9999999999999339,-0.4999999999999671,0.7999999999999473,1.0,-0.5,0.8,6.605826996519681e-14,-3.291811268013589e-14,5.2735593669694936e-14,-12.437491783023177,-3.769919904009989,-1.5124009278307489
25.783776998519897,0.9999999999999359,-0.4999999999999681,0.7999999999999489,1.0,-0.5,0.8,6.405986852087153e-14,-3.191891195797325e-14,5.1181281435219717e-14,-12.437491783023223,-3.7699199040100075,-1.5124009278307542
25.793811559677124,0.9999999999999379,-0.4999999999999691,0.7999999999999505,1.0,-0.5,0.8,6.206146707654625e-14,-3.091971123581061e-14,4.951594689828198e-14,-12.437491783023269,-3.769919904010025,-1.512400927830759
25.803952932357788,0.9999999999999399,-0.4999999999999701,0.7999999999999522,1.0,-0.5,0.8,6.006306563222097e-14,-2.992051051364797e-14,4.785061236134425e-14,-12.437491783023313,-3.769919904010042,-1.5124009278307637
25.813851594924927,0.999999999999942,-0.49999999999997113,0.7999999999999539,1.0,-0.5,0.8,5.795364188543317e-14,-2.886579864025407e-14,4.618527782440651e-14,-12.43749178302336,-3.769919904010061,-1.512400927830769
25.823904514312744,0.9999999999999442,-0.4999999999999722,0.7999999999999555,1.0,-0.5,0.8,5.5844218138645374e-14,-2.781108676686017e-14,4.451994328746878e-14,-12.43749178302341,-3.769919904010079,-1.5124009278307737
25.83386492729187,0.9999999999999463,-0.49999999999997324,0.7999999999999572,1.0,-0.5,0.8,5.3734794391857577e-14,-2.6756374893466273e-14,4.285460875053104e-14,-12.437491783023455,-3.769919904010096,-1.5124009278307784
25.843886137008667,0.9999999999999484,-0.4999999999999743,0.7999999999999589,1.0,-0.5,0.8,5.162537064506978e-14,-2.5701663020072374e-14,4.118927421359331e-14,-12.4374917830235,-3.7699199040101137,-1.5124009278307835
25.853821754455566,0.9999999999999505,-0.49999999999997535,0.7999999999999605,1.0,-0.5,0.8,4.951594689828198e-14,-2.4646951146678475e-14,3.952393967665557e-14,-12.437491783023543,-3.7699199040101314,-1.512400927830788
25.86382293701172,0.9999999999999526,-0.4999999999999764,0.7999999999999622,1.0,-0.5,0.8,4.7406523151494184e-14,-2.3592239273284576e-14,3.785860513971784e-14,-12.437491783023585,-3.7699199040101474,-1.5124009278307926
25.873818159103394,0.9999999999999547,-0.49999999999997746,0.7999999999999639,1.0,-0.5,0.8,4.529709940470639e-14,-2.2537527399890678e-14,3.6193270602780103e-14,-12.437491783023633,-3.7699199040101647,-1.512400927830797
25.88385581970215,0.9999999999999568,-0.4999999999999785,0.7999999999999655,1.0,-0.5,0.8,4.318767565791859e-14,-2.148281552649678e-14,3.452793606584237e-14,-12.437491783023678,-3.7699199040101816,-1.5124009278308017
25.893829822540283,0.9999999999999589,-0.49999999999997957,0.7999999999999672,1.0,-0.5,0.8,4.107825191113079e-14,-2.042810365310288e-14,3.2862601528904634e-14,-12.437491783023717,-3.7699199040101976,-1.5124009278308062
25.9038348197937,0.999999999999961,-0.4999999999999806,0.7999999999999688,1.0,-0.5,0.8,3.8968828164342995e-14,-1.9373391779708982e-14,3.11972669919669e-14,-12.43749178302376,-3.7699199040102136,-1.5124009278308106
25.91382932662964,0.9999999999999631,-0.4999999999999817,0.7999999999999705,1.0,-0.5,0.8,3.68594044175552e-14,-1.8318679906315083e-14,2.9531932455029164e-14,-12.437491783023805,-3.76991990401023,-1.5124009278308148
25.923722505569458,0.9999999999999653,-0.49999999999998274,0.7999999999999722,1.0,-0.5,0.8,3.47499806707674e-14,-1.7263968032921184e-14,2.786659791809143e-14,-12.437491783023843,-3.7699199040102456,-1.512400927830819
25.933740615844727,0.9999999999999674,-0.4999999999999838,0.7999999999999738,1.0,-0.5,0.8,3.26405569239796e-14,-1.6209256159527285e-14,2.6201263381153694e-14,-12.437491783023884,-3.7699199040102602,-1.5124009278308228
25.94380521774292,0.9999999999999695,-0.49999999999998485,0.7999999999999755,1.0,-0.5,0.8,3.0531133177191805e-14,-1.5154544286133387e-14,2.453592884421596e-14,-12.437491783023923,-3.7699199040102758,-1.5124009278308272
25.95386576652527,0.9999999999999716,-0.4999999999999859,0.7999999999999772,1.0,-0.5,0.8,2.842170943040401e-14,-1.4099832412739488e-14,2.2870594307278225e-14,-12.437491783023964,-3.7699199040102904,-1.5124009278308312
25.96376323699951,0.9999999999999737,-0.49999999999998695,0.7999999999999788,1.0,-0.5,0.8,2.631228568361621e-14,-1.304512053934559e-14,2.120525977034049e-14,-12.437491783024,-3.7699199040103055,-1.512400927830835
25.973809003829956,0.9999999999999758,-0.499999999999988,0.7999999999999805,1.0,-0.5,0.8,2.4202861936828413e-14,-1.199040866595169e-14,1.9539925233402755e-14,-12.43749178302404,-3.76991990401032,-1.5124009278308392
25.983773708343506,0.9999999999999778,-0.499999999999989,0.7999999999999822,1.0,-0.5,0.8,2.220446049250313e-14,-1.099120794378905e-14,1.787459069646502e-14,-12.437491783024079,-3.769919904010334,-1.5124009278308428
25.993793487548828,0.9999999999999798,-0.49999999999999,0.7999999999999838,1.0,-0.5,0.8,2.020605904817785e-14,-9.992007221626409e-15,1.6209256159527285e-14,-12.437491783024115,-3.7699199040103473,-1.5124009278308466
26.00376558303833,0.9999999999999818,-0.499999999999991,0.7999999999999854,1.0,-0.5,0.8,1.8207657603852567e-14,-8.992806499463768e-15,1.4654943925052066e-14,-12.437491783024146,-3.7699199040103606,-1.5124009278308501
26.01376748085022,0.9999999999999838,-0.499999999999992,0.7999999999999869,1.0,-0.5,0.8,1.6209256159527285e-14,-7.993605777301127e-15,1.3100631690576847e-14,-12.437491783024184,-3.769919904010374,-1.5124009278308537
26.023749828338623,0.9999999999999858,-0.499999999999993,0.7999999999999885,1.0,-0.5,0.8,1.4210854715202004e-14,-6.994405055138486e-15,1.1546319456101628e-14,-12.437491783024218,-3.769919904010387,-1.512400927830857
26.03375482559204,0.9999999999999877,-0.49999999999999395,0.79999999999999,1.0,-0.5,0.8,1.2323475573339238e-14,-6.050715484207103e-15,9.992007221626409e-15,-12.43749178302425,-3.7699199040103992,-1.5124009278308603
26.043753385543823,0.9999999999999896,-0.4999999999999949,0.7999999999999916,1.0,-0.5,0.8,1.0436096431476471e-14,-5.10702591327572e-15,8.43769498715119e-15,-12.437491783024281,-3.7699199040104108,-1.5124009278308634
26.053784370422363,0.9999999999999915,-0.49999999999999584,0.7999999999999932,1.0,-0.5,0.8,8.548717289613705e-15,-4.163336342344337e-15,6.8833827526759706e-15,-12.437491783024313,-3.7699199040104228,-1.5124009278308663
26.063822269439697,0.9999999999999933,-0.4999999999999968,0.7999999999999946,1.0,-0.5,0.8,6.661338147750939e-15,-3.219646771412954e-15,5.440092820663267e-15,-12.437491783024344,-3.769919904010434,-1.5124009278308694
26.07376265525818,0.9999999999999951,-0.49999999999999767,0.799999999999996,1.0,-0.5,0.8,4.884981308350689e-15,-2.3314683517128287e-15,3.9968028886505635e-15,-12.437491783024374,-3.7699199040104445,-1.5124009278308723
26.08383274078369,0.9999999999999969,-0.49999999999999856,0.7999999999999975,1.0,-0.5,0.8,3.1086244689504383e-15,-1.4432899320127035e-15,2.55351295663786e-15,-12.437491783024402,-3.769919904010455,-1.512400927830875
26.093814611434937,0.9999999999999987,-0.49999999999999944,0.7999999999999989,1.0,-0.5,0.8,1.3322676295501878e-15,-5.551115123125783e-16,1.1102230246251565e-15,-12.43749178302443,-3.769919904010466,-1.5124009278308777
26.10377788543701,1.0000000000000004,-0.5000000000000003,0.8000000000000003,1.0,-0.5,0.8,-4.440892098500626e-16,3.3306690738754696e-16,-2.220446049250313e-16,-12.437491783024457,-3.7699199040104756,-1.5124009278308803
26.113853693008423,1.0000000000000022,-0.5000000000000012,0.8000000000000016,1.0,-0.5,0.8,-2.220446049250313e-15,1.2212453270876722e-15,-1.5543122344752192e-15,-12.437491783024484,-3.769919904010486,-1.512400927830883
26.123783588409424,1.0000000000000038,-0.500000000000002,0.8000000000000029,1.0,-0.5,0.8,-3.774758283725532e-15,1.9984014443252818e-15,-2.886579864025407e-15,-12.437491783024505,-3.769919904010494,-1.5124009278308852
26.133784770965576,1.0000000000000053,-0.5000000000000028,0.8000000000000043,1.0,-0.5,0.8,-5.329070518200751e-15,2.7755575615628914e-15,-4.218847493575595e-15,-12.437491783024528,-3.7699199040105027,-1.5124009278308874
26.143876552581787,1.0000000000000069,-0.5000000000000036,0.8000000000000055,1.0,-0.5,0.8,-6.8833827526759706e-15,3.552713678800501e-15,-5.440092820663267e-15,-12.437491783024553,-3.7699199040105107,-1.5124009278308894
26.15385365486145,1.0000000000000084,-0.5000000000000043,0.8000000000000067,1.0,-0.5,0.8,-8.43769498715119e-15,4.3298697960381105e-15,-6.661338147750939e-15,-12.437491783024573,-3.769919904010519,-1.5124009278308914
26.163900136947632,1.00000000000001,-0.5000000000000051,0.8000000000000079,1.0,-0.5,0.8,-9.992007221626409e-15,5.10702591327572e-15,-7.882583474838611e-15,-12.437491783024596,-3.7699199040105262,-1.5124009278308936
26.173853158950806,1.0000000000000115,-0.5000000000000059,0.8000000000000091,1.0,-0.5,0.8,-1.1546319456101628e-14,5.88418203051333e-15,-9.103828801926284e-15,-12.437491783024617,-3.7699199040105342,-1.5124009278308956
26.183828115463257,1.0000000000000129,-0.5000000000000066,0.8000000000000103,1.0,-0.5,0.8,-1.2878587085651816e-14,6.5503158452884236e-15,-1.021405182655144e-14,-12.437491783024637,-3.76991990401054,-1.512400927830897
26.193804502487183,1.0000000000000142,-0.5000000000000072,0.8000000000000114,1.0,-0.5,0.8,-1.4210854715202004e-14,7.216449660063518e-15,-1.1324274851176597e-14,-12.437491783024651,-3.769919904010546,-1.5124009278308985
26.20374345779419,1.0000000000000155,-0.5000000000000079,0.8000000000000125,1.0,-0.5,0.8,-1.554312234475219e-14,7.882583474838611e-15,-1.2434497875801753e-14,-12.43749178302467,-3.769919904010553,-1.5124009278309
26.213751316070557,1.0000000000000169,-0.5000000000000085,0.8000000000000135,1.0,-0.5,0.8,-1.687538997430238e-14,8.548717289613705e-15,-1.3433698597964394e-14,-12.437491783024685,-3.7699199040105587,-1.5124009278309016
26.223796129226685,1.0000000000000182,-0.5000000000000092,0.8000000000000145,1.0,-0.5,0.8,-1.8207657603852567e-14,9.2148511043888e-15,-1.4432899320127035e-14,-12.4374917830247,-3.769919904010565,-1.5124009278309027
26.233744621276855,1.0000000000000193,-0.5000000000000098,0.8000000000000155,1.0,-0.5,0.8,-1.9317880628477724e-14,9.769962616701378e-15,-1.5432100042289676e-14,-12.437491783024715,-3.7699199040105693,-1.512400927830904
26.24375081062317,1.0000000000000204,-0.5000000000000103,0.8000000000000164,1.0,-0.5,0.8,-2.042810365310288e-14,1.0325074129013956e-14,-1.63202784619898e-14,-12.437491783024724,-3.769919904010573,-1.512400927830905
26.25373101234436,1.0000000000000215,-0.5000000000000109,0.8000000000000173,1.0,-0.5,0.8,-2.1538326677728037e-14,1.0880185641326534e-14,-1.7208456881689926e-14,-12.437491783024738,-3.769919904010577,-1.5124009278309059
26.26376748085022,1.0000000000000226,-0.5000000000000114,0.8000000000000181,1.0,-0.5,0.8,-2.2648549702353193e-14,1.1435297153639112e-14,-1.8096635301390052e-14,-12.43749178302475,-3.7699199040105813,-1.512400927830907
26.27373242378235,1.0000000000000238,-0.500000000000012,0.8000000000000189,1.0,-0.5,0.8,-2.375877272697835e-14,1.199040866595169e-14,-1.887379141862766e-14,-12.437491783024763,-3.7699199040105844,-1.5124009278309078
26.28375744819641,1.0000000000000246,-0.5000000000000124,0.8000000000000197,1.0,-0.5,0.8,-2.4646951146678475e-14,1.2434497875801753e-14,-1.965094753586527e-14,-12.43749178302477,-3.769919904010587,-1.5124009278309083
26.29378604888916,1.0000000000000255,-0.5000000000000129,0.8000000000000205,1.0,-0.5,0.8,-2.55351295663786e-14,1.2878587085651816e-14,-2.042810365310288e-14,-12.437491783024775,-3.7699199040105893,-1.512400927830909
26.303847312927246,1.0000000000000264,-0.5000000000000133,0.8000000000000211,1.0,-0.5,0.8,-2.6423307986078726e-14,1.3322676295501878e-14,-2.1094237467877974e-14,-12.437491783024784,-3.769919904010592,-1.5124009278309094
26.313758850097656,1.0000000000000273,-0.5000000000000138,0.8000000000000218,1.0,-0.5,0.8,-2.731148640577885e-14,1.3766765505351941e-14,-2.1760371282653068e-14,-12.43749178302479,-3.769919904010594,-1.5124009278309096
26.323787689208984,1.0000000000000282,-0.5000000000000142,0.8000000000000225,1.0,-0.5,0.8,-2.8199664825478976e-14,1.4210854715202004e-14,-2.2426505097428162e-14,-12.437491783024798,-3.7699199040105964,-1.5124009278309103
26.333961725234985,1.0000000000000289,-0.5000000000000145,0.8000000000000231,1.0,-0.5,0.8,-2.886579864025407e-14,1.454392162258955e-14,-2.3092638912203256e-14,-12.437491783024802,-3.7699199040105977,-1.5124009278309105
26.34384059906006,1.0000000000000295,-0.5000000000000149,0.8000000000000237,1.0,-0.5,0.8,-2.9531932455029164e-14,1.4876988529977098e-14,-2.3647750424515834e-14,-12.437491783024804,-3.769919904010598,-1.5124009278309105
26.353888273239136,1.0000000000000302,-0.5000000000000152,0.8000000000000242,1.0,-0.5,0.8,-3.019806626980426e-14,1.5210055437364645e-14,-2.4202861936828413e-14,-12.437491783024809,-3.769919904010599,-1.5124009278309103
26.36380672454834,1.0000000000000309,-0.5000000000000155,0.8000000000000248,1.0,-0.5,0.8,-3.086420008457935e-14,1.554312234475219e-14,-2.475797344914099e-14,-12.437491783024809,-3.7699199040106,-1.5124009278309103
26.37381649017334,1.0000000000000315,-0.5000000000000159,0.8000000000000252,1.0,-0.5,0.8,-3.1530333899354446e-14,1.587618925213974e-14,-2.5202062658991053e-14,-12.437491783024814,-3.7699199040106004,-1.5124009278309105
26.38378095626831,1.000000000000032,-0.5000000000000161,0.8000000000000257,1.0,-0.5,0.8,-3.197442310920451e-14,1.609823385706477e-14,-2.5646151868841116e-14,-12.437491783024813,-3.7699199040105986,-1.51240092783091
26.393871784210205,1.0000000000000324,-0.5000000000000163,0.8000000000000261,1.0,-0.5,0.8,-3.241851231905457e-14,1.63202784619898e-14,-2.609024107869118e-14,-12.437491783024809,-3.769919904010598,-1.5124009278309096
26.40385603904724,1.0000000000000329,-0.5000000000000165,0.8000000000000265,1.0,-0.5,0.8,-3.2862601528904634e-14,1.6542323066914832e-14,-2.6423307986078726e-14,-12.43749178302481,-3.769919904010597,-1.5124009278309094
26.413822889328003,1.0000000000000333,-0.5000000000000168,0.8000000000000268,1.0,-0.5,0.8,-3.3306690738754696e-14,1.6764367671839864e-14,-2.6756374893466273e-14,-12.437491783024807,-3.769919904010596,-1.512400927830909
26.42385768890381,1.0000000000000338,-0.500000000000017,0.8000000000000271,1.0,-0.5,0.8,-3.375077994860476e-14,1.6986412276764895e-14,-2.708944180085382e-14,-12.437491783024804,-3.7699199040105955,-1.5124009278309085
26.433793544769287,1.0000000000000342,-0.5000000000000171,0.8000000000000274,1.0,-0.5,0.8,-3.419486915845482e-14,1.709743457922741e-14,-2.731148640577885e-14,-12.437491783024804,-3.7699199040105955,-1.512400927830908
26.443847179412842,1.0000000000000344,-0.5000000000000172,0.8000000000000276,1.0,-0.5,0.8,-3.441691376337985e-14,1.7208456881689926e-14,-2.7533531010703882e-14,-12.437491783024802,-3.769919904010593,-1.5124009278309074
26.453763246536255,1.0000000000000346,-0.5000000000000173,0.8000000000000278,1.0,-0.5,0.8,-3.4638958368304884e-14,1.7319479184152442e-14,-2.7755575615628914e-14,-12.437491783024797,-3.769919904010591,-1.512400927830907
26.46381640434265,1.0000000000000349,-0.5000000000000174,0.800000000000028,1.0,-0.5,0.8,-3.4861002973229915e-14,1.7430501486614958e-14,-2.7977620220553945e-14,-12.437491783024791,-3.769919904010588,-1.512400927830906
26.47389793395996,1.000000000000035,-0.5000000000000175,0.8000000000000281,1.0,-0.5,0.8,-3.5083047578154947e-14,1.7541523789077473e-14,-2.808864252301646e-14,-12.437491783024786,-3.7699199040105866,-1.5124009278309052
26.483835697174072,1.0000000000000353,-0.5000000000000177,0.8000000000000282,1.0,-0.5,0.8,-3.530509218307998e-14,1.765254609153999e-14,-2.8199664825478976e-14,-12.43749178302478,-3.7699199040105835,-1.5124009278309045
26.49377202987671,1.0000000000000353,-0.5000000000000177,0.8000000000000284,1.0,-0.5,0.8,-3.530509218307998e-14,1.765254609153999e-14,-2.8310687127941492e-14,-12.437491783024772,-3.76991990401058,-1.5124009278309034
26.503835201263428,1.0000000000000353,-0.5000000000000177,0.8000000000000284,1.0,-0.5,0.8,-3.530509218307998e-14,1.765254609153999e-14,-2.8310687127941492e-14,-12.437491783024763,-3.769919904010576,-1.5124009278309023
26.513741970062256,1.0000000000000353,-0.5000000000000177,0.8000000000000284,1.0,-0.5,0.8,-3.530509218307998e-14,1.765254609153999e-14,-2.8310687127941492e-14,-12.437491783024754,-3.7699199040105724,-1.5124009278309012
26.523762226104736,1.0000000000000353,-0.5000000000000177,0.8000000000000284,1.0,-0.5,0.8,-3.530509218307998e-14,1.765254609153999e-14,-2.8310687127941492e-14,-12.437491783024745,-3.769919904010569,-1.5124009278309
26.533782243728638,1.0000000000000353,-0.5000000000000177,0.8000000000000284,1.0,-0.5,0.8,-3.530509218307998e-14,1.765254609153999e-14,-2.8310687127941492e-14,-12.437491783024736,-3.7699199040105653,-1.512400927830899
26.543776988983154,1.0000000000000353,-0.5000000000000177,0.8000000000000282,1.0,-0.5,0.8,-3.530509218307998e-14,1.765254609153999e-14,-2.8199664825478976e-14,-12.437491783024727,-3.7699199040105613,-1.5124009278308979
26.553805351257324,1.000000000000035,-0.5000000000000175,0.8000000000000281,1.0,-0.5,0.8,-3.5083047578154947e-14,1.7541523789077473e-14,-2.808864252301646e-14,-12.437491783024717,-3.769919904010557,-1.5124009278308963
26.563809871673584,1.0000000000000349,-0.5000000000000174,0.800000000000028,1.0,-0.5,0.8,-3.4861002973229915e-14,1.7430501486614958e-14,-2.7977620220553945e-14,-12.437491783024706,-3.769919904010551,-1.512400927830895
26.57377314567566,1.0000000000000346,-0.5000000000000173,0.8000000000000279,1.0,-0.5,0.8,-3.4638958368304884e-14,1.7319479184152442e-14,-2.786659791809143e-14,-12.437491783024694,-3.769919904010547,-1.5124009278308936
26.583789348602295,1.0000000000000344,-0.5000000000000172,0.8000000000000277,1.0,-0.5,0.8,-3.441691376337985e-14,1.7208456881689926e-14,-2.7644553313166398e-14,-12.437491783024681,-3.7699199040105418,-1.5124009278308919
26.593770265579224,1.0000000000000342,-0.5000000000000171,0.8000000000000275,1.0,-0.5,0.8,-3.419486915845482e-14,1.709743457922741e-14,-2.7422508708241367e-14,-12.437491783024665,-3.7699199040105373,-1.5124009278308905
26.603821277618408,1.000000000000034,-0.500000000000017,0.8000000000000272,1.0,-0.5,0.8,-3.397282455352979e-14,1.6986412276764895e-14,-2.7200464103316335e-14,-12.437491783024656,-3.7699199040105316,-1.512400927830889
26.613877534866333,1.0000000000000338,-0.5000000000000169,0.800000000000027,1.0,-0.5,0.8,-3.375077994860476e-14,1.687538997430238e-14,-2.6978419498391304e-14,-12.437491783024646,-3.7699199040105276,-1.5124009278308876
26.623838901519775,1.0000000000000335,-0.5000000000000167,0.8000000000000268,1.0,-0.5,0.8,-3.352873534367973e-14,1.6653345369377348e-14,-2.6756374893466273e-14,-12.437491783024635,-3.7699199040105236,-1.5124009278308865
26.633793115615845,1.000000000000033,-0.5000000000000164,0.8000000000000265,1.0,-0.5,0.8,-3.3084646133829665e-14,1.6431300764452317e-14,-2.6423307986078726e-14,-12.437491783024619,-3.7699199040105174,-1.512400927830885
26.6439688205719,1.0000000000000326,-0.5000000000000162,0.8000000000000261,1.0,-0.5,0.8,-3.26405569239796e-14,1.6209256159527285e-14,-2.609024107869118e-14,-12.437491783024605,-3.769919904010511,-1.5124009278308828
26.65384840965271,1.0000000000000322,-0.500000000000016,0.8000000000000258,1.0,-0.5,0.8,-3.219646771412954e-14,1.5987211554602254e-14,-2.5757174171303632e-14,-12.437491783024589,-3.769919904010506,-1.5124009278308812
26.663789987564087,1.0000000000000318,-0.5000000000000158,0.8000000000000255,1.0,-0.5,0.8,-3.175237850427948e-14,1.5765166949677223e-14,-2.5424107263916085e-14,-12.437491783024578,-3.7699199040105005,-1.5124009278308796
26.673827648162842,1.0000000000000313,-0.5000000000000155,0.8000000000000251,1.0,-0.5,0.8,-3.1308289294429414e-14,1.554312234475219e-14,-2.5091040356528538e-14,-12.43749178302456,-3.7699199040104943,-1.5124009278308783
26.68383240699768,1.0000000000000309,-0.5000000000000153,0.8000000000000248,1.0,-0.5,0.8,-3.086420008457935e-14,1.532107773982716e-14,-2.475797344914099e-14,-12.437491783024546,-3.7699199040104885,-1.5124009278308763
26.693782567977905,1.0000000000000304,-0.5000000000000151,0.8000000000000244,1.0,-0.5,0.8,-3.042011087472929e-14,1.509903313490213e-14,-2.4313884239290928e-14,-12.437491783024534,-3.769919904010483,-1.5124009278308748
26.703862190246582,1.00000000000003,-0.5000000000000149,0.8000000000000239,1.0,-0.5,0.8,-2.9976021664879227e-14,1.4876988529977098e-14,-2.3869795029440866e-14,-12.437491783024518,-3.7699199040104774,-1.5124009278308732
26.71383500099182,1.0000000000000295,-0.5000000000000147,0.8000000000000235,1.0,-0.5,0.8,-2.9531932455029164e-14,1.4654943925052066e-14,-2.3425705819590803e-14,-12.437491783024504,-3.7699199040104716,-1.5124009278308717
26.723782300949097,1.0000000000000289,-0.5000000000000143,0.800000000000023,1.0,-0.5,0.8,-2.886579864025407e-14,1.432187701766452e-14,-2.298161660974074e-14,-12.437491783024486,-3.769919904010465,-1.5124009278308699
26.733855962753296,1.0000000000000282,-0.500000000000014,0.8000000000000226,1.0,-0.5,0.8,-2.8199664825478976e-14,1.3988810110276972e-14,-2.2537527399890678e-14,-12.437491783024468,-3.769919904010458,-1.5124009278308677
26.74375057220459,1.0000000000000275,-0.5000000000000137,0.8000000000000221,1.0,-0.5,0.8,-2.7533531010703882e-14,1.3655743202889425e-14,-2.2093438190040615e-14,-12.43749178302445,-3.7699199040104507,-1.5124009278308659
26.75380778312683,1.0000000000000269,-0.5000000000000133,0.8000000000000217,1.0,-0.5,0.8,-2.6867397195928788e-14,1.3322676295501878e-14,-2.1649348980190553e-14,-12.437491783024436,-3.7699199040104445,-1.512400927830864
26.763739824295044,1.0000000000000262,-0.500000000000013,0.8000000000000211,1.0,-0.5,0.8,-2.6201263381153694e-14,1.2989609388114332e-14,-2.1094237467877974e-14,-12.437491783024418,-3.769919904010438,-1.5124009278308623
26.773757696151733,1.0000000000000255,-0.5000000000000127,0.8000000000000206,1.0,-0.5,0.8,-2.55351295663786e-14,1.2656542480726785e-14,-2.0539125955565396e-14,-12.4374917830244,-3.769919904010431,-1.5124009278308606
26.783725261688232,1.0000000000000249,-0.5000000000000123,0.80000000000002,1.0,-0.5,0.8,-2.4868995751603507e-14,1.2323475573339238e-14,-1.9984014443252818e-14,-12.437491783024385,-3.769919904010425,-1.5124009278308588
26.7937490940094,1.0000000000000242,-0.500000000000012,0.8000000000000195,1.0,-0.5,0.8,-2.4202861936828413e-14,1.199040866595169e-14,-1.942890293094024e-14,-12.437491783024369,-3.7699199040104183,-1.5124009278308568
26.80375599861145,1.0000000000000235,-0.5000000000000117,0.8000000000000189,1.0,-0.5,0.8,-2.353672812205332e-14,1.1657341758564144e-14,-1.887379141862766e-14,-12.437491783024353,-3.769919904010412,-1.5124009278308552
26.813740491867065,1.0000000000000229,-0.5000000000000113,0.8000000000000184,1.0,-0.5,0.8,-2.2870594307278225e-14,1.1324274851176597e-14,-1.8318679906315083e-14,-12.437491783024337,-3.7699199040104054,-1.5124009278308532
26.823747634887695,1.0000000000000222,-0.500000000000011,0.8000000000000178,1.0,-0.5,0.8,-2.220446049250313e-14,1.099120794378905e-14,-1.7763568394002505e-14,-12.43749178302432,-3.7699199040104,-1.5124009278308517
26.83375382423401,1.0000000000000215,-0.5000000000000107,0.8000000000000173,1.0,-0.5,0.8,-2.1538326677728037e-14,1.0658141036401503e-14,-1.7208456881689926e-14,-12.437491783024305,-3.7699199040103935,-1.51240092783085
26.843724489212036,1.0000000000000209,-0.5000000000000103,0.8000000000000167,1.0,-0.5,0.8,-2.0872192862952943e-14,1.0325074129013956e-14,-1.6653345369377348e-14,-12.43749178302429,-3.7699199040103886,-1.5124009278308486
26.853830814361572,1.0000000000000202,-0.50000000000001,0.8000000000000161,1.0,-0.5,0.8,-2.020605904817785e-14,9.992007221626409e-15,-1.609823385706477e-14,-12.437491783024274,-3.7699199040103815,-1.5124009278308468
26.863759756088257,1.0000000000000195,-0.5000000000000097,0.8000000000000156,1.0,-0.5,0.8,-1.9539925233402755e-14,9.658940314238862e-15,-1.554312234475219e-14,-12.437491783024258,-3.7699199040103757,-1.512400927830845
26.873760223388672,1.0000000000000189,-0.5000000000000093,0.800000000000015,1.0,-0.5,0.8,-1.887379141862766e-14,9.325873406851315e-15,-1.4988010832439613e-14,-12.437491783024246,-3.769919904010371,-1.5124009278308437
26.883758783340454,1.0000000000000182,-0.500000000000009,0.8000000000000145,1.0,-0.5,0.8,-1.8207657603852567e-14,8.992806499463768e-15,-1.4432899320127035e-14,-12.43749178302423,-3.7699199040103655,-1.512400927830842
26.893851280212402,1.0000000000000175,-0.5000000000000087,0.8000000000000139,1.0,-0.5,0.8,-1.7541523789077473e-14,8.659739592076221e-15,-1.3877787807814457e-14,-12.437491783024216,-3.769919904010359,-1.5124009278308406
26.90377426147461,1.0000000000000169,-0.5000000000000083,0.8000000000000134,1.0,-0.5,0.8,-1.687538997430238e-14,8.326672684688674e-15,-1.3322676295501878e-14,-12.437491783024202,-3.769919904010354,-1.512400927830839
26.91379475593567,1.0000000000000162,-0.500000000000008,0.8000000000000128,1.0,-0.5,0.8,-1.6209256159527285e-14,7.993605777301127e-15,-1.27675647831893e-14,-12.43749178302419,-3.769919904010349,-1.5124009278308375
26.92382502555847,1.0000000000000155,-0.5000000000000077,0.8000000000000123,1.0,-0.5,0.8,-1.554312234475219e-14,7.66053886991358e-15,-1.2212453270876722e-14,-12.437491783024175,-3.7699199040103437,-1.5124009278308361
26.933837413787842,1.0000000000000149,-0.5000000000000073,0.8000000000000117,1.0,-0.5,0.8,-1.4876988529977098e-14,7.327471962526033e-15,-1.1657341758564144e-14,-12.437491783024159,-3.7699199040103375,-1.5124009278308346
26.943855047225952,1.0000000000000142,-0.500000000000007,0.8000000000000111,1.0,-0.5,0.8,-1.4210854715202004e-14,6.994405055138486e-15,-1.1102230246251565e-14,-12.437491783024146,-3.7699199040103326,-1.5124009278308332
26.95377826690674,1.0000000000000135,-0.5000000000000067,0.8000000000000106,1.0,-0.5,0.8,-1.354472090042691e-14,6.661338147750939e-15,-1.0547118733938987e-14,-12.437491783024132,-3.769919904010327,-1.5124009278308317
26.96375560760498,1.0000000000000129,-0.5000000000000063,0.80000000000001,1.0,-0.5,0.8,-1.2878587085651816e-14,6.328271240363392e-15,-9.992007221626409e-15,-12.437491783024122,-3.769919904010323,-1.5124009278308304
26.973745107650757,1.0000000000000122,-0.500000000000006,0.8000000000000095,1.0,-0.5,0.8,-1.2212453270876722e-14,5.995204332975845e-15,-9.43689570931383e-15,-12.437491783024106,-3.7699199040103175,-1.5124009278308292
26.983741521835327,1.0000000000000115,-0.5000000000000057,0.8000000000000089,1.0,-0.5,0.8,-1.1546319456101628e-14,5.662137425588298e-15,-8.881784197001252e-15,-12.437491783024095,-3.7699199040103126,-1.512400927830828
26.99378252029419,1.0000000000000109,-0.5000000000000053,0.8000000000000084,1.0,-0.5,0.8,-1.0880185641326534e-14,5.329070518200751e-15,-8.326672684688674e-15,-12.437491783024084,-3.769919904010308,-1.5124009278308264
27.003830432891846,1.0000000000000102,-0.500000000000005,0.8000000000000078,1.0,-0.5,0.8,-1.021405182655144e-14,4.9960036108132044e-15,-7.771561172376096e-15,-12.43749178302407,-3.7699199040103033,-1.5124009278308252
27.01400113105774,1.0000000000000095,-0.5000000000000047,0.8000000000000073,1.0,-0.5,0.8,-9.547918011776346e-15,4.6629367034256575e-15,-7.216449660063518e-15,-12.437491783024056,-3.7699199040102984,-1.512400927830824
27.023734092712402,1.0000000000000089,-0.5000000000000043,0.8000000000000067,1.0,-0.5,0.8,-8.881784197001252e-15,4.3298697960381105e-15,-6.661338147750939e-15,-12.437491783024045,-3.7699199040102935,-1.5124009278308226
27.03377914428711,1.0000000000000082,-0.500000000000004,0.8000000000000062,1.0,-0.5,0.8,-8.215650382226158e-15,3.9968028886505635e-15,-6.106226635438361e-15,-12.437491783024033,-3.7699199040102895,-1.5124009278308215
27.04380464553833,1.0000000000000075,-0.5000000000000037,0.8000000000000056,1.0,-0.5,0.8,-7.549516567451064e-15,3.6637359812630166e-15,-5.551115123125783e-15,-12.43749178302402,-3.7699199040102847,-1.5124009278308201
27.053754091262817,1.0000000000000069,-0.5000000000000033,0.800000000000005,1.0,-0.5,0.8,-6.8833827526759706e-15,3.3306690738754696e-15,-4.9960036108132044e-15,-12.437491783024008,-3.7699199040102807,-1.512400927830819
27.063759326934814,1.0000000000000062,-0.500000000000003,0.8000000000000045,1.0,-0.5,0.8,-6.217248937900877e-15,2.9976021664879227e-15,-4.440892098500626e-15,-12.437491783023995,-3.7699199040102758,-1.5124009278308177
27.073747158050537,1.0000000000000056,-0.5000000000000027,0.8000000000000039,1.0,-0.5,0.8,-5.551115123125783e-15,2.6645352591003757e-15,-3.885780586188048e-15,-12.437491783023985,-3.7699199040102718,-1.5124009278308166
27.083744049072266,1.0000000000000049,-0.5000000000000023,0.8000000000000034,1.0,-0.5,0.8,-4.884981308350689e-15,2.3314683517128287e-15,-3.3306690738754696e-15,-12.437491783023974,-3.769919904010267,-1.5124009278308155
27.093744039535522,1.0000000000000042,-0.500000000000002,0.8000000000000028,1.0,-0.5,0.8,-4.218847493575595e-15,1.9984014443252818e-15,-2.7755575615628914e-15,-12.437491783023962,-3.7699199040102624,-1.5124009278308141
27.10375213623047,1.0000000000000036,-0.5000000000000017,0.8000000000000023,1.0,-0.5,0.8,-3.552713678800501e-15,1.6653345369377348e-15,-2.220446049250313e-15,-12.43749178302395,-3.7699199040102584,-1.5124009278308133
27.11377453804016,1.0000000000000029,-0.5000000000000013,0.8000000000000017,1.0,-0.5,0.8,-2.886579864025407e-15,1.3322676295501878e-15,-1.6653345369377348e-15,-12.437491783023939,-3.769919904010254,-1.512400927830812
27.123789072036743,1.0000000000000022,-0.500000000000001,0.8000000000000012,1.0,-0.5,0.8,-2.220446049250313e-15,9.992007221626409e-16,-1.1102230246251565e-15,-12.437491783023928,-3.76991990401025,-1.512400927830811
27.133797883987427,1.0000000000000016,-0.5000000000000007,0.8000000000000007,1.0,-0.5,0.8,-1.5543122344752192e-15,6.661338147750939e-16,-6.661338147750939e-16,-12.43749178302392,-3.7699199040102465,-1.51240092783081
27.143784999847412,1.0000000000000009,-0.5000000000000003,0.8000000000000003,1.0,-0.5,0.8,-8.881784197001252e-16,3.3306690738754696e-16,-2.220446049250313e-16,-12.437491783023907,-3.769919904010242,-1.5124009278308088
27.15379571914673,1.0000000000000002,-0.5,0.7999999999999998,1.0,-0.5,0.8,-2.220446049250313e-16,0.0,2.220446049250313e-16,-12.437491783023898,-3.769919904010238,-1.512400927830808
27.16380500793457,0.9999999999999997,-0.4999999999999997,0.7999999999999994,1.0,-0.5,0.8,3.3306690738754696e-16,-2.7755575615628914e-16,6.661338147750939e-16,-12.437491783023887,-3.7699199040102354,-1.5124009278308073
27.173820734024048,0.9999999999999991,-0.49999999999999944,0.7999999999999989,1.0,-0.5,0.8,8.881784197001252e-16,-5.551115123125783e-16,1.1102230246251565e-15,-12.43749178302388,-3.7699199040102327,-1.5124009278308064
27.183824062347412,0.9999999999999986,-0.49999999999999917,0.7999999999999985,1.0,-0.5,0.8,1.4432899320127035e-15,-8.326672684688674e-16,1.5543122344752192e-15,-12.437491783023873,-3.7699199040102287,-1.5124009278308057
27.193815231323242,0.999999999999998,-0.4999999999999989,0.799999999999998,1.0,-0.5,0.8,1.9984014443252818e-15,-1.1102230246251565e-15,1.9984014443252818e-15,-12.437491783023862,-3.7699199040102265,-1.5124009278308048
27.203840017318726,0.9999999999999974,-0.4999999999999986,0.7999999999999976,1.0,-0.5,0.8,2.55351295663786e-15,-1.3877787807814457e-15,2.4424906541753444e-15,-12.437491783023855,-3.7699199040102234,-1.5124009278308042
27.2137770652771,0.9999999999999969,-0.49999999999999833,0.7999999999999972,1.0,-0.5,0.8,3.1086244689504383e-15,-1.6653345369377348e-15,2.886579864025407e-15,-12.437491783023848,-3.7699199040102207,-1.5124009278308035
27.22379183769226,0.9999999999999963,-0.49999999999999806,0.7999999999999967,1.0,-0.5,0.8,3.6637359812630166e-15,-1.942890293094024e-15,3.3306690738754696e-15,-12.437491783023841,-3.7699199040102176,-1.5124009278308026
27.233843088150024,0.9999999999999958,-0.49999999999999784,0.7999999999999963,1.0,-0.5,0.8,4.218847493575595e-15,-2.1649348980190553e-15,3.774758283725532e-15,-12.43749178302383,-3.7699199040102145,-1.5124009278308022
27.243797779083252,0.9999999999999953,-0.4999999999999976,0.7999999999999959,1.0,-0.5,0.8,4.6629367034256575e-15,-2.3869795029440866e-15,4.107825191113079e-15,-12.437491783023827,-3.7699199040102127,-1.5124009278308015
27.253784656524658,0.9999999999999949,-0.4999999999999974,0.7999999999999956,1.0,-0.5,0.8,5.10702591327572e-15,-2.609024107869118e-15,4.440892098500626e-15,-12.43749178302382,-3.76991990401021,-1.5124009278308008
27.2637882232666,0.9999999999999944,-0.49999999999999717,0.7999999999999953,1.0,-0.5,0.8,5.551115123125783e-15,-2.831068712794149e-15,4.773959005888173e-15,-12.437491783023814,-3.7699199040102083,-1.5124009278308004
27.273733854293823,0.999999999999994,-0.49999999999999695,0.7999999999999949,1.0,-0.5,0.8,5.995204332975845e-15,-3.0531133177191805e-15,5.10702591327572e-15,-12.437491783023809,-3.769919904010207,-1.5124009278308002
27.283756732940674,0.9999999999999936,-0.4999999999999967,0.7999999999999946,1.0,-0.5,0.8,6.439293542825908e-15,-3.2751579226442118e-15,5.440092820663267e-15,-12.437491783023805,-3.7699199040102047,-1.5124009278307995
27.2937970161438,0.9999999999999931,-0.4999999999999965,0.7999999999999943,1.0,-0.5,0.8,6.8833827526759706e-15,-3.497202527569243e-15,5.773159728050814e-15,-12.437491783023798,-3.7699199040102025,-1.512400927830799
27.303812265396118,0.9999999999999927,-0.4999999999999963,0.7999999999999939,1.0,-0.5,0.8,7.327471962526033e-15,-3.7192471324942744e-15,6.106226635438361e-15,-12.437491783023793,-3.769919904010201,-1.5124009278307988
27.313822746276855,0.9999999999999923,-0.4999999999999961,0.7999999999999936,1.0,-0.5,0.8,7.66053886991358e-15,-3.885780586188048e-15,6.439293542825908e-15,-12.437491783023793,-3.7699199040102,-1.5124009278307986
27.32380986213684,0.999999999999992,-0.49999999999999595,0.7999999999999933,1.0,-0.5,0.8,7.993605777301127e-15,-4.052314039881821e-15,6.772360450213455e-15,-12.437491783023786,-3.769919904010199,-1.512400927830798
27.33377242088318,0.9999999999999917,-0.4999999999999958,0.799999999999993,1.0,-0.5,0.8,8.326672684688674e-15,-4.218847493575595e-15,6.994405055138486e-15,-12.437491783023784,-3.769919904010198,-1.5124009278307977
27.343778371810913,0.9999999999999913,-0.4999999999999956,0.7999999999999928,1.0,-0.5,0.8,8.659739592076221e-15,-4.385380947269368e-15,7.216449660063518e-15,-12.43749178302378,-3.769919904010197,-1.5124009278307977
27.353780508041382,0.999999999999991,-0.49999999999999545,0.7999999999999926,1.0,-0.5,0.8,8.992806499463768e-15,-4.551914400963142e-15,7.438494264988549e-15,-12.437491783023779,-3.769919904010196,-1.5124009278307977
27.363792419433594,0.9999999999999907,-0.4999999999999953,0.7999999999999924,1.0,-0.5,0.8,9.325873406851315e-15,-4.718447854656915e-15,7.66053886991358e-15,-12.437491783023775,-3.7699199040101954,-1.5124009278307977
27.37380313873291,0.9999999999999903,-0.4999999999999951,0.7999999999999922,1.0,-0.5,0.8,9.658940314238862e-15,-4.884981308350689e-15,7.882583474838611e-15,-12.437491783023773,-3.769919904010194,-1.5124009278307975
27.383795738220215,0.9999999999999901,-0.499999999999995,0.7999999999999919,1.0,-0.5,0.8,9.880984919163893e-15,-4.9960036108132044e-15,8.104628079763643e-15,-12.43749178302377,-3.769919904010194,-1.512400927830797
27.393805503845215,0.9999999999999899,-0.4999999999999949,0.7999999999999917,1.0,-0.5,0.8,1.0103029524088925e-14,-5.10702591327572e-15,8.326672684688674e-15,-12.437491783023772,-3.769919904010194,-1.512400927830797
27.403830528259277,0.9999999999999897,-0.4999999999999948,0.7999999999999915,1.0,-0.5,0.8,1.0325074129013956e-14,-5.218048215738236e-15,8.548717289613705e-15,-12.437491783023768,-3.7699199040101936,-1.512400927830797
27.413820505142212,0.9999999999999895,-0.49999999999999467,0.7999999999999913,1.0,-0.5,0.8,1.0547118733938987e-14,-5.329070518200751e-15,8.770761894538737e-15,-12.43749178302377,-3.7699199040101936,-1.5124009278307973
27.4238543510437,0.9999999999999892,-0.49999999999999456,0.7999999999999912,1.0,-0.5,0.8,1.0769163338864018e-14,-5.440092820663267e-15,8.881784197001252e-15,-12.43749178302377,-3.7699199040101936,-1.5124009278307973
27.433808088302612,0.999999999999989,-0.49999999999999445,0.799999999999991,1.0,-0.5,0.8,1.099120794378905e-14,-5.551115123125783e-15,8.992806499463768e-15,-12.437491783023768,-3.7699199040101936,-1.5124009278307973
27.443798542022705,0.9999999999999888,-0.49999999999999434,0.7999999999999909,1.0,-0.5,0.8,1.1213252548714081e-14,-5.662137425588298e-15,9.103828801926284e-15,-12.437491783023766,-3.769919904010194,-1.5124009278307975
27.453797578811646,0.9999999999999886,-0.4999999999999943,0.7999999999999908,1.0,-0.5,0.8,1.1435297153639112e-14,-5.717648576819556e-15,9.2148511043888e-15,-12.437491783023766,-3.7699199040101923,-1.512400927830797
27.463806629180908,0.9999999999999885,-0.4999999999999942,0.7999999999999907,1.0,-0.5,0.8,1.1546319456101628e-14,-5.773159728050814e-15,9.325873406851315e-15,-12.437491783023765,-3.769919904010193,-1.5124009278307973
27.47379732131958,0.9999999999999883,-0.49999999999999417,0.7999999999999906,1.0,-0.5,0.8,1.1657341758564144e-14,-5.828670879282072e-15,9.43689570931383e-15,-12.437491783023768,-3.7699199040101936,-1.5124009278307973
27.48379921913147,0.9999999999999882,-0.4999999999999941,0.7999999999999905,1.0,-0.5,0.8,1.176836406102666e-14,-5.88418203051333e-15,9.547918011776346e-15,-12.43749178302377,-3.7699199040101945,-1.5124009278307977
27.493786573410034,0.9999999999999881,-0.49999999999999406,0.7999999999999904,1.0,-0.5,0.8,1.1879386363489175e-14,-5.9396931817445875e-15,9.658940314238862e-15,-12.43749178302377,-3.7699199040101954,-1.512400927830798
27.50378966331482,0.999999999999988,-0.499999999999994,0.7999999999999903,1.0,-0.5,0.8,1.199040866595169e-14,-5.995204332975845e-15,9.769962616701378e-15,-12.437491783023772,-3.769919904010195,-1.5124009278307982
27.513749599456787,0.9999999999999879,-0.49999999999999395,0.7999999999999902,1.0,-0.5,0.8,1.2101430968414206e-14,-6.050715484207103e-15,9.880984919163893e-15,-12.437491783023772,-3.7699199040101954,-1.5124009278307984
27.523749589920044,0.9999999999999878,-0.4999999999999939,0.7999999999999902,1.0,-0.5,0.8,1.2212453270876722e-14,-6.106226635438361e-15,9.880984919163893e-15,-12.437491783023773,-3.7699199040101963,-1.5124009278307986
27.533771753311157,0.9999999999999878,-0.4999999999999939,0.7999999999999902,1.0,-0.5,0.8,1.2212453270876722e-14,-6.106226635438361e-15,9.880984919163893e-15,-12.437491783023777,-3.7699199040101976,-1.512400927830799
27.54376196861267,0.9999999999999878,-0.4999999999999939,0.7999999999999902,1.0,-0.5,0.8,1.2212453270876722e-14,-6.106226635438361e-15,9.880984919163893e-15,-12.43749178302378,-3.769919904010199,-1.5124009278307995
27.55376935005188,0.9999999999999878,-0.4999999999999939,0.7999999999999902,1.0,-0.5,0.8,1.2212453270876722e-14,-6.106226635438361e-15,9.880984919163893e-15,-12.437491783023784,-3.7699199040102003,-1.5124009278308
27.56382417678833,0.9999999999999878,-0.4999999999999939,0.7999999999999902,1.0,-0.5,0.8,1.2212453270876722e-14,-6.106226635438361e-15,9.880984919163893e-15,-12.437491783023786,-3.7699199040102016,-1.5124009278308004
27.57378387451172,0.9999999999999878,-0.4999999999999939,0.7999999999999902,1.0,-0.5,0.8,1.2212453270876722e-14,-6.106226635438361e-15,9.880984919163893e-15,-12.43749178302379,-3.769919904010203,-1.5124009278308008
27.583776235580444,0.9999999999999878,-0.4999999999999939,0.7999999999999902,1.0,-0.5,0.8,1.2212453270876722e-14,-6.106226635438361e-15,9.880984919163893e-15,-12.437491783023793,-3.7699199040102043,-1.512400927830801
27.59378933906555,0.9999999999999878,-0.4999999999999939,0.7999999999999902,1.0,-0.5,0.8,1.2212453270876722e-14,-6.106226635438361e-15,9.880984919163893e-15,-12.437491783023795,-3.7699199040102056,-1.5124009278308015
27.603770971298218,0.9999999999999878,-0.4999999999999939,0.7999999999999902,1.0,-0.5,0.8,1.2212453270876722e-14,-6.106226635438361e-15,9.880984919163893e-15,-12.437491783023798,-3.769919904010207,-1.512400927830802
27.613772869110107,0.9999999999999878,-0.4999999999999939,0.7999999999999902,1.0,-0.5,0.8,1.2212453270876722e-14,-6.106226635438361e-15,9.880984919163893e-15,-12.437491783023802,-3.769919904010208,-1.5124009278308022
27.623791933059692,0.9999999999999878,-0.49999999999999395,0.7999999999999902,1.0,-0.5,0.8,1.2212453270876722e-14,-6.050715484207103e-15,9.880984919163893e-15,-12.437491783023804,-3.7699199040102087,-1.5124009278308024
27.633764028549194,0.9999999999999879,-0.499999999999994,0.7999999999999903,1.0,-0.5,0.8,1.2101430968414206e-14,-5.995204332975845e-15,9.769962616701378e-15,-12.437491783023807,-3.7699199040102105,-1.512400927830803
27.64380145072937,0.999999999999988,-0.49999999999999406,0.7999999999999904,1.0,-0.5,0.8,1.199040866595169e-14,-5.9396931817445875e-15,9.658940314238862e-15,-12.43749178302381,-3.7699199040102123,-1.5124009278308035
27.653808116912842,0.9999999999999881,-0.4999999999999941,0.7999999999999905,1.0,-0.5,0.8,1.1879386363489175e-14,-5.88418203051333e-15,9.547918011776346e-15,-12.437491783023818,-3.7699199040102154,-1.512400927830804
27.6637864112854,0.9999999999999882,-0.49999999999999417,0.7999999999999906,1.0,-0.5,0.8,1.176836406102666e-14,-5.828670879282072e-15,9.43689570931383e-15,-12.437491783023823,-3.769919904010217,-1.5124009278308046
27.673811197280884,0.9999999999999883,-0.4999999999999942,0.7999999999999907,1.0,-0.5,0.8,1.1657341758564144e-14,-5.773159728050814e-15,9.325873406851315e-15,-12.437491783023827,-3.769919904010219,-1.512400927830805
27.683804750442505,0.9999999999999885,-0.4999999999999943,0.7999999999999908,1.0,-0.5,0.8,1.1546319456101628e-14,-5.717648576819556e-15,9.2148511043888e-15,-12.43749178302383,-3.7699199040102203,-1.5124009278308057
27.693788290023804,0.9999999999999886,-0.49999999999999434,0.7999999999999909,1.0,-0.5,0.8,1.1435297153639112e-14,-5.662137425588298e-15,9.103828801926284e-15,-12.437491783023834,-3.7699199040102225,-1.5124009278308062
27.703781604766846,0.9999999999999887,-0.4999999999999944,0.799999999999991,1.0,-0.5,0.8,1.1324274851176597e-14,-5.6066262743570405e-15,8.992806499463768e-15,-12.437491783023841,-3.769919904010224,-1.512400927830807
27.713767528533936,0.9999999999999888,-0.49999999999999445,0.7999999999999912,1.0,-0.5,0.8,1.1213252548714081e-14,-5.551115123125783e-15,8.881784197001252e-15,-12.437491783023845,-3.7699199040102256,-1.5124009278308075
27.723779916763306,0.9999999999999889,-0.4999999999999945,0.7999999999999913,1.0,-0.5,0.8,1.1102230246251565e-14,-5.495603971894525e-15,8.770761894538737e-15,-12.43749178302385,-3.7699199040102274,-1.512400927830808
27.73403000831604,0.999999999999989,-0.49999999999999456,0.7999999999999914,1.0,-0.5,0.8,1.099120794378905e-14,-5.440092820663267e-15,8.659739592076221e-15,-12.437491783023855,-3.76991990401023,-1.5124009278308086
27.743818759918213,0.9999999999999892,-0.4999999999999946,0.7999999999999915,1.0,-0.5,0.8,1.0769163338864018e-14,-5.384581669432009e-15,8.548717289613705e-15,-12.437491783023859,-3.769919904010232,-1.5124009278308093
27.75378727912903,0.9999999999999895,-0.4999999999999947,0.7999999999999916,1.0,-0.5,0.8,1.0547118733938987e-14,-5.2735593669694936e-15,8.43769498715119e-15,-12.437491783023868,-3.769919904010235,-1.5124009278308097
27.76380968093872,0.9999999999999897,-0.49999999999999484,0.7999999999999917,1.0,-0.5,0.8,1.0325074129013956e-14,-5.162537064506978e-15,8.326672684688674e-15,-12.437491783023871,-3.7699199040102367,-1.5124009278308104
27.773757219314575,0.9999999999999899,-0.49999999999999495,0.7999999999999918,1.0,-0.5,0.8,1.0103029524088925e-14,-5.051514762044462e-15,8.215650382226158e-15,-12.437491783023878,-3.7699199040102394,-1.5124009278308108
27.78375482559204,0.9999999999999901,-0.49999999999999506,0.7999999999999919,1.0,-0.5,0.8,9.880984919163893e-15,-4.9404924595819466e-15,8.104628079763643e-15,-12.437491783023884,-3.7699199040102416,-1.5124009278308115
27.79375910758972,0.9999999999999903,-0.49999999999999517,0.799999999999992,1.0,-0.5,0.8,9.658940314238862e-15,-4.829470157119431e-15,7.993605777301127e-15,-12.43749178302389,-3.769919904010244,-1.5124009278308121
27.80377960205078,0.9999999999999906,-0.4999999999999953,0.7999999999999923,1.0,-0.5,0.8,9.43689570931383e-15,-4.718447854656915e-15,7.771561172376096e-15,-12.437491783023896,-3.7699199040102456,-1.512400927830813
27.813773155212402,0.9999999999999908,-0.4999999999999954,0.7999999999999925,1.0,-0.5,0.8,9.2148511043888e-15,-4.6074255521944e-15,7.549516567451064e-15,-12.4374917830239,-3.7699199040102487,-1.5124009278308137
27.82378053665161,0.999999999999991,-0.4999999999999955,0.7999999999999927,1.0,-0.5,0.8,8.992806499463768e-15,-4.496403249731884e-15,7.327471962526033e-15,-12.437491783023907,-3.7699199040102505,-1.5124009278308144
27.83377504348755,0.9999999999999912,-0.4999999999999956,0.7999999999999929,1.0,-0.5,0.8,8.770761894538737e-15,-4.385380947269368e-15,7.105427357601002e-15,-12.437491783023914,-3.769919904010253,-1.5124009278308148
27.84379243850708,0.9999999999999915,-0.4999999999999957,0.7999999999999932,1.0,-0.5,0.8,8.548717289613705e-15,-4.274358644806853e-15,6.8833827526759706e-15,-12.437491783023917,-3.769919904010255,-1.5124009278308153
27.85376787185669,0.9999999999999917,-0.49999999999999584,0.7999999999999934,1.0,-0.5,0.8,8.326672684688674e-15,-4.163336342344337e-15,6.661338147750939e-15,-12.437491783023924,-3.7699199040102576,-1.512400927830816
27.86379051208496,0.9999999999999919,-0.49999999999999595,0.7999999999999936,1.0,-0.5,0.8,8.104628079763643e-15,-4.052314039881821e-15,6.439293542825908e-15,-12.43749178302393,-3.7699199040102593,-1.5124009278308168
27.873796224594116,0.9999999999999921,-0.49999999999999606,0.7999999999999938,1.0,-0.5,0.8,7.882583474838611e-15,-3.941291737419306e-15,6.217248937900877e-15,-12.437491783023935,-3.7699199040102616,-1.5124009278308177
27.88378643989563,0.9999999999999923,-0.49999999999999617,0.799999999999994,1.0,-0.5,0.8,7.66053886991358e-15,-3.83026943495679e-15,5.995204332975845e-15,-12.437491783023942,-3.7699199040102633,-1.5124009278308181
27.893789768218994,0.9999999999999926,-0.4999999999999963,0.7999999999999943,1.0,-0.5,0.8,7.438494264988549e-15,-3.7192471324942744e-15,5.773159728050814e-15,-12.437491783023946,-3.7699199040102656,-1.5124009278308186
27.903774738311768,0.9999999999999928,-0.4999999999999964,0.7999999999999945,1.0,-0.5,0.8,7.216449660063518e-15,-3.608224830031759e-15,5.551115123125783e-15,-12.43749178302395,-3.7699199040102673,-1.512400927830819
27.913755178451538,0.999999999999993,-0.4999999999999965,0.7999999999999947,1.0,-0.5,0.8,6.994405055138486e-15,-3.497202527569243e-15,5.329070518200751e-15,-12.437491783023956,-3.7699199040102696,-1.5124009278308197
27.92374300956726,0.9999999999999932,-0.4999999999999966,0.7999999999999949,1.0,-0.5,0.8,6.772360450213455e-15,-3.3861802251067274e-15,5.10702591327572e-15,-12.437491783023958,-3.7699199040102718,-1.5124009278308201
27.93374013900757,0.9999999999999934,-0.4999999999999967,0.7999999999999952,1.0,-0.5,0.8,6.5503158452884236e-15,-3.2751579226442118e-15,4.884981308350689e-15,-12.437491783023965,-3.769919904010274,-1.5124009278308206
27.943747997283936,0.9999999999999937,-0.49999999999999684,0.7999999999999954,1.0,-0.5,0.8,6.328271240363392e-15,-3.164135620181696e-15,4.6629367034256575e-15,-12.437491783023972,-3.7699199040102758,-1.5124009278308215
27.953744649887085,0.9999999999999939,-0.49999999999999695,0.7999999999999956,1.0,-0.5,0.8,6.106226635438361e-15,-3.0531133177191805e-15,4.440892098500626e-15,-12.437491783023976,-3.7699199040102775,-1.512400927830822
27.96375346183777,0.9999999999999941,-0.49999999999999706,0.7999999999999958,1.0,-0.5,0.8,5.88418203051333e-15,-2.942091015256665e-15,4.218847493575595e-15,-12.437491783023978,-3.769919904010279,-1.5124009278308224
27.97377610206604,0.9999999999999943,-0.49999999999999717,0.799999999999996,1.0,-0.5,0.8,5.662137425588298e-15,-2.831068712794149e-15,3.9968028886505635e-15,-12.437491783023985,-3.769919904010281,-1.5124009278308228
27.983749866485596,0.9999999999999946,-0.4999999999999973,0.7999999999999963,1.0,-0.5,0.8,5.440092820663267e-15,-2.7200464103316335e-15,3.774758283725532e-15,-12.437491783023992,-3.7699199040102833,-1.5124009278308235
27.993794202804565,0.9999999999999948,-0.4999999999999974,0.7999999999999965,1.0,-0.5,0.8,5.218048215738236e-15,-2.609024107869118e-15,3.552713678800501e-15,-12.437491783023994,-3.769919904010284,-1.512400927830824
28.00377058982849,0.999999999999995,-0.4999999999999975,0.7999999999999967,1.0,-0.5,0.8,4.9960036108132044e-15,-2.4980018054066022e-15,3.3306690738754696e-15,-12.437491783024,-3.7699199040102864,-1.5124009278308246
28.013760805130005,0.9999999999999952,-0.4999999999999976,0.7999999999999969,1.0,-0.5,0.8,4.773959005888173e-15,-2.3869795029440866e-15,3.1086244689504383e-15,-12.437491783024003,-3.7699199040102886,-1.512400927830825
28.023751735687256,0.9999999999999954,-0.4999999999999977,0.7999999999999972,1.0,-0.5,0.8,4.551914400963142e-15,-2.275957200481571e-15,2.886579864025407e-15,-12.437491783024008,-3.76991990401029,-1.5124009278308252
28.033761024475098,0.9999999999999957,-0.49999999999999784,0.7999999999999974,1.0,-0.5,0.8,4.3298697960381105e-15,-2.1649348980190553e-15,2.6645352591003757e-15,-12.437491783024011,-3.7699199040102913,-1.5124009278308257
28.043793201446533,0.9999999999999959,-0.49999999999999795,0.7999999999999976,1.0,-0.5,0.8,4.107825191113079e-15,-2.0539125955565396e-15,2.4424906541753444e-15,-12.437491783024017,-3.7699199040102935,-1.5124009278308261
28.053794384002686,0.9999999999999961,-0.49999999999999806,0.7999999999999978,1.0,-0.5,0.8,3.885780586188048e-15,-1.942890293094024e-15,2.220446049250313e-15,-12.437491783024022,-3.769919904010295,-1.5124009278308268
28.063815593719482,0.9999999999999963,-0.49999999999999817,0.799999999999998,1.0,-0.5,0.8,3.6637359812630166e-15,-1.8318679906315083e-15,1.9984014443252818e-15,-12.437491783024026,-3.7699199040102966,-1.5124009278308272
28.073791027069092,0.9999999999999966,-0.4999999999999983,0.7999999999999983,1.0,-0.5,0.8,3.4416913763379853e-15,-1.7208456881689926e-15,1.7763568394002505e-15,-12.43749178302403,-3.7699199040102975,-1.5124009278308277
28.08376955986023,0.9999999999999968,-0.4999999999999984,0.7999999999999985,1.0,-0.5,0.8,3.219646771412954e-15,-1.609823385706477e-15,1.5543122344752192e-15,-12.437491783024031,-3.7699199040102993,-1.5124009278308281
28.09375023841858,0.999999999999997,-0.4999999999999985,0.7999999999999987,1.0,-0.5,0.8,2.9976021664879227e-15,-1.4988010832439613e-15,1.3322676295501878e-15,-12.437491783024036,-3.769919904010301,-1.5124009278308284
28.10374689102173,0.9999999999999972,-0.4999999999999986,0.7999999999999989,1.0,-0.5,0.8,2.7755575615628914e-15,-1.3877787807814457e-15,1.1102230246251565e-15,-12.437491783024042,-3.7699199040103033,-1.512400927830829
28.113749027252197,0.9999999999999974,-0.4999999999999987,0.7999999999999992,1.0,-0.5,0.8,2.55351295663786e-15,-1.27675647831893e-15,8.881784197001252e-16,-12.437491783024047,-3.769919904010304,-1.5124009278308295
28.123757362365723,0.9999999999999977,-0.49999999999999883,0.7999999999999994,1.0,-0.5,0.8,2.3314683517128287e-15,-1.1657341758564144e-15,6.661338147750939e-16,-12.43749178302405,-3.7699199040103064,-1.51240092783083
28.133744478225708,0.9999999999999979,-0.49999999999999895,0.7999999999999996,1.0,-0.5,0.8,2.1094237467877974e-15,-1.0547118733938987e-15,4.440892098500626e-16,-12.437491783024052,-3.7699199040103077,-1.5124009278308304
28.143776416778564,0.9999999999999981,-0.49999999999999906,0.7999999999999998,1.0,-0.5,0.8,1.887379141862766e-15,-9.43689570931383e-16,2.220446049250313e-16,-12.437491783024056,-3.769919904010309,-1.5124009278308306
28.15380096435547,0.9999999999999983,-0.49999999999999917,0.8,1.0,-0.5,0.8,1.6653345369377348e-15,-8.326672684688674e-16,0.0,-12.43749178302406,-3.7699199040103104,-1.512400927830831
28.163825035095215,0.9999999999999986,-0.4999999999999993,0.8000000000000003,1.0,-0.5,0.8,1.4432899320127035e-15,-7.216449660063518e-16,-2.220446049250313e-16,-12.437491783024065,-3.769919904010311,-1.5124009278308315
28.173800468444824,0.9999999999999988,-0.4999999999999994,0.8000000000000005,1.0,-0.5,0.8,1.2212453270876722e-15,-6.106226635438361e-16,-4.440892098500626e-16,-12.437491783024067,-3.769919904010313,-1.512400927830832
28.183825731277466,0.999999999999999,-0.4999999999999995,0.8000000000000006,1.0,-0.5,0.8,9.992007221626409e-16,-4.996003610813204e-16,-5.551115123125783e-16,-12.437491783024072,-3.7699199040103144,-1.5124009278308321
28.193793535232544,0.9999999999999992,-0.4999999999999996,0.8000000000000007,1.0,-0.5,0.8,7.771561172376096e-16,-3.885780586188048e-16,-6.661338147750939e-16,-12.437491783024074,-3.7699199040103157,-1.5124009278308326
28.20378565788269,0.9999999999999994,-0.4999999999999997,0.8000000000000008,1.0,-0.5,0.8,5.551115123125783e-16,-2.7755575615628914e-16,-7.771561172376096e-16,-12.437491783024077,-3.769919904010317,-1.5124009278308328
28.213783264160156,0.9999999999999997,-0.49999999999999983,0.8000000000000009,1.0,-0.5,0.8,3.3306690738754696e-16,-1.6653345369377348e-16,-8.881784197001252e-16,-12.43749178302408,-3.7699199040103184,-1.512400927830833
28.223789930343628,0.9999999999999999,-0.49999999999999994,0.800000000000001,1.0,-0.5,0.8,1.1102230246251565e-16,-5.551115123125783e-17,-9.992007221626409e-16,-12.437491783024086,-3.769919904010319,-1.5124009278308332
28.23377513885498,1.0,-0.5,0.8000000000000012,1.0,-0.5,0.8,0.0,0.0,-1.1102230246251565e-15,-12.437491783024086,-3.7699199040103197,-1.5124009278308335
28.243801593780518,1.0000000000000002,-0.5000000000000001,0.8000000000000013,1.0,-0.5,0.8,-2.220446049250313e-16,1.1102230246251565e-16,-1.2212453270876722e-15,-12.437491783024091,-3.7699199040103206,-1.5124009278308337
28.253783464431763,1.0000000000000004,-0.5000000000000002,0.8000000000000014,1.0,-0.5,0.8,-4.440892098500626e-16,2.220446049250313e-16,-1.3322676295501878e-15,-12.437491783024093,-3.7699199040103215,-1.5124009278308341
28.263827085494995,1.0000000000000007,-0.5000000000000003,0.8000000000000015,1.0,-0.5,0.8,-6.661338147750939e-16,3.3306690738754696e-16,-1.4432899320127035e-15,-12.437491783024097,-3.7699199040103233,-1.5124009278308341
28.273805379867554,1.0000000000000009,-0.5000000000000004,0.8000000000000016,1.0,-0.5,0.8,-8.881784197001252e-16,4.440892098500626e-16,-1.5543122344752192e-15,-12.4374917830241,-3.7699199040103246,-1.5124009278308346
28.28374743461609,1.000000000000001,-0.5000000000000006,0.8000000000000017,1.0,-0.5,0.8,-1.1102230246251565e-15,5.551115123125783e-16,-1.6653345369377348e-15,-12.437491783024106,-3.7699199040103255,-1.512400927830835
28.293805599212646,1.0000000000000013,-0.5000000000000007,0.8000000000000018,1.0,-0.5,0.8,-1.3322676295501878e-15,6.661338147750939e-16,-1.7763568394002505e-15,-12.437491783024106,-3.769919904010327,-1.5124009278308352
28.30374312400818,1.0000000000000016,-0.5000000000000008,0.8000000000000019,1.0,-0.5,0.8,-1.5543122344752192e-15,7.771561172376096e-16,-1.887379141862766e-15,-12.437491783024111,-3.7699199040103277,-1.5124009278308352
28.313759803771973,1.0000000000000018,-0.5000000000000009,0.800000000000002,1.0,-0.5,0.8,-1.7763568394002505e-15,8.881784197001252e-16,-1.9984014443252818e-15,-12.437491783024113,-3.7699199040103286,-1.5124009278308355
28.32377552986145,1.000000000000002,-0.500000000000001,0.8000000000000022,1.0,-0.5,0.8,-1.9984014443252818e-15,9.992007221626409e-16,-2.1094237467877974e-15,-12.437491783024118,-3.76991990401033,-1.512400927830836
28.333787441253662,1.0000000000000022,-0.5000000000000011,0.8000000000000023,1.0,-0.5,0.8,-2.220446049250313e-15,1.1102230246251565e-15,-2.220446049250313e-15,-12.437491783024118,-3.769919904010331,-1.512400927830836
28.343777894973755,1.0000000000000024,-0.5000000000000012,0.8000000000000024,1.0,-0.5,0.8,-2.4424906541753444e-15,1.2212453270876722e-15,-2.3314683517128287e-15,-12.437491783024123,-3.7699199040103326,-1.5124009278308364
28.353787422180176,1.0000000000000027,-0.5000000000000013,0.8000000000000025,1.0,-0.5,0.8,-2.6645352591003757e-15,1.3322676295501878e-15,-2.4424906541753444e-15,-12.437491783024127,-3.769919904010333,-1.5124009278308366
28.363776445388794,1.0000000000000029,-0.5000000000000014,0.8000000000000026,1.0,-0.5,0.8,-2.886579864025407e-15,1.4432899320127035e-15,-2.55351295663786e-15,-12.437491783024129,-3.7699199040103344,-1.5124009278308368
28.373746871948242,1.000000000000003,-0.5000000000000016,0.8000000000000027,1.0,-0.5,0.8,-3.1086244689504383e-15,1.5543122344752192e-15,-2.6645352591003757e-15,-12.43749178302413,-3.769919904010335,-1.512400927830837
28.383756637573242,1.0000000000000033,-0.5000000000000017,0.8000000000000028,1.0,-0.5,0.8,-3.3306690738754696e-15,1.6653345369377348e-15,-2.7755575615628914e-15,-12.437491783024136,-3.7699199040103366,-1.5124009278308375
28.393765449523926,1.0000000000000036,-0.5000000000000018,0.8000000000000029,1.0,-0.5,0.8,-3.552713678800501e-15,1.7763568394002505e-15,-2.886579864025407e-15,-12.437491783024136,-3.769919904010337,-1.5124009278308375
28.403817653656006,1.0000000000000038,-0.5000000000000019,0.800000000000003,1.0,-0.5,0.8,-3.774758283725532e-15,1.887379141862766e-15,-2.9976021664879227e-15,-12.437491783024138,-3.7699199040103384,-1.5124009278308377
28.41380214691162,1.000000000000004,-0.500000000000002,0.8000000000000032,1.0,-0.5,0.8,-3.9968028886505635e-15,1.9984014443252818e-15,-3.1086244689504383e-15,-12.437491783024143,-3.7699199040103393,-1.5124009278308377
28.423750638961792,1.000000000000004,-0.500000000000002,0.8000000000000033,1.0,-0.5,0.8,-3.9968028886505635e-15,1.9984014443252818e-15,-3.219646771412954e-15,-12.437491783024141,-3.769919904010339,-1.5124009278308377
28.43378472328186,1.000000000000004,-0.500000000000002,0.8000000000000034,1.0,-0.5,0.8,-3.9968028886505635e-15,1.9984014443252818e-15,-3.3306690738754696e-15,-12.43749178302414,-3.7699199040103384,-1.5124009278308377
28.443745851516724,1.000000000000004,-0.500000000000002,0.8000000000000034,1.0,-0.5,0.8,-3.9968028886505635e-15,1.9984014443252818e-15,-3.3306690738754696e-15,-12.437491783024138,-3.769919904010338,-1.5124009278308375
28.453760385513306,1.000000000000004,-0.500000000000002,0.8000000000000034,1.0,-0.5,0.8,-3.9968028886505635e-15,1.9984014443252818e-15,-3.3306690738754696e-15,-12.437491783024138,-3.769919904010337,-1.5124009278308375
28.463783502578735,1.000000000000004,-0.500000000000002,0.8000000000000034,1.0,-0.5,0.8,-3.9968028886505635e-15,1.9984014443252818e-15,-3.3306690738754696e-15,-12.437491783024136,-3.7699199040103366,-1.5124009278308372
28.473753929138184,1.000000000000004,-0.500000000000002,0.8000000000000034,1.0,-0.5,0.8,-3.9968028886505635e-15,1.9984014443252818e-15,-3.3306690738754696e-15,-12.437491783024134,-3.769919904010336,-1.512400927830837
28.483750581741333,1.000000000000004,-0.500000000000002,0.8000000000000034,1.0,-0.5,0.8,-3.9968028886505635e-15,1.9984014443252818e-15,-3.3306690738754696e-15,-12.437491783024132,-3.7699199040103357,-1.5124009278308368
28.493740797042847,1.000000000000004,-0.500000000000002,0.8000000000000034,1.0,-0.5,0.8,-3.9968028886505635e-15,1.9984014443252818e-15,-3.3306690738754696e-15,-12.437491783024132,-3.769919904010335,-1.5124009278308366
28.503761768341064,1.000000000000004,-0.500000000000002,0.8000000000000034,1.0,-0.5,0.8,-3.9968028886505635e-15,1.9984014443252818e-15,-3.3306690738754696e-15,-12.43749178302413,-3.7699199040103344,-1.5124009278308366
28.513744354248047,1.000000000000004,-0.500000000000002,0.8000000000000034,1.0,-0.5,0.8,-3.9968028886505635e-15,1.9984014443252818e-15,-3.3306690738754696e-15,-12.437491783024129,-3.769919904010334,-1.5124009278308364
28.523746967315674,1.000000000000004,-0.500000000000002,0.8000000000000034,1.0,-0.5,0.8,-3.9968028886505635e-15,1.9984014443252818e-15,-3.3306690738754696e-15,-12.437491783024127,-3.7699199040103335,-1.5124009278308361
28.533771753311157,1.000000000000004,-0.500000000000002,0.8000000000000034,1.0,-0.5,0.8,-3.9968028886505635e-15,1.9984014443252818e-15,-3.3306690738754696e-15,-12.437491783024127,-3.769919904010333,-1.5124009278308361
28.543800115585327,1.000000000000004,-0.500000000000002,0.8000000000000034,1.0,-0.5,0.8,-3.9968028886505635e-15,1.9984014443252818e-15,-3.3306690738754696e-15,-12.437491783024125,-3.7699199040103326,-1.512400927830836
28.55379343032837,1.000000000000004,-0.500000000000002,0.8000000000000034,1.0,-0.5,0.8,-3.9968028886505635e-15,1.9984014443252818e-15,-3.3306690738754696e-15,-12.437491783024123,-3.7699199040103317,-1.5124009278308357
28.563780069351196,1.000000000000004,-0.500000000000002,0.8000000000000034,1.0,-0.5,0.8,-3.9968028886505635e-15,1.9984014443252818e-15,-3.3306690738754696e-15,-12.437491783024123,-3.7699199040103313,-1.5124009278308357
28.573808670043945,1.000000000000004,-0.500000000000002,0.8000000000000034,1.0,-0.5,0.8,-3.9968028886505635e-15,1.9984014443252818e-15,-3.3306690738754696e-15,-12.437491783024122,-3.769919904010331,-1.5124009278308355
28.583807468414307,1.000000000000004,-0.500000000000002,0.8000000000000034,1.0,-0.5,0.8,-3.9968028886505635e-15,1.9984014443252818e-15,-3.3306690738754696e-15,-12.437491783024122,-3.7699199040103304,-1.5124009278308352
28.593780040740967,1.000000000000004,-0.500000000000002,0.8000000000000034,1.0,-0.5,0.8,-3.9968028886505635e-15,1.9984014443252818e-15,-3.3306690738754696e-15,-12.43749178302412,-3.76991990401033,-1.5124009278308352
28.60382318496704,1.000000000000004,-0.500000000000002,0.8000000000000034,1.0,-0.5,0.8,-3.9968028886505635e-15,1.9984014443252818e-15,-3.3306690738754696e-15,-12.437491783024118,-3.7699199040103295,-1.512400927830835
28.61380100250244,1.000000000000004,-0.500000000000002,0.8000000000000034,1.0,-0.5,0.8,-3.9968028886505635e-15,1.9984014443252818e-15,-3.3306690738754696e-15,-12.437491783024118,-3.769919904010329,-1.512400927830835
28.623798608779907,1.000000000000004,-0.500000000000002,0.8000000000000034,1.0,-0.5,0.8,-3.9968028886505635e-15,1.9984014443252818e-15,-3.3306690738754696e-15,-12.437491783024116,-3.7699199040103286,-1.5124009278308348
28.63381290435791,1.000000000000004,-0.500000000000002,0.8000000000000034,1.0,-0.5,0.8,-3.9968028886505635e-15,1.9984014443252818e-15,-3.3306690738754696e-15,-12.437491783024116,-3.769919904010328,-1.5124009278308346
28.64379072189331,1.000000000000004,-0.500000000000002,0.8000000000000034,1.0,-0.5,0.8,-3.9968028886505635e-15,1.9984014443252818e-15,-3.3306690738754696e-15,-12.437491783024115,-3.769919904010328,-1.5124009278308346
28.653796195983887,1.000000000000004,-0.500000000000002,0.8000000000000034,1.0,-0.5,0.8,-3.9968028886505635e-15,1.9984014443252818e-15,-3.3306690738754696e-15,-12.437491783024115,-3.7699199040103277,-1.5124009278308344
28.663796424865723,1.000000000000004,-0.500000000000002,0.8000000000000034,1.0,-0.5,0.8,-3.9968028886505635e-15,1.9984014443252818e-15,-3.3306690738754696e-15,-12.437491783024113,-3.7699199040103273,-1.5124009278308344
28.673808336257935,1.000000000000004,-0.500000000000002,0.8000000000000034,1.0,-0.5,0.8,-3.9968028886505635e-15,1.9984014443252818e-15,-3.3306690738754696e-15,-12.437491783024113,-3.769919904010327,-1.5124009278308341
28.683794260025024,1.000000000000004,-0.500000000000002,0.8000000000000034,1.0,-0.5,0.8,-3.9968028886505635e-15,1.9984014443252818e-15,-3.3306690738754696e-15,-12.437491783024111,-3.7699199040103264,-1.5124009278308341
28.693812131881714,1.000000000000004,-0.500000000000002,0.8000000000000034,1.0,-0.5,0.8,-3.9968028886505635e-15,1.9984014443252818e-15,-3.3306690738754696e-15,-12.437491783024111,-3.769919904010326,-1.512400927830834
28.70379900932312,1.000000000000004,-0.500000000000002,0.8000000000000034,1.0,-0.5,0.8,-3.9968028886505635e-15,1.9984014443252818e-15,-3.3306690738754696e-15,-12.43749178302411,-3.7699199040103255,-1.512400927830834
28.71378993988037,1.000000000000004,-0.500000000000002,0.8000000000000034,1.0,-0.5,0.8,-3.9968028886505635e-15,1.9984014443252818e-15,-3.3306690738754696e-15,-12.43749178302411,-3.7699199040103255,-1.5124009278308337
28.723785638809204,1.000000000000004,-0.500000000000002,0.8000000000000034,1.0,-0.5,0.8,-3.9968028886505635e-15,1.9984014443252818e-15,-3.3306690738754696e-15,-12.437491783024107,-3.769919904010325,-1.5124009278308337
28.733793020248413,1.000000000000004,-0.500000000000002,0.8000000000000034,1.0,-0.5,0.8,-3.9968028886505635e-15,1.9984014443252818e-15,-3.3306690738754696e-15,-12.437491783024107,-3.7699199040103246,-1.5124009278308335
28.743784189224243,1.000000000000004,-0.500000000000002,0.8000000000000034,1.0,-0.5,0.8,-3.9968028886505635e-15,1.9984014443252818e-15,-3.3306690738754696e-15,-12.437491783024106,-3.769919904010324,-1.5124009278308335
28.753784656524658,1.000000000000004,-0.500000000000002,0.8000000000000034,1.0,-0.5,0.8,-3.9968028886505635e-15,1.9984014443252818e-15,-3.3306690738754696e-15,-12.437491783024106,-3.769919904010324,-1.5124009278308335
28.763793468475342,1.000000000000004,-0.500000000000002,0.8000000000000034,1.0,-0.5,0.8,-3.9968028886505635e-15,1.9984014443252818e-15,-3.3306690738754696e-15,-12.437491783024106,-3.7699199040103237,-1.5124009278308332
28.773797512054443,1.000000000000004,-0.500000000000002,0.8000000000000034,1.0,-0.5,0.8,-3.9968028886505635e-15,1.9984014443252818e-15,-3.3306690738754696e-15,-12.437491783024104,-3.7699199040103233,-1.5124009278308332
28.783798456192017,1.000000000000004,-0.500000000000002,0.8000000000000033,1.0,-0.5,0.8,-3.9968028886505635e-15,1.9984014443252818e-15,-3.219646771412954e-15,-12.437491783024104,-3.769919904010323,-1.5124009278308328
28.79381036758423,1.000000000000004,-0.500000000000002,0.8000000000000032,1.0,-0.5,0.8,-3.9968028886505635e-15,1.9984014443252818e-15,-3.1086244689504383e-15,-12.437491783024102,-3.769919904010323,-1.5124009278308326
28.8038113117218,1.000000000000004,-0.500000000000002,0.800000000000003,1.0,-0.5,0.8,-3.9968028886505635e-15,1.9984014443252818e-15,-2.9976021664879227e-15,-12.437491783024102,-3.7699199040103224,-1.5124009278308326
28.8137845993042,1.000000000000004,-0.500000000000002,0.8000000000000029,1.0,-0.5,0.8,-3.9968028886505635e-15,1.9984014443252818e-15,-2.886579864025407e-15,-12.4374917830241,-3.769919904010322,-1.5124009278308324
28.823841333389282,1.000000000000004,-0.500000000000002,0.8000000000000028,1.0,-0.5,0.8,-3.9968028886505635e-15,1.9984014443252818e-15,-2.7755575615628914e-15,-12.4374917830241,-3.7699199040103215,-1.5124009278308324
28.833802223205566,1.000000000000004,-0.500000000000002,0.8000000000000027,1.0,-0.5,0.8,-3.9968028886505635e-15,1.9984014443252818e-15,-2.6645352591003757e-15,-12.437491783024099,-3.769919904010321,-1.5124009278308321
28.84377360343933,1.000000000000004,-0.500000000000002,0.8000000000000026,1.0,-0.5,0.8,-3.9968028886505635e-15,1.9984014443252818e-15,-2.55351295663786e-15,-12.437491783024099,-3.7699199040103206,-1.5124009278308321
28.85386037826538,1.000000000000004,-0.500000000000002,0.8000000000000025,1.0,-0.5,0.8,-3.9968028886505635e-15,1.9984014443252818e-15,-2.4424906541753444e-15,-12.437491783024097,-3.7699199040103206,-1.512400927830832
28.863826274871826,1.000000000000004,-0.500000000000002,0.8000000000000024,1.0,-0.5,0.8,-3.9968028886505635e-15,1.9984014443252818e-15,-2.3314683517128287e-15,-12.437491783024097,-3.76991990401032,-1.5124009278308315
28.87378191947937,1.000000000000004,-0.500000000000002,0.8000000000000023,1.0,-0.5,0.8,-3.9968028886505635e-15,1.9984014443252818e-15,-2.220446049250313e-15,-12.437491783024097,-3.7699199040103197,-1.5124009278308315
28.883748292922974,1.000000000000004,-0.500000000000002,0.8000000000000022,1.0,-0.5,0.8,-3.9968028886505635e-15,1.9984014443252818e-15,-2.1094237467877974e-15,-12.437491783024095,-3.7699199040103193,-1.5124009278308312
28.893744707107544,1.000000000000004,-0.500000000000002,0.800000000000002,1.0,-0.5,0.8,-3.9968028886505635e-15,1.9984014443252818e-15,-1.9984014443252818e-15,-12.437491783024095,-3.7699199040103193,-1.5124009278308312
28.903783321380615,1.000000000000004,-0.500000000000002,0.8000000000000019,1.0,-0.5,0.8,-3.9968028886505635e-15,1.9984014443252818e-15,-1.887379141862766e-15,-12.437491783024093,-3.7699199040103184,-1.5124009278308308
28.913810968399048,1.000000000000004,-0.500000000000002,0.8000000000000018,1.0,-0.5,0.8,-3.9968028886505635e-15,1.9984014443252818e-15,-1.7763568394002505e-15,-12.437491783024093,-3.769919904010318,-1.5124009278308308
28.923789501190186,1.000000000000004,-0.500000000000002,0.8000000000000017,1.0,-0.5,0.8,-3.9968028886505635e-15,1.9984014443252818e-15,-1.6653345369377348e-15,-12.437491783024093,-3.7699199040103175,-1.5124009278308308
28.93377947807312,1.000000000000004,-0.500000000000002,0.8000000000000016,1.0,-0.5,0.8,-3.9968028886505635e-15,1.9984014443252818e-15,-1.5543122344752192e-15,-12.437491783024091,-3.7699199040103175,-1.5124009278308306
28.94380784034729,1.000000000000004,-0.500000000000002,0.8000000000000015,1.0,-0.5,0.8,-3.9968028886505635e-15,1.9984014443252818e-15,-1.4432899320127035e-15,-12.437491783024091,-3.7699199040103166,-1.5124009278308304
28.953795671463013,1.000000000000004,-0.500000000000002,0.8000000000000014,1.0,-0.5,0.8,-3.9968028886505635e-15,1.9984014443252818e-15,-1.3322676295501878e-15,-12.43749178302409,-3.769919904010316,-1.5124009278308301
28.963818311691284,1.000000000000004,-0.500000000000002,0.8000000000000013,1.0,-0.5,0.8,-3.9968028886505635e-15,1.9984014443252818e-15,-1.2212453270876722e-15,-12.43749178302409,-3.769919904010316,-1.5124009278308301
28.973795890808105,1.000000000000004,-0.500000000000002,0.8000000000000012,1.0,-0.5,0.8,-3.9968028886505635e-15,1.9984014443252818e-15,-1.1102230246251565e-15,-12.43749178302409,-3.7699199040103157,-1.51240092783083
28.983806610107422,1.000000000000004,-0.500000000000002,0.800000000000001,1.0,-0.5,0.8,-3.9968028886505635e-15,1.9984014443252818e-15,-9.992007221626409e-16,-12.437491783024088,-3.7699199040103157,-1.5124009278308297
28.99379324913025,1.000000000000004,-0.500000000000002,0.8000000000000009,1.0,-0.5,0.8,-3.9968028886505635e-15,1.9984014443252818e-15,-8.881784197001252e-16,-12.437491783024088,-3.7699199040103153,-1.5124009278308295
29.003820419311523,1.000000000000004,-0.500000000000002,0.8000000000000008,1.0,-0.5,0.8,-3.9968028886505635e-15,1.9984014443252818e-15,-7.771561172376096e-16,-12.437491783024088,-3.769919904010315,-1.5124009278308295
29.013784646987915,1.000000000000004,-0.500000000000002,0.8000000000000007,1.0,-0.5,0.8,-3.9968028886505635e-15,1.9984014443252818e-15,-6.661338147750939e-16,-12.437491783024086,-3.769919904010315,-1.5124009278308295
29.023750066757202,1.000000000000004,-0.500000000000002,0.8000000000000006,1.0,-0.5,0.8,-3.9968028886505635e-15,1.9984014443252818e-15,-5.551115123125783e-16,-12.437491783024086,-3.7699199040103144,-1.5124009278308292
29.03380560874939,1.000000000000004,-0.500000000000002,0.8000000000000005,1.0,-0.5,0.8,-3.9968028886505635e-15,1.9984014443252818e-15,-4.440892098500626e-16,-12.437491783024086,-3.7699199040103144,-1.5124009278308292
29.043748378753662,1.0000000000000038,-0.5000000000000019,0.8000000000000004,1.0,-0.5,0.8,-3.774758283725532e-15,1.887379141862766e-15,-3.3306690738754696e-16,-12.437491783024079,-3.7699199040103126,-1.5124009278308288
29.053742170333862,1.0000000000000036,-0.5000000000000018,0.8000000000000003,1.0,-0.5,0.8,-3.552713678800501e-15,1.7763568394002505e-15,-2.220446049250313e-16,-12.437491783024077,-3.7699199040103104,-1.5124009278308284
29.063750982284546,1.0000000000000033,-0.5000000000000017,0.8000000000000002,1.0,-0.5,0.8,-3.3306690738754696e-15,1.6653345369377348e-15,-1.1102230246251565e-16,-12.437491783024072,-3.7699199040103086,-1.5124009278308277
29.073763370513916,1.000000000000003,-0.5000000000000016,0.8,1.0,-0.5,0.8,-3.1086244689504383e-15,1.5543122344752192e-15,0.0,-12.437491783024068,-3.769919904010307,-1.5124009278308275
29.083746194839478,1.0000000000000029,-0.5000000000000014,0.7999999999999999,1.0,-0.5,0.8,-2.886579864025407e-15,1.4432899320127035e-15,1.1102230246251565e-16,-12.437491783024063,-3.769919904010305,-1.5124009278308268
29.093745946884155,1.0000000000000027,-0.5000000000000013,0.7999999999999998,1.0,-0.5,0.8,-2.6645352591003757e-15,1.3322676295501878e-15,2.220446049250313e-16,-12.43749178302406,-3.7699199040103037,-1.5124009278308266
29.103753089904785,1.0000000000000024,-0.5000000000000012,0.7999999999999997,1.0,-0.5,0.8,-2.4424906541753444e-15,1.2212453270876722e-15,3.3306690738754696e-16,-12.437491783024052,-3.769919904010302,-1.5124009278308261
29.11374807357788,1.0000000000000022,-0.5000000000000011,0.7999999999999996,1.0,-0.5,0.8,-2.220446049250313e-15,1.1102230246251565e-15,4.440892098500626e-16,-12.437491783024049,-3.7699199040103,-1.5124009278308257
29.12375020980835,1.000000000000002,-0.500000000000001,0.7999999999999995,1.0,-0.5,0.8,-1.9984014443252818e-15,9.992007221626409e-16,5.551115123125783e-16,-12.437491783024045,-3.7699199040102993,-1.5124009278308255
29.133799076080322,1.0000000000000018,-0.5000000000000009,0.7999999999999994,1.0,-0.5,0.8,-1.7763568394002505e-15,8.881784197001252e-16,6.661338147750939e-16,-12.437491783024042,-3.7699199040102975,-1.512400927830825
29.14379620552063,1.0000000000000016,-0.5000000000000008,0.7999999999999994,1.0,-0.5,0.8,-1.5543122344752192e-15,7.771561172376096e-16,6.661338147750939e-16,-12.43749178302404,-3.769919904010296,-1.5124009278308248
29.153783082962036,1.0000000000000013,-0.5000000000000007,0.7999999999999994,1.0,-0.5,0.8,-1.3322676295501878e-15,6.661338147750939e-16,6.661338147750939e-16,-12.437491783024031,-3.7699199040102944,-1.5124009278308244
29.163846731185913,1.000000000000001,-0.5000000000000006,0.7999999999999994,1.0,-0.5,0.8,-1.1102230246251565e-15,5.551115123125783e-16,6.661338147750939e-16,-12.43749178302403,-3.7699199040102935,-1.5124009278308241
29.17381262779236,1.0000000000000009,-0.5000000000000004,0.7999999999999994,1.0,-0.5,0.8,-8.881784197001252e-16,4.440892098500626e-16,6.661338147750939e-16,-12.437491783024026,-3.769919904010292,-1.512400927830824
29.183786153793335,1.0000000000000007,-0.5000000000000003,0.7999999999999994,1.0,-0.5,0.8,-6.661338147750939e-16,3.3306690738754696e-16,6.661338147750939e-16,-12.43749178302402,-3.7699199040102904,-1.5124009278308237
29.193799018859863,1.0000000000000004,-0.5000000000000003,0.7999999999999994,1.0,-0.5,0.8,-4.440892098500626e-16,3.3306690738754696e-16,6.661338147750939e-16,-12.437491783024019,-3.769919904010289,-1.5124009278308232
29.20379614830017,1.0000000000000004,-0.5000000000000003,0.7999999999999994,1.0,-0.5,0.8,-4.440892098500626e-16,3.3306690738754696e-16,6.661338147750939e-16,-12.437491783024019,-3.769919904010289,-1.5124009278308232
29.213786602020264,1.0000000000000004,-0.5000000000000003,0.7999999999999994,1.0,-0.5,0.8,-4.440892098500626e-16,3.3306690738754696e-16,6.661338147750939e-16,-12.437491783024019,-3.7699199040102895,-1.5124009278308235
29.223796129226685,1.0000000000000004,-0.5000000000000003,0.7999999999999994,1.0,-0.5,0.8,-4.440892098500626e-16,3.3306690738754696e-16,6.661338147750939e-16,-12.437491783024019,-3.7699199040102895,-1.5124009278308235
29.23377823829651,1.0000000000000004,-0.5000000000000003,0.7999999999999994,1.0,-0.5,0.8,-4.440892098500626e-16,3.3306690738754696e-16,6.661338147750939e-16,-12.43749178302402,-3.7699199040102895,-1.5124009278308235
29.24375343322754,1.0000000000000004,-0.5000000000000003,0.7999999999999994,1.0,-0.5,0.8,-4.440892098500626e-16,3.3306690738754696e-16,6.661338147750939e-16,-12.43749178302402,-3.76991990401029,-1.5124009278308235
29.25378656387329,1.0000000000000004,-0.5000000000000003,0.7999999999999994,1.0,-0.5,0.8,-4.440892098500626e-16,3.3306690738754696e-16,6.661338147750939e-16,-12.43749178302402,-3.76991990401029,-1.5124009278308235
29.263798236846924,1.0000000000000004,-0.5000000000000003,0.7999999999999994,1.0,-0.5,0.8,-4.440892098500626e-16,3.3306690738754696e-16,6.661338147750939e-16,-12.43749178302402,-3.76991990401029,-1.5124009278308237
29.27383828163147,1.0000000000000004,-0.5000000000000003,0.7999999999999994,1.0,-0.5,0.8,-4.440892098500626e-16,3.3306690738754696e-16,6.661338147750939e-16,-12.43749178302402,-3.7699199040102904,-1.5124009278308237
29.283794164657593,1.0000000000000004,-0.5000000000000003,0.7999999999999994,1.0,-0.5,0.8,-4.440892098500626e-16,3.3306690738754696e-16,6.661338147750939e-16,-12.437491783024022,-3.7699199040102904,-1.5124009278308237
29.293763875961304,1.0000000000000004,-0.5000000000000003,0.7999999999999994,1.0,-0.5,0.8,-4.440892098500626e-16,3.3306690738754696e-16,6.661338147750939e-16,-12.437491783024022,-3.769919904010291,-1.5124009278308237
29.303773403167725,1.0000000000000004,-0.5000000000000003,0.7999999999999994,1.0,-0.5,0.8,-4.440892098500626e-16,3.3306690738754696e-16,6.661338147750939e-16,-12.437491783024022,-3.769919904010291,-1.512400927830824
29.313767671585083,1.0000000000000004,-0.5000000000000003,0.7999999999999994,1.0,-0.5,0.8,-4.440892098500626e-16,3.3306690738754696e-16,6.661338147750939e-16,-12.437491783024022,-3.769919904010291,-1.512400927830824
29.323809385299683,1.0000000000000004,-0.5000000000000003,0.7999999999999994,1.0,-0.5,0.8,-4.440892098500626e-16,3.3306690738754696e-16,6.661338147750939e-16,-12.437491783024022,-3.7699199040102913,-1.512400927830824
29.333818435668945,1.0000000000000004,-0.5000000000000003,0.7999999999999994,1.0,-0.5,0.8,-4.440892098500626e-16,3.3306690738754696e-16,6.661338147750939e-16,-12.437491783024024,-3.7699199040102913,-1.512400927830824
29.34381103515625,1.0000000000000004,-0.5000000000000003,0.7999999999999994,1.0,-0.5,0.8,-4.440892098500626e-16,3.3306690738754696e-16,6.661338147750939e-16,-12.437491783024024,-3.7699199040102913,-1.512400927830824
29.35379433631897,1.0000000000000004,-0.5000000000000003,0.7999999999999994,1.0,-0.5,0.8,-4.440892098500626e-16,3.3306690738754696e-16,6.661338147750939e-16,-12.437491783024024,-3.7699199040102918,-1.5124009278308241
29.36379337310791,1.0000000000000004,-0.5000000000000003,0.7999999999999994,1.0,-0.5,0.8,-4.440892098500626e-16,3.3306690738754696e-16,6.661338147750939e-16,-12.437491783024024,-3.7699199040102918,-1.5124009278308241
29.373783111572266,1.0000000000000004,-0.5000000000000003,0.7999999999999994,1.0,-0.5,0.8,-4.440892098500626e-16,3.3306690738754696e-16,6.661338147750939e-16,-12.437491783024024,-3.7699199040102918,-1.5124009278308241
29.38385319709778,1.0000000000000004,-0.5000000000000003,0.7999999999999994,1.0,-0.5,0.8,-4.440892098500626e-16,3.3306690738754696e-16,6.661338147750939e-16,-12.437491783024026,-3.7699199040102918,-1.5124009278308241
29.393819332122803,1.0000000000000004,-0.5000000000000003,0.7999999999999994,1.0,-0.5,0.8,-4.440892098500626e-16,3.3306690738754696e-16,6.661338147750939e-16,-12.437491783024026,-3.769919904010292,-1.5124009278308241
29.40377640724182,1.0000000000000004,-0.5000000000000003,0.7999999999999994,1.0,-0.5,0.8,-4.440892098500626e-16,3.3306690738754696e-16,6.661338147750939e-16,-12.437491783024026,-3.769919904010292,-1.5124009278308241
29.413751125335693,1.0000000000000004,-0.5000000000000003,0.7999999999999994,1.0,-0.5,0.8,-4.440892098500626e-16,3.3306690738754696e-16,6.661338147750939e-16,-12.437491783024026,-3.769919904010292,-1.5124009278308244
29.42374300956726,1.0000000000000004,-0.5000000000000003,0.7999999999999994,1.0,-0.5,0.8,-4.440892098500626e-16,3.3306690738754696e-16,6.661338147750939e-16,-12.437491783024026,-3.7699199040102926,-1.5124009278308244
29.433738231658936,1.0000000000000004,-0.5000000000000003,0.7999999999999994,1.0,-0.5,0.8,-4.440892098500626e-16,3.3306690738754696e-16,6.661338147750939e-16,-12.437491783024026,-3.7699199040102926,-1.5124009278308244
29.44377565383911,1.0000000000000004,-0.5000000000000003,0.7999999999999994,1.0,-0.5,0.8,-4.440892098500626e-16,3.3306690738754696e-16,6.661338147750939e-16,-12.437491783024026,-3.7699199040102926,-1.5124009278308244
29.45377492904663,1.0000000000000004,-0.5000000000000003,0.7999999999999994,1.0,-0.5,0.8,-4.440892098500626e-16,3.3306690738754696e-16,6.661338147750939e-16,-12.437491783024027,-3.7699199040102926,-1.5124009278308244
29.463792085647583,1.0000000000000004,-0.5000000000000003,0.7999999999999994,1.0,-0.5,0.8,-4.440892098500626e-16,3.3306690738754696e-16,6.661338147750939e-16,-12.437491783024027,-3.769919904010293,-1.5124009278308244
29.47379970550537,1.0000000000000004,-0.5000000000000003,0.7999999999999994,1.0,-0.5,0.8,-4.440892098500626e-16,3.3306690738754696e-16,6.661338147750939e-16,-12.437491783024027,-3.769919904010293,-1.5124009278308246
29.48378014564514,1.0000000000000004,-0.5000000000000003,0.7999999999999994,1.0,-0.5,0.8,-4.440892098500626e-16,3.3306690738754696e-16,6.661338147750939e-16,-12.437491783024027,-3.769919904010293,-1.5124009278308246
29.493775129318237,1.0000000000000004,-0.5000000000000003,0.7999999999999994,1.0,-0.5,0.8,-4.440892098500626e-16,3.3306690738754696e-16,6.661338147750939e-16,-12.437491783024027,-3.769919904010293,-1.5124009278308246
29.503836631774902,1.0000000000000004,-0.5000000000000003,0.7999999999999994,1.0,-0.5,0.8,-4.440892098500626e-16,3.3306690738754696e-16,6.661338147750939e-16,-12.437491783024027,-3.7699199040102935,-1.5124009278308246
29.513752937316895,1.0000000000000004,-0.5000000000000003,0.7999999999999994,1.0,-0.5,0.8,-4.440892098500626e-16,3.3306690738754696e-16,6.661338147750939e-16,-12.437491783024027,-3.7699199040102935,-1.5124009278308246
29.52374267578125,1.0000000000000004,-0.5000000000000003,0.7999999999999994,1.0,-0.5,0.8,-4.440892098500626e-16,3.3306690738754696e-16,6.661338147750939e-16,-12.43749178302403,-3.7699199040102935,-1.5124009278308246
29.53376865386963,1.0000000000000004,-0.5000000000000003,0.7999999999999994,1.0,-0.5,0.8,-4.440892098500626e-16,3.3306690738754696e-16,6.661338147750939e-16,-12.43749178302403,-3.7699199040102935,-1.5124009278308246
29.543742895126343,1.0000000000000004,-0.5000000000000003,0.7999999999999994,1.0,-0.5,0.8,-4.440892098500626e-16,3.3306690738754696e-16,6.661338147750939e-16,-12.43749178302403,-3.7699199040102935,-1.5124009278308248
29.553750038146973,1.0000000000000004,-0.5000000000000003,0.7999999999999994,1.0,-0.5,0.8,-4.440892098500626e-16,3.3306690738754696e-16,6.661338147750939e-16,-12.43749178302403,-3.769919904010294,-1.5124009278308248
29.563748836517334,1.0000000000000004,-0.5000000000000003,0.7999999999999994,1.0,-0.5,0.8,-4.440892098500626e-16,3.3306690738754696e-16,6.661338147750939e-16,-12.43749178302403,-3.769919904010294,-1.5124009278308248
29.573753356933594,1.0000000000000004,-0.5000000000000003,0.7999999999999994,1.0,-0.5,0.8,-4.440892098500626e-16,3.3306690738754696e-16,6.661338147750939e-16,-12.43749178302403,-3.769919904010294,-1.5124009278308248
29.583781957626343,1.0000000000000004,-0.5000000000000003,0.7999999999999994,1.0,-0.5,0.8,-4.440892098500626e-16,3.3306690738754696e-16,6.661338147750939e-16,-12.43749178302403,-3.769919904010294,-1.5124009278308248
29.593777179718018,1.0000000000000004,-0.5000000000000003,0.7999999999999994,1.0,-0.5,0.8,-4.440892098500626e-16,3.3306690738754696e-16,6.661338147750939e-16,-12.43749178302403,-3.769919904010294,-1.5124009278308248
29.603793144226074,1.0000000000000004,-0.5000000000000003,0.7999999999999994,1.0,-0.5,0.8,-4.440892098500626e-16,3.3306690738754696e-16,6.661338147750939e-16,-12.437491783024031,-3.7699199040102944,-1.5124009278308248
29.613783836364746,1.0000000000000004,-0.5000000000000003,0.7999999999999994,1.0,-0.5,0.8,-4.440892098500626e-16,3.3306690738754696e-16,6.661338147750939e-16,-12.437491783024031,-3.7699199040102944,-1.5124009278308248
29.623780250549316,1.0000000000000004,-0.5000000000000003,0.7999999999999994,1.0,-0.5,0.8,-4.440892098500626e-16,3.3306690738754696e-16,6.661338147750939e-16,-12.437491783024031,-3.7699199040102944,-1.512400927830825
29.633785247802734,1.0000000000000004,-0.5000000000000003,0.7999999999999994,1.0,-0.5,0.8,-4.440892098500626e-16,3.3306690738754696e-16,6.661338147750939e-16,-12.437491783024031,-3.7699199040102944,-1.512400927830825
29.643789291381836,1.0000000000000004,-0.5000000000000003,0.7999999999999994,1.0,-0.5,0.8,-4.440892098500626e-16,3.3306690738754696e-16,6.661338147750939e-16,-12.437491783024031,-3.7699199040102944,-1.512400927830825
29.653801441192627,1.0000000000000004,-0.5000000000000003,0.7999999999999994,1.0,-0.5,0.8,-4.440892098500626e-16,3.3306690738754696e-16,6.661338147750939e-16,-12.437491783024031,-3.769919904010295,-1.512400927830825
29.663825035095215,1.0000000000000004,-0.5000000000000003,0.7999999999999994,1.0,-0.5,0.8,-4.440892098500626e-16,3.3306690738754696e-16,6.661338147750939e-16,-12.437491783024031,-3.769919904010295,-1.512400927830825
29.673824787139893,1.0000000000000004,-0.5000000000000003,0.7999999999999994,1.0,-0.5,0.8,-4.440892098500626e-16,3.3306690738754696e-16,6.661338147750939e-16,-12.437491783024031,-3.769919904010295,-1.512400927830825
29.683792114257812,1.0000000000000004,-0.5000000000000003,0.7999999999999994,1.0,-0.5,0.8,-4.440892098500626e-16,3.3306690738754696e-16,6.661338147750939e-16,-12.437491783024031,-3.769919904010295,-1.512400927830825
29.69384789466858,1.0000000000000004,-0.5000000000000003,0.7999999999999994,1.0,-0.5,0.8,-4.440892098500626e-16,3.3306690738754696e-16,6.661338147750939e-16,-12.437491783024031,-3.769919904010295,-1.512400927830825
29.703809022903442,1.0000000000000004,-0.5000000000000003,0.7999999999999994,1.0,-0.5,0.8,-4.440892098500626e-16,3.3306690738754696e-16,6.661338147750939e-16,-12.437491783024033,-3.769919904010295,-1.512400927830825
29.713797330856323,1.0000000000000004,-0.5000000000000003,0.7999999999999994,1.0,-0.5,0.8,-4.440892098500626e-16,3.3306690738754696e-16,6.661338147750939e-16,-12.437491783024033,-3.7699199040102953,-1.512400927830825
29.72387719154358,1.0000000000000004,-0.5000000000000003,0.7999999999999994,1.0,-0.5,0.8,-4.440892098500626e-16,3.3306690738754696e-16,6.661338147750939e-16,-12.437491783024033,-3.7699199040102953,-1.5124009278308252
29.733809232711792,1.0000000000000004,-0.5000000000000003,0.7999999999999994,1.0,-0.5,0.8,-4.440892098500626e-16,3.3306690738754696e-16,6.661338147750939e-16,-12.437491783024033,-3.7699199040102953,-1.5124009278308252
29.743791341781616,1.0000000000000004,-0.5000000000000003,0.7999999999999994,1.0,-0.5,0.8,-4.440892098500626e-16,3.3306690738754696e-16,6.661338147750939e-16,-12.437491783024033,-3.7699199040102953,-1.5124009278308252
29.753807306289673,1.0000000000000004,-0.5000000000000003,0.7999999999999994,1.0,-0.5,0.8,-4.440892098500626e-16,3.3306690738754696e-16,6.661338147750939e-16,-12.437491783024033,-3.7699199040102953,-1.5124009278308252
29.76378345489502,1.0000000000000004,-0.5000000000000003,0.7999999999999994,1.0,-0.5,0.8,-4.440892098500626e-16,3.3306690738754696e-16,6.661338147750939e-16,-12.437491783024033,-3.7699199040102953,-1.5124009278308252
29.77377986907959,1.0000000000000004,-0.5000000000000003,0.7999999999999994,1.0,-0.5,0.8,-4.440892098500626e-16,3.3306690738754696e-16,6.661338147750939e-16,-12.437491783024033,-3.7699199040102953,-1.5124009278308252
29.783795595169067,1.0000000000000004,-0.5000000000000003,0.7999999999999994,1.0,-0.5,0.8,-4.440892098500626e-16,3.3306690738754696e-16,6.661338147750939e-16,-12.437491783024033,-3.7699199040102958,-1.5124009278308252
29.79378914833069,1.0000000000000004,-0.5000000000000003,0.7999999999999994,1.0,-0.5,0.8,-4.440892098500626e-16,3.3306690738754696e-16,6.661338147750939e-16,-12.437491783024033,-3.7699199040102958,-1.5124009278308252
29.803787231445312,1.0000000000000004,-0.5000000000000003,0.7999999999999994,1.0,-0.5,0.8,-4.440892098500626e-16,3.3306690738754696e-16,6.661338147750939e-16,-12.437491783024033,-3.7699199040102958,-1.5124009278308252
29.813783168792725,1.0000000000000004,-0.5000000000000003,0.7999999999999994,1.0,-0.5,0.8,-4.440892098500626e-16,3.3306690738754696e-16,6.661338147750939e-16,-12.437491783024033,-3.7699199040102958,-1.5124009278308252
29.823793649673462,1.0000000000000004,-0.5000000000000003,0.7999999999999994,1.0,-0.5,0.8,-4.440892098500626e-16,3.3306690738754696e-16,6.661338147750939e-16,-12.437491783024035,-3.7699199040102958,-1.5124009278308252
29.83383297920227,1.0000000000000004,-0.5000000000000003,0.7999999999999994,1.0,-0.5,0.8,-4.440892098500626e-16,3.3306690738754696e-16,6.661338147750939e-16,-12.437491783024035,-3.7699199040102958,-1.5124009278308252
29.843848705291748,1.0000000000000004,-0.5000000000000003,0.7999999999999994,1.0,-0.5,0.8,-4.440892098500626e-16,3.3306690738754696e-16,6.661338147750939e-16,-12.437491783024035,-3.7699199040102958,-1.5124009278308255
29.853804111480713,1.0000000000000004,-0.5000000000000003,0.7999999999999994,1.0,-0.5,0.8,-4.440892098500626e-16,3.3306690738754696e-16,6.661338147750939e-16,-12.437491783024035,-3.7699199040102958,-1.5124009278308255
29.863835096359253,1.0000000000000004,-0.5000000000000003,0.7999999999999994,1.0,-0.5,0.8,-4.440892098500626e-16,3.3306690738754696e-16,6.661338147750939e-16,-12.437491783024035,-3.7699199040102958,-1.5124009278308255
29.873841047286987,1.0000000000000004,-0.5000000000000003,0.7999999999999994,1.0,-0.5,0.8,-4.440892098500626e-16,3.3306690738754696e-16,6.661338147750939e-16,-12.437491783024035,-3.769919904010296,-1.5124009278308255
29.883787155151367,1.0000000000000004,-0.5000000000000003,0.7999999999999994,1.0,-0.5,0.8,-4.440892098500626e-16,3.3306690738754696e-16,6.661338147750939e-16,-12.437491783024035,-3.769919904010296,-1.5124009278308255
29.893800735473633,1.0000000000000004,-0.5000000000000003,0.7999999999999994,1.0,-0.5,0.8,-4.440892098500626e-16,3.3306690738754696e-16,6.661338147750939e-16,-12.437491783024035,-3.769919904010296,-1.5124009278308255
29.903777599334717,1.0000000000000004,-0.5000000000000003,0.7999999999999994,1.0,-0.5,0.8,-4.440892098500626e-16,3.3306690738754696e-16,6.661338147750939e-16,-12.437491783024035,-3.769919904010296,-1.5124009278308255
29.91376543045044,1.0000000000000004,-0.5000000000000003,0.7999999999999994,1.0,-0.5,0.8,-4.440892098500626e-16,3.3306690738754696e-16,6.661338147750939e-16,-12.437491783024035,-3.769919904010296,-1.5124009278308255
29.923840522766113,1.0000000000000004,-0.5000000000000003,0.7999999999999994,1.0,-0.5,0.8,-4.440892098500626e-16,3.3306690738754696e-16,6.661338147750939e-16,-12.437491783024035,-3.769919904010296,-1.5124009278308255
29.933815002441406,1.0000000000000004,-0.5000000000000003,0.7999999999999994,1.0,-0.5,0.8,-4.440892098500626e-16,3.3306690738754696e-16,6.661338147750939e-16,-12.437491783024035,-3.769919904010296,-1.5124009278308255
29.94382905960083,1.0000000000000004,-0.5000000000000003,0.7999999999999994,1.0,-0.5,0.8,-4.440892098500626e-16,3.3306690738754696e-16,6.661338147750939e-16,-12.437491783024035,-3.769919904010296,-1.5124009278308255
29.95382809638977,1.0000000000000004,-0.5000000000000003,0.7999999999999994,1.0,-0.5,0.8,-4.440892098500626e-16,3.3306690738754696e-16,6.661338147750939e-16,-12.437491783024035,-3.769919904010296,-1.5124009278308255
29.963802099227905,1.0000000000000004,-0.5000000000000003,0.7999999999999994,1.0,-0.5,0.8,-4.440892098500626e-16,3.3306690738754696e-16,6.661338147750939e-16,-12.437491783024035,-3.7699199040102966,-1.5124009278308255
29.97379970550537,1.0000000000000004,-0.5000000000000003,0.7999999999999994,1.0,-0.5,0.8,-4.440892098500626e-16,3.3306690738754696e-16,6.661338147750939e-16,-12.437491783024035,-3.7699199040102966,-1.5124009278308255
29.983792781829834,1.0000000000000004,-0.5000000000000003,0.7999999999999994,1.0,-0.5,0.8,-4.440892098500626e-16,3.3306690738754696e-16,6.661338147750939e-16,-12.437491783024035,-3.7699199040102966,-1.5124009278308255
29.993796825408936,1.0000000000000004,-0.5000000000000003,0.7999999999999994,1.0,-0.5,0.8,-4.440892098500626e-16,3.3306690738754696e-16,6.661338147750939e-16,-12.437491783024036,-3.7699199040102966,-1.5124009278308255
30.003802061080933,1.0000000000000004,-0.5000000000000003,0.7999999999999994,1.0,-0.5,0.8,-4.440892098500626e-16,3.3306690738754696e-16,6.661338147750939e-16,-12.437491783024036,-3.7699199040102966,-1.5124009278308255
30.013785123825073,1.0000000000000004,-0.5000000000000003,0.7999999999999994,1.0,-0.5,0.8,-4.440892098500626e-16,3.3306690738754696e-16,6.661338147750939e-16,-12.437491783024036,-3.7699199040102966,-1.5124009278308257
30.023755073547363,1.0000000000000004,-0.5000000000000003,0.7999999999999994,1.0,-0.5,0.8,-4.440892098500626e-16,3.3306690738754696e-16,6.661338147750939e-16,-12.437491783024036,-3.7699199040102966,-1.5124009278308257
30.033771753311157,1.0000000000000004,-0.5000000000000003,0.7999999999999994,1.0,-0.5,0.8,-4.440892098500626e-16,3.3306690738754696e-16,6.661338147750939e-16,-12.437491783024036,-3.7699199040102966,-1.5124009278308257
30.043779373168945,1.0000000000000004,-0.5000000000000003,0.7999999999999994,1.0,-0.5,0.8,-4.440892098500626e-16,3.3306690738754696e-16,6.661338147750939e-16,-12.437491783024036,-3.7699199040102966,-1.5124009278308257
30.053762197494507,1.0000000000000004,-0.5000000000000003,0.7999999999999994,1.0,-0.5,0.8,-4.440892098500626e-16,3.3306690738754696e-16,6.661338147750939e-16,-12.437491783024036,-3.7699199040102966,-1.5124009278308257
30.063838720321655,1.0000000000000004,-0.5000000000000003,0.7999999999999994,1.0,-0.5,0.8,-4.440892098500626e-16,3.3306690738754696e-16,6.661338147750939e-16,-12.437491783024036,-3.7699199040102966,-1.5124009278308257
30.07382035255432,1.0000000000000004,-0.5000000000000003,0.7999999999999994,1.0,-0.5,0.8,-4.440892098500626e-16,3.3306690738754696e-16,6.661338147750939e-16,-12.437491783024036,-3.7699199040102966,-1.5124009278308257
30.083800792694092,1.0000000000000004,-0.5000000000000003,0.7999999999999994,1.0,-0.5,0.8,-4.440892098500626e-16,3.3306690738754696e-16,6.661338147750939e-16,-12.437491783024036,-3.7699199040102966,-1.5124009278308257
30.093804836273193,1.0000000000000004,-0.5000000000000003,0.7999999999999994,1.0,-0.5,0.8,-4.440892098500626e-16,3.3306690738754696e-16,6.661338147750939e-16,-12.437491783024036,-3.769919904010297,-1.5124009278308257
30.103792667388916,1.0000000000000004,-0.5000000000000003,0.7999999999999994,1.0,-0.5,0.8,-4.440892098500626e-16,3.3306690738754696e-16,6.661338147750939e-16,-12.437491783024036,-3.769919904010297,-1.5124009278308257
30.1137912273407,1.0000000000000004,-0.5000000000000003,0.7999999999999994,1.0,-0.5,0.8,-4.440892098500626e-16,3.3306690738754696e-16,6.661338147750939e-16,-12.437491783024036,-3.769919904010297,-1.5124009278308257
30.123788356781006,1.0000000000000004,-0.5000000000000003,0.7999999999999994,1.0,-0.5,0.8,-4.440892098500626e-16,3.3306690738754696e-16,6.661338147750939e-16,-12.437491783024036,-3.769919904010297,-1.5124009278308257
30.133753538131714,1.0000000000000004,-0.5000000000000003,0.7999999999999994,1.0,-0.5,0.8,-4.440892098500626e-16,3.3306690738754696e-16,6.661338147750939e-16,-12.437491783024036,-3.769919904010297,-1.5124009278308257
30.143749475479126,1.0000000000000004,-0.5000000000000003,0.7999999999999994,1.0,-0.5,0.8,-4.440892098500626e-16,3.3306690738754696e-16,6.661338147750939e-16,-12.437491783024036,-3.769919904010297,-1.5124009278308257
30.153759002685547,1.0000000000000004,-0.5000000000000003,0.7999999999999994,1.0,-0.5,0.8,-4.440892098500626e-16,3.3306690738754696e-16,6.661338147750939e-16,-12.437491783024036,-3.769919904010297,-1.5124009278308257
30.16377544403076,1.0000000000000004,-0.5000000000000003,0.7999999999999994,1.0,-0.5,0.8,-4.440892098500626e-16,3.3306690738754696e-16,6.661338147750939e-16,-12.437491783024036,-3.769919904010297,-1.5124009278308257
30.17382264137268,1.0000000000000004,-0.5000000000000003,0.7999999999999994,1.0,-0.5,0.8,-4.440892098500626e-16,3.3306690738754696e-16,6.661338147750939e-16,-12.437491783024036,-3.769919904010297,-1.5124009278308257
30.18381142616272,1.0000000000000004,-0.5000000000000003,0.7999999999999994,1.0,-0.5,0.8,-4.440892098500626e-16,3.3306690738754696e-16,6.661338147750939e-16,-12.437491783024036,-3.769919904010297,-1.5124009278308257
30.193790435791016,1.0000000000000004,-0.5000000000000003,0.7999999999999994,1.0,-0.5,0.8,-4.440892098500626e-16,3.3306690738754696e-16,6.661338147750939e-16,-12.437491783024036,-3.769919904010297,-1.5124009278308257
30.203811407089233,1.0000000000000004,-0.5000000000000003,0.7999999999999994,1.0,-0.5,0.8,-4.440892098500626e-16,3.3306690738754696e-16,6.661338147750939e-16,-12.437491783024036,-3.769919904010297,-1.5124009278308257
30.21378755569458,1.0000000000000004,-0.5000000000000003,0.7999999999999994,1.0,-0.5,0.8,-4.440892098500626e-16,3.3306690738754696e-16,6.661338147750939e-16,-12.437491783024036,-3.769919904010297,-1.5124009278308257
30.223803997039795,1.0000000000000004,-0.5000000000000003,0.7999999999999994,1.0,-0.5,0.8,-4.440892098500626e-16,3.3306690738754696e-16,6.661338147750939e-16,-12.437491783024036,-3.769919904010297,-1.5124009278308257
30.233829021453857,1.0000000000000004,-0.5000000000000003,0.7999999999999994,1.0,-0.5,0.8,-4.440892098500626e-16,3.3306690738754696e-16,6.661338147750939e-16,-12.437491783024038,-3.769919904010297,-1.5124009278308257
30.24374747276306,1.0000000000000004,-0.5000000000000003,0.7999999999999994,1.0,-0.5,0.8,-4.440892098500626e-16,3.3306690738754696e-16,6.661338147750939e-16,-12.437491783024038,-3.769919904010297,-1.5124009278308257
30.253735303878784,1.0000000000000004,-0.5000000000000003,0.7999999999999994,1.0,-0.5,0.8,-4.440892098500626e-16,3.3306690738754696e-16,6.661338147750939e-16,-12.437491783024038,-3.7699199040102975,-1.512400927830826
30.26377272605896,1.0000000000000004,-0.5000000000000003,0.7999999999999994,1.0,-0.5,0.8,-4.440892098500626e-16,3.3306690738754696e-16,6.661338147750939e-16,-12.437491783024038,-3.7699199040102975,-1.512400927830826
30.27377986907959,1.0000000000000004,-0.5000000000000003,0.7999999999999994,1.0,-0.5,0.8,-4.440892098500626e-16,3.3306690738754696e-16,6.661338147750939e-16,-12.437491783024038,-3.7699199040102975,-1.512400927830826
30.283797025680542,1.0000000000000004,-0.5000000000000003,0.7999999999999994,1.0,-0.5,0.8,-4.440892098500626e-16,3.3306690738754696e-16,6.661338147750939e-16,-12.437491783024038,-3.7699199040102975,-1.512400927830826
30.29381537437439,1.0000000000000004,-0.5000000000000003,0.7999999999999994,1.0,-0.5,0.8,-4.440892098500626e-16,3.3306690738754696e-16,6.661338147750939e-16,-12.437491783024038,-3.7699199040102975,-1.512400927830826
30.30375838279724,1.0000000000000004,-0.5000000000000003,0.7999999999999994,1.0,-0.5,0.8,-4.440892098500626e-16,3.3306690738754696e-16,6.661338147750939e-16,-12.437491783024038,-3.7699199040102975,-1.512400927830826
30.313732147216797,1.0000000000000004,-0.5000000000000003,0.7999999999999994,1.0,-0.5,0.8,-4.440892098500626e-16,3.3306690738754696e-16,6.661338147750939e-16,-12.437491783024038,-3.7699199040102975,-1.512400927830826
30.32375741004944,1.0000000000000004,-0.5000000000000003,0.7999999999999994,1.0,-0.5,0.8,-4.440892098500626e-16,3.3306690738754696e-16,6.661338147750939e-16,-12.437491783024038,-3.7699199040102975,-1.512400927830826
30.33377194404602,1.0000000000000004,-0.5000000000000003,0.7999999999999994,1.0,-0.5,0.8,-4.440892098500626e-16,3.3306690738754696e-16,6.661338147750939e-16,-12.437491783024038,-3.7699199040102975,-1.512400927830826
30.343804359436035,1.0000000000000004,-0.5000000000000003,0.7999999999999994,1.0,-0.5,0.8,-4.440892098500626e-16,3.3306690738754696e-16,6.661338147750939e-16,-12.437491783024038,-3.7699199040102975,-1.512400927830826
30.353782415390015,1.0000000000000004,-0.5000000000000003,0.7999999999999994,1.0,-0.5,0.8,-4.440892098500626e-16,3.3306690738754696e-16,6.661338147750939e-16,-12.437491783024038,-3.7699199040102975,-1.512400927830826
30.36379051208496,1.0000000000000004,-0.5000000000000003,0.7999999999999994,1.0,-0.5,0.8,-4.440892098500626e-16,3.3306690738754696e-16,6.661338147750939e-16,-12.437491783024038,-3.7699199040102975,-1.512400927830826
30.373791694641113,1.0000000000000004,-0.5000000000000003,0.7999999999999994,1.0,-0.5,0.8,-4.440892098500626e-16,3.3306690738754696e-16,6.661338147750939e-16,-12.437491783024038,-3.7699199040102975,-1.512400927830826
30.383773803710938,1.0000000000000004,-0.5000000000000003,0.7999999999999994,1.0,-0.5,0.8,-4.440892098500626e-16,3.3306690738754696e-16,6.661338147750939e-16,-12.437491783024038,-3.7699199040102975,-1.512400927830826
30.393772840499878,1.0000000000000004,-0.5000000000000003,0.7999999999999994,1.0,-0.5,0.8,-4.440892098500626e-16,3.3306690738754696e-16,6.661338147750939e-16,-12.437491783024038,-3.7699199040102975,-1.512400927830826
30.403780698776245,1.0000000000000004,-0.5000000000000003,0.7999999999999994,1.0,-0.5,0.8,-4.440892098500626e-16,3.3306690738754696e-16,6.661338147750939e-16,-12.437491783024038,-3.7699199040102975,-1.512400927830826
30.41377067565918,1.0000000000000004,-0.5000000000000003,0.7999999999999994,1.0,-0.5,0.8,-4.440892098500626e-16,3.3306690738754696e-16,6.661338147750939e-16,-12.437491783024038,-3.7699199040102975,-1.512400927830826
30.42378830909729,1.0000000000000004,-0.5000000000000003,0.7999999999999994,1.0,-0.5,0.8,-4.440892098500626e-16,3.3306690738754696e-16,6.661338147750939e-16,-12.437491783024038,-3.7699199040102975,-1.512400927830826
30.43379831314087,1.0000000000000004,-0.5000000000000003,0.7999999999999994,1.0,-0.5,0.8,-4.440892098500626e-16,3.3306690738754696e-16,6.661338147750939e-16,-12.437491783024038,-3.7699199040102975,-1.512400927830826
30.443788051605225,1.0000000000000004,-0.5000000000000003,0.7999999999999994,1.0,-0.5,0.8,-4.440892098500626e-16,3.3306690738754696e-16,6.661338147750939e-16,-12.437491783024038,-3.7699199040102975,-1.512400927830826
30.453813076019287,1.0000000000000004,-0.5000000000000003,0.7999999999999994,1.0,-0.5,0.8,-4.440892098500626e-16,3.3306690738754696e-16,6.661338147750939e-16,-12.437491783024038,-3.7699199040102975,-1.512400927830826
30.4638192653656,1.0000000000000004,-0.5000000000000003,0.7999999999999994,1.0,-0.5,0.8,-4.440892098500626e-16,3.3306690738754696e-16,6.661338147750939e-16,-12.437491783024038,-3.7699199040102975,-1.512400927830826
30.473818063735962,1.0000000000000004,-0.5000000000000003,0.7999999999999994,1.0,-0.5,0.8,-4.440892098500626e-16,3.3306690738754696e-16,6.661338147750939e-16,-12.437491783024038,-3.7699199040102975,-1.512400927830826
30.48383903503418,1.0000000000000004,-0.5000000000000003,0.7999999999999994,1.0,-0.5,0.8,-4.440892098500626e-16,3.3306690738754696e-16,6.661338147750939e-16,-12.437491783024038,-3.7699199040102975,-1.512400927830826
30.493816614151,1.0000000000000004,-0.5000000000000003,0.7999999999999994,1.0,-0.5,0.8,-4.440892098500626e-16,3.3306690738754696e-16,6.661338147750939e-16,-12.437491783024038,-3.7699199040102975,-1.512400927830826
30.503800868988037,1.0000000000000004,-0.5000000000000003,0.7999999999999994,1.0,-0.5,0.8,-4.440892098500626e-16,3.3306690738754696e-16,6.661338147750939e-16,-12.437491783024038,-3.769919904010298,-1.512400927830826
30.513781547546387,1.0000000000000004,-0.5000000000000003,0.7999999999999994,1.0,-0.5,0.8,-4.440892098500626e-16,3.3306690738754696e-16,6.661338147750939e-16,-12.437491783024038,-3.769919904010298,-1.512400927830826
30.52378273010254,1.0000000000000004,-0.5000000000000003,0.7999999999999994,1.0,-0.5,0.8,-4.440892098500626e-16,3.3306690738754696e-16,6.661338147750939e-16,-12.437491783024038,-3.769919904010298,-1.512400927830826
30.53377413749695,1.0000000000000004,-0.5000000000000003,0.7999999999999994,1.0,-0.5,0.8,-4.440892098500626e-16,3.3306690738754696e-16,6.661338147750939e-16,-12.437491783024038,-3.769919904010298,-1.512400927830826
30.54378342628479,1.0000000000000004,-0.5000000000000003,0.7999999999999994,1.0,-0.5,0.8,-4.440892098500626e-16,3.3306690738754696e-16,6.661338147750939e-16,-12.437491783024038,-3.769919904010298,-1.512400927830826
30.553774118423462,1.0000000000000004,-0.5000000000000003,0.7999999999999994,1.0,-0.5,0.8,-4.440892098500626e-16,3.3306690738754696e-16,6.661338147750939e-16,-12.437491783024038,-3.769919904010298,-1.512400927830826
30.56377339363098,1.0000000000000004,-0.5000000000000003,0.7999999999999994,1.0,-0.5,0.8,-4.440892098500626e-16,3.3306690738754696e-16,6.661338147750939e-16,-12.437491783024038,-3.769919904010298,-1.512400927830826
30.573794841766357,1.0000000000000004,-0.5000000000000003,0.7999999999999994,1.0,-0.5,0.8,-4.440892098500626e-16,3.3306690738754696e-16,6.661338147750939e-16,-12.437491783024038,-3.769919904010298,-1.512400927830826
30.583800315856934,1.0000000000000004,-0.5000000000000003,0.7999999999999994,1.0,-0.5,0.8,-4.440892098500626e-16,3.3306690738754696e-16,6.661338147750939e-16,-12.437491783024038,-3.769919904010298,-1.512400927830826
30.593806266784668,1.0000000000000004,-0.5000000000000003,0.7999999999999994,1.0,-0.5,0.8,-4.440892098500626e-16,3.3306690738754696e-16,6.661338147750939e-16,-12.437491783024038,-3.769919904010298,-1.512400927830826
30.603769302368164,1.0000000000000004,-0.5000000000000003,0.7999999999999994,1.0,-0.5,0.8,-4.440892098500626e-16,3.3306690738754696e-16,6.661338147750939e-16,-12.437491783024038,-3.769919904010298,-1.512400927830826
30.61377477645874,1.0000000000000004,-0.5000000000000003,0.7999999999999994,1.0,-0.5,0.8,-4.440892098500626e-16,3.3306690738754696e-16,6.661338147750939e-16,-12.437491783024038,-3.769919904010298,-1.512400927830826
30.6237952709198,1.0000000000000004,-0.5000000000000003,0.7999999999999994,1.0,-0.5,0.8,-4.440892098500626e-16,3.3306690738754696e-16,6.661338147750939e-16,-12.437491783024038,-3.769919904010298,-1.512400927830826
30.633799076080322,1.0000000000000004,-0.5000000000000003,0.7999999999999994,1.0,-0.5,0.8,-4.440892098500626e-16,3.3306690738754696e-16,6.661338147750939e-16,-12.437491783024038,-3.769919904010298,-1.512400927830826
30.643741846084595,1.0000000000000004,-0.5000000000000003,0.7999999999999994,1.0,-0.5,0.8,-4.440892098500626e-16,3.3306690738754696e-16,6.661338147750939e-16,-12.437491783024038,-3.769919904010298,-1.512400927830826
30.653738975524902,1.0000000000000004,-0.5000000000000003,0.7999999999999994,1.0,-0.5,0.8,-4.440892098500626e-16,3.3306690738754696e-16,6.661338147750939e-16,-12.437491783024038,-3.769919904010298,-1.512400927830826
30.663759469985962,1.0000000000000004,-0.5000000000000003,0.7999999999999994,1.0,-0.5,0.8,-4.440892098500626e-16,3.3306690738754696e-16,6.661338147750939e-16,-12.437491783024038,-3.769919904010298,-1.512400927830826
30.67376399040222,1.0000000000000004,-0.5000000000000003,0.7999999999999994,1.0,-0.5,0.8,-4.440892098500626e-16,3.3306690738754696e-16,6.661338147750939e-16,-12.437491783024038,-3.769919904010298,-1.512400927830826
30.683780193328857,1.0000000000000004,-0.5000000000000003,0.7999999999999994,1.0,-0.5,0.8,-4.440892098500626e-16,3.3306690738754696e-16,6.661338147750939e-16,-12.437491783024038,-3.769919904010298,-1.512400927830826
30.69377636909485,1.0000000000000004,-0.5000000000000003,0.7999999999999994,1.0,-0.5,0.8,-4.440892098500626e-16,3.3306690738754696e-16,6.661338147750939e-16,-12.437491783024038,-3.769919904010298,-1.512400927830826
30.70378541946411,1.0000000000000004,-0.5000000000000003,0.7999999999999994,1.0,-0.5,0.8,-4.440892098500626e-16,3.3306690738754696e-16,6.661338147750939e-16,-12.437491783024038,-3.769919904010298,-1.512400927830826
30.713793992996216,1.0000000000000004,-0.5000000000000003,0.7999999999999994,1.0,-0.5,0.8,-4.440892098500626e-16,3.3306690738754696e-16,6.661338147750939e-16,-12.437491783024038,-3.769919904010298,-1.512400927830826
30.72378182411194,1.0000000000000004,-0.5000000000000003,0.7999999999999994,1.0,-0.5,0.8,-4.440892098500626e-16,3.3306690738754696e-16,6.661338147750939e-16,-12.437491783024038,-3.769919904010298,-1.512400927830826
30.733816146850586,1.0000000000000004,-0.5000000000000003,0.7999999999999994,1.0,-0.5,0.8,-4.440892098500626e-16,3.3306690738754696e-16,6.661338147750939e-16,-12.43749178302404,-3.769919904010298,-1.512400927830826
30.74377465248108,1.0000000000000004,-0.5000000000000003,0.7999999999999994,1.0,-0.5,0.8,-4.440892098500626e-16,3.3306690738754696e-16,6.661338147750939e-16,-12.43749178302404,-3.769919904010298,-1.512400927830826
30.75378155708313,1.0000000000000004,-0.5000000000000003,0.7999999999999994,1.0,-0.5,0.8,-4.440892098500626e-16,3.3306690738754696e-16,6.661338147750939e-16,-12.43749178302404,-3.769919904010298,-1.5124009278308261
30.763790607452393,1.0000000000000004,-0.5000000000000003,0.7999999999999994,1.0,-0.5,0.8,-4.440892098500626e-16,3.3306690738754696e-16,6.661338147750939e-16,-12.43749178302404,-3.769919904010298,-1.5124009278308261
30.773800134658813,1.0000000000000004,-0.5000000000000003,0.7999999999999994,1.0,-0.5,0.8,-4.440892098500626e-16,3.3306690738754696e-16,6.661338147750939e-16,-12.43749178302404,-3.769919904010298,-1.5124009278308261
30.78379511833191,1.0000000000000004,-0.5000000000000003,0.7999999999999994,1.0,-0.5,0.8,-4.440892098500626e-16,3.3306690738754696e-16,6.661338147750939e-16,-12.43749178302404,-3.769919904010298,-1.5124009278308261
30.793819665908813,1.0000000000000004,-0.5000000000000003,0.7999999999999994,1.0,-0.5,0.8,-4.440892098500626e-16,3.3306690738754696e-16,6.661338147750939e-16,-12.43749178302404,-3.769919904010298,-1.5124009278308261
30.803800344467163,1.0000000000000004,-0.5000000000000003,0.7999999999999994,1.0,-0.5,0.8,-4.440892098500626e-16,3.3306690738754696e-16,6.661338147750939e-16,-12.43749178302404,-3.769919904010298,-1.5124009278308261
30.81380605697632,1.0000000000000004,-0.5000000000000003,0.7999999999999994,1.0,-0.5,0.8,-4.440892098500626e-16,3.3306690738754696e-16,6.661338147750939e-16,-12.43749178302404,-3.769919904010298,-1.5124009278308261
30.82381844520569,1.0000000000000004,-0.5000000000000003,0.7999999999999994,1.0,-0.5,0.8,-4.440892098500626e-16,3.3306690738754696e-16,6.661338147750939e-16,-12.43749178302404,-3.769919904010298,-1.5124009278308261
30.8338041305542,1.0000000000000004,-0.5000000000000003,0.7999999999999994,1.0,-0.5,0.8,-4.440892098500626e-16,3.3306690738754696e-16,6.661338147750939e-16,-12.43749178302404,-3.769919904010298,-1.5124009278308261
30.843790769577026,1.0000000000000004,-0.5000000000000003,0.7999999999999994,1.0,-0.5,0.8,-4.440892098500626e-16,3.3306690738754696e-16,6.661338147750939e-16,-12.43749178302404,-3.769919904010298,-1.5124009278308261
30.853806257247925,1.0000000000000004,-0.5000000000000003,0.7999999999999994,1.0,-0.5,0.8,-4.440892098500626e-16,3.3306690738754696e-16,6.661338147750939e-16,-12.43749178302404,-3.769919904010298,-1.5124009278308261
30.863800764083862,1.0000000000000004,-0.5000000000000003,0.7999999999999994,1.0,-0.5,0.8,-4.440892098500626e-16,3.3306690738754696e-16,6.661338147750939e-16,-12.43749178302404,-3.769919904010298,-1.5124009278308261
30.873828649520874,1.0000000000000004,-0.5000000000000003,0.7999999999999994,1.0,-0.5,0.8,-4.440892098500626e-16,3.3306690738754696e-16,6.661338147750939e-16,-12.43749178302404,-3.769919904010298,-1.5124009278308261
30.8838312625885,1.0000000000000004,-0.5000000000000003,0.7999999999999994,1.0,-0.5,0.8,-4.440892098500626e-16,3.3306690738754696e-16,6.661338147750939e-16,-12.43749178302404,-3.769919904010298,-1.5124009278308261
30.893790245056152,1.0000000000000004,-0.5000000000000003,0.7999999999999994,1.0,-0.5,0.8,-4.440892098500626e-16,3.3306690738754696e-16,6.661338147750939e-16,-12.43749178302404,-3.769919904010298,-1.5124009278308261
30.90379047393799,1.0000000000000004,-0.5000000000000003,0.7999999999999994,1.0,-0.5,0.8,-4.440892098500626e-16,3.3306690738754696e-16,6.661338147750939e-16,-12.43749178302404,-3.769919904010298,-1.5124009278308261
30.913771629333496,1.0000000000000004,-0.5000000000000003,0.7999999999999994,1.0,-0.5,0.8,-4.440892098500626e-16,3.3306690738754696e-16,6.661338147750939e-16,-12.43749178302404,-3.769919904010298,-1.5124009278308261
30.923786163330078,1.0000000000000004,-0.5000000000000003,0.7999999999999994,1.0,-0.5,0.8,-4.440892098500626e-16,3.3306690738754696e-16,6.661338147750939e-16,-12.43749178302404,-3.769919904010298,-1.5124009278308261
30.93380093574524,1.0000000000000004,-0.5000000000000003,0.7999999999999994,1.0,-0.5,0.8,-4.440892098500626e-16,3.3306690738754696e-16,6.661338147750939e-16,-12.43749178302404,-3.769919904010298,-1.5124009278308261
30.94379687309265,1.0000000000000004,-0.5000000000000003,0.7999999999999994,1.0,-0.5,0.8,-4.440892098500626e-16,3.3306690738754696e-16,6.661338147750939e-16,-12.43749178302404,-3.769919904010298,-1.5124009278308261
30.953782558441162,1.0000000000000004,-0.5000000000000003,0.7999999999999994,1.0,-0.5,0.8,-4.440892098500626e-16,3.3306690738754696e-16,6.661338147750939e-16,-12.43749178302404,-3.769919904010298,-1.5124009278308261
30.96379780769348,1.0000000000000004,-0.5000000000000003,0.7999999999999994,1.0,-0.5,0.8,-4.440892098500626e-16,3.3306690738754696e-16,6.661338147750939e-16,-12.43749178302404,-3.769919904010298,-1.5124009278308261
30.973783493041992,1.0000000000000004,-0.5000000000000003,0.7999999999999994,1.0,-0.5,0.8,-4.440892098500626e-16,3.3306690738754696e-16,6.661338147750939e-16,-12.43749178302404,-3.769919904010298,-1.5124009278308261
30.983805656433105,1.0000000000000004,-0.5000000000000003,0.7999999999999994,1.0,-0.5,0.8,-4.440892098500626e-16,3.3306690738754696e-16,6.661338147750939e-16,-12.43749178302404,-3.769919904010298,-1.5124009278308261
30.993749141693115,1.0000000000000004,-0.5000000000000003,0.7999999999999994,1.0,-0.5,0.8,-4.440892098500626e-16,3.3306690738754696e-16,6.661338147750939e-16,-12.43749178302404,-3.769919904010298,-1.5124009278308261
31.003761053085327,1.0000000000000004,-0.5000000000000003,0.7999999999999994,1.0,-0.5,0.8,-4.440892098500626e-16,3.3306690738754696e-16,6.661338147750939e-16,-12.43749178302404,-3.7699199040102984,-1.5124009278308261
31.013754844665527,1.0000000000000004,-0.5000000000000003,0.7999999999999994,1.0,-0.5,0.8,-4.440892098500626e-16,3.3306690738754696e-16,6.661338147750939e-16,-12.43749178302404,-3.7699199040102984,-1.5124009278308261
31.023747205734253,1.0000000000000004,-0.5000000000000003,0.7999999999999994,1.0,-0.5,0.8,-4.440892098500626e-16,3.3306690738754696e-16,6.661338147750939e-16,-12.43749178302404,-3.7699199040102984,-1.5124009278308261
31.03375482559204,1.0000000000000004,-0.5000000000000003,0.7999999999999994,1.0,-0.5,0.8,-4.440892098500626e-16,3.3306690738754696e-16,6.661338147750939e-16,-12.43749178302404,-3.7699199040102984,-1.5124009278308261
31.043789863586426,1.0000000000000004,-0.5000000000000003,0.7999999999999994,1.0,-0.5,0.8,-4.440892098500626e-16,3.3306690738754696e-16,6.661338147750939e-16,-12.43749178302404,-3.7699199040102984,-1.5124009278308261
31.053795099258423,1.0000000000000004,-0.5000000000000003,0.7999999999999994,1.0,-0.5,0.8,-4.440892098500626e-16,3.3306690738754696e-16,6.661338147750939e-16,-12.43749178302404,-3.7699199040102984,-1.5124009278308261
31.06377601623535,1.0000000000000004,-0.5000000000000003,0.7999999999999994,1.0,-0.5,0.8,-4.440892098500626e-16,3.3306690738754696e-16,6.661338147750939e-16,-12.43749178302404,-3.7699199040102984,-1.5124009278308261
31.07379126548767,1.0000000000000004,-0.5000000000000003,0.7999999999999994,1.0,-0.5,0.8,-4.440892098500626e-16,3.3306690738754696e-16,6.661338147750939e-16,-12.43749178302404,-3.7699199040102984,-1.5124009278308261
31.083796501159668,1.0000000000000004,-0.5000000000000003,0.7999999999999994,1.0,-0.5,0.8,-4.440892098500626e-16,3.3306690738754696e-16,6.661338147750939e-16,-12.43749178302404,-3.7699199040102984,-1.5124009278308261
31.09377956390381,1.0000000000000004,-0.5000000000000003,0.7999999999999994,1.0,-0.5,0.8,-4.440892098500626e-16,3.3306690738754696e-16,6.661338147750939e-16,-12.43749178302404,-3.7699199040102984,-1.5124009278308261
31.103774785995483,1.0000000000000004,-0.5000000000000003,0.7999999999999994,1.0,-0.5,0.8,-4.440892098500626e-16,3.3306690738754696e-16,6.661338147750939e-16,-12.43749178302404,-3.7699199040102984,-1.5124009278308261
31.113747358322144,1.0000000000000004,-0.5000000000000003,0.7999999999999994,1.0,-0.5,0.8,-4.440892098500626e-16,3.3306690738754696e-16,6.661338147750939e-16,-12.43749178302404,-3.7699199040102984,-1.5124009278308261
31.123751401901245,1.0000000000000004,-0.5000000000000003,0.7999999999999994,1.0,-0.5,0.8,-4.440892098500626e-16,3.3306690738754696e-16,6.661338147750939e-16,-12.43749178302404,-3.7699199040102984,-1.5124009278308261
31.133744955062866,1.0000000000000004,-0.5000000000000003,0.7999999999999994,1.0,-0.5,0.8,-4.440892098500626e-16,3.3306690738754696e-16,6.661338147750939e-16,-12.43749178302404,-3.7699199040102984,-1.5124009278308261
31.143747329711914,1.0000000000000004,-0.5000000000000003,0.7999999999999994,1.0,-0.5,0.8,-4.440892098500626e-16,3.3306690738754696e-16,6.661338147750939e-16,-12.43749178302404,-3.7699199040102984,-1.5124009278308261
31.153760194778442,1.0000000000000004,-0.5000000000000003,0.7999999999999994,1.0,-0.5,0.8,-4.440892098500626e-16,3.3306690738754696e-16,6.661338147750939e-16,-12.43749178302404,-3.7699199040102984,-1.5124009278308261
31.16376519203186,1.0000000000000004,-0.5000000000000003,0.7999999999999994,1.0,-0.5,0.8,-4.440892098500626e-16,3.3306690738754696e-16,6.661338147750939e-16,-12.43749178302404,-3.7699199040102984,-1.5124009278308261
31.173773288726807,1.0000000000000004,-0.5000000000000003,0.7999999999999994,1.0,-0.5,0.8,-4.440892098500626e-16,3.3306690738754696e-16,6.661338147750939e-16,-12.43749178302404,-3.7699199040102984,-1.5124009278308261
31.18375825881958,1.0000000000000004,-0.5000000000000003,0.7999999999999994,1.0,-0.5,0.8,-4.440892098500626e-16,3.3306690738754696e-16,6.661338147750939e-16,-12.43749178302404,-3.7699199040102984,-1.5124009278308261
31.193839073181152,1.0000000000000004,-0.5000000000000003,0.7999999999999994,1.0,-0.5,0.8,-4.440892098500626e-16,3.3306690738754696e-16,6.661338147750939e-16,-12.43749178302404,-3.7699199040102984,-1.5124009278308261
31.20377779006958,1.0000000000000004,-0.5000000000000003,0.7999999999999994,1.0,-0.5,0.8,-4.440892098500626e-16,3.3306690738754696e-16,6.661338147750939e-16,-12.43749178302404,-3.7699199040102984,-1.5124009278308261
31.213823795318604,1.0000000000000004,-0.5000000000000003,0.7999999999999994,1.0,-0.5,0.8,-4.440892098500626e-16,3.3306690738754696e-16,6.661338147750939e-16,-12.43749178302404,-3.7699199040102984,-1.5124009278308261
31.223811149597168,1.0000000000000004,-0.5000000000000003,0.7999999999999994,1.0,-0.5,0.8,-4.440892098500626e-16,3.3306690738754696e-16,6.661338147750939e-16,-12.43749178302404,-3.7699199040102984,-1.5124009278308261
31.233744382858276,1.0000000000000004,-0.5000000000000003,0.7999999999999994,1.0,-0.5,0.8,-4.440892098500626e-16,3.3306690738754696e-16,6.661338147750939e-16,-12.43749178302404,-3.7699199040102984,-1.5124009278308261
31.24374532699585,1.0000000000000004,-0.5000000000000003,0.7999999999999994,1.0,-0.5,0.8,-4.440892098500626e-16,3.3306690738754696e-16,6.661338147750939e-16,-12.43749178302404,-3.7699199040102984,-1.5124009278308261
31.253745317459106,1.0000000000000004,-0.5000000000000003,0.7999999999999994,1.0,-0.5,0.8,-4.440892098500626e-16,3.3306690738754696e-16,6.661338147750939e-16,-12.43749178302404,-3.7699199040102984,-1.5124009278308261
31.263767957687378,1.0000000000000004,-0.5000000000000003,0.7999999999999994,1.0,-0.5,0.8,-4.440892098500626e-16,3.3306690738754696e-16,6.661338147750939e-16,-12.43749178302404,-3.7699199040102984,-1.5124009278308261
31.273770570755005,1.0000000000000004,-0.5000000000000003,0.7999999999999994,1.0,-0.5,0.8,-4.440892098500626e-16,3.3306690738754696e-16,6.661338147750939e-16,-12.43749178302404,-3.7699199040102984,-1.5124009278308261
31.283784866333008,1.0000000000000004,-0.5000000000000003,0.7999999999999994,1.0,-0.5,0.8,-4.440892098500626e-16,3.3306690738754696e-16,6.661338147750939e-16,-12.43749178302404,-3.7699199040102984,-1.5124009278308261
31.293787479400635,1.0000000000000004,-0.5000000000000003,0.7999999999999994,1.0,-0.5,0.8,-4.440892098500626e-16,3.3306690738754696e-16,6.661338147750939e-16,-12.43749178302404,-3.7699199040102984,-1.5124009278308261
31.30379319190979,1.0000000000000004,-0.5000000000000003,0.7999999999999994,1.0,-0.5,0.8,-4.440892098500626e-16,3.3306690738754696e-16,6.661338147750939e-16,-12.43749178302404,-3.7699199040102984,-1.5124009278308261
31.313799381256104,1.0000000000000004,-0.5000000000000003,0.7999999999999994,1.0,-0.5,0.8,-4.440892098500626e-16,3.3306690738754696e-16,6.661338147750939e-16,-12.43749178302404,-3.7699199040102984,-1.5124009278308261
31.323768138885498,1.0000000000000004,-0.5000000000000003,0.7999999999999994,1.0,-0.5,0.8,-4.440892098500626e-16,3.3306690738754696e-16,6.661338147750939e-16,-12.43749178302404,-3.7699199040102984,-1.5124009278308261
31.333738088607788,1.0000000000000004,-0.5000000000000003,0.7999999999999994,1.0,-0.5,0.8,-4.440892098500626e-16,3.3306690738754696e-16,6.661338147750939e-16,-12.43749178302404,-3.7699199040102984,-1.5124009278308261
31.343745708465576,1.0000000000000004,-0.5000000000000003,0.7999999999999994,1.0,-0.5,0.8,-4.440892098500626e-16,3.3306690738754696e-16,6.661338147750939e-16,-12.43749178302404,-3.7699199040102984,-1.5124009278308261
31.353769302368164,1.0000000000000004,-0.5000000000000003,0.7999999999999994,1.0,-0.5,0.8,-4.440892098500626e-16,3.3306690738754696e-16,6.661338147750939e-16,-12.43749178302404,-3.7699199040102984,-1.5124009278308261
31.36380386352539,1.0000000000000004,-0.5000000000000003,0.7999999999999994,1.0,-0.5,0.8,-4.440892098500626e-16,3.3306690738754696e-16,6.661338147750939e-16,-12.43749178302404,-3.7699199040102984,-1.5124009278308261
31.373805046081543,1.0000000000000004,-0.5000000000000003,0.7999999999999994,1.0,-0.5,0.8,-4.440892098500626e-16,3.3306690738754696e-16,6.661338147750939e-16,-12.43749178302404,-3.7699199040102984,-1.5124009278308261
31.383824110031128,1.0000000000000004,-0.5000000000000003,0.7999999999999994,1.0,-0.5,0.8,-4.440892098500626e-16,3.3306690738754696e-16,6.661338147750939e-16,-12.43749178302404,-3.7699199040102984,-1.5124009278308261
31.39384627342224,1.0000000000000004,-0.5000000000000003,0.7999999999999994,1.0,-0.5,0.8,-4.440892098500626e-16,3.3306690738754696e-16,6.661338147750939e-16,-12.43749178302404,-3.7699199040102984,-1.5124009278308261
31.40379047393799,1.0000000000000004,-0.5000000000000003,0.7999999999999994,1.0,-0.5,0.8,-4.440892098500626e-16,3.3306690738754696e-16,6.661338147750939e-16,-12.43749178302404,-3.7699199040102984,-1.5124009278308261
31.41379475593567,1.0000000000000004,-0.5000000000000003,0.7999999999999994,1.0,-0.5,0.8,-4.440892098500626e-16,3.3306690738754696e-16,6.661338147750939e-16,-12.43749178302404,-3.7699199040102984,-1.5124009278308261
31.423797607421875,1.0000000000000004,-0.5000000000000003,0.7999999999999994,1.0,-0.5,0.8,-4.440892098500626e-16,3.3306690738754696e-16,6.661338147750939e-16,-12.43749178302404,-3.7699199040102984,-1.5124009278308261
31.4337797164917,1.0000000000000004,-0.5000000000000003,0.7999999999999994,1.0,-0.5,0.8,-4.440892098500626e-16,3.3306690738754696e-16,6.661338147750939e-16,-12.43749178302404,-3.7699199040102984,-1.5124009278308261
31.44378972053528,1.0000000000000004,-0.5000000000000003,0.7999999999999994,1.0,-0.5,0.8,-4.440892098500626e-16,3.3306690738754696e-16,6.661338147750939e-16,-12.43749178302404,-3.7699199040102984,-1.5124009278308261
31.453802824020386,1.0000000000000004,-0.5000000000000003,0.7999999999999994,1.0,-0.5,0.8,-4.440892098500626e-16,3.3306690738754696e-16,6.661338147750939e-16,-12.43749178302404,-3.7699199040102984,-1.5124009278308261
31.463818788528442,1.0000000000000004,-0.5000000000000003,0.7999999999999994,1.0,-0.5,0.8,-4.440892098500626e-16,3.3306690738754696e-16,6.661338147750939e-16,-12.43749178302404,-3.7699199040102984,-1.5124009278308261
31.473805904388428,1.0000000000000004,-0.5000000000000003,0.7999999999999994,1.0,-0.5,0.8,-4.440892098500626e-16,3.3306690738754696e-16,6.661338147750939e-16,-12.43749178302404,-3.7699199040102984,-1.5124009278308261
31.483805894851685,1.0000000000000004,-0.5000000000000003,0.7999999999999994,1.0,-0.5,0.8,-4.440892098500626e-16,3.3306690738754696e-16,6.661338147750939e-16,-12.43749178302404,-3.7699199040102984,-1.5124009278308261
31.493824243545532,1.0000000000000004,-0.5000000000000003,0.7999999999999994,1.0,-0.5,0.8,-4.440892098500626e-16,3.3306690738754696e-16,6.661338147750939e-16,-12.43749178302404,-3.7699199040102984,-1.5124009278308261
31.50378108024597,1.0000000000000004,-0.5000000000000003,0.7999999999999994,1.0,-0.5,0.8,-4.440892098500626e-16,3.3306690738754696e-16,6.661338147750939e-16,-12.43749178302404,-3.7699199040102984,-1.5124009278308261
31.51374316215515,1.0000000000000004,-0.5000000000000003,0.7999999999999994,1.0,-0.5,0.8,-4.440892098500626e-16,3.3306690738754696e-16,6.661338147750939e-16,-12.43749178302404,-3.7699199040102984,-1.5124009278308261
31.523757219314575,1.0000000000000004,-0.5000000000000003,0.7999999999999994,1.0,-0.5,0.8,-4.440892098500626e-16,3.3306690738754696e-16,6.661338147750939e-16,-12.43749178302404,-3.7699199040102984,-1.5124009278308261
31.533745288848877,1.0000000000000004,-0.5000000000000003,0.7999999999999994,1.0,-0.5,0.8,-4.440892098500626e-16,3.3306690738754696e-16,6.661338147750939e-16,-12.43749178302404,-3.7699199040102984,-1.5124009278308261
31.54376530647278,1.0000000000000004,-0.5000000000000003,0.7999999999999994,1.0,-0.5,0.8,-4.440892098500626e-16,3.3306690738754696e-16,6.661338147750939e-16,-12.43749178302404,-3.7699199040102984,-1.5124009278308261
31.55378794670105,1.0000000000000004,-0.5000000000000003,0.7999999999999994,1.0,-0.5,0.8,-4.440892098500626e-16,3.3306690738754696e-16,6.661338147750939e-16,-12.43749178302404,-3.7699199040102984,-1.5124009278308261
31.563774347305298,1.0000000000000004,-0.5000000000000003,0.7999999999999994,1.0,-0.5,0.8,-4.440892098500626e-16,3.3306690738754696e-16,6.661338147750939e-16,-12.43749178302404,-3.7699199040102984,-1.5124009278308261
31.573770761489868,1.0000000000000004,-0.5000000000000003,0.7999999999999994,1.0,-0.5,0.8,-4.440892098500626e-16,3.3306690738754696e-16,6.661338147750939e-16,-12.43749178302404,-3.7699199040102984,-1.5124009278308261
31.583802938461304,1.0000000000000004,-0.5000000000000003,0.7999999999999994,1.0,-0.5,0.8,-4.440892098500626e-16,3.3306690738754696e-16,6.661338147750939e-16,-12.43749178302404,-3.7699199040102984,-1.5124009278308261
31.5937979221344,1.0000000000000004,-0.5000000000000003,0.7999999999999994,1.0,-0.5,0.8,-4.440892098500626e-16,3.3306690738754696e-16,6.661338147750939e-16,-12.43749178302404,-3.7699199040102984,-1.5124009278308261
31.603782892227173,1.0000000000000004,-0.5000000000000003,0.7999999999999994,1.0,-0.5,0.8,-4.440892098500626e-16,3.3306690738754696e-16,6.661338147750939e-16,-12.43749178302404,-3.7699199040102984,-1.5124009278308261
31.613801956176758,1.0000000000000004,-0.5000000000000003,0.7999999999999994,1.0,-0.5,0.8,-4.440892098500626e-16,3.3306690738754696e-16,6.661338147750939e-16,-12.43749178302404,-3.7699199040102984,-1.5124009278308261
31.623796224594116,1.0000000000000004,-0.5000000000000003,0.7999999999999994,1.0,-0.5,0.8,-4.440892098500626e-16,3.3306690738754696e-16,6.661338147750939e-16,-12.43749178302404,-3.7699199040102984,-1.5124009278308261
31.6339373588562,1.0000000000000004,-0.5000000000000003,0.7999999999999994,1.0,-0.5,0.8,-4.440892098500626e-16,3.3306690738754696e-16,6.661338147750939e-16,-12.43749178302404,-3.7699199040102984,-1.5124009278308261
31.643800735473633,1.0000000000000004,-0.5000000000000003,0.7999999999999994,1.0,-0.5,0.8,-4.440892098500626e-16,3.3306690738754696e-16,6.661338147750939e-16,-12.43749178302404,-3.7699199040102984,-1.5124009278308261
31.6537926197052,1.0000000000000004,-0.5000000000000003,0.7999999999999994,1.0,-0.5,0.8,-4.440892098500626e-16,3.3306690738754696e-16,6.661338147750939e-16,-12.43749178302404,-3.7699199040102984,-1.5124009278308261
31.663828134536743,1.0000000000000004,-0.5000000000000003,0.7999999999999994,1.0,-0.5,0.8,-4.440892098500626e-16,3.3306690738754696e-16,6.661338147750939e-16,-12.43749178302404,-3.7699199040102984,-1.5124009278308261
31.67381000518799,1.0000000000000004,-0.5000000000000003,0.7999999999999994,1.0,-0.5,0.8,-4.440892098500626e-16,3.3306690738754696e-16,6.661338147750939e-16,-12.43749178302404,-3.7699199040102984,-1.5124009278308261
31.683826446533203,1.0000000000000004,-0.5000000000000003,0.7999999999999994,1.0,-0.5,0.8,-4.440892098500626e-16,3.3306690738754696e-16,6.661338147750939e-16,-12.43749178302404,-3.7699199040102984,-1.5124009278308261
31.69383931159973,1.0000000000000004,-0.5000000000000003,0.7999999999999994,1.0,-0.5,0.8,-4.440892098500626e-16,3.3306690738754696e-16,6.661338147750939e-16,-12.43749178302404,-3.7699199040102984,-1.5124009278308261
31.703875064849854,1.0000000000000004,-0.5000000000000003,0.7999999999999994,1.0,-0.5,0.8,-4.440892098500626e-16,3.3306690738754696e-16,6.661338147750939e-16,-12.43749178302404,-3.7699199040102984,-1.5124009278308261
31.713783025741577,1.0000000000000004,-0.5000000000000003,0.7999999999999994,1.0,-0.5,0.8,-4.440892098500626e-16,3.3306690738754696e-16,6.661338147750939e-16,-12.43749178302404,-3.7699199040102984,-1.5124009278308261
31.72379469871521,1.0000000000000004,-0.5000000000000003,0.7999999999999994,1.0,-0.5,0.8,-4.440892098500626e-16,3.3306690738754696e-16,6.661338147750939e-16,-12.43749178302404,-3.7699199040102984,-1.5124009278308261
31.733792781829834,1.0000000000000004,-0.5000000000000003,0.7999999999999994,1.0,-0.5,0.8,-4.440892098500626e-16,3.3306690738754696e-16,6.661338147750939e-16,-12.43749178302404,-3.7699199040102984,-1.5124009278308261
31.74377751350403,1.0000000000000004,-0.5000000000000003,0.7999999999999994,1.0,-0.5,0.8,-4.440892098500626e-16,3.3306690738754696e-16,6.661338147750939e-16,-12.43749178302404,-3.7699199040102984,-1.5124009278308261
31.753743886947632,1.0000000000000004,-0.5000000000000003,0.7999999999999994,1.0,-0.5,0.8,-4.440892098500626e-16,3.3306690738754696e-16,6.661338147750939e-16,-12.43749178302404,-3.7699199040102984,-1.5124009278308261
31.763745546340942,1.0000000000000004,-0.5000000000000003,0.7999999999999994,1.0,-0.5,0.8,-4.440892098500626e-16,3.3306690738754696e-16,6.661338147750939e-16,-12.43749178302404,-3.7699199040102984,-1.5124009278308261
31.773788452148438,1.0000000000000004,-0.5000000000000003,0.7999999999999994,1.0,-0.5,0.8,-4.440892098500626e-16,3.3306690738754696e-16,6.661338147750939e-16,-12.43749178302404,-3.7699199040102984,-1.5124009278308261
31.7837553024292,1.0000000000000004,-0.5000000000000003,0.7999999999999994,1.0,-0.5,0.8,-4.440892098500626e-16,3.3306690738754696e-16,6.661338147750939e-16,-12.43749178302404,-3.7699199040102984,-1.5124009278308261
31.793778896331787,1.0000000000000004,-0.5000000000000003,0.7999999999999994,1.0,-0.5,0.8,-4.440892098500626e-16,3.3306690738754696e-16,6.661338147750939e-16,-12.43749178302404,-3.7699199040102984,-1.5124009278308261
31.80384397506714,1.0000000000000004,-0.5000000000000003,0.7999999999999994,1.0,-0.5,0.8,-4.440892098500626e-16,3.3306690738754696e-16,6.661338147750939e-16,-12.43749178302404,-3.7699199040102984,-1.5124009278308261
31.813746213912964,1.0000000000000004,-0.5000000000000003,0.7999999999999994,1.0,-0.5,0.8,-4.440892098500626e-16,3.3306690738754696e-16,6.661338147750939e-16,-12.43749178302404,-3.7699199040102984,-1.5124009278308261
31.823769569396973,1.0000000000000004,-0.5000000000000003,0.7999999999999994,1.0,-0.5,0.8,-4.440892098500626e-16,3.3306690738754696e-16,6.661338147750939e-16,-12.43749178302404,-3.7699199040102984,-1.5124009278308261
31.833801984786987,1.0000000000000004,-0.5000000000000003,0.7999999999999994,1.0,-0.5,0.8,-4.440892098500626e-16,3.3306690738754696e-16,6.661338147750939e-16,-12.43749178302404,-3.7699199040102984,-1.5124009278308261
31.843780517578125,1.0000000000000004,-0.5000000000000003,0.7999999999999994,1.0,-0.5,0.8,-4.440892098500626e-16,3.3306690738754696e-16,6.661338147750939e-16,-12.43749178302404,-3.7699199040102984,-1.5124009278308261
31.85377550125122,1.0000000000000004,-0.5000000000000003,0.7999999999999994,1.0,-0.5,0.8,-4.440892098500626e-16,3.3306690738754696e-16,6.661338147750939e-16,-12.43749178302404,-3.7699199040102984,-1.5124009278308261
31.86378026008606,1.0000000000000004,-0.5000000000000003,0.7999999999999994,1.0,-0.5,0.8,-4.440892098500626e-16,3.3306690738754696e-16,6.661338147750939e-16,-12.43749178302404,-3.7699199040102984,-1.5124009278308261
31.873777151107788,1.0000000000000004,-0.5000000000000003,0.7999999999999994,1.0,-0.5,0.8,-4.440892098500626e-16,3.3306690738754696e-16,6.661338147750939e-16,-12.43749178302404,-3.7699199040102984,-1.5124009278308261
31.883792400360107,1.0000000000000004,-0.5000000000000003,0.7999999999999994,1.0,-0.5,0.8,-4.440892098500626e-16,3.3306690738754696e-16,6.661338147750939e-16,-12.43749178302404,-3.7699199040102984,-1.5124009278308261
31.893796920776367,1.0000000000000004,-0.5000000000000003,0.7999999999999994,1.0,-0.5,0.8,-4.440892098500626e-16,3.3306690738754696e-16,6.661338147750939e-16,-12.43749178302404,-3.7699199040102984,-1.5124009278308261
31.903785943984985,1.0000000000000004,-0.5000000000000003,0.7999999999999994,1.0,-0.5,0.8,-4.440892098500626e-16,3.3306690738754696e-16,6.661338147750939e-16,-12.43749178302404,-3.7699199040102984,-1.5124009278308261
31.913778066635132,1.0000000000000004,-0.5000000000000003,0.7999999999999994,1.0,-0.5,0.8,-4.440892098500626e-16,3.3306690738754696e-16,6.661338147750939e-16,-12.43749178302404,-3.7699199040102984,-1.5124009278308261
31.92381453514099,1.0000000000000004,-0.5000000000000003,0.7999999999999994,1.0,-0.5,0.8,-4.440892098500626e-16,3.3306690738754696e-16,6.661338147750939e-16,-12.43749178302404,-3.7699199040102984,-1.5124009278308261
31.933791399002075,1.0000000000000004,-0.5000000000000003,0.7999999999999994,1.0,-0.5,0.8,-4.440892098500626e-16,3.3306690738754696e-16,6.661338147750939e-16,-12.43749178302404,-3.7699199040102984,-1.5124009278308261
31.943821907043457,1.0000000000000004,-0.5000000000000003,0.7999999999999994,1.0,-0.5,0.8,-4.440892098500626e-16,3.3306690738754696e-16,6.661338147750939e-16,-12.43749178302404,-3.7699199040102984,-1.5124009278308261
31.953792572021484,1.0000000000000004,-0.5000000000000003,0.7999999999999994,1.0,-0.5,0.8,-4.440892098500626e-16,3.3306690738754696e-16,6.661338147750939e-16,-12.43749178302404,-3.7699199040102984,-1.5124009278308261
31.963761806488037,1.0000000000000004,-0.5000000000000003,0.7999999999999994,1.0,-0.5,0.8,-4.440892098500626e-16,3.3306690738754696e-16,6.661338147750939e-16,-12.43749178302404,-3.7699199040102984,-1.5124009278308261
31.973796367645264,1.0000000000000004,-0.5000000000000003,0.7999999999999994,1.0,-0.5,0.8,-4.440892098500626e-16,3.3306690738754696e-16,6.661338147750939e-16,-12.43749178302404,-3.7699199040102984,-1.5124009278308261
31.983786582946777,1.0000000000000004,-0.5000000000000003,0.7999999999999994,1.0,-0.5,0.8,-4.440892098500626e-16,3.3306690738754696e-16,6.661338147750939e-16,-12.43749178302404,-3.7699199040102984,-1.5124009278308261
31.993807077407837,1.0000000000000004,-0.5000000000000003,0.7999999999999994,1.0,-0.5,0.8,-4.440892098500626e-16,3.3306690738754696e-16,6.661338147750939e-16,-12.43749178302404,-3.7699199040102984,-1.5124009278308261
32.00379943847656,1.0000000000000004,-0.5000000000000003,0.7999999999999994,1.0,-0.5,0.8,-4.440892098500626e-16,3.3306690738754696e-16,6.661338147750939e-16,-12.43749178302404,-3.7699199040102984,-1.5124009278308261
32.013750076293945,1.0000000000000004,-0.5000000000000003,0.7999999999999994,1.0,-0.5,0.8,-4.440892098500626e-16,3.3306690738754696e-16,6.661338147750939e-16,-12.43749178302404,-3.7699199040102984,-1.5124009278308261
32.023770809173584,1.0000000000000004,-0.5000000000000003,0.7999999999999994,1.0,-0.5,0.8,-4.440892098500626e-16,3.3306690738754696e-16,6.661338147750939e-16,-12.43749178302404,-3.7699199040102984,-1.5124009278308261
32.033774852752686,1.0000000000000004,-0.5000000000000003,0.7999999999999994,1.0,-0.5,0.8,-4.440892098500626e-16,3.3306690738754696e-16,6.661338147750939e-16,-12.43749178302404,-3.7699199040102984,-1.5124009278308261
32.043785095214844,1.0000000000000004,-0.5000000000000003,0.7999999999999994,1.0,-0.5,0.8,-4.440892098500626e-16,3.3306690738754696e-16,6.661338147750939e-16,-12.43749178302404,-3.7699199040102984,-1.5124009278308261
32.05381751060486,1.0000000000000004,-0.5000000000000003,0.7999999999999994,1.0,-0.5,0.8,-4.440892098500626e-16,3.3306690738754696e-16,6.661338147750939e-16,-12.43749178302404,-3.7699199040102984,-1.5124009278308261
32.06380367279053,1.0000000000000004,-0.5000000000000003,0.7999999999999994,1.0,-0.5,0.8,-4.440892098500626e-16,3.3306690738754696e-16,6.661338147750939e-16,-12.43749178302404,-3.7699199040102984,-1.5124009278308261
32.07379674911499,1.0000000000000004,-0.5000000000000003,0.7999999999999994,1.0,-0.5,0.8,-4.440892098500626e-16,3.3306690738754696e-16,6.661338147750939e-16,-12.43749178302404,-3.7699199040102984,-1.5124009278308261
32.08384680747986,1.0000000000000004,-0.5000000000000003,0.7999999999999994,1.0,-0.5,0.8,-4.440892098500626e-16,3.3306690738754696e-16,6.661338147750939e-16,-12.43749178302404,-3.7699199040102984,-1.5124009278308261
32.09381675720215,1.0000000000000004,-0.5000000000000003,0.7999999999999994,1.0,-0.5,0.8,-4.440892098500626e-16,3.3306690738754696e-16,6.661338147750939e-16,-12.43749178302404,-3.7699199040102984,-1.5124009278308261
32.103819370269775,1.0000000000000004,-0.5000000000000003,0.7999999999999994,1.0,-0.5,0.8,-4.440892098500626e-16,3.3306690738754696e-16,6.661338147750939e-16,-12.43749178302404,-3.7699199040102984,-1.5124009278308261
32.11380457878113,1.0000000000000004,-0.5000000000000003,0.7999999999999994,1.0,-0.5,0.8,-4.440892098500626e-16,3.3306690738754696e-16,6.661338147750939e-16,-12.43749178302404,-3.7699199040102984,-1.5124009278308261
32.12377619743347,1.0000000000000004,-0.5000000000000003,0.7999999999999994,1.0,-0.5,0.8,-4.440892098500626e-16,3.3306690738754696e-16,6.661338147750939e-16,-12.43749178302404,-3.7699199040102984,-1.5124009278308261
32.133748054504395,1.0000000000000004,-0.5000000000000003,0.7999999999999994,1.0,-0.5,0.8,-4.440892098500626e-16,3.3306690738754696e-16,6.661338147750939e-16,-12.43749178302404,-3.7699199040102984,-1.5124009278308261
32.14382815361023,1.0000000000000004,-0.5000000000000003,0.7999999999999994,1.0,-0.5,0.8,-4.440892098500626e-16,3.3306690738754696e-16,6.661338147750939e-16,-12.43749178302404,-3.7699199040102984,-1.5124009278308261
32.153799057006836,1.0000000000000004,-0.5000000000000003,0.7999999999999994,1.0,-0.5,0.8,-4.440892098500626e-16,3.3306690738754696e-16,6.661338147750939e-16,-12.43749178302404,-3.7699199040102984,-1.5124009278308261
32.16381645202637,1.0000000000000004,-0.5000000000000003,0.7999999999999994,1.0,-0.5,0.8,-4.440892098500626e-16,3.3306690738754696e-16,6.661338147750939e-16,-12.43749178302404,-3.7699199040102984,-1.5124009278308261
32.173802852630615,1.0000000000000004,-0.5000000000000003,0.7999999999999994,1.0,-0.5,0.8,-4.440892098500626e-16,3.3306690738754696e-16,6.661338147750939e-16,-12.43749178302404,-3.7699199040102984,-1.5124009278308261
32.18380665779114,1.0000000000000004,-0.5000000000000003,0.7999999999999994,1.0,-0.5,0.8,-4.440892098500626e-16,3.3306690738754696e-16,6.661338147750939e-16,-12.43749178302404,-3.7699199040102984,-1.5124009278308261
32.19385600090027,1.0000000000000004,-0.5000000000000003,0.7999999999999994,1.0,-0.5,0.8,-4.440892098500626e-16,3.3306690738754696e-16,6.661338147750939e-16,-12.43749178302404,-3.7699199040102984,-1.5124009278308261
32.203763246536255,1.0000000000000004,-0.5000000000000003,0.7999999999999994,1.0,-0.5,0.8,-4.440892098500626e-16,3.3306690738754696e-16,6.661338147750939e-16,-12.43749178302404,-3.7699199040102984,-1.5124009278308261
32.21376657485962,1.0000000000000004,-0.5000000000000003,0.7999999999999994,1.0,-0.5,0.8,-4.440892098500626e-16,3.3306690738754696e-16,6.661338147750939e-16,-12.43749178302404,-3.7699199040102984,-1.5124009278308261
32.22378373146057,1.0000000000000004,-0.5000000000000003,0.7999999999999994,1.0,-0.5,0.8,-4.440892098500626e-16,3.3306690738754696e-16,6.661338147750939e-16,-12.43749178302404,-3.7699199040102984,-1.5124009278308261
32.23381519317627,1.0000000000000004,-0.5000000000000003,0.7999999999999994,1.0,-0.5,0.8,-4.440892098500626e-16,3.3306690738754696e-16,6.661338147750939e-16,-12.43749178302404,-3.7699199040102984,-1.5124009278308261
32.24379825592041,1.0000000000000004,-0.5000000000000003,0.7999999999999994,1.0,-0.5,0.8,-4.440892098500626e-16,3.3306690738754696e-16,6.661338147750939e-16,-12.43749178302404,-3.7699199040102984,-1.5124009278308261
32.25382876396179,1.0000000000000004,-0.5000000000000003,0.7999999999999994,1.0,-0.5,0.8,-4.440892098500626e-16,3.3306690738754696e-16,6.661338147750939e-16,-12.43749178302404,-3.7699199040102984,-1.5124009278308261
32.26374864578247,1.0000000000000004,-0.5000000000000003,0.7999999999999994,1.0,-0.5,0.8,-4.440892098500626e-16,3.3306690738754696e-16,6.661338147750939e-16,-12.43749178302404,-3.7699199040102984,-1.5124009278308261
32.27374744415283,1.0000000000000004,-0.5000000000000003,0.7999999999999994,1.0,-0.5,0.8,-4.440892098500626e-16,3.3306690738754696e-16,6.661338147750939e-16,-12.43749178302404,-3.7699199040102984,-1.5124009278308261
32.283780574798584,1.0000000000000004,-0.5000000000000003,0.7999999999999994,1.0,-0.5,0.8,-4.440892098500626e-16,3.3306690738754696e-16,6.661338147750939e-16,-12.43749178302404,-3.7699199040102984,-1.5124009278308261
32.29382586479187,1.0000000000000004,-0.5000000000000003,0.7999999999999994,1.0,-0.5,0.8,-4.440892098500626e-16,3.3306690738754696e-16,6.661338147750939e-16,-12.43749178302404,-3.7699199040102984,-1.5124009278308261
32.3038067817688,1.0000000000000004,-0.5000000000000003,0.7999999999999994,1.0,-0.5,0.8,-4.440892098500626e-16,3.3306690738754696e-16,6.661338147750939e-16,-12.43749178302404,-3.7699199040102984,-1.5124009278308261
32.31381845474243,1.0000000000000004,-0.5000000000000003,0.7999999999999994,1.0,-0.5,0.8,-4.440892098500626e-16,3.3306690738754696e-16,6.661338147750939e-16,-12.43749178302404,-3.7699199040102984,-1.5124009278308261
32.32378935813904,1.0000000000000004,-0.5000000000000003,0.7999999999999994,1.0,-0.5,0.8,-4.440892098500626e-16,3.3306690738754696e-16,6.661338147750939e-16,-12.43749178302404,-3.7699199040102984,-1.5124009278308261
32.333754539489746,1.0000000000000004,-0.5000000000000003,0.7999999999999994,1.0,-0.5,0.8,-4.440892098500626e-16,3.3306690738754696e-16,6.661338147750939e-16,-12.43749178302404,-3.7699199040102984,-1.5124009278308261
32.34374737739563,1.0000000000000004,-0.5000000000000003,0.7999999999999994,1.0,-0.5,0.8,-4.440892098500626e-16,3.3306690738754696e-16,6.661338147750939e-16,-12.43749178302404,-3.7699199040102984,-1.5124009278308261
32.35374474525452,1.0000000000000004,-0.5000000000000003,0.7999999999999994,1.0,-0.5,0.8,-4.440892098500626e-16,3.3306690738754696e-16,6.661338147750939e-16,-12.43749178302404,-3.7699199040102984,-1.5124009278308261
32.363744497299194,1.0000000000000004,-0.5000000000000003,0.7999999999999994,1.0,-0.5,0.8,-4.440892098500626e-16,3.3306690738754696e-16,6.661338147750939e-16,-12.43749178302404,-3.7699199040102984,-1.5124009278308261
32.37378406524658,1.0000000000000004,-0.5000000000000003,0.7999999999999994,1.0,-0.5,0.8,-4.440892098500626e-16,3.3306690738754696e-16,6.661338147750939e-16,-12.43749178302404,-3.7699199040102984,-1.5124009278308261
32.38379955291748,1.0000000000000004,-0.5000000000000003,0.7999999999999994,1.0,-0.5,0.8,-4.440892098500626e-16,3.3306690738754696e-16,6.661338147750939e-16,-12.43749178302404,-3.7699199040102984,-1.5124009278308261
32.3938512802124,1.0000000000000004,-0.5000000000000003,0.7999999999999994,1.0,-0.5,0.8,-4.440892098500626e-16,3.3306690738754696e-16,6.661338147750939e-16,-12.43749178302404,-3.7699199040102984,-1.5124009278308261
32.4037983417511,1.0000000000000004,-0.5000000000000003,0.7999999999999994,1.0,-0.5,0.8,-4.440892098500626e-16,3.3306690738754696e-16,6.661338147750939e-16,-12.43749178302404,-3.7699199040102984,-1.5124009278308261
32.41380190849304,1.0000000000000004,-0.5000000000000003,0.7999999999999994,1.0,-0.5,0.8,-4.440892098500626e-16,3.3306690738754696e-16,6.661338147750939e-16,-12.43749178302404,-3.7699199040102984,-1.5124009278308261
32.42379140853882,1.0000000000000004,-0.5000000000000003,0.7999999999999994,1.0,-0.5,0.8,-4.440892098500626e-16,3.3306690738754696e-16,6.661338147750939e-16,-12.43749178302404,-3.7699199040102984,-1.5124009278308261
32.43378186225891,1.0000000000000004,-0.5000000000000003,0.7999999999999994,1.0,-0.5,0.8,-4.440892098500626e-16,3.3306690738754696e-16,6.661338147750939e-16,-12.43749178302404,-3.7699199040102984,-1.5124009278308261
32.44380021095276,1.0000000000000004,-0.5000000000000003,0.7999999999999994,1.0,-0.5,0.8,-4.440892098500626e-16,3.3306690738754696e-16,6.661338147750939e-16,-12.43749178302404,-3.7699199040102984,-1.5124009278308261
32.4538094997406,1.0000000000000004,-0.5000000000000003,0.7999999999999994,1.0,-0.5,0.8,-4.440892098500626e-16,3.3306690738754696e-16,6.661338147750939e-16,-12.43749178302404,-3.7699199040102984,-1.5124009278308261
32.46379780769348,1.0000000000000004,-0.5000000000000003,0.7999999999999994,1.0,-0.5,0.8,-4.440892098500626e-16,3.3306690738754696e-16,6.661338147750939e-16,-12.43749178302404,-3.7699199040102984,-1.5124009278308261
32.473796129226685,1.0000000000000004,-0.5000000000000003,0.7999999999999994,1.0,-0.5,0.8,-4.440892098500626e-16,3.3306690738754696e-16,6.661338147750939e-16,-12.43749178302404,-3.7699199040102984,-1.5124009278308261
32.48379611968994,1.0000000000000004,-0.5000000000000003,0.7999999999999994,1.0,-0.5,0.8,-4.440892098500626e-16,3.3306690738754696e-16,6.661338147750939e-16,-12.43749178302404,-3.7699199040102984,-1.5124009278308261
32.49380445480347,1.0000000000000004,-0.5000000000000003,0.7999999999999994,1.0,-0.5,0.8,-4.440892098500626e-16,3.3306690738754696e-16,6.661338147750939e-16,-12.43749178302404,-3.7699199040102984,-1.5124009278308261
32.50380277633667,1.0000000000000004,-0.5000000000000003,0.7999999999999994,1.0,-0.5,0.8,-4.440892098500626e-16,3.3306690738754696e-16,6.661338147750939e-16,-12.43749178302404,-3.7699199040102984,-1.5124009278308261
32.51379346847534,1.0000000000000004,-0.5000000000000003,0.7999999999999994,1.0,-0.5,0.8,-4.440892098500626e-16,3.3306690738754696e-16,6.661338147750939e-16,-12.43749178302404,-3.7699199040102984,-1.5124009278308261
32.523775815963745,1.0000000000000004,-0.5000000000000003,0.7999999999999994,1.0,-0.5,0.8,-4.440892098500626e-16,3.3306690738754696e-16,6.661338147750939e-16,-12.43749178302404,-3.7699199040102984,-1.5124009278308261
32.53376913070679,1.0000000000000004,-0.5000000000000003,0.7999999999999994,1.0,-0.5,0.8,-4.440892098500626e-16,3.3306690738754696e-16,6.661338147750939e-16,-12.43749178302404,-3.7699199040102984,-1.5124009278308261
32.543789863586426,1.0000000000000004,-0.5000000000000003,0.7999999999999994,1.0,-0.5,0.8,-4.440892098500626e-16,3.3306690738754696e-16,6.661338147750939e-16,-12.43749178302404,-3.7699199040102984,-1.5124009278308261
32.55375671386719,1.0000000000000004,-0.5000000000000003,0.7999999999999994,1.0,-0.5,0.8,-4.440892098500626e-16,3.3306690738754696e-16,6.661338147750939e-16,-12.43749178302404,-3.7699199040102984,-1.5124009278308261
32.56380748748779,1.0000000000000004,-0.5000000000000003,0.7999999999999994,1.0,-0.5,0.8,-4.440892098500626e-16,3.3306690738754696e-16,6.661338147750939e-16,-12.43749178302404,-3.7699199040102984,-1.5124009278308261
32.57379484176636,1.0000000000000004,-0.5000000000000003,0.7999999999999994,1.0,-0.5,0.8,-4.440892098500626e-16,3.3306690738754696e-16,6.661338147750939e-16,-12.43749178302404,-3.7699199040102984,-1.5124009278308261
32.5837938785553,1.0000000000000004,-0.5000000000000003,0.7999999999999994,1.0,-0.5,0.8,-4.440892098500626e-16,3.3306690738754696e-16,6.661338147750939e-16,-12.43749178302404,-3.7699199040102984,-1.5124009278308261
32.59380865097046,1.0000000000000004,-0.5000000000000003,0.7999999999999994,1.0,-0.5,0.8,-4.440892098500626e-16,3.3306690738754696e-16,6.661338147750939e-16,-12.43749178302404,-3.7699199040102984,-1.5124009278308261
32.60380434989929,1.0000000000000004,-0.5000000000000003,0.7999999999999994,1.0,-0.5,0.8,-4.440892098500626e-16,3.3306690738754696e-16,6.661338147750939e-16,-12.43749178302404,-3.7699199040102984,-1.5124009278308261
32.61377239227295,1.0000000000000004,-0.5000000000000003,0.7999999999999994,1.0,-0.5,0.8,-4.440892098500626e-16,3.3306690738754696e-16,6.661338147750939e-16,-12.43749178302404,-3.7699199040102984,-1.5124009278308261
32.623793601989746,1.0000000000000004,-0.5000000000000003,0.7999999999999994,1.0,-0.5,0.8,-4.440892098500626e-16,3.3306690738754696e-16,6.661338147750939e-16,-12.43749178302404,-3.7699199040102984,-1.5124009278308261
32.63378119468689,1.0000000000000004,-0.5000000000000003,0.7999999999999994,1.0,-0.5,0.8,-4.440892098500626e-16,3.3306690738754696e-16,6.661338147750939e-16,-12.43749178302404,-3.7699199040102984,-1.5124009278308261
32.643823862075806,1.0000000000000004,-0.5000000000000003,0.7999999999999994,1.0,-0.5,0.8,-4.440892098500626e-16,3.3306690738754696e-16,6.661338147750939e-16,-12.43749178302404,-3.7699199040102984,-1.5124009278308261
32.653807163238525,1.0000000000000004,-0.5000000000000003,0.7999999999999994,1.0,-0.5,0.8,-4.440892098500626e-16,3.3306690738754696e-16,6.661338147750939e-16,-12.43749178302404,-3.7699199040102984,-1.5124009278308261
32.663801431655884,1.0000000000000004,-0.5000000000000003,0.7999999999999994,1.0,-0.5,0.8,-4.440892098500626e-16,3.3306690738754696e-16,6.661338147750939e-16,-12.43749178302404,-3.7699199040102984,-1.5124009278308261
32.67377281188965,1.0000000000000004,-0.5000000000000003,0.7999999999999994,1.0,-0.5,0.8,-4.440892098500626e-16,3.3306690738754696e-16,6.661338147750939e-16,-12.43749178302404,-3.7699199040102984,-1.5124009278308261
32.683815240859985,1.0000000000000004,-0.5000000000000003,0.7999999999999994,1.0,-0.5,0.8,-4.440892098500626e-16,3.3306690738754696e-16,6.661338147750939e-16,-12.43749178302404,-3.7699199040102984,-1.5124009278308261
32.693817138671875,1.0000000000000004,-0.5000000000000003,0.7999999999999994,1.0,-0.5,0.8,-4.440892098500626e-16,3.3306690738754696e-16,6.661338147750939e-16,-12.43749178302404,-3.7699199040102984,-1.5124009278308261
32.7038049697876,1.0000000000000004,-0.5000000000000003,0.7999999999999994,1.0,-0.5,0.8,-4.440892098500626e-16,3.3306690738754696e-16,6.661338147750939e-16,-12.43749178302404,-3.7699199040102984,-1.5124009278308261
32.71380114555359,1.0000000000000004,-0.5000000000000003,0.7999999999999994,1.0,-0.5,0.8,-4.440892098500626e-16,3.3306690738754696e-16,6.661338147750939e-16,-12.43749178302404,-3.7699199040102984,-1.5124009278308261
32.72378468513489,1.0000000000000004,-0.5000000000000003,0.7999999999999994,1.0,-0.5,0.8,-4.440892098500626e-16,3.3306690738754696e-16,6.661338147750939e-16,-12.43749178302404,-3.7699199040102984,-1.5124009278308261
32.733806848526,1.0000000000000004,-0.5000000000000003,0.7999999999999994,1.0,-0.5,0.8,-4.440892098500626e-16,3.3306690738754696e-16,6.661338147750939e-16,-12.43749178302404,-3.7699199040102984,-1.5124009278308261
32.74378490447998,1.0000000000000004,-0.5000000000000003,0.7999999999999994,1.0,-0.5,0.8,-4.440892098500626e-16,3.3306690738754696e-16,6.661338147750939e-16,-12.43749178302404,-3.7699199040102984,-1.5124009278308261
32.75378394126892,1.0000000000000004,-0.5000000000000003,0.7999999999999994,1.0,-0.5,0.8,-4.440892098500626e-16,3.3306690738754696e-16,6.661338147750939e-16,-12.43749178302404,-3.7699199040102984,-1.5124009278308261
32.76379132270813,1.0000000000000004,-0.5000000000000003,0.7999999999999994,1.0,-0.5,0.8,-4.440892098500626e-16,3.3306690738754696e-16,6.661338147750939e-16,-12.43749178302404,-3.7699199040102984,-1.5124009278308261
32.77376866340637,1.0000000000000004,-0.5000000000000003,0.7999999999999994,1.0,-0.5,0.8,-4.440892098500626e-16,3.3306690738754696e-16,6.661338147750939e-16,-12.43749178302404,-3.7699199040102984,-1.5124009278308261
32.783772230148315,1.0000000000000004,-0.5000000000000003,0.7999999999999994,1.0,-0.5,0.8,-4.440892098500626e-16,3.3306690738754696e-16,6.661338147750939e-16,-12.43749178302404,-3.7699199040102984,-1.5124009278308261
32.79376482963562,1.0000000000000004,-0.5000000000000003,0.7999999999999994,1.0,-0.5,0.8,-4.440892098500626e-16,3.3306690738754696e-16,6.661338147750939e-16,-12.43749178302404,-3.7699199040102984,-1.5124009278308261
32.80378460884094,1.0000000000000004,-0.5000000000000003,0.7999999999999994,1.0,-0.5,0.8,-4.440892098500626e-16,3.3306690738754696e-16,6.661338147750939e-16,-12.43749178302404,-3.7699199040102984,-1.5124009278308261
32.81376910209656,1.0000000000000004,-0.5000000000000003,0.7999999999999994,1.0,-0.5,0.8,-4.440892098500626e-16,3.3306690738754696e-16,6.661338147750939e-16,-12.43749178302404,-3.7699199040102984,-1.5124009278308261
32.82379364967346,1.0000000000000004,-0.5000000000000003,0.7999999999999994,1.0,-0.5,0.8,-4.440892098500626e-16,3.3306690738754696e-16,6.661338147750939e-16,-12.43749178302404,-3.7699199040102984,-1.5124009278308261
32.833789348602295,1.0000000000000004,-0.5000000000000003,0.7999999999999994,1.0,-0.5,0.8,-4.440892098500626e-16,3.3306690738754696e-16,6.661338147750939e-16,-12.43749178302404,-3.7699199040102984,-1.5124009278308261
32.8438081741333,1.0000000000000004,-0.5000000000000003,0.7999999999999994,1.0,-0.5,0.8,-4.440892098500626e-16,3.3306690738754696e-16,6.661338147750939e-16,-12.43749178302404,-3.7699199040102984,-1.5124009278308261
32.85374569892883,1.0000000000000004,-0.5000000000000003,0.7999999999999994,1.0,-0.5,0.8,-4.440892098500626e-16,3.3306690738754696e-16,6.661338147750939e-16,-12.43749178302404,-3.7699199040102984,-1.5124009278308261
32.86380434036255,1.0000000000000004,-0.5000000000000003,0.7999999999999994,1.0,-0.5,0.8,-4.440892098500626e-16,3.3306690738754696e-16,6.661338147750939e-16,-12.43749178302404,-3.7699199040102984,-1.5124009278308261
32.87378263473511,1.0000000000000004,-0.5000000000000003,0.7999999999999994,1.0,-0.5,0.8,-4.440892098500626e-16,3.3306690738754696e-16,6.661338147750939e-16,-12.43749178302404,-3.7699199040102984,-1.5124009278308261
32.883788108825684,1.0000000000000004,-0.5000000000000003,0.7999999999999994,1.0,-0.5,0.8,-4.440892098500626e-16,3.3306690738754696e-16,6.661338147750939e-16,-12.43749178302404,-3.7699199040102984,-1.5124009278308261
32.89379620552063,1.0000000000000004,-0.5000000000000003,0.7999999999999994,1.0,-0.5,0.8,-4.440892098500626e-16,3.3306690738754696e-16,6.661338147750939e-16,-12.43749178302404,-3.7699199040102984,-1.5124009278308261
32.90382480621338,1.0000000000000004,-0.5000000000000003,0.7999999999999994,1.0,-0.5,0.8,-4.440892098500626e-16,3.3306690738754696e-16,6.661338147750939e-16,-12.43749178302404,-3.7699199040102984,-1.5124009278308261
32.913792848587036,1.0000000000000004,-0.5000000000000003,0.7999999999999994,1.0,-0.5,0.8,-4.440892098500626e-16,3.3306690738754696e-16,6.661338147750939e-16,-12.43749178302404,-3.7699199040102984,-1.5124009278308261
32.92379975318909,1.0000000000000004,-0.5000000000000003,0.7999999999999994,1.0,-0.5,0.8,-4.440892098500626e-16,3.3306690738754696e-16,6.661338147750939e-16,-12.43749178302404,-3.7699199040102984,-1.5124009278308261
32.93380308151245,1.0000000000000004,-0.5000000000000003,0.7999999999999994,1.0,-0.5,0.8,-4.440892098500626e-16,3.3306690738754696e-16,6.661338147750939e-16,-12.43749178302404,-3.7699199040102984,-1.5124009278308261
32.943787574768066,1.0000000000000004,-0.5000000000000003,0.7999999999999994,1.0,-0.5,0.8,-4.440892098500626e-16,3.3306690738754696e-16,6.661338147750939e-16,-12.43749178302404,-3.7699199040102984,-1.5124009278308261
32.95379376411438,1.0000000000000004,-0.5000000000000003,0.7999999999999994,1.0,-0.5,0.8,-4.440892098500626e-16,3.3306690738754696e-16,6.661338147750939e-16,-12.43749178302404,-3.7699199040102984,-1.5124009278308261
32.96378016471863,1.0000000000000004,-0.5000000000000003,0.7999999999999994,1.0,-0.5,0.8,-4.440892098500626e-16,3.3306690738754696e-16,6.661338147750939e-16,-12.43749178302404,-3.7699199040102984,-1.5124009278308261
32.97381329536438,1.0000000000000004,-0.5000000000000003,0.7999999999999994,1.0,-0.5,0.8,-4.440892098500626e-16,3.3306690738754696e-16,6.661338147750939e-16,-12.43749178302404,-3.7699199040102984,-1.5124009278308261
32.983800649642944,1.0000000000000004,-0.5000000000000003,0.7999999999999994,1.0,-0.5,0.8,-4.440892098500626e-16,3.3306690738754696e-16,6.661338147750939e-16,-12.43749178302404,-3.7699199040102984,-1.5124009278308261
32.993816614151,1.0000000000000004,-0.5000000000000003,0.7999999999999994,1.0,-0.5,0.8,-4.440892098500626e-16,3.3306690738754696e-16,6.661338147750939e-16,-12.43749178302404,-3.7699199040102984,-1.5124009278308261
33.00377416610718,1.0000000000000004,-0.5000000000000003,0.7999999999999994,1.0,-0.5,0.8,-4.440892098500626e-16,3.3306690738754696e-16,6.661338147750939e-16,-12.43749178302404,-3.7699199040102984,-1.5124009278308261
33.01373553276062,1.0000000000000004,-0.5000000000000003,0.7999999999999994,1.0,-0.5,0.8,-4.440892098500626e-16,3.3306690738754696e-16,6.661338147750939e-16,-12.43749178302404,-3.7699199040102984,-1.5124009278308261
33.023754835128784,1.0000000000000004,-0.5000000000000003,0.7999999999999994,1.0,-0.5,0.8,-4.440892098500626e-16,3.3306690738754696e-16,6.661338147750939e-16,-12.43749178302404,-3.7699199040102984,-1.5124009278308261
33.03375482559204,1.0000000000000004,-0.5000000000000003,0.7999999999999994,1.0,-0.5,0.8,-4.440892098500626e-16,3.3306690738754696e-16,6.661338147750939e-16,-12.43749178302404,-3.7699199040102984,-1.5124009278308261
33.04379200935364,1.0000000000000004,-0.5000000000000003,0.7999999999999994,1.0,-0.5,0.8,-4.440892098500626e-16,3.3306690738754696e-16,6.661338147750939e-16,-12.43749178302404,-3.7699199040102984,-1.5124009278308261
33.05379366874695,1.0000000000000004,-0.5000000000000003,0.7999999999999994,1.0,-0.5,0.8,-4.440892098500626e-16,3.3306690738754696e-16,6.661338147750939e-16,-12.43749178302404,-3.7699199040102984,-1.5124009278308261
33.06381344795227,1.0000000000000004,-0.5000000000000003,0.7999999999999994,1.0,-0.5,0.8,-4.440892098500626e-16,3.3306690738754696e-16,6.661338147750939e-16,-12.43749178302404,-3.7699199040102984,-1.5124009278308261
33.073801040649414,1.0000000000000004,-0.5000000000000003,0.7999999999999994,1.0,-0.5,0.8,-4.440892098500626e-16,3.3306690738754696e-16,6.661338147750939e-16,-12.43749178302404,-3.7699199040102984,-1.5124009278308261
33.08381390571594,1.0000000000000004,-0.5000000000000003,0.7999999999999994,1.0,-0.5,0.8,-4.440892098500626e-16,3.3306690738754696e-16,6.661338147750939e-16,-12.43749178302404,-3.7699199040102984,-1.5124009278308261
33.093822717666626,1.0000000000000004,-0.5000000000000003,0.7999999999999994,1.0,-0.5,0.8,-4.440892098500626e-16,3.3306690738754696e-16,6.661338147750939e-16,-12.43749178302404,-3.7699199040102984,-1.5124009278308261
33.10380434989929,1.0000000000000004,-0.5000000000000003,0.7999999999999994,1.0,-0.5,0.8,-4.440892098500626e-16,3.3306690738754696e-16,6.661338147750939e-16,-12.43749178302404,-3.7699199040102984,-1.5124009278308261
33.1138060092926,1.0000000000000004,-0.5000000000000003,0.7999999999999994,1.0,-0.5,0.8,-4.440892098500626e-16,3.3306690738754696e-16,6.661338147750939e-16,-12.43749178302404,-3.7699199040102984,-1.5124009278308261
33.123842000961304,1.0000000000000004,-0.5000000000000003,0.7999999999999994,1.0,-0.5,0.8,-4.440892098500626e-16,3.3306690738754696e-16,6.661338147750939e-16,-12.43749178302404,-3.7699199040102984,-1.5124009278308261
33.133761167526245,1.0000000000000004,-0.5000000000000003,0.7999999999999994,1.0,-0.5,0.8,-4.440892098500626e-16,3.3306690738754696e-16,6.661338147750939e-16,-12.43749178302404,-3.7699199040102984,-1.5124009278308261
33.143738985061646,1.0000000000000004,-0.5000000000000003,0.7999999999999994,1.0,-0.5,0.8,-4.440892098500626e-16,3.3306690738754696e-16,6.661338147750939e-16,-12.43749178302404,-3.7699199040102984,-1.5124009278308261
33.153762340545654,1.0000000000000004,-0.5000000000000003,0.7999999999999994,1.0,-0.5,0.8,-4.440892098500626e-16,3.3306690738754696e-16,6.661338147750939e-16,-12.43749178302404,-3.7699199040102984,-1.5124009278308261
33.163753509521484,1.0000000000000004,-0.5000000000000003,0.7999999999999994,1.0,-0.5,0.8,-4.440892098500626e-16,3.3306690738754696e-16,6.661338147750939e-16,-12.43749178302404,-3.7699199040102984,-1.5124009278308261
33.17374324798584,1.0000000000000004,-0.5000000000000003,0.7999999999999994,1.0,-0.5,0.8,-4.440892098500626e-16,3.3306690738754696e-16,6.661338147750939e-16,-12.43749178302404,-3.7699199040102984,-1.5124009278308261
33.18375873565674,1.0000000000000004,-0.5000000000000003,0.7999999999999994,1.0,-0.5,0.8,-4.440892098500626e-16,3.3306690738754696e-16,6.661338147750939e-16,-12.43749178302404,-3.7699199040102984,-1.5124009278308261
33.19377684593201,1.0000000000000004,-0.5000000000000003,0.7999999999999994,1.0,-0.5,0.8,-4.440892098500626e-16,3.3306690738754696e-16,6.661338147750939e-16,-12.43749178302404,-3.7699199040102984,-1.5124009278308261
33.203797817230225,1.0000000000000004,-0.5000000000000003,0.7999999999999994,1.0,-0.5,0.8,-4.440892098500626e-16,3.3306690738754696e-16,6.661338147750939e-16,-12.43749178302404,-3.7699199040102984,-1.5124009278308261
33.213772773742676,1.0000000000000004,-0.5000000000000003,0.7999999999999994,1.0,-0.5,0.8,-4.440892098500626e-16,3.3306690738754696e-16,6.661338147750939e-16,-12.43749178302404,-3.7699199040102984,-1.5124009278308261
33.22377634048462,1.0000000000000004,-0.5000000000000003,0.7999999999999994,1.0,-0.5,0.8,-4.440892098500626e-16,3.3306690738754696e-16,6.661338147750939e-16,-12.43749178302404,-3.7699199040102984,-1.5124009278308261
33.23381972312927,1.0000000000000004,-0.5000000000000003,0.7999999999999994,1.0,-0.5,0.8,-4.440892098500626e-16,3.3306690738754696e-16,6.661338147750939e-16,-12.43749178302404,-3.7699199040102984,-1.5124009278308261
33.2438018321991,1.0000000000000004,-0.5000000000000003,0.7999999999999994,1.0,-0.5,0.8,-4.440892098500626e-16,3.3306690738754696e-16,6.661338147750939e-16,-12.43749178302404,-3.7699199040102984,-1.5124009278308261
33.25379920005798,1.0000000000000004,-0.5000000000000003,0.7999999999999994,1.0,-0.5,0.8,-4.440892098500626e-16,3.3306690738754696e-16,6.661338147750939e-16,-12.43749178302404,-3.7699199040102984,-1.5124009278308261
33.26380252838135,1.0000000000000004,-0.5000000000000003,0.7999999999999994,1.0,-0.5,0.8,-4.440892098500626e-16,3.3306690738754696e-16,6.661338147750939e-16,-12.43749178302404,-3.7699199040102984,-1.5124009278308261
33.27378582954407,1.0000000000000004,-0.5000000000000003,0.7999999999999994,1.0,-0.5,0.8,-4.440892098500626e-16,3.3306690738754696e-16,6.661338147750939e-16,-12.43749178302404,-3.7699199040102984,-1.5124009278308261
33.28379464149475,1.0000000000000004,-0.5000000000000003,0.7999999999999994,1.0,-0.5,0.8,-4.440892098500626e-16,3.3306690738754696e-16,6.661338147750939e-16,-12.43749178302404,-3.7699199040102984,-1.5124009278308261
33.293787240982056,1.0000000000000004,-0.5000000000000003,0.7999999999999994,1.0,-0.5,0.8,-4.440892098500626e-16,3.3306690738754696e-16,6.661338147750939e-16,-12.43749178302404,-3.7699199040102984,-1.5124009278308261
33.30378007888794,1.0000000000000004,-0.5000000000000003,0.7999999999999994,1.0,-0.5,0.8,-4.440892098500626e-16,3.3306690738754696e-16,6.661338147750939e-16,-12.43749178302404,-3.7699199040102984,-1.5124009278308261
33.31379318237305,1.0000000000000004,-0.5000000000000003,0.7999999999999994,1.0,-0.5,0.8,-4.440892098500626e-16,3.3306690738754696e-16,6.661338147750939e-16,-12.43749178302404,-3.7699199040102984,-1.5124009278308261
33.32381582260132,1.0000000000000004,-0.5000000000000003,0.7999999999999994,1.0,-0.5,0.8,-4.440892098500626e-16,3.3306690738754696e-16,6.661338147750939e-16,-12.43749178302404,-3.7699199040102984,-1.5124009278308261
33.333733797073364,1.0000000000000004,-0.5000000000000003,0.7999999999999994,1.0,-0.5,0.8,-4.440892098500626e-16,3.3306690738754696e-16,6.661338147750939e-16,-12.43749178302404,-3.7699199040102984,-1.5124009278308261
33.34375882148743,1.0000000000000004,-0.5000000000000003,0.7999999999999994,1.0,-0.5,0.8,-4.440892098500626e-16,3.3306690738754696e-16,6.661338147750939e-16,-12.43749178302404,-3.7699199040102984,-1.5124009278308261
33.35375905036926,1.0000000000000004,-0.5000000000000003,0.7999999999999994,1.0,-0.5,0.8,-4.440892098500626e-16,3.3306690738754696e-16,6.661338147750939e-16,-12.43749178302404,-3.7699199040102984,-1.5124009278308261
33.36373829841614,1.0000000000000004,-0.5000000000000003,0.7999999999999994,1.0,-0.5,0.8,-4.440892098500626e-16,3.3306690738754696e-16,6.661338147750939e-16,-12.43749178302404,-3.7699199040102984,-1.5124009278308261
33.3738579750061,1.0000000000000004,-0.5000000000000003,0.7999999999999994,1.0,-0.5,0.8,-4.440892098500626e-16,3.3306690738754696e-16,6.661338147750939e-16,-12.43749178302404,-3.7699199040102984,-1.5124009278308261
33.383790254592896,1.0000000000000004,-0.5000000000000003,0.7999999999999994,1.0,-0.5,0.8,-4.440892098500626e-16,3.3306690738754696e-16,6.661338147750939e-16,-12.43749178302404,-3.7699199040102984,-1.5124009278308261
33.393794775009155,1.0000000000000004,-0.5000000000000003,0.7999999999999994,1.0,-0.5,0.8,-4.440892098500626e-16,3.3306690738754696e-16,6.661338147750939e-16,-12.43749178302404,-3.7699199040102984,-1.5124009278308261
33.40380001068115,1.0000000000000004,-0.5000000000000003,0.7999999999999994,1.0,-0.5,0.8,-4.440892098500626e-16,3.3306690738754696e-16,6.661338147750939e-16,-12.43749178302404,-3.7699199040102984,-1.5124009278308261
33.413777112960815,1.0000000000000004,-0.5000000000000003,0.7999999999999994,1.0,-0.5,0.8,-4.440892098500626e-16,3.3306690738754696e-16,6.661338147750939e-16,-12.43749178302404,-3.7699199040102984,-1.5124009278308261
33.42379665374756,1.0000000000000004,-0.5000000000000003,0.7999999999999994,1.0,-0.5,0.8,-4.440892098500626e-16,3.3306690738754696e-16,6.661338147750939e-16,-12.43749178302404,-3.7699199040102984,-1.5124009278308261
33.43374013900757,1.0000000000000004,-0.5000000000000003,0.7999999999999994,1.0,-0.5,0.8,-4.440892098500626e-16,3.3306690738754696e-16,6.661338147750939e-16,-12.43749178302404,-3.7699199040102984,-1.5124009278308261
33.443740367889404,1.0000000000000004,-0.5000000000000003,0.7999999999999994,1.0,-0.5,0.8,-4.440892098500626e-16,3.3306690738754696e-16,6.661338147750939e-16,-12.43749178302404,-3.7699199040102984,-1.5124009278308261
33.453742265701294,1.0000000000000004,-0.5000000000000003,0.7999999999999994,1.0,-0.5,0.8,-4.440892098500626e-16,3.3306690738754696e-16,6.661338147750939e-16,-12.43749178302404,-3.7699199040102984,-1.5124009278308261
33.46375060081482,1.0000000000000004,-0.5000000000000003,0.7999999999999994,1.0,-0.5,0.8,-4.440892098500626e-16,3.3306690738754696e-16,6.661338147750939e-16,-12.43749178302404,-3.7699199040102984,-1.5124009278308261
33.473777055740356,1.0000000000000004,-0.5000000000000003,0.7999999999999994,1.0,-0.5,0.8,-4.440892098500626e-16,3.3306690738754696e-16,6.661338147750939e-16,-12.43749178302404,-3.7699199040102984,-1.5124009278308261
33.4837486743927,1.0000000000000004,-0.5000000000000003,0.7999999999999994,1.0,-0.5,0.8,-4.440892098500626e-16,3.3306690738754696e-16,6.661338147750939e-16,-12.43749178302404,-3.7699199040102984,-1.5124009278308261
33.49379754066467,1.0000000000000004,-0.5000000000000003,0.7999999999999994,1.0,-0.5,0.8,-4.440892098500626e-16,3.3306690738754696e-16,6.661338147750939e-16,-12.43749178302404,-3.7699199040102984,-1.5124009278308261
33.50374436378479,1.0000000000000004,-0.5000000000000003,0.7999999999999994,1.0,-0.5,0.8,-4.440892098500626e-16,3.3306690738754696e-16,6.661338147750939e-16,-12.43749178302404,-3.7699199040102984,-1.5124009278308261
33.51375436782837,1.0000000000000004,-0.5000000000000003,0.7999999999999994,1.0,-0.5,0.8,-4.440892098500626e-16,3.3306690738754696e-16,6.661338147750939e-16,-12.43749178302404,-3.7699199040102984,-1.5124009278308261
33.52374768257141,1.0000000000000004,-0.5000000000000003,0.7999999999999994,1.0,-0.5,0.8,-4.440892098500626e-16,3.3306690738754696e-16,6.661338147750939e-16,-12.43749178302404,-3.7699199040102984,-1.5124009278308261
33.53374123573303,1.0000000000000004,-0.5000000000000003,0.7999999999999994,1.0,-0.5,0.8,-4.440892098500626e-16,3.3306690738754696e-16,6.661338147750939e-16,-12.43749178302404,-3.7699199040102984,-1.5124009278308261
33.54375195503235,1.0000000000000004,-0.5000000000000003,0.7999999999999994,1.0,-0.5,0.8,-4.440892098500626e-16,3.3306690738754696e-16,6.661338147750939e-16,-12.43749178302404,-3.7699199040102984,-1.5124009278308261
33.553741216659546,1.0000000000000004,-0.5000000000000003,0.7999999999999994,1.0,-0.5,0.8,-4.440892098500626e-16,3.3306690738754696e-16,6.661338147750939e-16,-12.43749178302404,-3.7699199040102984,-1.5124009278308261
33.56377387046814,1.0000000000000004,-0.5000000000000003,0.7999999999999994,1.0,-0.5,0.8,-4.440892098500626e-16,3.3306690738754696e-16,6.661338147750939e-16,-12.43749178302404,-3.7699199040102984,-1.5124009278308261
33.57377910614014,1.0000000000000004,-0.5000000000000003,0.7999999999999994,1.0,-0.5,0.8,-4.440892098500626e-16,3.3306690738754696e-16,6.661338147750939e-16,-12.43749178302404,-3.7699199040102984,-1.5124009278308261
33.58379077911377,1.0000000000000004,-0.5000000000000003,0.7999999999999994,1.0,-0.5,0.8,-4.440892098500626e-16,3.3306690738754696e-16,6.661338147750939e-16,-12.43749178302404,-3.7699199040102984,-1.5124009278308261
33.59379053115845,1.0000000000000004,-0.5000000000000003,0.7999999999999994,1.0,-0.5,0.8,-4.440892098500626e-16,3.3306690738754696e-16,6.661338147750939e-16,-12.43749178302404,-3.7699199040102984,-1.5124009278308261
33.603806257247925,1.0000000000000004,-0.5000000000000003,0.7999999999999994,1.0,-0.5,0.8,-4.440892098500626e-16,3.3306690738754696e-16,6.661338147750939e-16,-12.43749178302404,-3.7699199040102984,-1.5124009278308261
33.61378049850464,1.0000000000000004,-0.5000000000000003,0.7999999999999994,1.0,-0.5,0.8,-4.440892098500626e-16,3.3306690738754696e-16,6.661338147750939e-16,-12.43749178302404,-3.7699199040102984,-1.5124009278308261
33.62379741668701,1.0000000000000004,-0.5000000000000003,0.7999999999999994,1.0,-0.5,0.8,-4.440892098500626e-16,3.3306690738754696e-16,6.661338147750939e-16,-12.43749178302404,-3.7699199040102984,-1.5124009278308261
33.63378977775574,1.0000000000000004,-0.5000000000000003,0.7999999999999994,1.0,-0.5,0.8,-4.440892098500626e-16,3.3306690738754696e-16,6.661338147750939e-16,-12.43749178302404,-3.7699199040102984,-1.5124009278308261
33.64380192756653,1.0000000000000004,-0.5000000000000003,0.7999999999999994,1.0,-0.5,0.8,-4.440892098500626e-16,3.3306690738754696e-16,6.661338147750939e-16,-12.43749178302404,-3.7699199040102984,-1.5124009278308261
33.653862953186035,1.0000000000000004,-0.5000000000000003,0.7999999999999994,1.0,-0.5,0.8,-4.440892098500626e-16,3.3306690738754696e-16,6.661338147750939e-16,-12.43749178302404,-3.7699199040102984,-1.5124009278308261
33.66382074356079,1.0000000000000004,-0.5000000000000003,0.7999999999999994,1.0,-0.5,0.8,-4.440892098500626e-16,3.3306690738754696e-16,6.661338147750939e-16,-12.43749178302404,-3.7699199040102984,-1.5124009278308261
33.67380237579346,1.0000000000000004,-0.5000000000000003,0.7999999999999994,1.0,-0.5,0.8,-4.440892098500626e-16,3.3306690738754696e-16,6.661338147750939e-16,-12.43749178302404,-3.7699199040102984,-1.5124009278308261
33.683881998062134,1.0000000000000004,-0.5000000000000003,0.7999999999999994,1.0,-0.5,0.8,-4.440892098500626e-16,3.3306690738754696e-16,6.661338147750939e-16,-12.43749178302404,-3.7699199040102984,-1.5124009278308261
33.69380974769592,1.0000000000000004,-0.5000000000000003,0.7999999999999994,1.0,-0.5,0.8,-4.440892098500626e-16,3.3306690738754696e-16,6.661338147750939e-16,-12.43749178302404,-3.7699199040102984,-1.5124009278308261
33.7038049697876,1.0000000000000004,-0.5000000000000003,0.7999999999999994,1.0,-0.5,0.8,-4.440892098500626e-16,3.3306690738754696e-16,6.661338147750939e-16,-12.43749178302404,-3.7699199040102984,-1.5124009278308261
33.713804960250854,1.0000000000000004,-0.5000000000000003,0.7999999999999994,1.0,-0.5,0.8,-4.440892098500626e-16,3.3306690738754696e-16,6.661338147750939e-16,-12.43749178302404,-3.7699199040102984,-1.5124009278308261
33.723830699920654,1.0000000000000004,-0.5000000000000003,0.7999999999999994,1.0,-0.5,0.8,-4.440892098500626e-16,3.3306690738754696e-16,6.661338147750939e-16,-12.43749178302404,-3.7699199040102984,-1.5124009278308261
33.733806133270264,1.0000000000000004,-0.5000000000000003,0.7999999999999994,1.0,-0.5,0.8,-4.440892098500626e-16,3.3306690738754696e-16,6.661338147750939e-16,-12.43749178302404,-3.7699199040102984,-1.5124009278308261
33.743802070617676,1.0000000000000004,-0.5000000000000003,0.7999999999999994,1.0,-0.5,0.8,-4.440892098500626e-16,3.3306690738754696e-16,6.661338147750939e-16,-12.43749178302404,-3.7699199040102984,-1.5124009278308261
33.75380754470825,1.0000000000000004,-0.5000000000000003,0.7999999999999994,1.0,-0.5,0.8,-4.440892098500626e-16,3.3306690738754696e-16,6.661338147750939e-16,-12.43749178302404,-3.7699199040102984,-1.5124009278308261
33.7638041973114,1.0000000000000004,-0.5000000000000003,0.7999999999999994,1.0,-0.5,0.8,-4.440892098500626e-16,3.3306690738754696e-16,6.661338147750939e-16,-12.43749178302404,-3.7699199040102984,-1.5124009278308261
33.77377796173096,1.0000000000000004,-0.5000000000000003,0.7999999999999994,1.0,-0.5,0.8,-4.440892098500626e-16,3.3306690738754696e-16,6.661338147750939e-16,-12.43749178302404,-3.7699199040102984,-1.5124009278308261
33.78379702568054,1.0000000000000004,-0.5000000000000003,0.7999999999999994,1.0,-0.5,0.8,-4.440892098500626e-16,3.3306690738754696e-16,6.661338147750939e-16,-12.43749178302404,-3.7699199040102984,-1.5124009278308261
33.79386520385742,1.0000000000000004,-0.5000000000000003,0.7999999999999994,1.0,-0.5,0.8,-4.440892098500626e-16,3.3306690738754696e-16,6.661338147750939e-16,-12.43749178302404,-3.7699199040102984,-1.5124009278308261
33.80382966995239,1.0000000000000004,-0.5000000000000003,0.7999999999999994,1.0,-0.5,0.8,-4.440892098500626e-16,3.3306690738754696e-16,6.661338147750939e-16,-12.43749178302404,-3.7699199040102984,-1.5124009278308261
33.81381320953369,1.0000000000000004,-0.5000000000000003,0.7999999999999994,1.0,-0.5,0.8,-4.440892098500626e-16,3.3306690738754696e-16,6.661338147750939e-16,-12.43749178302404,-3.7699199040102984,-1.5124009278308261
33.82386350631714,1.0000000000000004,-0.5000000000000003,0.7999999999999994,1.0,-0.5,0.8,-4.440892098500626e-16,3.3306690738754696e-16,6.661338147750939e-16,-12.43749178302404,-3.7699199040102984,-1.5124009278308261
33.83382201194763,1.0000000000000004,-0.5000000000000003,0.7999999999999994,1.0,-0.5,0.8,-4.440892098500626e-16,3.3306690738754696e-16,6.661338147750939e-16,-12.43749178302404,-3.7699199040102984,-1.5124009278308261
33.843825340270996,1.0000000000000004,-0.5000000000000003,0.7999999999999994,1.0,-0.5,0.8,-4.440892098500626e-16,3.3306690738754696e-16,6.661338147750939e-16,-12.43749178302404,-3.7699199040102984,-1.5124009278308261
33.85382151603699,1.0000000000000004,-0.5000000000000003,0.7999999999999994,1.0,-0.5,0.8,-4.440892098500626e-16,3.3306690738754696e-16,6.661338147750939e-16,-12.43749178302404,-3.7699199040102984,-1.5124009278308261
33.863823890686035,1.0000000000000004,-0.5000000000000003,0.7999999999999994,1.0,-0.5,0.8,-4.440892098500626e-16,3.3306690738754696e-16,6.661338147750939e-16,-12.43749178302404,-3.7699199040102984,-1.5124009278308261
33.873804569244385,1.0000000000000004,-0.5000000000000003,0.7999999999999994,1.0,-0.5,0.8,-4.440892098500626e-16,3.3306690738754696e-16,6.661338147750939e-16,-12.43749178302404,-3.7699199040102984,-1.5124009278308261
33.88379621505737,1.0000000000000004,-0.5000000000000003,0.7999999999999994,1.0,-0.5,0.8,-4.440892098500626e-16,3.3306690738754696e-16,6.661338147750939e-16,-12.43749178302404,-3.7699199040102984,-1.5124009278308261
33.893781900405884,1.0000000000000004,-0.5000000000000003,0.7999999999999994,1.0,-0.5,0.8,-4.440892098500626e-16,3.3306690738754696e-16,6.661338147750939e-16,-12.43749178302404,-3.7699199040102984,-1.5124009278308261
33.903767585754395,1.0000000000000004,-0.5000000000000003,0.7999999999999994,1.0,-0.5,0.8,-4.440892098500626e-16,3.3306690738754696e-16,6.661338147750939e-16,-12.43749178302404,-3.7699199040102984,-1.5124009278308261
33.91377544403076,1.0000000000000004,-0.5000000000000003,0.7999999999999994,1.0,-0.5,0.8,-4.440892098500626e-16,3.3306690738754696e-16,6.661338147750939e-16,-12.43749178302404,-3.7699199040102984,-1.5124009278308261
33.92379117012024,1.0000000000000004,-0.5000000000000003,0.7999999999999994,1.0,-0.5,0.8,-4.440892098500626e-16,3.3306690738754696e-16,6.661338147750939e-16,-12.43749178302404,-3.7699199040102984,-1.5124009278308261
33.93379235267639,1.0000000000000004,-0.5000000000000003,0.7999999999999994,1.0,-0.5,0.8,-4.440892098500626e-16,3.3306690738754696e-16,6.661338147750939e-16,-12.43749178302404,-3.7699199040102984,-1.5124009278308261
33.94379758834839,1.0000000000000004,-0.5000000000000003,0.7999999999999994,1.0,-0.5,0.8,-4.440892098500626e-16,3.3306690738754696e-16,6.661338147750939e-16,-12.43749178302404,-3.7699199040102984,-1.5124009278308261
33.95376491546631,1.0000000000000004,-0.5000000000000003,0.7999999999999994,1.0,-0.5,0.8,-4.440892098500626e-16,3.3306690738754696e-16,6.661338147750939e-16,-12.43749178302404,-3.7699199040102984,-1.5124009278308261
33.96374464035034,1.0000000000000004,-0.5000000000000003,0.7999999999999994,1.0,-0.5,0.8,-4.440892098500626e-16,3.3306690738754696e-16,6.661338147750939e-16,-12.43749178302404,-3.7699199040102984,-1.5124009278308261
33.97375798225403,1.0000000000000004,-0.5000000000000003,0.7999999999999994,1.0,-0.5,0.8,-4.440892098500626e-16,3.3306690738754696e-16,6.661338147750939e-16,-12.43749178302404,-3.7699199040102984,-1.5124009278308261
33.9837691783905,1.0000000000000004,-0.5000000000000003,0.7999999999999994,1.0,-0.5,0.8,-4.440892098500626e-16,3.3306690738754696e-16,6.661338147750939e-16,-12.43749178302404,-3.7699199040102984,-1.5124009278308261
33.99377632141113,1.0000000000000004,-0.5000000000000003,0.7999999999999994,1.0,-0.5,0.8,-4.440892098500626e-16,3.3306690738754696e-16,6.661338147750939e-16,-12.43749178302404,-3.7699199040102984,-1.5124009278308261
34.003774642944336,1.0000000000000004,-0.5000000000000003,0.7999999999999994,1.0,-0.5,0.8,-4.440892098500626e-16,3.3306690738754696e-16,6.661338147750939e-16,-12.43749178302404,-3.7699199040102984,-1.5124009278308261
34.013755798339844,1.0000000000000004,-0.5000000000000003,0.7999999999999994,1.0,-0.5,0.8,-4.440892098500626e-16,3.3306690738754696e-16,6.661338147750939e-16,-12.43749178302404,-3.7699199040102984,-1.5124009278308261
34.02376055717468,1.0000000000000004,-0.5000000000000003,0.7999999999999994,1.0,-0.5,0.8,-4.440892098500626e-16,3.3306690738754696e-16,6.661338147750939e-16,-12.43749178302404,-3.7699199040102984,-1.5124009278308261
34.033775091171265,1.0000000000000004,-0.5000000000000003,0.7999999999999994,1.0,-0.5,0.8,-4.440892098500626e-16,3.3306690738754696e-16,6.661338147750939e-16,-12.43749178302404,-3.7699199040102984,-1.5124009278308261
34.043797969818115,1.0000000000000004,-0.5000000000000003,0.7999999999999994,1.0,-0.5,0.8,-4.440892098500626e-16,3.3306690738754696e-16,6.661338147750939e-16,-12.43749178302404,-3.7699199040102984,-1.5124009278308261
34.05379915237427,1.0000000000000004,-0.5000000000000003,0.7999999999999994,1.0,-0.5,0.8,-4.440892098500626e-16,3.3306690738754696e-16,6.661338147750939e-16,-12.43749178302404,-3.7699199040102984,-1.5124009278308261
34.063790798187256,1.0000000000000004,-0.5000000000000003,0.7999999999999994,1.0,-0.5,0.8,-4.440892098500626e-16,3.3306690738754696e-16,6.661338147750939e-16,-12.43749178302404,-3.7699199040102984,-1.5124009278308261
34.07382845878601,1.0000000000000004,-0.5000000000000003,0.7999999999999994,1.0,-0.5,0.8,-4.440892098500626e-16,3.3306690738754696e-16,6.661338147750939e-16,-12.43749178302404,-3.7699199040102984,-1.5124009278308261
34.08380746841431,1.0000000000000004,-0.5000000000000003,0.7999999999999994,1.0,-0.5,0.8,-4.440892098500626e-16,3.3306690738754696e-16,6.661338147750939e-16,-12.43749178302404,-3.7699199040102984,-1.5124009278308261
34.093825578689575,1.0000000000000004,-0.5000000000000003,0.7999999999999994,1.0,-0.5,0.8,-4.440892098500626e-16,3.3306690738754696e-16,6.661338147750939e-16,-12.43749178302404,-3.7699199040102984,-1.5124009278308261
34.10386872291565,1.0000000000000004,-0.5000000000000003,0.7999999999999994,1.0,-0.5,0.8,-4.440892098500626e-16,3.3306690738754696e-16,6.661338147750939e-16,-12.43749178302404,-3.7699199040102984,-1.5124009278308261
34.113868951797485,1.0000000000000004,-0.5000000000000003,0.7999999999999994,1.0,-0.5,0.8,-4.440892098500626e-16,3.3306690738754696e-16,6.661338147750939e-16,-12.43749178302404,-3.7699199040102984,-1.5124009278308261
34.123825550079346,1.0000000000000004,-0.5000000000000003,0.7999999999999994,1.0,-0.5,0.8,-4.440892098500626e-16,3.3306690738754696e-16,6.661338147750939e-16,-12.43749178302404,-3.7699199040102984,-1.5124009278308261
34.13380527496338,1.0000000000000004,-0.5000000000000003,0.7999999999999994,1.0,-0.5,0.8,-4.440892098500626e-16,3.3306690738754696e-16,6.661338147750939e-16,-12.43749178302404,-3.7699199040102984,-1.5124009278308261
34.143821716308594,1.0000000000000004,-0.5000000000000003,0.7999999999999994,1.0,-0.5,0.8,-4.440892098500626e-16,3.3306690738754696e-16,6.661338147750939e-16,-12.43749178302404,-3.7699199040102984,-1.5124009278308261
34.15385961532593,1.0000000000000004,-0.5000000000000003,0.7999999999999994,1.0,-0.5,0.8,-4.440892098500626e-16,3.3306690738754696e-16,6.661338147750939e-16,-12.43749178302404,-3.7699199040102984,-1.5124009278308261
34.16382431983948,1.0000000000000004,-0.5000000000000003,0.7999999999999994,1.0,-0.5,0.8,-4.440892098500626e-16,3.3306690738754696e-16,6.661338147750939e-16,-12.43749178302404,-3.7699199040102984,-1.5124009278308261
34.17379879951477,1.0000000000000004,-0.5000000000000003,0.7999999999999994,1.0,-0.5,0.8,-4.440892098500626e-16,3.3306690738754696e-16,6.661338147750939e-16,-12.43749178302404,-3.7699199040102984,-1.5124009278308261
34.18385314941406,1.0000000000000004,-0.5000000000000003,0.7999999999999994,1.0,-0.5,0.8,-4.440892098500626e-16,3.3306690738754696e-16,6.661338147750939e-16,-12.43749178302404,-3.7699199040102984,-1.5124009278308261
34.19384455680847,1.0000000000000004,-0.5000000000000003,0.7999999999999994,1.0,-0.5,0.8,-4.440892098500626e-16,3.3306690738754696e-16,6.661338147750939e-16,-12.43749178302404,-3.7699199040102984,-1.5124009278308261
34.20384860038757,1.0000000000000004,-0.5000000000000003,0.7999999999999994,1.0,-0.5,0.8,-4.440892098500626e-16,3.3306690738754696e-16,6.661338147750939e-16,-12.43749178302404,-3.7699199040102984,-1.5124009278308261
34.213857889175415,1.0000000000000004,-0.5000000000000003,0.7999999999999994,1.0,-0.5,0.8,-4.440892098500626e-16,3.3306690738754696e-16,6.661338147750939e-16,-12.43749178302404,-3.7699199040102984,-1.5124009278308261
34.22380805015564,1.0000000000000004,-0.5000000000000003,0.7999999999999994,1.0,-0.5,0.8,-4.440892098500626e-16,3.3306690738754696e-16,6.661338147750939e-16,-12.43749178302404,-3.7699199040102984,-1.5124009278308261
34.233821630477905,1.0000000000000004,-0.5000000000000003,0.7999999999999994,1.0,-0.5,0.8,-4.440892098500626e-16,3.3306690738754696e-16,6.661338147750939e-16,-12.43749178302404,-3.7699199040102984,-1.5124009278308261
34.243818283081055,1.0000000000000004,-0.5000000000000003,0.7999999999999994,1.0,-0.5,0.8,-4.440892098500626e-16,3.3306690738754696e-16,6.661338147750939e-16,-12.43749178302404,-3.7699199040102984,-1.5124009278308261
34.25389647483826,1.0000000000000004,-0.5000000000000003,0.7999999999999994,1.0,-0.5,0.8,-4.440892098500626e-16,3.3306690738754696e-16,6.661338147750939e-16,-12.43749178302404,-3.7699199040102984,-1.5124009278308261
34.26382279396057,1.0000000000000004,-0.5000000000000003,0.7999999999999994,1.0,-0.5,0.8,-4.440892098500626e-16,3.3306690738754696e-16,6.661338147750939e-16,-12.43749178302404,-3.7699199040102984,-1.5124009278308261
34.2737922668457,1.0000000000000004,-0.5000000000000003,0.7999999999999994,1.0,-0.5,0.8,-4.440892098500626e-16,3.3306690738754696e-16,6.661338147750939e-16,-12.43749178302404,-3.7699199040102984,-1.5124009278308261
34.28374791145325,1.0000000000000004,-0.5000000000000003,0.7999999999999994,1.0,-0.5,0.8,-4.440892098500626e-16,3.3306690738754696e-16,6.661338147750939e-16,-12.43749178302404,-3.7699199040102984,-1.5124009278308261
34.29378581047058,1.0000000000000004,-0.5000000000000003,0.7999999999999994,1.0,-0.5,0.8,-4.440892098500626e-16,3.3306690738754696e-16,6.661338147750939e-16,-12.43749178302404,-3.7699199040102984,-1.5124009278308261
34.303794384002686,1.0000000000000004,-0.5000000000000003,0.7999999999999994,1.0,-0.5,0.8,-4.440892098500626e-16,3.3306690738754696e-16,6.661338147750939e-16,-12.43749178302404,-3.7699199040102984,-1.5124009278308261
34.31378722190857,1.0000000000000004,-0.5000000000000003,0.7999999999999994,1.0,-0.5,0.8,-4.440892098500626e-16,3.3306690738754696e-16,6.661338147750939e-16,-12.43749178302404,-3.7699199040102984,-1.5124009278308261
34.32378125190735,1.0000000000000004,-0.5000000000000003,0.7999999999999994,1.0,-0.5,0.8,-4.440892098500626e-16,3.3306690738754696e-16,6.661338147750939e-16,-12.43749178302404,-3.7699199040102984,-1.5124009278308261
34.33380126953125,1.0000000000000004,-0.5000000000000003,0.7999999999999994,1.0,-0.5,0.8,-4.440892098500626e-16,3.3306690738754696e-16,6.661338147750939e-16,-12.43749178302404,-3.7699199040102984,-1.5124009278308261
34.343738317489624,1.0000000000000004,-0.5000000000000003,0.7999999999999994,1.0,-0.5,0.8,-4.440892098500626e-16,3.3306690738754696e-16,6.661338147750939e-16,-12.43749178302404,-3.7699199040102984,-1.5124009278308261
34.35375642776489,1.0000000000000004,-0.5000000000000003,0.7999999999999994,1.0,-0.5,0.8,-4.440892098500626e-16,3.3306690738754696e-16,6.661338147750939e-16,-12.43749178302404,-3.7699199040102984,-1.5124009278308261
34.36375284194946,1.0000000000000004,-0.5000000000000003,0.7999999999999994,1.0,-0.5,0.8,-4.440892098500626e-16,3.3306690738754696e-16,6.661338147750939e-16,-12.43749178302404,-3.7699199040102984,-1.5124009278308261
34.37378191947937,1.0000000000000004,-0.5000000000000003,0.7999999999999994,1.0,-0.5,0.8,-4.440892098500626e-16,3.3306690738754696e-16,6.661338147750939e-16,-12.43749178302404,-3.7699199040102984,-1.5124009278308261
34.38382267951965,1.0000000000000004,-0.5000000000000003,0.7999999999999994,1.0,-0.5,0.8,-4.440892098500626e-16,3.3306690738754696e-16,6.661338147750939e-16,-12.43749178302404,-3.7699199040102984,-1.5124009278308261
34.39379668235779,1.0000000000000004,-0.5000000000000003,0.7999999999999994,1.0,-0.5,0.8,-4.440892098500626e-16,3.3306690738754696e-16,6.661338147750939e-16,-12.43749178302404,-3.7699199040102984,-1.5124009278308261
34.40379619598389,1.0000000000000004,-0.5000000000000003,0.7999999999999994,1.0,-0.5,0.8,-4.440892098500626e-16,3.3306690738754696e-16,6.661338147750939e-16,-12.43749178302404,-3.7699199040102984,-1.5124009278308261
34.413992166519165,1.0000000000000004,-0.5000000000000003,0.7999999999999994,1.0,-0.5,0.8,-4.440892098500626e-16,3.3306690738754696e-16,6.661338147750939e-16,-12.43749178302404,-3.7699199040102984,-1.5124009278308261
34.42380690574646,1.0000000000000004,-0.5000000000000003,0.7999999999999994,1.0,-0.5,0.8,-4.440892098500626e-16,3.3306690738754696e-16,6.661338147750939e-16,-12.43749178302404,-3.7699199040102984,-1.5124009278308261
34.433799743652344,1.0000000000000004,-0.5000000000000003,0.7999999999999994,1.0,-0.5,0.8,-4.440892098500626e-16,3.3306690738754696e-16,6.661338147750939e-16,-12.43749178302404,-3.7699199040102984,-1.5124009278308261
34.44378352165222,1.0000000000000004,-0.5000000000000003,0.7999999999999994,1.0,-0.5,0.8,-4.440892098500626e-16,3.3306690738754696e-16,6.661338147750939e-16,-12.43749178302404,-3.7699199040102984,-1.5124009278308261
34.453779458999634,1.0000000000000004,-0.5000000000000003,0.7999999999999994,1.0,-0.5,0.8,-4.440892098500626e-16,3.3306690738754696e-16,6.661338147750939e-16,-12.43749178302404,-3.7699199040102984,-1.5124009278308261
34.463799715042114,1.0000000000000004,-0.5000000000000003,0.7999999999999994,1.0,-0.5,0.8,-4.440892098500626e-16,3.3306690738754696e-16,6.661338147750939e-16,-12.43749178302404,-3.7699199040102984,-1.5124009278308261
34.473793029785156,1.0000000000000004,-0.5000000000000003,0.7999999999999994,1.0,-0.5,0.8,-4.440892098500626e-16,3.3306690738754696e-16,6.661338147750939e-16,-12.43749178302404,-3.7699199040102984,-1.5124009278308261
34.48378229141235,1.0000000000000004,-0.5000000000000003,0.7999999999999994,1.0,-0.5,0.8,-4.440892098500626e-16,3.3306690738754696e-16,6.661338147750939e-16,-12.43749178302404,-3.7699199040102984,-1.5124009278308261
34.493796825408936,1.0000000000000004,-0.5000000000000003,0.7999999999999994,1.0,-0.5,0.8,-4.440892098500626e-16,3.3306690738754696e-16,6.661338147750939e-16,-12.43749178302404,-3.7699199040102984,-1.5124009278308261
34.50379490852356,1.0000000000000004,-0.5000000000000003,0.7999999999999994,1.0,-0.5,0.8,-4.440892098500626e-16,3.3306690738754696e-16,6.661338147750939e-16,-12.43749178302404,-3.7699199040102984,-1.5124009278308261
34.51374316215515,1.0000000000000004,-0.5000000000000003,0.7999999999999994,1.0,-0.5,0.8,-4.440892098500626e-16,3.3306690738754696e-16,6.661338147750939e-16,-12.43749178302404,-3.7699199040102984,-1.5124009278308261
34.52375364303589,1.0000000000000004,-0.5000000000000003,0.7999999999999994,1.0,-0.5,0.8,-4.440892098500626e-16,3.3306690738754696e-16,6.661338147750939e-16,-12.43749178302404,-3.7699199040102984,-1.5124009278308261
34.533756732940674,1.0000000000000004,-0.5000000000000003,0.7999999999999994,1.0,-0.5,0.8,-4.440892098500626e-16,3.3306690738754696e-16,6.661338147750939e-16,-12.43749178302404,-3.7699199040102984,-1.5124009278308261
34.54374551773071,1.0000000000000004,-0.5000000000000003,0.7999999999999994,1.0,-0.5,0.8,-4.440892098500626e-16,3.3306690738754696e-16,6.661338147750939e-16,-12.43749178302404,-3.7699199040102984,-1.5124009278308261
34.553853273391724,1.0000000000000004,-0.5000000000000003,0.7999999999999994,1.0,-0.5,0.8,-4.440892098500626e-16,3.3306690738754696e-16,6.661338147750939e-16,-12.43749178302404,-3.7699199040102984,-1.5124009278308261
34.5637481212616,1.0000000000000004,-0.5000000000000003,0.7999999999999994,1.0,-0.5,0.8,-4.440892098500626e-16,3.3306690738754696e-16,6.661338147750939e-16,-12.43749178302404,-3.7699199040102984,-1.5124009278308261
34.57374310493469,1.0000000000000004,-0.5000000000000003,0.7999999999999994,1.0,-0.5,0.8,-4.440892098500626e-16,3.3306690738754696e-16,6.661338147750939e-16,-12.43749178302404,-3.7699199040102984,-1.5124009278308261
34.583776235580444,1.0000000000000004,-0.5000000000000003,0.7999999999999994,1.0,-0.5,0.8,-4.440892098500626e-16,3.3306690738754696e-16,6.661338147750939e-16,-12.43749178302404,-3.7699199040102984,-1.5124009278308261
34.5937922000885,1.0000000000000004,-0.5000000000000003,0.7999999999999994,1.0,-0.5,0.8,-4.440892098500626e-16,3.3306690738754696e-16,6.661338147750939e-16,-12.43749178302404,-3.7699199040102984,-1.5124009278308261
34.603758096694946,1.0000000000000004,-0.5000000000000003,0.7999999999999994,1.0,-0.5,0.8,-4.440892098500626e-16,3.3306690738754696e-16,6.661338147750939e-16,-12.43749178302404,-3.7699199040102984,-1.5124009278308261
34.61382055282593,1.0000000000000004,-0.5000000000000003,0.7999999999999994,1.0,-0.5,0.8,-4.440892098500626e-16,3.3306690738754696e-16,6.661338147750939e-16,-12.43749178302404,-3.7699199040102984,-1.5124009278308261
34.62383723258972,1.0000000000000004,-0.5000000000000003,0.7999999999999994,1.0,-0.5,0.8,-4.440892098500626e-16,3.3306690738754696e-16,6.661338147750939e-16,-12.43749178302404,-3.7699199040102984,-1.5124009278308261
34.633808612823486,1.0000000000000004,-0.5000000000000003,0.7999999999999994,1.0,-0.5,0.8,-4.440892098500626e-16,3.3306690738754696e-16,6.661338147750939e-16,-12.43749178302404,-3.7699199040102984,-1.5124009278308261
34.64375066757202,1.0000000000000004,-0.5000000000000003,0.7999999999999994,1.0,-0.5,0.8,-4.440892098500626e-16,3.3306690738754696e-16,6.661338147750939e-16,-12.43749178302404,-3.7699199040102984,-1.5124009278308261
34.653796434402466,1.0000000000000004,-0.5000000000000003,0.7999999999999994,1.0,-0.5,0.8,-4.440892098500626e-16,3.3306690738754696e-16,6.661338147750939e-16,-12.43749178302404,-3.7699199040102984,-1.5124009278308261
34.66401147842407,1.0000000000000004,-0.5000000000000003,0.7999999999999994,1.0,-0.5,0.8,-4.440892098500626e-16,3.3306690738754696e-16,6.661338147750939e-16,-12.43749178302404,-3.7699199040102984,-1.5124009278308261
34.6738121509552,1.0000000000000004,-0.5000000000000003,0.7999999999999994,1.0,-0.5,0.8,-4.440892098500626e-16,3.3306690738754696e-16,6.661338147750939e-16,-12.43749178302404,-3.7699199040102984,-1.5124009278308261
34.68378496170044,1.0000000000000004,-0.5000000000000003,0.7999999999999994,1.0,-0.5,0.8,-4.440892098500626e-16,3.3306690738754696e-16,6.661338147750939e-16,-12.43749178302404,-3.7699199040102984,-1.5124009278308261
34.69381761550903,1.0000000000000004,-0.5000000000000003,0.7999999999999994,1.0,-0.5,0.8,-4.440892098500626e-16,3.3306690738754696e-16,6.661338147750939e-16,-12.43749178302404,-3.7699199040102984,-1.5124009278308261
34.70379185676575,1.0000000000000004,-0.5000000000000003,0.7999999999999994,1.0,-0.5,0.8,-4.440892098500626e-16,3.3306690738754696e-16,6.661338147750939e-16,-12.43749178302404,-3.7699199040102984,-1.5124009278308261
34.713775873184204,1.0000000000000004,-0.5000000000000003,0.7999999999999994,1.0,-0.5,0.8,-4.440892098500626e-16,3.3306690738754696e-16,6.661338147750939e-16,-12.43749178302404,-3.7699199040102984,-1.5124009278308261
34.72379779815674,1.0000000000000004,-0.5000000000000003,0.7999999999999994,1.0,-0.5,0.8,-4.440892098500626e-16,3.3306690738754696e-16,6.661338147750939e-16,-12.43749178302404,-3.7699199040102984,-1.5124009278308261
34.73378920555115,1.0000000000000004,-0.5000000000000003,0.7999999999999994,1.0,-0.5,0.8,-4.440892098500626e-16,3.3306690738754696e-16,6.661338147750939e-16,-12.43749178302404,-3.7699199040102984,-1.5124009278308261
34.74376082420349,1.0000000000000004,-0.5000000000000003,0.7999999999999994,1.0,-0.5,0.8,-4.440892098500626e-16,3.3306690738754696e-16,6.661338147750939e-16,-12.43749178302404,-3.7699199040102984,-1.5124009278308261
34.75381255149841,1.0000000000000004,-0.5000000000000003,0.7999999999999994,1.0,-0.5,0.8,-4.440892098500626e-16,3.3306690738754696e-16,6.661338147750939e-16,-12.43749178302404,-3.7699199040102984,-1.5124009278308261
34.76380515098572,1.0000000000000004,-0.5000000000000003,0.7999999999999994,1.0,-0.5,0.8,-4.440892098500626e-16,3.3306690738754696e-16,6.661338147750939e-16,-12.43749178302404,-3.7699199040102984,-1.5124009278308261
34.77388000488281,1.0000000000000004,-0.5000000000000003,0.7999999999999994,1.0,-0.5,0.8,-4.440892098500626e-16,3.3306690738754696e-16,6.661338147750939e-16,-12.43749178302404,-3.7699199040102984,-1.5124009278308261
34.7838351726532,1.0000000000000004,-0.5000000000000003,0.7999999999999994,1.0,-0.5,0.8,-4.440892098500626e-16,3.3306690738754696e-16,6.661338147750939e-16,-12.43749178302404,-3.7699199040102984,-1.5124009278308261
34.79382061958313,1.0000000000000004,-0.5000000000000003,0.7999999999999994,1.0,-0.5,0.8,-4.440892098500626e-16,3.3306690738754696e-16,6.661338147750939e-16,-12.43749178302404,-3.7699199040102984,-1.5124009278308261
34.80395817756653,1.0000000000000004,-0.5000000000000003,0.7999999999999994,1.0,-0.5,0.8,-4.440892098500626e-16,3.3306690738754696e-16,6.661338147750939e-16,-12.43749178302404,-3.7699199040102984,-1.5124009278308261
34.81381916999817,1.0000000000000004,-0.5000000000000003,0.7999999999999994,1.0,-0.5,0.8,-4.440892098500626e-16,3.3306690738754696e-16,6.661338147750939e-16,-12.43749178302404,-3.7699199040102984,-1.5124009278308261
34.823814392089844,1.0000000000000004,-0.5000000000000003,0.7999999999999994,1.0,-0.5,0.8,-4.440892098500626e-16,3.3306690738754696e-16,6.661338147750939e-16,-12.43749178302404,-3.7699199040102984,-1.5124009278308261
34.833794593811035,1.0000000000000004,-0.5000000000000003,0.7999999999999994,1.0,-0.5,0.8,-4.440892098500626e-16,3.3306690738754696e-16,6.661338147750939e-16,-12.43749178302404,-3.7699199040102984,-1.5124009278308261
34.843793869018555,1.0000000000000004,-0.5000000000000003,0.7999999999999994,1.0,-0.5,0.8,-4.440892098500626e-16,3.3306690738754696e-16,6.661338147750939e-16,-12.43749178302404,-3.7699199040102984,-1.5124009278308261
34.8538179397583,1.0000000000000004,-0.5000000000000003,0.7999999999999994,1.0,-0.5,0.8,-4.440892098500626e-16,3.3306690738754696e-16,6.661338147750939e-16,-12.43749178302404,-3.7699199040102984,-1.5124009278308261
34.863818407058716,1.0000000000000004,-0.5000000000000003,0.7999999999999994,1.0,-0.5,0.8,-4.440892098500626e-16,3.3306690738754696e-16,6.661338147750939e-16,-12.43749178302404,-3.7699199040102984,-1.5124009278308261
34.87377715110779,1.0000000000000004,-0.5000000000000003,0.7999999999999994,1.0,-0.5,0.8,-4.440892098500626e-16,3.3306690738754696e-16,6.661338147750939e-16,-12.43749178302404,-3.7699199040102984,-1.5124009278308261
34.8838791847229,1.0000000000000004,-0.5000000000000003,0.7999999999999994,1.0,-0.5,0.8,-4.440892098500626e-16,3.3306690738754696e-16,6.661338147750939e-16,-12.43749178302404,-3.7699199040102984,-1.5124009278308261
34.8938262462616,1.0000000000000004,-0.5000000000000003,0.7999999999999994,1.0,-0.5,0.8,-4.440892098500626e-16,3.3306690738754696e-16,6.661338147750939e-16,-12.43749178302404,-3.7699199040102984,-1.5124009278308261
34.90379285812378,1.0000000000000004,-0.5000000000000003,0.7999999999999994,1.0,-0.5,0.8,-4.440892098500626e-16,3.3306690738754696e-16,6.661338147750939e-16,-12.43749178302404,-3.7699199040102984,-1.5124009278308261
34.91378355026245,1.0000000000000004,-0.5000000000000003,0.7999999999999994,1.0,-0.5,0.8,-4.440892098500626e-16,3.3306690738754696e-16,6.661338147750939e-16,-12.43749178302404,-3.7699199040102984,-1.5124009278308261
34.92378544807434,1.0000000000000004,-0.5000000000000003,0.7999999999999994,1.0,-0.5,0.8,-4.440892098500626e-16,3.3306690738754696e-16,6.661338147750939e-16,-12.43749178302404,-3.7699199040102984,-1.5124009278308261
34.93380546569824,1.0000000000000004,-0.5000000000000003,0.7999999999999994,1.0,-0.5,0.8,-4.440892098500626e-16,3.3306690738754696e-16,6.661338147750939e-16,-12.43749178302404,-3.7699199040102984,-1.5124009278308261
34.943788051605225,1.0000000000000004,-0.5000000000000003,0.7999999999999994,1.0,-0.5,0.8,-4.440892098500626e-16,3.3306690738754696e-16,6.661338147750939e-16,-12.43749178302404,-3.7699199040102984,-1.5124009278308261
34.95379972457886,1.0000000000000004,-0.5000000000000003,0.7999999999999994,1.0,-0.5,0.8,-4.440892098500626e-16,3.3306690738754696e-16,6.661338147750939e-16,-12.43749178302404,-3.7699199040102984,-1.5124009278308261
34.96378564834595,1.0000000000000004,-0.5000000000000003,0.7999999999999994,1.0,-0.5,0.8,-4.440892098500626e-16,3.3306690738754696e-16,6.661338147750939e-16,-12.43749178302404,-3.7699199040102984,-1.5124009278308261
34.9737765789032,1.0000000000000004,-0.5000000000000003,0.7999999999999994,1.0,-0.5,0.8,-4.440892098500626e-16,3.3306690738754696e-16,6.661338147750939e-16,-12.43749178302404,-3.7699199040102984,-1.5124009278308261
34.983757734298706,1.0000000000000004,-0.5000000000000003,0.7999999999999994,1.0,-0.5,0.8,-4.440892098500626e-16,3.3306690738754696e-16,6.661338147750939e-16,-12.43749178302404,-3.7699199040102984,-1.5124009278308261
34.993765115737915,1.0000000000000004,-0.5000000000000003,0.7999999999999994,1.0,-0.5,0.8,-4.440892098500626e-16,3.3306690738754696e-16,6.661338147750939e-16,-12.43749178302404,-3.7699199040102984,-1.5124009278308261
35.00379014015198,1.0000000000000004,-0.5000000000000003,0.7999999999999994,1.0,-0.5,0.8,-4.440892098500626e-16,3.3306690738754696e-16,6.661338147750939e-16,-12.43749178302404,-3.7699199040102984,-1.5124009278308261
35.01375150680542,1.0000000000000004,-0.5000000000000003,0.7999999999999994,1.0,-0.5,0.8,-4.440892098500626e-16,3.3306690738754696e-16,6.661338147750939e-16,-12.43749178302404,-3.7699199040102984,-1.5124009278308261
35.02376103401184,1.0000000000000004,-0.5000000000000003,0.7999999999999994,1.0,-0.5,0.8,-4.440892098500626e-16,3.3306690738754696e-16,6.661338147750939e-16,-12.43749178302404,-3.7699199040102984,-1.5124009278308261
35.03376507759094,1.0000000000000004,-0.5000000000000003,0.7999999999999994,1.0,-0.5,0.8,-4.440892098500626e-16,3.3306690738754696e-16,6.661338147750939e-16,-12.43749178302404,-3.7699199040102984,-1.5124009278308261
35.04377770423889,1.0000000000000004,-0.5000000000000003,0.7999999999999994,1.0,-0.5,0.8,-4.440892098500626e-16,3.3306690738754696e-16,6.661338147750939e-16,-12.43749178302404,-3.7699199040102984,-1.5124009278308261
35.05385684967041,1.0000000000000004,-0.5000000000000003,0.7999999999999994,1.0,-0.5,0.8,-4.440892098500626e-16,3.3306690738754696e-16,6.661338147750939e-16,-12.43749178302404,-3.7699199040102984,-1.5124009278308261
35.063751459121704,1.0000000000000004,-0.5000000000000003,0.7999999999999994,1.0,-0.5,0.8,-4.440892098500626e-16,3.3306690738754696e-16,6.661338147750939e-16,-12.43749178302404,-3.7699199040102984,-1.5124009278308261
35.07374882698059,1.0000000000000004,-0.5000000000000003,0.7999999999999994,1.0,-0.5,0.8,-4.440892098500626e-16,3.3306690738754696e-16,6.661338147750939e-16,-12.43749178302404,-3.7699199040102984,-1.5124009278308261
35.08377552032471,1.0000000000000004,-0.5000000000000003,0.7999999999999994,1.0,-0.5,0.8,-4.440892098500626e-16,3.3306690738754696e-16,6.661338147750939e-16,-12.43749178302404,-3.7699199040102984,-1.5124009278308261
35.0937864780426,1.0000000000000004,-0.5000000000000003,0.7999999999999994,1.0,-0.5,0.8,-4.440892098500626e-16,3.3306690738754696e-16,6.661338147750939e-16,-12.43749178302404,-3.7699199040102984,-1.5124009278308261
35.10380554199219,1.0000000000000004,-0.5000000000000003,0.7999999999999994,1.0,-0.5,0.8,-4.440892098500626e-16,3.3306690738754696e-16,6.661338147750939e-16,-12.43749178302404,-3.7699199040102984,-1.5124009278308261
35.11379051208496,1.0000000000000004,-0.5000000000000003,0.7999999999999994,1.0,-0.5,0.8,-4.440892098500626e-16,3.3306690738754696e-16,6.661338147750939e-16,-12.43749178302404,-3.7699199040102984,-1.5124009278308261
35.123810052871704,1.0000000000000004,-0.5000000000000003,0.7999999999999994,1.0,-0.5,0.8,-4.440892098500626e-16,3.3306690738754696e-16,6.661338147750939e-16,-12.43749178302404,-3.7699199040102984,-1.5124009278308261
35.133787393569946,1.0000000000000004,-0.5000000000000003,0.7999999999999994,1.0,-0.5,0.8,-4.440892098500626e-16,3.3306690738754696e-16,6.661338147750939e-16,-12.43749178302404,-3.7699199040102984,-1.5124009278308261
35.143819093704224,1.0000000000000004,-0.5000000000000003,0.7999999999999994,1.0,-0.5,0.8,-4.440892098500626e-16,3.3306690738754696e-16,6.661338147750939e-16,-12.43749178302404,-3.7699199040102984,-1.5124009278308261
35.15379047393799,1.0000000000000004,-0.5000000000000003,0.7999999999999994,1.0,-0.5,0.8,-4.440892098500626e-16,3.3306690738754696e-16,6.661338147750939e-16,-12.43749178302404,-3.7699199040102984,-1.5124009278308261
35.16374325752258,1.0000000000000004,-0.5000000000000003,0.7999999999999994,1.0,-0.5,0.8,-4.440892098500626e-16,3.3306690738754696e-16,6.661338147750939e-16,-12.43749178302404,-3.7699199040102984,-1.5124009278308261
35.173741817474365,1.0000000000000004,-0.5000000000000003,0.7999999999999994,1.0,-0.5,0.8,-4.440892098500626e-16,3.3306690738754696e-16,6.661338147750939e-16,-12.43749178302404,-3.7699199040102984,-1.5124009278308261
35.18375086784363,1.0000000000000004,-0.5000000000000003,0.7999999999999994,1.0,-0.5,0.8,-4.440892098500626e-16,3.3306690738754696e-16,6.661338147750939e-16,-12.43749178302404,-3.7699199040102984,-1.5124009278308261
35.193761587142944,1.0000000000000004,-0.5000000000000003,0.7999999999999994,1.0,-0.5,0.8,-4.440892098500626e-16,3.3306690738754696e-16,6.661338147750939e-16,-12.43749178302404,-3.7699199040102984,-1.5124009278308261
35.203749656677246,1.0000000000000004,-0.5000000000000003,0.7999999999999994,1.0,-0.5,0.8,-4.440892098500626e-16,3.3306690738754696e-16,6.661338147750939e-16,-12.43749178302404,-3.7699199040102984,-1.5124009278308261
35.21375870704651,1.0000000000000004,-0.5000000000000003,0.7999999999999994,1.0,-0.5,0.8,-4.440892098500626e-16,3.3306690738754696e-16,6.661338147750939e-16,-12.43749178302404,-3.7699199040102984,-1.5124009278308261
35.223769187927246,1.0000000000000004,-0.5000000000000003,0.7999999999999994,1.0,-0.5,0.8,-4.440892098500626e-16,3.3306690738754696e-16,6.661338147750939e-16,-12.43749178302404,-3.7699199040102984,-1.5124009278308261
35.23378276824951,1.0000000000000004,-0.5000000000000003,0.7999999999999994,1.0,-0.5,0.8,-4.440892098500626e-16,3.3306690738754696e-16,6.661338147750939e-16,-12.43749178302404,-3.7699199040102984,-1.5124009278308261
35.24378180503845,1.0000000000000004,-0.5000000000000003,0.7999999999999994,1.0,-0.5,0.8,-4.440892098500626e-16,3.3306690738754696e-16,6.661338147750939e-16,-12.43749178302404,-3.7699199040102984,-1.5124009278308261
35.25377869606018,1.0000000000000004,-0.5000000000000003,0.7999999999999994,1.0,-0.5,0.8,-4.440892098500626e-16,3.3306690738754696e-16,6.661338147750939e-16,-12.43749178302404,-3.7699199040102984,-1.5124009278308261
35.26378560066223,1.0000000000000004,-0.5000000000000003,0.7999999999999994,1.0,-0.5,0.8,-4.440892098500626e-16,3.3306690738754696e-16,6.661338147750939e-16,-12.43749178302404,-3.7699199040102984,-1.5124009278308261
35.273775815963745,1.0000000000000004,-0.5000000000000003,0.7999999999999994,1.0,-0.5,0.8,-4.440892098500626e-16,3.3306690738754696e-16,6.661338147750939e-16,-12.43749178302404,-3.7699199040102984,-1.5124009278308261
35.283796310424805,1.0000000000000004,-0.5000000000000003,0.7999999999999994,1.0,-0.5,0.8,-4.440892098500626e-16,3.3306690738754696e-16,6.661338147750939e-16,-12.43749178302404,-3.7699199040102984,-1.5124009278308261
35.29375648498535,1.0000000000000004,-0.5000000000000003,0.7999999999999994,1.0,-0.5,0.8,-4.440892098500626e-16,3.3306690738754696e-16,6.661338147750939e-16,-12.43749178302404,-3.7699199040102984,-1.5124009278308261
35.30378842353821,1.0000000000000004,-0.5000000000000003,0.7999999999999994,1.0,-0.5,0.8,-4.440892098500626e-16,3.3306690738754696e-16,6.661338147750939e-16,-12.43749178302404,-3.7699199040102984,-1.5124009278308261
35.31377863883972,1.0000000000000004,-0.5000000000000003,0.7999999999999994,1.0,-0.5,0.8,-4.440892098500626e-16,3.3306690738754696e-16,6.661338147750939e-16,-12.43749178302404,-3.7699199040102984,-1.5124009278308261
35.32378554344177,1.0000000000000004,-0.5000000000000003,0.7999999999999994,1.0,-0.5,0.8,-4.440892098500626e-16,3.3306690738754696e-16,6.661338147750939e-16,-12.43749178302404,-3.7699199040102984,-1.5124009278308261
35.333826541900635,1.0000000000000004,-0.5000000000000003,0.7999999999999994,1.0,-0.5,0.8,-4.440892098500626e-16,3.3306690738754696e-16,6.661338147750939e-16,-12.43749178302404,-3.7699199040102984,-1.5124009278308261
35.343801498413086,1.0000000000000004,-0.5000000000000003,0.7999999999999994,1.0,-0.5,0.8,-4.440892098500626e-16,3.3306690738754696e-16,6.661338147750939e-16,-12.43749178302404,-3.7699199040102984,-1.5124009278308261
35.35375785827637,1.0000000000000004,-0.5000000000000003,0.7999999999999994,1.0,-0.5,0.8,-4.440892098500626e-16,3.3306690738754696e-16,6.661338147750939e-16,-12.43749178302404,-3.7699199040102984,-1.5124009278308261
35.363771200180054,1.0000000000000004,-0.5000000000000003,0.7999999999999994,1.0,-0.5,0.8,-4.440892098500626e-16,3.3306690738754696e-16,6.661338147750939e-16,-12.43749178302404,-3.7699199040102984,-1.5124009278308261
35.37377452850342,1.0000000000000004,-0.5000000000000003,0.7999999999999994,1.0,-0.5,0.8,-4.440892098500626e-16,3.3306690738754696e-16,6.661338147750939e-16,-12.43749178302404,-3.7699199040102984,-1.5124009278308261
35.383798360824585,1.0000000000000004,-0.5000000000000003,0.7999999999999994,1.0,-0.5,0.8,-4.440892098500626e-16,3.3306690738754696e-16,6.661338147750939e-16,-12.43749178302404,-3.7699199040102984,-1.5124009278308261
35.3938045501709,1.0000000000000004,-0.5000000000000003,0.7999999999999994,1.0,-0.5,0.8,-4.440892098500626e-16,3.3306690738754696e-16,6.661338147750939e-16,-12.43749178302404,-3.7699199040102984,-1.5124009278308261
35.40379309654236,1.0000000000000004,-0.5000000000000003,0.7999999999999994,1.0,-0.5,0.8,-4.440892098500626e-16,3.3306690738754696e-16,6.661338147750939e-16,-12.43749178302404,-3.7699199040102984,-1.5124009278308261
35.41381025314331,1.0000000000000004,-0.5000000000000003,0.7999999999999994,1.0,-0.5,0.8,-4.440892098500626e-16,3.3306690738754696e-16,6.661338147750939e-16,-12.43749178302404,-3.7699199040102984,-1.5124009278308261
35.423818588256836,1.0000000000000004,-0.5000000000000003,0.7999999999999994,1.0,-0.5,0.8,-4.440892098500626e-16,3.3306690738754696e-16,6.661338147750939e-16,-12.43749178302404,-3.7699199040102984,-1.5124009278308261
35.433759689331055,1.0000000000000004,-0.5000000000000003,0.7999999999999994,1.0,-0.5,0.8,-4.440892098500626e-16,3.3306690738754696e-16,6.661338147750939e-16,-12.43749178302404,-3.7699199040102984,-1.5124009278308261
35.443806648254395,1.0000000000000004,-0.5000000000000003,0.7999999999999994,1.0,-0.5,0.8,-4.440892098500626e-16,3.3306690738754696e-16,6.661338147750939e-16,-12.43749178302404,-3.7699199040102984,-1.5124009278308261
35.45376992225647,1.0000000000000004,-0.5000000000000003,0.7999999999999994,1.0,-0.5,0.8,-4.440892098500626e-16,3.3306690738754696e-16,6.661338147750939e-16,-12.43749178302404,-3.7699199040102984,-1.5124009278308261
35.463932037353516,1.0000000000000004,-0.5000000000000003,0.7999999999999994,1.0,-0.5,0.8,-4.440892098500626e-16,3.3306690738754696e-16,6.661338147750939e-16,-12.43749178302404,-3.7699199040102984,-1.5124009278308261
35.47382855415344,1.0000000000000004,-0.5000000000000003,0.7999999999999994,1.0,-0.5,0.8,-4.440892098500626e-16,3.3306690738754696e-16,6.661338147750939e-16,-12.43749178302404,-3.7699199040102984,-1.5124009278308261
35.483806848526,1.0000000000000004,-0.5000000000000003,0.7999999999999994,1.0,-0.5,0.8,-4.440892098500626e-16,3.3306690738754696e-16,6.661338147750939e-16,-12.43749178302404,-3.7699199040102984,-1.5124009278308261
35.49381184577942,1.0000000000000004,-0.5000000000000003,0.7999999999999994,1.0,-0.5,0.8,-4.440892098500626e-16,3.3306690738754696e-16,6.661338147750939e-16,-12.43749178302404,-3.7699199040102984,-1.5124009278308261
35.503791093826294,1.0000000000000004,-0.5000000000000003,0.7999999999999994,1.0,-0.5,0.8,-4.440892098500626e-16,3.3306690738754696e-16,6.661338147750939e-16,-12.43749178302404,-3.7699199040102984,-1.5124009278308261
35.51375460624695,1.0000000000000004,-0.5000000000000003,0.7999999999999994,1.0,-0.5,0.8,-4.440892098500626e-16,3.3306690738754696e-16,6.661338147750939e-16,-12.43749178302404,-3.7699199040102984,-1.5124009278308261
35.523759841918945,1.0000000000000004,-0.5000000000000003,0.7999999999999994,1.0,-0.5,0.8,-4.440892098500626e-16,3.3306690738754696e-16,6.661338147750939e-16,-12.43749178302404,-3.7699199040102984,-1.5124009278308261
35.53374981880188,1.0000000000000004,-0.5000000000000003,0.7999999999999994,1.0,-0.5,0.8,-4.440892098500626e-16,3.3306690738754696e-16,6.661338147750939e-16,-12.43749178302404,-3.7699199040102984,-1.5124009278308261
35.54378390312195,1.0000000000000004,-0.5000000000000003,0.7999999999999994,1.0,-0.5,0.8,-4.440892098500626e-16,3.3306690738754696e-16,6.661338147750939e-16,-12.43749178302404,-3.7699199040102984,-1.5124009278308261
35.553783655166626,1.0000000000000004,-0.5000000000000003,0.7999999999999994,1.0,-0.5,0.8,-4.440892098500626e-16,3.3306690738754696e-16,6.661338147750939e-16,-12.43749178302404,-3.7699199040102984,-1.5124009278308261
35.56380224227905,1.0000000000000004,-0.5000000000000003,0.7999999999999994,1.0,-0.5,0.8,-4.440892098500626e-16,3.3306690738754696e-16,6.661338147750939e-16,-12.43749178302404,-3.7699199040102984,-1.5124009278308261
35.57377314567566,1.0000000000000004,-0.5000000000000003,0.7999999999999994,1.0,-0.5,0.8,-4.440892098500626e-16,3.3306690738754696e-16,6.661338147750939e-16,-12.43749178302404,-3.7699199040102984,-1.5124009278308261
35.58377766609192,1.0000000000000004,-0.5000000000000003,0.7999999999999994,1.0,-0.5,0.8,-4.440892098500626e-16,3.3306690738754696e-16,6.661338147750939e-16,-12.43749178302404,-3.7699199040102984,-1.5124009278308261
35.593788385391235,1.0000000000000004,-0.5000000000000003,0.7999999999999994,1.0,-0.5,0.8,-4.440892098500626e-16,3.3306690738754696e-16,6.661338147750939e-16,-12.43749178302404,-3.7699199040102984,-1.5124009278308261
35.603803873062134,1.0000000000000004,-0.5000000000000003,0.7999999999999994,1.0,-0.5,0.8,-4.440892098500626e-16,3.3306690738754696e-16,6.661338147750939e-16,-12.43749178302404,-3.7699199040102984,-1.5124009278308261
35.613815784454346,1.0000000000000004,-0.5000000000000003,0.7999999999999994,1.0,-0.5,0.8,-4.440892098500626e-16,3.3306690738754696e-16,6.661338147750939e-16,-12.43749178302404,-3.7699199040102984,-1.5124009278308261
35.62378668785095,1.0000000000000004,-0.5000000000000003,0.7999999999999994,1.0,-0.5,0.8,-4.440892098500626e-16,3.3306690738754696e-16,6.661338147750939e-16,-12.43749178302404,-3.7699199040102984,-1.5124009278308261
35.63378310203552,1.0000000000000004,-0.5000000000000003,0.7999999999999994,1.0,-0.5,0.8,-4.440892098500626e-16,3.3306690738754696e-16,6.661338147750939e-16,-12.43749178302404,-3.7699199040102984,-1.5124009278308261
35.643810987472534,1.0000000000000004,-0.5000000000000003,0.7999999999999994,1.0,-0.5,0.8,-4.440892098500626e-16,3.3306690738754696e-16,6.661338147750939e-16,-12.43749178302404,-3.7699199040102984,-1.5124009278308261
35.65374302864075,1.0000000000000004,-0.5000000000000003,0.7999999999999994,1.0,-0.5,0.8,-4.440892098500626e-16,3.3306690738754696e-16,6.661338147750939e-16,-12.43749178302404,-3.7699199040102984,-1.5124009278308261
35.66374588012695,1.0000000000000004,-0.5000000000000003,0.7999999999999994,1.0,-0.5,0.8,-4.440892098500626e-16,3.3306690738754696e-16,6.661338147750939e-16,-12.43749178302404,-3.7699199040102984,-1.5124009278308261
35.67379689216614,1.0000000000000004,-0.5000000000000003,0.7999999999999994,1.0,-0.5,0.8,-4.440892098500626e-16,3.3306690738754696e-16,6.661338147750939e-16,-12.43749178302404,-3.7699199040102984,-1.5124009278308261
35.683767318725586,1.0000000000000004,-0.5000000000000003,0.7999999999999994,1.0,-0.5,0.8,-4.440892098500626e-16,3.3306690738754696e-16,6.661338147750939e-16,-12.43749178302404,-3.7699199040102984,-1.5124009278308261
35.69375705718994,1.0000000000000004,-0.5000000000000003,0.7999999999999994,1.0,-0.5,0.8,-4.440892098500626e-16,3.3306690738754696e-16,6.661338147750939e-16,-12.43749178302404,-3.7699199040102984,-1.5124009278308261
35.70375466346741,1.0000000000000004,-0.5000000000000003,0.7999999999999994,1.0,-0.5,0.8,-4.440892098500626e-16,3.3306690738754696e-16,6.661338147750939e-16,-12.43749178302404,-3.7699199040102984,-1.5124009278308261
35.71375918388367,1.0000000000000004,-0.5000000000000003,0.7999999999999994,1.0,-0.5,0.8,-4.440892098500626e-16,3.3306690738754696e-16,6.661338147750939e-16,-12.43749178302404,-3.7699199040102984,-1.5124009278308261
35.723774433135986,1.0000000000000004,-0.5000000000000003,0.7999999999999994,1.0,-0.5,0.8,-4.440892098500626e-16,3.3306690738754696e-16,6.661338147750939e-16,-12.43749178302404,-3.7699199040102984,-1.5124009278308261
35.73375177383423,1.0000000000000004,-0.5000000000000003,0.7999999999999994,1.0,-0.5,0.8,-4.440892098500626e-16,3.3306690738754696e-16,6.661338147750939e-16,-12.43749178302404,-3.7699199040102984,-1.5124009278308261
35.74375891685486,1.0000000000000004,-0.5000000000000003,0.7999999999999994,1.0,-0.5,0.8,-4.440892098500626e-16,3.3306690738754696e-16,6.661338147750939e-16,-12.43749178302404,-3.7699199040102984,-1.5124009278308261
35.75379276275635,1.0000000000000004,-0.5000000000000003,0.7999999999999994,1.0,-0.5,0.8,-4.440892098500626e-16,3.3306690738754696e-16,6.661338147750939e-16,-12.43749178302404,-3.7699199040102984,-1.5124009278308261
35.7637984752655,1.0000000000000004,-0.5000000000000003,0.7999999999999994,1.0,-0.5,0.8,-4.440892098500626e-16,3.3306690738754696e-16,6.661338147750939e-16,-12.43749178302404,-3.7699199040102984,-1.5124009278308261
35.77382254600525,1.0000000000000004,-0.5000000000000003,0.7999999999999994,1.0,-0.5,0.8,-4.440892098500626e-16,3.3306690738754696e-16,6.661338147750939e-16,-12.43749178302404,-3.7699199040102984,-1.5124009278308261
35.7838077545166,1.0000000000000004,-0.5000000000000003,0.7999999999999994,1.0,-0.5,0.8,-4.440892098500626e-16,3.3306690738754696e-16,6.661338147750939e-16,-12.43749178302404,-3.7699199040102984,-1.5124009278308261
35.79379868507385,1.0000000000000004,-0.5000000000000003,0.7999999999999994,1.0,-0.5,0.8,-4.440892098500626e-16,3.3306690738754696e-16,6.661338147750939e-16,-12.43749178302404,-3.7699199040102984,-1.5124009278308261
35.80377912521362,1.0000000000000004,-0.5000000000000003,0.7999999999999994,1.0,-0.5,0.8,-4.440892098500626e-16,3.3306690738754696e-16,6.661338147750939e-16,-12.43749178302404,-3.7699199040102984,-1.5124009278308261
35.813884973526,1.0000000000000004,-0.5000000000000003,0.7999999999999994,1.0,-0.5,0.8,-4.440892098500626e-16,3.3306690738754696e-16,6.661338147750939e-16,-12.43749178302404,-3.7699199040102984,-1.5124009278308261
35.8237886428833,1.0000000000000004,-0.5000000000000003,0.7999999999999994,1.0,-0.5,0.8,-4.440892098500626e-16,3.3306690738754696e-16,6.661338147750939e-16,-12.43749178302404,-3.7699199040102984,-1.5124009278308261
35.83379149436951,1.0000000000000004,-0.5000000000000003,0.7999999999999994,1.0,-0.5,0.8,-4.440892098500626e-16,3.3306690738754696e-16,6.661338147750939e-16,-12.43749178302404,-3.7699199040102984,-1.5124009278308261
35.84379816055298,1.0000000000000004,-0.5000000000000003,0.7999999999999994,1.0,-0.5,0.8,-4.440892098500626e-16,3.3306690738754696e-16,6.661338147750939e-16,-12.43749178302404,-3.7699199040102984,-1.5124009278308261
35.85377764701843,1.0000000000000004,-0.5000000000000003,0.7999999999999994,1.0,-0.5,0.8,-4.440892098500626e-16,3.3306690738754696e-16,6.661338147750939e-16,-12.43749178302404,-3.7699199040102984,-1.5124009278308261
35.86379337310791,1.0000000000000004,-0.5000000000000003,0.7999999999999994,1.0,-0.5,0.8,-4.440892098500626e-16,3.3306690738754696e-16,6.661338147750939e-16,-12.43749178302404,-3.7699199040102984,-1.5124009278308261
35.8738157749176,1.0000000000000004,-0.5000000000000003,0.7999999999999994,1.0,-0.5,0.8,-4.440892098500626e-16,3.3306690738754696e-16,6.661338147750939e-16,-12.43749178302404,-3.7699199040102984,-1.5124009278308261
35.88378882408142,1.0000000000000004,-0.5000000000000003,0.7999999999999994,1.0,-0.5,0.8,-4.440892098500626e-16,3.3306690738754696e-16,6.661338147750939e-16,-12.43749178302404,-3.7699199040102984,-1.5124009278308261
35.89377808570862,1.0000000000000004,-0.5000000000000003,0.7999999999999994,1.0,-0.5,0.8,-4.440892098500626e-16,3.3306690738754696e-16,6.661338147750939e-16,-12.43749178302404,-3.7699199040102984,-1.5124009278308261
35.90377593040466,1.0000000000000004,-0.5000000000000003,0.7999999999999994,1.0,-0.5,0.8,-4.440892098500626e-16,3.3306690738754696e-16,6.661338147750939e-16,-12.43749178302404,-3.7699199040102984,-1.5124009278308261
35.91378164291382,1.0000000000000004,-0.5000000000000003,0.7999999999999994,1.0,-0.5,0.8,-4.440892098500626e-16,3.3306690738754696e-16,6.661338147750939e-16,-12.43749178302404,-3.7699199040102984,-1.5124009278308261
35.923755168914795,1.0000000000000004,-0.5000000000000003,0.7999999999999994,1.0,-0.5,0.8,-4.440892098500626e-16,3.3306690738754696e-16,6.661338147750939e-16,-12.43749178302404,-3.7699199040102984,-1.5124009278308261
35.93375301361084,1.0000000000000004,-0.5000000000000003,0.7999999999999994,1.0,-0.5,0.8,-4.440892098500626e-16,3.3306690738754696e-16,6.661338147750939e-16,-12.43749178302404,-3.7699199040102984,-1.5124009278308261
35.94375276565552,1.0000000000000004,-0.5000000000000003,0.7999999999999994,1.0,-0.5,0.8,-4.440892098500626e-16,3.3306690738754696e-16,6.661338147750939e-16,-12.43749178302404,-3.7699199040102984,-1.5124009278308261
35.95375037193298,1.0000000000000004,-0.5000000000000003,0.7999999999999994,1.0,-0.5,0.8,-4.440892098500626e-16,3.3306690738754696e-16,6.661338147750939e-16,-12.43749178302404,-3.7699199040102984,-1.5124009278308261
35.96375560760498,1.0000000000000004,-0.5000000000000003,0.7999999999999994,1.0,-0.5,0.8,-4.440892098500626e-16,3.3306690738754696e-16,6.661338147750939e-16,-12.43749178302404,-3.7699199040102984,-1.5124009278308261
35.97373986244202,1.0000000000000004,-0.5000000000000003,0.7999999999999994,1.0,-0.5,0.8,-4.440892098500626e-16,3.3306690738754696e-16,6.661338147750939e-16,-12.43749178302404,-3.7699199040102984,-1.5124009278308261
35.983757972717285,1.0000000000000004,-0.5000000000000003,0.7999999999999994,1.0,-0.5,0.8,-4.440892098500626e-16,3.3306690738754696e-16,6.661338147750939e-16,-12.43749178302404,-3.7699199040102984,-1.5124009278308261
35.9937846660614,1.0000000000000004,-0.5000000000000003,0.7999999999999994,1.0,-0.5,0.8,-4.440892098500626e-16,3.3306690738754696e-16,6.661338147750939e-16,-12.43749178302404,-3.7699199040102984,-1.5124009278308261
36.00376224517822,1.0000000000000004,-0.5000000000000003,0.7999999999999994,1.0,-0.5,0.8,-4.440892098500626e-16,3.3306690738754696e-16,6.661338147750939e-16,-12.43749178302404,-3.7699199040102984,-1.5124009278308261
36.013755798339844,1.0000000000000004,-0.5000000000000003,0.7999999999999994,1.0,-0.5,0.8,-4.440892098500626e-16,3.3306690738754696e-16,6.661338147750939e-16,-12.43749178302404,-3.7699199040102984,-1.5124009278308261
36.023752212524414,1.0000000000000004,-0.5000000000000003,0.7999999999999994,1.0,-0.5,0.8,-4.440892098500626e-16,3.3306690738754696e-16,6.661338147750939e-16,-12.43749178302404,-3.7699199040102984,-1.5124009278308261
36.033756256103516,1.0000000000000004,-0.5000000000000003,0.7999999999999994,1.0,-0.5,0.8,-4.440892098500626e-16,3.3306690738754696e-16,6.661338147750939e-16,-12.43749178302404,-3.7699199040102984,-1.5124009278308261
36.043753147125244,1.0000000000000004,-0.5000000000000003,0.7999999999999994,1.0,-0.5,0.8,-4.440892098500626e-16,3.3306690738754696e-16,6.661338147750939e-16,-12.43749178302404,-3.7699199040102984,-1.5124009278308261
36.053752422332764,1.0000000000000004,-0.5000000000000003,0.7999999999999994,1.0,-0.5,0.8,-4.440892098500626e-16,3.3306690738754696e-16,6.661338147750939e-16,-12.43749178302404,-3.7699199040102984,-1.5124009278308261
36.06375050544739,1.0000000000000004,-0.5000000000000003,0.7999999999999994,1.0,-0.5,0.8,-4.440892098500626e-16,3.3306690738754696e-16,6.661338147750939e-16,-12.43749178302404,-3.7699199040102984,-1.5124009278308261
36.07377052307129,1.0000000000000004,-0.5000000000000003,0.7999999999999994,1.0,-0.5,0.8,-4.440892098500626e-16,3.3306690738754696e-16,6.661338147750939e-16,-12.43749178302404,-3.7699199040102984,-1.5124009278308261
36.083754777908325,1.0000000000000004,-0.5000000000000003,0.7999999999999994,1.0,-0.5,0.8,-4.440892098500626e-16,3.3306690738754696e-16,6.661338147750939e-16,-12.43749178302404,-3.7699199040102984,-1.5124009278308261
36.093759059906006,1.0000000000000004,-0.5000000000000003,0.7999999999999994,1.0,-0.5,0.8,-4.440892098500626e-16,3.3306690738754696e-16,6.661338147750939e-16,-12.43749178302404,-3.7699199040102984,-1.5124009278308261
36.10374402999878,1.0000000000000004,-0.5000000000000003,0.7999999999999994,1.0,-0.5,0.8,-4.440892098500626e-16,3.3306690738754696e-16,6.661338147750939e-16,-12.43749178302404,-3.7699199040102984,-1.5124009278308261
36.113752126693726,1.0000000000000004,-0.5000000000000003,0.7999999999999994,1.0,-0.5,0.8,-4.440892098500626e-16,3.3306690738754696e-16,6.661338147750939e-16,-12.43749178302404,-3.7699199040102984,-1.5124009278308261
36.1237587928772,1.0000000000000004,-0.5000000000000003,0.7999999999999994,1.0,-0.5,0.8,-4.440892098500626e-16,3.3306690738754696e-16,6.661338147750939e-16,-12.43749178302404,-3.7699199040102984,-1.5124009278308261
36.133755683898926,1.0000000000000004,-0.5000000000000003,0.7999999999999994,1.0,-0.5,0.8,-4.440892098500626e-16,3.3306690738754696e-16,6.661338147750939e-16,-12.43749178302404,-3.7699199040102984,-1.5124009278308261
36.1437623500824,1.0000000000000004,-0.5000000000000003,0.7999999999999994,1.0,-0.5,0.8,-4.440892098500626e-16,3.3306690738754696e-16,6.661338147750939e-16,-12.43749178302404,-3.7699199040102984,-1.5124009278308261
36.15376043319702,1.0000000000000004,-0.5000000000000003,0.7999999999999994,1.0,-0.5,0.8,-4.440892098500626e-16,3.3306690738754696e-16,6.661338147750939e-16,-12.43749178302404,-3.7699199040102984,-1.5124009278308261
36.16375398635864,1.0000000000000004,-0.5000000000000003,0.7999999999999994,1.0,-0.5,0.8,-4.440892098500626e-16,3.3306690738754696e-16,6.661338147750939e-16,-12.43749178302404,-3.7699199040102984,-1.5124009278308261
36.17377305030823,1.0000000000000004,-0.5000000000000003,0.7999999999999994,1.0,-0.5,0.8,-4.440892098500626e-16,3.3306690738754696e-16,6.661338147750939e-16,-12.43749178302404,-3.7699199040102984,-1.5124009278308261
36.18374752998352,1.0000000000000004,-0.5000000000000003,0.7999999999999994,1.0,-0.5,0.8,-4.440892098500626e-16,3.3306690738754696e-16,6.661338147750939e-16,-12.43749178302404,-3.7699199040102984,-1.5124009278308261
36.19375276565552,1.0000000000000004,-0.5000000000000003,0.7999999999999994,1.0,-0.5,0.8,-4.440892098500626e-16,3.3306690738754696e-16,6.661338147750939e-16,-12.43749178302404,-3.7699199040102984,-1.5124009278308261
36.20374822616577,1.0000000000000004,-0.5000000000000003,0.7999999999999994,1.0,-0.5,0.8,-4.440892098500626e-16,3.3306690738754696e-16,6.661338147750939e-16,-12.43749178302404,-3.7699199040102984,-1.5124009278308261
36.21375393867493,1.0000000000000004,-0.5000000000000003,0.7999999999999994,1.0,-0.5,0.8,-4.440892098500626e-16,3.3306690738754696e-16,6.661338147750939e-16,-12.43749178302404,-3.7699199040102984,-1.5124009278308261
36.2237503528595,1.0000000000000004,-0.5000000000000003,0.7999999999999994,1.0,-0.5,0.8,-4.440892098500626e-16,3.3306690738754696e-16,6.661338147750939e-16,-12.43749178302404,-3.7699199040102984,-1.5124009278308261
36.23376226425171,1.0000000000000004,-0.5000000000000003,0.7999999999999994,1.0,-0.5,0.8,-4.440892098500626e-16,3.3306690738754696e-16,6.661338147750939e-16,-12.43749178302404,-3.7699199040102984,-1.5124009278308261
36.243775844573975,1.0000000000000004,-0.5000000000000003,0.7999999999999994,1.0,-0.5,0.8,-4.440892098500626e-16,3.3306690738754696e-16,6.661338147750939e-16,-12.43749178302404,-3.7699199040102984,-1.5124009278308261
36.253767251968384,1.0000000000000004,-0.5000000000000003,0.7999999999999994,1.0,-0.5,0.8,-4.440892098500626e-16,3.3306690738754696e-16,6.661338147750939e-16,-12.43749178302404,-3.7699199040102984,-1.5124009278308261
36.263795375823975,1.0000000000000004,-0.5000000000000003,0.7999999999999994,1.0,-0.5,0.8,-4.440892098500626e-16,3.3306690738754696e-16,6.661338147750939e-16,-12.43749178302404,-3.7699199040102984,-1.5124009278308261
36.273775577545166,1.0000000000000004,-0.5000000000000003,0.7999999999999994,1.0,-0.5,0.8,-4.440892098500626e-16,3.3306690738754696e-16,6.661338147750939e-16,-12.43749178302404,-3.7699199040102984,-1.5124009278308261
36.28378462791443,1.0000000000000004,-0.5000000000000003,0.7999999999999994,1.0,-0.5,0.8,-4.440892098500626e-16,3.3306690738754696e-16,6.661338147750939e-16,-12.43749178302404,-3.7699199040102984,-1.5124009278308261
36.293766498565674,1.0000000000000004,-0.5000000000000003,0.7999999999999994,1.0,-0.5,0.8,-4.440892098500626e-16,3.3306690738754696e-16,6.661338147750939e-16,-12.43749178302404,-3.7699199040102984,-1.5124009278308261
36.30375337600708,1.0000000000000004,-0.5000000000000003,0.7999999999999994,1.0,-0.5,0.8,-4.440892098500626e-16,3.3306690738754696e-16,6.661338147750939e-16,-12.43749178302404,-3.7699199040102984,-1.5124009278308261
36.31377077102661,1.0000000000000004,-0.5000000000000003,0.7999999999999994,1.0,-0.5,0.8,-4.440892098500626e-16,3.3306690738754696e-16,6.661338147750939e-16,-12.43749178302404,-3.7699199040102984,-1.5124009278308261
36.323753118515015,1.0000000000000004,-0.5000000000000003,0.7999999999999994,1.0,-0.5,0.8,-4.440892098500626e-16,3.3306690738754696e-16,6.661338147750939e-16,-12.43749178302404,-3.7699199040102984,-1.5124009278308261
36.333749294281006,1.0000000000000004,-0.5000000000000003,0.7999999999999994,1.0,-0.5,0.8,-4.440892098500626e-16,3.3306690738754696e-16,6.661338147750939e-16,-12.43749178302404,-3.7699199040102984,-1.5124009278308261
36.343754053115845,1.0000000000000004,-0.5000000000000003,0.7999999999999994,1.0,-0.5,0.8,-4.440892098500626e-16,3.3306690738754696e-16,6.661338147750939e-16,-12.43749178302404,-3.7699199040102984,-1.5124009278308261
36.35376238822937,1.0000000000000004,-0.5000000000000003,0.7999999999999994,1.0,-0.5,0.8,-4.440892098500626e-16,3.3306690738754696e-16,6.661338147750939e-16,-12.43749178302404,-3.7699199040102984,-1.5124009278308261
36.36376070976257,1.0000000000000004,-0.5000000000000003,0.7999999999999994,1.0,-0.5,0.8,-4.440892098500626e-16,3.3306690738754696e-16,6.661338147750939e-16,-12.43749178302404,-3.7699199040102984,-1.5124009278308261
36.373754262924194,1.0000000000000004,-0.5000000000000003,0.7999999999999994,1.0,-0.5,0.8,-4.440892098500626e-16,3.3306690738754696e-16,6.661338147750939e-16,-12.43749178302404,-3.7699199040102984,-1.5124009278308261
36.383750438690186,1.0000000000000004,-0.5000000000000003,0.7999999999999994,1.0,-0.5,0.8,-4.440892098500626e-16,3.3306690738754696e-16,6.661338147750939e-16,-12.43749178302404,-3.7699199040102984,-1.5124009278308261
36.393755197525024,1.0000000000000004,-0.5000000000000003,0.7999999999999994,1.0,-0.5,0.8,-4.440892098500626e-16,3.3306690738754696e-16,6.661338147750939e-16,-12.43749178302404,-3.7699199040102984,-1.5124009278308261
36.40375328063965,1.0000000000000004,-0.5000000000000003,0.7999999999999994,1.0,-0.5,0.8,-4.440892098500626e-16,3.3306690738754696e-16,6.661338147750939e-16,-12.43749178302404,-3.7699199040102984,-1.5124009278308261
36.41374158859253,1.0000000000000004,-0.5000000000000003,0.7999999999999994,1.0,-0.5,0.8,-4.440892098500626e-16,3.3306690738754696e-16,6.661338147750939e-16,-12.43749178302404,-3.7699199040102984,-1.5124009278308261
36.423752784729004,1.0000000000000004,-0.5000000000000003,0.7999999999999994,1.0,-0.5,0.8,-4.440892098500626e-16,3.3306690738754696e-16,6.661338147750939e-16,-12.43749178302404,-3.7699199040102984,-1.5124009278308261
36.4337694644928,1.0000000000000004,-0.5000000000000003,0.7999999999999994,1.0,-0.5,0.8,-4.440892098500626e-16,3.3306690738754696e-16,6.661338147750939e-16,-12.43749178302404,-3.7699199040102984,-1.5124009278308261
36.443745374679565,1.0000000000000004,-0.5000000000000003,0.7999999999999994,1.0,-0.5,0.8,-4.440892098500626e-16,3.3306690738754696e-16,6.661338147750939e-16,-12.43749178302404,-3.7699199040102984,-1.5124009278308261
36.453758239746094,1.0000000000000004,-0.5000000000000003,0.7999999999999994,1.0,-0.5,0.8,-4.440892098500626e-16,3.3306690738754696e-16,6.661338147750939e-16,-12.43749178302404,-3.7699199040102984,-1.5124009278308261
36.46374583244324,1.0000000000000004,-0.5000000000000003,0.7999999999999994,1.0,-0.5,0.8,-4.440892098500626e-16,3.3306690738754696e-16,6.661338147750939e-16,-12.43749178302404,-3.7699199040102984,-1.5124009278308261
36.47374725341797,1.0000000000000004,-0.5000000000000003,0.7999999999999994,1.0,-0.5,0.8,-4.440892098500626e-16,3.3306690738754696e-16,6.661338147750939e-16,-12.43749178302404,-3.7699199040102984,-1.5124009278308261
36.48375725746155,1.0000000000000004,-0.5000000000000003,0.7999999999999994,1.0,-0.5,0.8,-4.440892098500626e-16,3.3306690738754696e-16,6.661338147750939e-16,-12.43749178302404,-3.7699199040102984,-1.5124009278308261
36.49376106262207,1.0000000000000004,-0.5000000000000003,0.7999999999999994,1.0,-0.5,0.8,-4.440892098500626e-16,3.3306690738754696e-16,6.661338147750939e-16,-12.43749178302404,-3.7699199040102984,-1.5124009278308261
36.503753900527954,1.0000000000000004,-0.5000000000000003,0.7999999999999994,1.0,-0.5,0.8,-4.440892098500626e-16,3.3306690738754696e-16,6.661338147750939e-16,-12.43749178302404,-3.7699199040102984,-1.5124009278308261
36.51374316215515,1.0000000000000004,-0.5000000000000003,0.7999999999999994,1.0,-0.5,0.8,-4.440892098500626e-16,3.3306690738754696e-16,6.661338147750939e-16,-12.43749178302404,-3.7699199040102984,-1.5124009278308261
36.52374815940857,1.0000000000000004,-0.5000000000000003,0.7999999999999994,1.0,-0.5,0.8,-4.440892098500626e-16,3.3306690738754696e-16,6.661338147750939e-16,-12.43749178302404,-3.7699199040102984,-1.5124009278308261
36.5337438583374,1.0000000000000004,-0.5000000000000003,0.7999999999999994,1.0,-0.5,0.8,-4.440892098500626e-16,3.3306690738754696e-16,6.661338147750939e-16,-12.43749178302404,-3.7699199040102984,-1.5124009278308261
36.5437490940094,1.0000000000000004,-0.5000000000000003,0.7999999999999994,1.0,-0.5,0.8,-4.440892098500626e-16,3.3306690738754696e-16,6.661338147750939e-16,-12.43749178302404,-3.7699199040102984,-1.5124009278308261
36.55377244949341,1.0000000000000004,-0.5000000000000003,0.7999999999999994,1.0,-0.5,0.8,-4.440892098500626e-16,3.3306690738754696e-16,6.661338147750939e-16,-12.43749178302404,-3.7699199040102984,-1.5124009278308261
36.56375598907471,1.0000000000000004,-0.5000000000000003,0.7999999999999994,1.0,-0.5,0.8,-4.440892098500626e-16,3.3306690738754696e-16,6.661338147750939e-16,-12.43749178302404,-3.7699199040102984,-1.5124009278308261
36.57374382019043,1.0000000000000004,-0.5000000000000003,0.7999999999999994,1.0,-0.5,0.8,-4.440892098500626e-16,3.3306690738754696e-16,6.661338147750939e-16,-12.43749178302404,-3.7699199040102984,-1.5124009278308261
36.58374834060669,1.0000000000000004,-0.5000000000000003,0.7999999999999994,1.0,-0.5,0.8,-4.440892098500626e-16,3.3306690738754696e-16,6.661338147750939e-16,-12.43749178302404,-3.7699199040102984,-1.5124009278308261
36.59375596046448,1.0000000000000004,-0.5000000000000003,0.7999999999999994,1.0,-0.5,0.8,-4.440892098500626e-16,3.3306690738754696e-16,6.661338147750939e-16,-12.43749178302404,-3.7699199040102984,-1.5124009278308261
36.603750467300415,1.0000000000000004,-0.5000000000000003,0.7999999999999994,1.0,-0.5,0.8,-4.440892098500626e-16,3.3306690738754696e-16,6.661338147750939e-16,-12.43749178302404,-3.7699199040102984,-1.5124009278308261
36.61374831199646,1.0000000000000004,-0.5000000000000003,0.7999999999999994,1.0,-0.5,0.8,-4.440892098500626e-16,3.3306690738754696e-16,6.661338147750939e-16,-12.43749178302404,-3.7699199040102984,-1.5124009278308261
36.62375259399414,1.0000000000000004,-0.5000000000000003,0.7999999999999994,1.0,-0.5,0.8,-4.440892098500626e-16,3.3306690738754696e-16,6.661338147750939e-16,-12.43749178302404,-3.7699199040102984,-1.5124009278308261
36.63376522064209,1.0000000000000004,-0.5000000000000003,0.7999999999999994,1.0,-0.5,0.8,-4.440892098500626e-16,3.3306690738754696e-16,6.661338147750939e-16,-12.43749178302404,-3.7699199040102984,-1.5124009278308261
36.643763303756714,1.0000000000000004,-0.5000000000000003,0.7999999999999994,1.0,-0.5,0.8,-4.440892098500626e-16,3.3306690738754696e-16,6.661338147750939e-16,-12.43749178302404,-3.7699199040102984,-1.5124009278308261
36.65374970436096,1.0000000000000004,-0.5000000000000003,0.7999999999999994,1.0,-0.5,0.8,-4.440892098500626e-16,3.3306690738754696e-16,6.661338147750939e-16,-12.43749178302404,-3.7699199040102984,-1.5124009278308261
36.66375136375427,1.0000000000000004,-0.5000000000000003,0.7999999999999994,1.0,-0.5,0.8,-4.440892098500626e-16,3.3306690738754696e-16,6.661338147750939e-16,-12.43749178302404,-3.7699199040102984,-1.5124009278308261
36.67376756668091,1.0000000000000004,-0.5000000000000003,0.7999999999999994,1.0,-0.5,0.8,-4.440892098500626e-16,3.3306690738754696e-16,6.661338147750939e-16,-12.43749178302404,-3.7699199040102984,-1.5124009278308261
36.68375372886658,1.0000000000000004,-0.5000000000000003,0.7999999999999994,1.0,-0.5,0.8,-4.440892098500626e-16,3.3306690738754696e-16,6.661338147750939e-16,-12.43749178302404,-3.7699199040102984,-1.5124009278308261
36.6937530040741,1.0000000000000004,-0.5000000000000003,0.7999999999999994,1.0,-0.5,0.8,-4.440892098500626e-16,3.3306690738754696e-16,6.661338147750939e-16,-12.43749178302404,-3.7699199040102984,-1.5124009278308261
36.703763008117676,1.0000000000000004,-0.5000000000000003,0.7999999999999994,1.0,-0.5,0.8,-4.440892098500626e-16,3.3306690738754696e-16,6.661338147750939e-16,-12.43749178302404,-3.7699199040102984,-1.5124009278308261
36.713780641555786,1.0000000000000004,-0.5000000000000003,0.7999999999999994,1.0,-0.5,0.8,-4.440892098500626e-16,3.3306690738754696e-16,6.661338147750939e-16,-12.43749178302404,-3.7699199040102984,-1.5124009278308261
36.72375273704529,1.0000000000000004,-0.5000000000000003,0.7999999999999994,1.0,-0.5,0.8,-4.440892098500626e-16,3.3306690738754696e-16,6.661338147750939e-16,-12.43749178302404,-3.7699199040102984,-1.5124009278308261
36.733760356903076,1.0000000000000004,-0.5000000000000003,0.7999999999999994,1.0,-0.5,0.8,-4.440892098500626e-16,3.3306690738754696e-16,6.661338147750939e-16,-12.43749178302404,-3.7699199040102984,-1.5124009278308261
36.74374961853027,1.0000000000000004,-0.5000000000000003,0.7999999999999994,1.0,-0.5,0.8,-4.440892098500626e-16,3.3306690738754696e-16,6.661338147750939e-16,-12.43749178302404,-3.7699199040102984,-1.5124009278308261
36.75375747680664,1.0000000000000004,-0.5000000000000003,0.7999999999999994,1.0,-0.5,0.8,-4.440892098500626e-16,3.3306690738754696e-16,6.661338147750939e-16,-12.43749178302404,-3.7699199040102984,-1.5124009278308261
36.763758182525635,1.0000000000000004,-0.5000000000000003,0.7999999999999994,1.0,-0.5,0.8,-4.440892098500626e-16,3.3306690738754696e-16,6.661338147750939e-16,-12.43749178302404,-3.7699199040102984,-1.5124009278308261
36.77376627922058,1.0000000000000004,-0.5000000000000003,0.7999999999999994,1.0,-0.5,0.8,-4.440892098500626e-16,3.3306690738754696e-16,6.661338147750939e-16,-12.43749178302404,-3.7699199040102984,-1.5124009278308261
36.78376913070679,1.0000000000000004,-0.5000000000000003,0.7999999999999994,1.0,-0.5,0.8,-4.440892098500626e-16,3.3306690738754696e-16,6.661338147750939e-16,-12.43749178302404,-3.7699199040102984,-1.5124009278308261
36.793795108795166,1.0000000000000004,-0.5000000000000003,0.7999999999999994,1.0,-0.5,0.8,-4.440892098500626e-16,3.3306690738754696e-16,6.661338147750939e-16,-12.43749178302404,-3.7699199040102984,-1.5124009278308261
36.80375027656555,1.0000000000000004,-0.5000000000000003,0.7999999999999994,1.0,-0.5,0.8,-4.440892098500626e-16,3.3306690738754696e-16,6.661338147750939e-16,-12.43749178302404,-3.7699199040102984,-1.5124009278308261
36.81375002861023,1.0000000000000004,-0.5000000000000003,0.7999999999999994,1.0,-0.5,0.8,-4.440892098500626e-16,3.3306690738754696e-16,6.661338147750939e-16,-12.43749178302404,-3.7699199040102984,-1.5124009278308261
36.8237578868866,1.0000000000000004,-0.5000000000000003,0.7999999999999994,1.0,-0.5,0.8,-4.440892098500626e-16,3.3306690738754696e-16,6.661338147750939e-16,-12.43749178302404,-3.7699199040102984,-1.5124009278308261
36.833781242370605,1.0000000000000004,-0.5000000000000003,0.7999999999999994,1.0,-0.5,0.8,-4.440892098500626e-16,3.3306690738754696e-16,6.661338147750939e-16,-12.43749178302404,-3.7699199040102984,-1.5124009278308261
36.84375071525574,1.0000000000000004,-0.5000000000000003,0.7999999999999994,1.0,-0.5,0.8,-4.440892098500626e-16,3.3306690738754696e-16,6.661338147750939e-16,-12.43749178302404,-3.7699199040102984,-1.5124009278308261
36.85379409790039,1.0000000000000004,-0.5000000000000003,0.7999999999999994,1.0,-0.5,0.8,-4.440892098500626e-16,3.3306690738754696e-16,6.661338147750939e-16,-12.43749178302404,-3.7699199040102984,-1.5124009278308261
36.86379647254944,1.0000000000000004,-0.5000000000000003,0.7999999999999994,1.0,-0.5,0.8,-4.440892098500626e-16,3.3306690738754696e-16,6.661338147750939e-16,-12.43749178302404,-3.7699199040102984,-1.5124009278308261
36.87378263473511,1.0000000000000004,-0.5000000000000003,0.7999999999999994,1.0,-0.5,0.8,-4.440892098500626e-16,3.3306690738754696e-16,6.661338147750939e-16,-12.43749178302404,-3.7699199040102984,-1.5124009278308261
36.883779525756836,1.0000000000000004,-0.5000000000000003,0.7999999999999994,1.0,-0.5,0.8,-4.440892098500626e-16,3.3306690738754696e-16,6.661338147750939e-16,-12.43749178302404,-3.7699199040102984,-1.5124009278308261
36.893792152404785,1.0000000000000004,-0.5000000000000003,0.7999999999999994,1.0,-0.5,0.8,-4.440892098500626e-16,3.3306690738754696e-16,6.661338147750939e-16,-12.43749178302404,-3.7699199040102984,-1.5124009278308261
36.90383052825928,1.0000000000000004,-0.5000000000000003,0.7999999999999994,1.0,-0.5,0.8,-4.440892098500626e-16,3.3306690738754696e-16,6.661338147750939e-16,-12.43749178302404,-3.7699199040102984,-1.5124009278308261
36.913801193237305,1.0000000000000004,-0.5000000000000003,0.7999999999999994,1.0,-0.5,0.8,-4.440892098500626e-16,3.3306690738754696e-16,6.661338147750939e-16,-12.43749178302404,-3.7699199040102984,-1.5124009278308261
36.923750162124634,1.0000000000000004,-0.5000000000000003,0.7999999999999994,1.0,-0.5,0.8,-4.440892098500626e-16,3.3306690738754696e-16,6.661338147750939e-16,-12.43749178302404,-3.7699199040102984,-1.5124009278308261
36.93379259109497,1.0000000000000004,-0.5000000000000003,0.7999999999999994,1.0,-0.5,0.8,-4.440892098500626e-16,3.3306690738754696e-16,6.661338147750939e-16,-12.43749178302404,-3.7699199040102984,-1.5124009278308261
36.94378614425659,1.0000000000000004,-0.5000000000000003,0.7999999999999994,1.0,-0.5,0.8,-4.440892098500626e-16,3.3306690738754696e-16,6.661338147750939e-16,-12.43749178302404,-3.7699199040102984,-1.5124009278308261
36.95378589630127,1.0000000000000004,-0.5000000000000003,0.7999999999999994,1.0,-0.5,0.8,-4.440892098500626e-16,3.3306690738754696e-16,6.661338147750939e-16,-12.43749178302404,-3.7699199040102984,-1.5124009278308261
36.963767766952515,1.0000000000000004,-0.5000000000000003,0.7999999999999994,1.0,-0.5,0.8,-4.440892098500626e-16,3.3306690738754696e-16,6.661338147750939e-16,-12.43749178302404,-3.7699199040102984,-1.5124009278308261
36.97376489639282,1.0000000000000004,-0.5000000000000003,0.7999999999999994,1.0,-0.5,0.8,-4.440892098500626e-16,3.3306690738754696e-16,6.661338147750939e-16,-12.43749178302404,-3.7699199040102984,-1.5124009278308261
36.98381519317627,1.0000000000000004,-0.5000000000000003,0.7999999999999994,1.0,-0.5,0.8,-4.440892098500626e-16,3.3306690738754696e-16,6.661338147750939e-16,-12.43749178302404,-3.7699199040102984,-1.5124009278308261
36.99378442764282,1.0000000000000004,-0.5000000000000003,0.7999999999999994,1.0,-0.5,0.8,-4.440892098500626e-16,3.3306690738754696e-16,6.661338147750939e-16,-12.43749178302404,-3.7699199040102984,-1.5124009278308261
37.00376868247986,1.0000000000000004,-0.5000000000000003,0.7999999999999994,1.0,-0.5,0.8,-4.440892098500626e-16,3.3306690738754696e-16,6.661338147750939e-16,-12.43749178302404,-3.7699199040102984,-1.5124009278308261
37.013753175735474,1.0000000000000004,-0.5000000000000003,0.7999999999999994,1.0,-0.5,0.8,-4.440892098500626e-16,3.3306690738754696e-16,6.661338147750939e-16,-12.43749178302404,-3.7699199040102984,-1.5124009278308261
37.02375149726868,1.0000000000000004,-0.5000000000000003,0.7999999999999994,1.0,-0.5,0.8,-4.440892098500626e-16,3.3306690738754696e-16,6.661338147750939e-16,-12.43749178302404,-3.7699199040102984,-1.5124009278308261
37.03376126289368,1.0000000000000004,-0.5000000000000003,0.7999999999999994,1.0,-0.5,0.8,-4.440892098500626e-16,3.3306690738754696e-16,6.661338147750939e-16,-12.43749178302404,-3.7699199040102984,-1.5124009278308261
37.04377508163452,1.0000000000000004,-0.5000000000000003,0.7999999999999994,1.0,-0.5,0.8,-4.440892098500626e-16,3.3306690738754696e-16,6.661338147750939e-16,-12.43749178302404,-3.7699199040102984,-1.5124009278308261
37.0537748336792,1.0000000000000004,-0.5000000000000003,0.7999999999999994,1.0,-0.5,0.8,-4.440892098500626e-16,3.3306690738754696e-16,6.661338147750939e-16,-12.43749178302404,-3.7699199040102984,-1.5124009278308261
37.06378722190857,1.0000000000000004,-0.5000000000000003,0.7999999999999994,1.0,-0.5,0.8,-4.440892098500626e-16,3.3306690738754696e-16,6.661338147750939e-16,-12.43749178302404,-3.7699199040102984,-1.5124009278308261
37.0737841129303,1.0000000000000004,-0.5000000000000003,0.7999999999999994,1.0,-0.5,0.8,-4.440892098500626e-16,3.3306690738754696e-16,6.661338147750939e-16,-12.43749178302404,-3.7699199040102984,-1.5124009278308261
37.08379793167114,1.0000000000000004,-0.5000000000000003,0.7999999999999994,1.0,-0.5,0.8,-4.440892098500626e-16,3.3306690738754696e-16,6.661338147750939e-16,-12.43749178302404,-3.7699199040102984,-1.5124009278308261
37.093801736831665,1.0000000000000004,-0.5000000000000003,0.7999999999999994,1.0,-0.5,0.8,-4.440892098500626e-16,3.3306690738754696e-16,6.661338147750939e-16,-12.43749178302404,-3.7699199040102984,-1.5124009278308261
37.103785276412964,1.0000000000000004,-0.5000000000000003,0.7999999999999994,1.0,-0.5,0.8,-4.440892098500626e-16,3.3306690738754696e-16,6.661338147750939e-16,-12.43749178302404,-3.7699199040102984,-1.5124009278308261
37.113765001297,1.0000000000000004,-0.5000000000000003,0.7999999999999994,1.0,-0.5,0.8,-4.440892098500626e-16,3.3306690738754696e-16,6.661338147750939e-16,-12.43749178302404,-3.7699199040102984,-1.5124009278308261
37.12375545501709,1.0000000000000004,-0.5000000000000003,0.7999999999999994,1.0,-0.5,0.8,-4.440892098500626e-16,3.3306690738754696e-16,6.661338147750939e-16,-12.43749178302404,-3.7699199040102984,-1.5124009278308261
37.133748054504395,1.0000000000000004,-0.5000000000000003,0.7999999999999994,1.0,-0.5,0.8,-4.440892098500626e-16,3.3306690738754696e-16,6.661338147750939e-16,-12.43749178302404,-3.7699199040102984,-1.5124009278308261
37.1437463760376,1.0000000000000004,-0.5000000000000003,0.7999999999999994,1.0,-0.5,0.8,-4.440892098500626e-16,3.3306690738754696e-16,6.661338147750939e-16,-12.43749178302404,-3.7699199040102984,-1.5124009278308261
37.15375256538391,1.0000000000000004,-0.5000000000000003,0.7999999999999994,1.0,-0.5,0.8,-4.440892098500626e-16,3.3306690738754696e-16,6.661338147750939e-16,-12.43749178302404,-3.7699199040102984,-1.5124009278308261
37.163750886917114,1.0000000000000004,-0.5000000000000003,0.7999999999999994,1.0,-0.5,0.8,-4.440892098500626e-16,3.3306690738754696e-16,6.661338147750939e-16,-12.43749178302404,-3.7699199040102984,-1.5124009278308261
37.17380380630493,1.0000000000000004,-0.5000000000000003,0.7999999999999994,1.0,-0.5,0.8,-4.440892098500626e-16,3.3306690738754696e-16,6.661338147750939e-16,-12.43749178302404,-3.7699199040102984,-1.5124009278308261
37.183799266815186,1.0000000000000004,-0.5000000000000003,0.7999999999999994,1.0,-0.5,0.8,-4.440892098500626e-16,3.3306690738754696e-16,6.661338147750939e-16,-12.43749178302404,-3.7699199040102984,-1.5124009278308261
37.193755865097046,1.0000000000000004,-0.5000000000000003,0.7999999999999994,1.0,-0.5,0.8,-4.440892098500626e-16,3.3306690738754696e-16,6.661338147750939e-16,-12.43749178302404,-3.7699199040102984,-1.5124009278308261
37.20374798774719,1.0000000000000004,-0.5000000000000003,0.7999999999999994,1.0,-0.5,0.8,-4.440892098500626e-16,3.3306690738754696e-16,6.661338147750939e-16,-12.43749178302404,-3.7699199040102984,-1.5124009278308261
37.21375322341919,1.0000000000000004,-0.5000000000000003,0.7999999999999994,1.0,-0.5,0.8,-4.440892098500626e-16,3.3306690738754696e-16,6.661338147750939e-16,-12.43749178302404,-3.7699199040102984,-1.5124009278308261
37.22374606132507,1.0000000000000004,-0.5000000000000003,0.7999999999999994,1.0,-0.5,0.8,-4.440892098500626e-16,3.3306690738754696e-16,6.661338147750939e-16,-12.43749178302404,-3.7699199040102984,-1.5124009278308261
37.23374819755554,1.0000000000000004,-0.5000000000000003,0.7999999999999994,1.0,-0.5,0.8,-4.440892098500626e-16,3.3306690738754696e-16,6.661338147750939e-16,-12.43749178302404,-3.7699199040102984,-1.5124009278308261
37.2437469959259,1.0000000000000004,-0.5000000000000003,0.7999999999999994,1.0,-0.5,0.8,-4.440892098500626e-16,3.3306690738754696e-16,6.661338147750939e-16,-12.43749178302404,-3.7699199040102984,-1.5124009278308261
37.2537567615509,1.0000000000000004,-0.5000000000000003,0.7999999999999994,1.0,-0.5,0.8,-4.440892098500626e-16,3.3306690738754696e-16,6.661338147750939e-16,-12.43749178302404,-3.7699199040102984,-1.5124009278308261
37.26374554634094,1.0000000000000004,-0.5000000000000003,0.7999999999999994,1.0,-0.5,0.8,-4.440892098500626e-16,3.3306690738754696e-16,6.661338147750939e-16,-12.43749178302404,-3.7699199040102984,-1.5124009278308261
37.2737557888031,1.0000000000000004,-0.5000000000000003,0.7999999999999994,1.0,-0.5,0.8,-4.440892098500626e-16,3.3306690738754696e-16,6.661338147750939e-16,-12.43749178302404,-3.7699199040102984,-1.5124009278308261
37.28376293182373,1.0000000000000004,-0.5000000000000003,0.7999999999999994,1.0,-0.5,0.8,-4.440892098500626e-16,3.3306690738754696e-16,6.661338147750939e-16,-12.43749178302404,-3.7699199040102984,-1.5124009278308261
37.293763875961304,1.0000000000000004,-0.5000000000000003,0.7999999999999994,1.0,-0.5,0.8,-4.440892098500626e-16,3.3306690738754696e-16,6.661338147750939e-16,-12.43749178302404,-3.7699199040102984,-1.5124009278308261
37.30375027656555,1.0000000000000004,-0.5000000000000003,0.7999999999999994,1.0,-0.5,0.8,-4.440892098500626e-16,3.3306690738754696e-16,6.661338147750939e-16,-12.43749178302404,-3.7699199040102984,-1.5124009278308261
37.31374478340149,1.0000000000000004,-0.5000000000000003,0.7999999999999994,1.0,-0.5,0.8,-4.440892098500626e-16,3.3306690738754696e-16,6.661338147750939e-16,-12.43749178302404,-3.7699199040102984,-1.5124009278308261
37.32375431060791,1.0000000000000004,-0.5000000000000003,0.7999999999999994,1.0,-0.5,0.8,-4.440892098500626e-16,3.3306690738754696e-16,6.661338147750939e-16,-12.43749178302404,-3.7699199040102984,-1.5124009278308261
37.33377432823181,1.0000000000000004,-0.5000000000000003,0.7999999999999994,1.0,-0.5,0.8,-4.440892098500626e-16,3.3306690738754696e-16,6.661338147750939e-16,-12.43749178302404,-3.7699199040102984,-1.5124009278308261
37.343796491622925,1.0000000000000004,-0.5000000000000003,0.7999999999999994,1.0,-0.5,0.8,-4.440892098500626e-16,3.3306690738754696e-16,6.661338147750939e-16,-12.43749178302404,-3.7699199040102984,-1.5124009278308261
37.353790521621704,1.0000000000000004,-0.5000000000000003,0.7999999999999994,1.0,-0.5,0.8,-4.440892098500626e-16,3.3306690738754696e-16,6.661338147750939e-16,-12.43749178302404,-3.7699199040102984,-1.5124009278308261
37.36381483078003,1.0000000000000004,-0.5000000000000003,0.7999999999999994,1.0,-0.5,0.8,-4.440892098500626e-16,3.3306690738754696e-16,6.661338147750939e-16,-12.43749178302404,-3.7699199040102984,-1.5124009278308261
37.37382197380066,1.0000000000000004,-0.5000000000000003,0.7999999999999994,1.0,-0.5,0.8,-4.440892098500626e-16,3.3306690738754696e-16,6.661338147750939e-16,-12.43749178302404,-3.7699199040102984,-1.5124009278308261
37.383745431900024,1.0000000000000004,-0.5000000000000003,0.7999999999999994,1.0,-0.5,0.8,-4.440892098500626e-16,3.3306690738754696e-16,6.661338147750939e-16,-12.43749178302404,-3.7699199040102984,-1.5124009278308261
37.393789768218994,1.0000000000000004,-0.5000000000000003,0.7999999999999994,1.0,-0.5,0.8,-4.440892098500626e-16,3.3306690738754696e-16,6.661338147750939e-16,-12.43749178302404,-3.7699199040102984,-1.5124009278308261
37.40379214286804,1.0000000000000004,-0.5000000000000003,0.7999999999999994,1.0,-0.5,0.8,-4.440892098500626e-16,3.3306690738754696e-16,6.661338147750939e-16,-12.43749178302404,-3.7699199040102984,-1.5124009278308261
37.41379737854004,1.0000000000000004,-0.5000000000000003,0.7999999999999994,1.0,-0.5,0.8,-4.440892098500626e-16,3.3306690738754696e-16,6.661338147750939e-16,-12.43749178302404,-3.7699199040102984,-1.5124009278308261
37.423803091049194,1.0000000000000004,-0.5000000000000003,0.7999999999999994,1.0,-0.5,0.8,-4.440892098500626e-16,3.3306690738754696e-16,6.661338147750939e-16,-12.43749178302404,-3.7699199040102984,-1.5124009278308261
37.43380856513977,1.0000000000000004,-0.5000000000000003,0.7999999999999994,1.0,-0.5,0.8,-4.440892098500626e-16,3.3306690738754696e-16,6.661338147750939e-16,-12.43749178302404,-3.7699199040102984,-1.5124009278308261
37.443854331970215,1.0000000000000004,-0.5000000000000003,0.7999999999999994,1.0,-0.5,0.8,-4.440892098500626e-16,3.3306690738754696e-16,6.661338147750939e-16,-12.43749178302404,-3.7699199040102984,-1.5124009278308261
37.453824520111084,1.0000000000000004,-0.5000000000000003,0.7999999999999994,1.0,-0.5,0.8,-4.440892098500626e-16,3.3306690738754696e-16,6.661338147750939e-16,-12.43749178302404,-3.7699199040102984,-1.5124009278308261
37.46380305290222,1.0000000000000004,-0.5000000000000003,0.7999999999999994,1.0,-0.5,0.8,-4.440892098500626e-16,3.3306690738754696e-16,6.661338147750939e-16,-12.43749178302404,-3.7699199040102984,-1.5124009278308261
37.4738187789917,1.0000000000000004,-0.5000000000000003,0.7999999999999994,1.0,-0.5,0.8,-4.440892098500626e-16,3.3306690738754696e-16,6.661338147750939e-16,-12.43749178302404,-3.7699199040102984,-1.5124009278308261
37.48381996154785,1.0000000000000004,-0.5000000000000003,0.7999999999999994,1.0,-0.5,0.8,-4.440892098500626e-16,3.3306690738754696e-16,6.661338147750939e-16,-12.43749178302404,-3.7699199040102984,-1.5124009278308261
37.49383091926575,1.0000000000000004,-0.5000000000000003,0.7999999999999994,1.0,-0.5,0.8,-4.440892098500626e-16,3.3306690738754696e-16,6.661338147750939e-16,-12.43749178302404,-3.7699199040102984,-1.5124009278308261
37.50381898880005,1.0000000000000004,-0.5000000000000003,0.7999999999999994,1.0,-0.5,0.8,-4.440892098500626e-16,3.3306690738754696e-16,6.661338147750939e-16,-12.43749178302404,-3.7699199040102984,-1.5124009278308261
37.513750076293945,1.0000000000000004,-0.5000000000000003,0.7999999999999994,1.0,-0.5,0.8,-4.440892098500626e-16,3.3306690738754696e-16,6.661338147750939e-16,-12.43749178302404,-3.7699199040102984,-1.5124009278308261
37.52377438545227,1.0000000000000004,-0.5000000000000003,0.7999999999999994,1.0,-0.5,0.8,-4.440892098500626e-16,3.3306690738754696e-16,6.661338147750939e-16,-12.43749178302404,-3.7699199040102984,-1.5124009278308261
37.53374624252319,1.0000000000000004,-0.5000000000000003,0.7999999999999994,1.0,-0.5,0.8,-4.440892098500626e-16,3.3306690738754696e-16,6.661338147750939e-16,-12.43749178302404,-3.7699199040102984,-1.5124009278308261
37.54373383522034,1.0000000000000004,-0.5000000000000003,0.7999999999999994,1.0,-0.5,0.8,-4.440892098500626e-16,3.3306690738754696e-16,6.661338147750939e-16,-12.43749178302404,-3.7699199040102984,-1.5124009278308261
37.553776025772095,1.0000000000000004,-0.5000000000000003,0.7999999999999994,1.0,-0.5,0.8,-4.440892098500626e-16,3.3306690738754696e-16,6.661338147750939e-16,-12.43749178302404,-3.7699199040102984,-1.5124009278308261
37.5637845993042,1.0000000000000004,-0.5000000000000003,0.7999999999999994,1.0,-0.5,0.8,-4.440892098500626e-16,3.3306690738754696e-16,6.661338147750939e-16,-12.43749178302404,-3.7699199040102984,-1.5124009278308261
37.57381534576416,1.0000000000000004,-0.5000000000000003,0.7999999999999994,1.0,-0.5,0.8,-4.440892098500626e-16,3.3306690738754696e-16,6.661338147750939e-16,-12.43749178302404,-3.7699199040102984,-1.5124009278308261
37.58377552032471,1.0000000000000004,-0.5000000000000003,0.7999999999999994,1.0,-0.5,0.8,-4.440892098500626e-16,3.3306690738754696e-16,6.661338147750939e-16,-12.43749178302404,-3.7699199040102984,-1.5124009278308261
37.59379744529724,1.0000000000000004,-0.5000000000000003,0.7999999999999994,1.0,-0.5,0.8,-4.440892098500626e-16,3.3306690738754696e-16,6.661338147750939e-16,-12.43749178302404,-3.7699199040102984,-1.5124009278308261
37.604026794433594,1.0000000000000004,-0.5000000000000003,0.7999999999999994,1.0,-0.5,0.8,-4.440892098500626e-16,3.3306690738754696e-16,6.661338147750939e-16,-12.43749178302404,-3.7699199040102984,-1.5124009278308261
37.61380481719971,1.0000000000000004,-0.5000000000000003,0.7999999999999994,1.0,-0.5,0.8,-4.440892098500626e-16,3.3306690738754696e-16,6.661338147750939e-16,-12.43749178302404,-3.7699199040102984,-1.5124009278308261
37.62380599975586,1.0000000000000004,-0.5000000000000003,0.7999999999999994,1.0,-0.5,0.8,-4.440892098500626e-16,3.3306690738754696e-16,6.661338147750939e-16,-12.43749178302404,-3.7699199040102984,-1.5124009278308261
37.63380718231201,1.0000000000000004,-0.5000000000000003,0.7999999999999994,1.0,-0.5,0.8,-4.440892098500626e-16,3.3306690738754696e-16,6.661338147750939e-16,-12.43749178302404,-3.7699199040102984,-1.5124009278308261
37.6437885761261,1.0000000000000004,-0.5000000000000003,0.7999999999999994,1.0,-0.5,0.8,-4.440892098500626e-16,3.3306690738754696e-16,6.661338147750939e-16,-12.43749178302404,-3.7699199040102984,-1.5124009278308261
37.653825521469116,1.0000000000000004,-0.5000000000000003,0.7999999999999994,1.0,-0.5,0.8,-4.440892098500626e-16,3.3306690738754696e-16,6.661338147750939e-16,-12.43749178302404,-3.7699199040102984,-1.5124009278308261
37.66375422477722,1.0000000000000004,-0.5000000000000003,0.7999999999999994,1.0,-0.5,0.8,-4.440892098500626e-16,3.3306690738754696e-16,6.661338147750939e-16,-12.43749178302404,-3.7699199040102984,-1.5124009278308261
37.67380166053772,1.0000000000000004,-0.5000000000000003,0.7999999999999994,1.0,-0.5,0.8,-4.440892098500626e-16,3.3306690738754696e-16,6.661338147750939e-16,-12.43749178302404,-3.7699199040102984,-1.5124009278308261
37.68380284309387,1.0000000000000004,-0.5000000000000003,0.7999999999999994,1.0,-0.5,0.8,-4.440892098500626e-16,3.3306690738754696e-16,6.661338147750939e-16,-12.43749178302404,-3.7699199040102984,-1.5124009278308261
37.69381093978882,1.0000000000000004,-0.5000000000000003,0.7999999999999994,1.0,-0.5,0.8,-4.440892098500626e-16,3.3306690738754696e-16,6.661338147750939e-16,-12.43749178302404,-3.7699199040102984,-1.5124009278308261
37.70381832122803,1.0000000000000004,-0.5000000000000003,0.7999999999999994,1.0,-0.5,0.8,-4.440892098500626e-16,3.3306690738754696e-16,6.661338147750939e-16,-12.43749178302404,-3.7699199040102984,-1.5124009278308261
37.71386003494263,1.0000000000000004,-0.5000000000000003,0.7999999999999994,1.0,-0.5,0.8,-4.440892098500626e-16,3.3306690738754696e-16,6.661338147750939e-16,-12.43749178302404,-3.7699199040102984,-1.5124009278308261
37.723804235458374,1.0000000000000004,-0.5000000000000003,0.7999999999999994,1.0,-0.5,0.8,-4.440892098500626e-16,3.3306690738754696e-16,6.661338147750939e-16,-12.43749178302404,-3.7699199040102984,-1.5124009278308261
37.7338011264801,1.0000000000000004,-0.5000000000000003,0.7999999999999994,1.0,-0.5,0.8,-4.440892098500626e-16,3.3306690738754696e-16,6.661338147750939e-16,-12.43749178302404,-3.7699199040102984,-1.5124009278308261
37.74379587173462,1.0000000000000004,-0.5000000000000003,0.7999999999999994,1.0,-0.5,0.8,-4.440892098500626e-16,3.3306690738754696e-16,6.661338147750939e-16,-12.43749178302404,-3.7699199040102984,-1.5124009278308261
37.75377130508423,1.0000000000000004,-0.5000000000000003,0.7999999999999994,1.0,-0.5,0.8,-4.440892098500626e-16,3.3306690738754696e-16,6.661338147750939e-16,-12.43749178302404,-3.7699199040102984,-1.5124009278308261
37.76379370689392,1.0000000000000004,-0.5000000000000003,0.7999999999999994,1.0,-0.5,0.8,-4.440892098500626e-16,3.3306690738754696e-16,6.661338147750939e-16,-12.43749178302404,-3.7699199040102984,-1.5124009278308261
37.77381920814514,1.0000000000000004,-0.5000000000000003,0.7999999999999994,1.0,-0.5,0.8,-4.440892098500626e-16,3.3306690738754696e-16,6.661338147750939e-16,-12.43749178302404,-3.7699199040102984,-1.5124009278308261
37.78380823135376,1.0000000000000004,-0.5000000000000003,0.7999999999999994,1.0,-0.5,0.8,-4.440892098500626e-16,3.3306690738754696e-16,6.661338147750939e-16,-12.43749178302404,-3.7699199040102984,-1.5124009278308261
37.793785572052,1.0000000000000004,-0.5000000000000003,0.7999999999999994,1.0,-0.5,0.8,-4.440892098500626e-16,3.3306690738754696e-16,6.661338147750939e-16,-12.43749178302404,-3.7699199040102984,-1.5124009278308261
37.80382204055786,1.0000000000000004,-0.5000000000000003,0.7999999999999994,1.0,-0.5,0.8,-4.440892098500626e-16,3.3306690738754696e-16,6.661338147750939e-16,-12.43749178302404,-3.7699199040102984,-1.5124009278308261
37.813769578933716,1.0000000000000004,-0.5000000000000003,0.7999999999999994,1.0,-0.5,0.8,-4.440892098500626e-16,3.3306690738754696e-16,6.661338147750939e-16,-12.43749178302404,-3.7699199040102984,-1.5124009278308261
37.823790550231934,1.0000000000000004,-0.5000000000000003,0.7999999999999994,1.0,-0.5,0.8,-4.440892098500626e-16,3.3306690738754696e-16,6.661338147750939e-16,-12.43749178302404,-3.7699199040102984,-1.5124009278308261
37.83381128311157,1.0000000000000004,-0.5000000000000003,0.7999999999999994,1.0,-0.5,0.8,-4.440892098500626e-16,3.3306690738754696e-16,6.661338147750939e-16,-12.43749178302404,-3.7699199040102984,-1.5124009278308261
37.84382486343384,1.0000000000000004,-0.5000000000000003,0.7999999999999994,1.0,-0.5,0.8,-4.440892098500626e-16,3.3306690738754696e-16,6.661338147750939e-16,-12.43749178302404,-3.7699199040102984,-1.5124009278308261
37.85385012626648,1.0000000000000004,-0.5000000000000003,0.7999999999999994,1.0,-0.5,0.8,-4.440892098500626e-16,3.3306690738754696e-16,6.661338147750939e-16,-12.43749178302404,-3.7699199040102984,-1.5124009278308261
37.863744258880615,1.0000000000000004,-0.5000000000000003,0.7999999999999994,1.0,-0.5,0.8,-4.440892098500626e-16,3.3306690738754696e-16,6.661338147750939e-16,-12.43749178302404,-3.7699199040102984,-1.5124009278308261
37.87374448776245,1.0000000000000004,-0.5000000000000003,0.7999999999999994,1.0,-0.5,0.8,-4.440892098500626e-16,3.3306690738754696e-16,6.661338147750939e-16,-12.43749178302404,-3.7699199040102984,-1.5124009278308261
37.88375449180603,1.0000000000000004,-0.5000000000000003,0.7999999999999994,1.0,-0.5,0.8,-4.440892098500626e-16,3.3306690738754696e-16,6.661338147750939e-16,-12.43749178302404,-3.7699199040102984,-1.5124009278308261
37.89379000663757,1.0000000000000004,-0.5000000000000003,0.7999999999999994,1.0,-0.5,0.8,-4.440892098500626e-16,3.3306690738754696e-16,6.661338147750939e-16,-12.43749178302404,-3.7699199040102984,-1.5124009278308261
37.90381932258606,1.0000000000000004,-0.5000000000000003,0.7999999999999994,1.0,-0.5,0.8,-4.440892098500626e-16,3.3306690738754696e-16,6.661338147750939e-16,-12.43749178302404,-3.7699199040102984,-1.5124009278308261
37.91379261016846,1.0000000000000004,-0.5000000000000003,0.7999999999999994,1.0,-0.5,0.8,-4.440892098500626e-16,3.3306690738754696e-16,6.661338147750939e-16,-12.43749178302404,-3.7699199040102984,-1.5124009278308261
37.923781871795654,1.0000000000000004,-0.5000000000000003,0.7999999999999994,1.0,-0.5,0.8,-4.440892098500626e-16,3.3306690738754696e-16,6.661338147750939e-16,-12.43749178302404,-3.7699199040102984,-1.5124009278308261
37.93378925323486,1.0000000000000004,-0.5000000000000003,0.7999999999999994,1.0,-0.5,0.8,-4.440892098500626e-16,3.3306690738754696e-16,6.661338147750939e-16,-12.43749178302404,-3.7699199040102984,-1.5124009278308261
37.94381070137024,1.0000000000000004,-0.5000000000000003,0.7999999999999994,1.0,-0.5,0.8,-4.440892098500626e-16,3.3306690738754696e-16,6.661338147750939e-16,-12.43749178302404,-3.7699199040102984,-1.5124009278308261
37.953808307647705,1.0000000000000004,-0.5000000000000003,0.7999999999999994,1.0,-0.5,0.8,-4.440892098500626e-16,3.3306690738754696e-16,6.661338147750939e-16,-12.43749178302404,-3.7699199040102984,-1.5124009278308261
37.96384310722351,1.0000000000000004,-0.5000000000000003,0.7999999999999994,1.0,-0.5,0.8,-4.440892098500626e-16,3.3306690738754696e-16,6.661338147750939e-16,-12.43749178302404,-3.7699199040102984,-1.5124009278308261
37.9737753868103,1.0000000000000004,-0.5000000000000003,0.7999999999999994,1.0,-0.5,0.8,-4.440892098500626e-16,3.3306690738754696e-16,6.661338147750939e-16,-12.43749178302404,-3.7699199040102984,-1.5124009278308261
37.983771562576294,1.0000000000000004,-0.5000000000000003,0.7999999999999994,1.0,-0.5,0.8,-4.440892098500626e-16,3.3306690738754696e-16,6.661338147750939e-16,-12.43749178302404,-3.7699199040102984,-1.5124009278308261
37.993813276290894,1.0000000000000004,-0.5000000000000003,0.7999999999999994,1.0,-0.5,0.8,-4.440892098500626e-16,3.3306690738754696e-16,6.661338147750939e-16,-12.43749178302404,-3.7699199040102984,-1.5124009278308261
38.00416302680969,1.0000000000000004,-0.5000000000000003,0.7999999999999994,1.0,-0.5,0.8,-4.440892098500626e-16,3.3306690738754696e-16,6.661338147750939e-16,-12.43749178302404,-3.7699199040102984,-1.5124009278308261
38.01375198364258,1.0000000000000004,-0.5000000000000003,0.7999999999999994,1.0,-0.5,0.8,-4.440892098500626e-16,3.3306690738754696e-16,6.661338147750939e-16,-12.43749178302404,-3.7699199040102984,-1.5124009278308261
38.02377200126648,1.0000000000000004,-0.5000000000000003,0.7999999999999994,1.0,-0.5,0.8,-4.440892098500626e-16,3.3306690738754696e-16,6.661338147750939e-16,-12.43749178302404,-3.7699199040102984,-1.5124009278308261
38.03377842903137,1.0000000000000004,-0.5000000000000003,0.7999999999999994,1.0,-0.5,0.8,-4.440892098500626e-16,3.3306690738754696e-16,6.661338147750939e-16,-12.43749178302404,-3.7699199040102984,-1.5124009278308261
38.04380559921265,1.0000000000000004,-0.5000000000000003,0.7999999999999994,1.0,-0.5,0.8,-4.440892098500626e-16,3.3306690738754696e-16,6.661338147750939e-16,-12.43749178302404,-3.7699199040102984,-1.5124009278308261
38.053807497024536,1.0000000000000004,-0.5000000000000003,0.7999999999999994,1.0,-0.5,0.8,-4.440892098500626e-16,3.3306690738754696e-16,6.661338147750939e-16,-12.43749178302404,-3.7699199040102984,-1.5124009278308261
38.06378936767578,1.0000000000000004,-0.5000000000000003,0.7999999999999994,1.0,-0.5,0.8,-4.440892098500626e-16,3.3306690738754696e-16,6.661338147750939e-16,-12.43749178302404,-3.7699199040102984,-1.5124009278308261
38.07379913330078,1.0000000000000004,-0.5000000000000003,0.7999999999999994,1.0,-0.5,0.8,-4.440892098500626e-16,3.3306690738754696e-16,6.661338147750939e-16,-12.43749178302404,-3.7699199040102984,-1.5124009278308261
38.083812952041626,1.0000000000000004,-0.5000000000000003,0.7999999999999994,1.0,-0.5,0.8,-4.440892098500626e-16,3.3306690738754696e-16,6.661338147750939e-16,-12.43749178302404,-3.7699199040102984,-1.5124009278308261
38.09379029273987,1.0000000000000004,-0.5000000000000003,0.7999999999999994,1.0,-0.5,0.8,-4.440892098500626e-16,3.3306690738754696e-16,6.661338147750939e-16,-12.43749178302404,-3.7699199040102984,-1.5124009278308261
38.10381007194519,1.0000000000000004,-0.5000000000000003,0.7999999999999994,1.0,-0.5,0.8,-4.440892098500626e-16,3.3306690738754696e-16,6.661338147750939e-16,-12.43749178302404,-3.7699199040102984,-1.5124009278308261
38.11381006240845,1.0000000000000004,-0.5000000000000003,0.7999999999999994,1.0,-0.5,0.8,-4.440892098500626e-16,3.3306690738754696e-16,6.661338147750939e-16,-12.43749178302404,-3.7699199040102984,-1.5124009278308261
38.1238009929657,1.0000000000000004,-0.5000000000000003,0.7999999999999994,1.0,-0.5,0.8,-4.440892098500626e-16,3.3306690738754696e-16,6.661338147750939e-16,-12.43749178302404,-3.7699199040102984,-1.5124009278308261
38.13385033607483,1.0000000000000004,-0.5000000000000003,0.7999999999999994,1.0,-0.5,0.8,-4.440892098500626e-16,3.3306690738754696e-16,6.661338147750939e-16,-12.43749178302404,-3.7699199040102984,-1.5124009278308261
38.143803358078,1.0000000000000004,-0.5000000000000003,0.7999999999999994,1.0,-0.5,0.8,-4.440892098500626e-16,3.3306690738754696e-16,6.661338147750939e-16,-12.43749178302404,-3.7699199040102984,-1.5124009278308261
38.153767824172974,1.0000000000000004,-0.5000000000000003,0.7999999999999994,1.0,-0.5,0.8,-4.440892098500626e-16,3.3306690738754696e-16,6.661338147750939e-16,-12.43749178302404,-3.7699199040102984,-1.5124009278308261
38.16380310058594,1.0000000000000004,-0.5000000000000003,0.7999999999999994,1.0,-0.5,0.8,-4.440892098500626e-16,3.3306690738754696e-16,6.661338147750939e-16,-12.43749178302404,-3.7699199040102984,-1.5124009278308261
38.17380428314209,1.0000000000000004,-0.5000000000000003,0.7999999999999994,1.0,-0.5,0.8,-4.440892098500626e-16,3.3306690738754696e-16,6.661338147750939e-16,-12.43749178302404,-3.7699199040102984,-1.5124009278308261
38.18380880355835,1.0000000000000004,-0.5000000000000003,0.7999999999999994,1.0,-0.5,0.8,-4.440892098500626e-16,3.3306690738754696e-16,6.661338147750939e-16,-12.43749178302404,-3.7699199040102984,-1.5124009278308261
38.193817377090454,1.0000000000000004,-0.5000000000000003,0.7999999999999994,1.0,-0.5,0.8,-4.440892098500626e-16,3.3306690738754696e-16,6.661338147750939e-16,-12.43749178302404,-3.7699199040102984,-1.5124009278308261
38.20380902290344,1.0000000000000004,-0.5000000000000003,0.7999999999999994,1.0,-0.5,0.8,-4.440892098500626e-16,3.3306690738754696e-16,6.661338147750939e-16,-12.43749178302404,-3.7699199040102984,-1.5124009278308261
38.21380066871643,1.0000000000000004,-0.5000000000000003,0.7999999999999994,1.0,-0.5,0.8,-4.440892098500626e-16,3.3306690738754696e-16,6.661338147750939e-16,-12.43749178302404,-3.7699199040102984,-1.5124009278308261
38.223814487457275,1.0000000000000004,-0.5000000000000003,0.7999999999999994,1.0,-0.5,0.8,-4.440892098500626e-16,3.3306690738754696e-16,6.661338147750939e-16,-12.43749178302404,-3.7699199040102984,-1.5124009278308261
38.23379302024841,1.0000000000000004,-0.5000000000000003,0.7999999999999994,1.0,-0.5,0.8,-4.440892098500626e-16,3.3306690738754696e-16,6.661338147750939e-16,-12.43749178302404,-3.7699199040102984,-1.5124009278308261
38.243762731552124,1.0000000000000004,-0.5000000000000003,0.7999999999999994,1.0,-0.5,0.8,-4.440892098500626e-16,3.3306690738754696e-16,6.661338147750939e-16,-12.43749178302404,-3.7699199040102984,-1.5124009278308261
38.25377631187439,1.0000000000000004,-0.5000000000000003,0.7999999999999994,1.0,-0.5,0.8,-4.440892098500626e-16,3.3306690738754696e-16,6.661338147750939e-16,-12.43749178302404,-3.7699199040102984,-1.5124009278308261
38.26379585266113,1.0000000000000004,-0.5000000000000003,0.7999999999999994,1.0,-0.5,0.8,-4.440892098500626e-16,3.3306690738754696e-16,6.661338147750939e-16,-12.43749178302404,-3.7699199040102984,-1.5124009278308261
38.273844718933105,1.0000000000000004,-0.5000000000000003,0.7999999999999994,1.0,-0.5,0.8,-4.440892098500626e-16,3.3306690738754696e-16,6.661338147750939e-16,-12.43749178302404,-3.7699199040102984,-1.5124009278308261
38.28382968902588,1.0000000000000004,-0.5000000000000003,0.7999999999999994,1.0,-0.5,0.8,-4.440892098500626e-16,3.3306690738754696e-16,6.661338147750939e-16,-12.43749178302404,-3.7699199040102984,-1.5124009278308261
38.293822050094604,1.0000000000000004,-0.5000000000000003,0.7999999999999994,1.0,-0.5,0.8,-4.440892098500626e-16,3.3306690738754696e-16,6.661338147750939e-16,-12.43749178302404,-3.7699199040102984,-1.5124009278308261
38.3038489818573,1.0000000000000004,-0.5000000000000003,0.7999999999999994,1.0,-0.5,0.8,-4.440892098500626e-16,3.3306690738754696e-16,6.661338147750939e-16,-12.43749178302404,-3.7699199040102984,-1.5124009278308261
38.31381583213806,1.0000000000000004,-0.5000000000000003,0.7999999999999994,1.0,-0.5,0.8,-4.440892098500626e-16,3.3306690738754696e-16,6.661338147750939e-16,-12.43749178302404,-3.7699199040102984,-1.5124009278308261
38.323752880096436,1.0000000000000004,-0.5000000000000003,0.7999999999999994,1.0,-0.5,0.8,-4.440892098500626e-16,3.3306690738754696e-16,6.661338147750939e-16,-12.43749178302404,-3.7699199040102984,-1.5124009278308261
38.33377981185913,1.0000000000000004,-0.5000000000000003,0.7999999999999994,1.0,-0.5,0.8,-4.440892098500626e-16,3.3306690738754696e-16,6.661338147750939e-16,-12.43749178302404,-3.7699199040102984,-1.5124009278308261
38.34376335144043,1.0000000000000004,-0.5000000000000003,0.7999999999999994,1.0,-0.5,0.8,-4.440892098500626e-16,3.3306690738754696e-16,6.661338147750939e-16,-12.43749178302404,-3.7699199040102984,-1.5124009278308261
38.35378885269165,1.0000000000000004,-0.5000000000000003,0.7999999999999994,1.0,-0.5,0.8,-4.440892098500626e-16,3.3306690738754696e-16,6.661338147750939e-16,-12.43749178302404,-3.7699199040102984,-1.5124009278308261
38.363807916641235,1.0000000000000004,-0.5000000000000003,0.7999999999999994,1.0,-0.5,0.8,-4.440892098500626e-16,3.3306690738754696e-16,6.661338147750939e-16,-12.43749178302404,-3.7699199040102984,-1.5124009278308261
38.3737895488739,1.0000000000000004,-0.5000000000000003,0.7999999999999994,1.0,-0.5,0.8,-4.440892098500626e-16,3.3306690738754696e-16,6.661338147750939e-16,-12.43749178302404,-3.7699199040102984,-1.5124009278308261
38.383777379989624,1.0000000000000004,-0.5000000000000003,0.7999999999999994,1.0,-0.5,0.8,-4.440892098500626e-16,3.3306690738754696e-16,6.661338147750939e-16,-12.43749178302404,-3.7699199040102984,-1.5124009278308261
38.393760442733765,1.0000000000000004,-0.5000000000000003,0.7999999999999994,1.0,-0.5,0.8,-4.440892098500626e-16,3.3306690738754696e-16,6.661338147750939e-16,-12.43749178302404,-3.7699199040102984,-1.5124009278308261
38.40374755859375,1.0000000000000004,-0.5000000000000003,0.7999999999999994,1.0,-0.5,0.8,-4.440892098500626e-16,3.3306690738754696e-16,6.661338147750939e-16,-12.43749178302404,-3.7699199040102984,-1.5124009278308261
38.41374063491821,1.0000000000000004,-0.5000000000000003,0.7999999999999994,1.0,-0.5,0.8,-4.440892098500626e-16,3.3306690738754696e-16,6.661338147750939e-16,-12.43749178302404,-3.7699199040102984,-1.5124009278308261
38.42377495765686,1.0000000000000004,-0.5000000000000003,0.7999999999999994,1.0,-0.5,0.8,-4.440892098500626e-16,3.3306690738754696e-16,6.661338147750939e-16,-12.43749178302404,-3.7699199040102984,-1.5124009278308261
38.433812618255615,1.0000000000000004,-0.5000000000000003,0.7999999999999994,1.0,-0.5,0.8,-4.440892098500626e-16,3.3306690738754696e-16,6.661338147750939e-16,-12.43749178302404,-3.7699199040102984,-1.5124009278308261
38.4437792301178,1.0000000000000004,-0.5000000000000003,0.7999999999999994,1.0,-0.5,0.8,-4.440892098500626e-16,3.3306690738754696e-16,6.661338147750939e-16,-12.43749178302404,-3.7699199040102984,-1.5124009278308261
38.453774213790894,1.0000000000000004,-0.5000000000000003,0.7999999999999994,1.0,-0.5,0.8,-4.440892098500626e-16,3.3306690738754696e-16,6.661338147750939e-16,-12.43749178302404,-3.7699199040102984,-1.5124009278308261
38.4637987613678,1.0000000000000004,-0.5000000000000003,0.7999999999999994,1.0,-0.5,0.8,-4.440892098500626e-16,3.3306690738754696e-16,6.661338147750939e-16,-12.43749178302404,-3.7699199040102984,-1.5124009278308261
38.473830461502075,1.0000000000000004,-0.5000000000000003,0.7999999999999994,1.0,-0.5,0.8,-4.440892098500626e-16,3.3306690738754696e-16,6.661338147750939e-16,-12.43749178302404,-3.7699199040102984,-1.5124009278308261
38.48378562927246,1.0000000000000004,-0.5000000000000003,0.7999999999999994,1.0,-0.5,0.8,-4.440892098500626e-16,3.3306690738754696e-16,6.661338147750939e-16,-12.43749178302404,-3.7699199040102984,-1.5124009278308261
38.49380898475647,1.0000000000000004,-0.5000000000000003,0.7999999999999994,1.0,-0.5,0.8,-4.440892098500626e-16,3.3306690738754696e-16,6.661338147750939e-16,-12.43749178302404,-3.7699199040102984,-1.5124009278308261
38.50380778312683,1.0000000000000004,-0.5000000000000003,0.7999999999999994,1.0,-0.5,0.8,-4.440892098500626e-16,3.3306690738754696e-16,6.661338147750939e-16,-12.43749178302404,-3.7699199040102984,-1.5124009278308261
38.51374816894531,1.0000000000000004,-0.5000000000000003,0.7999999999999994,1.0,-0.5,0.8,-4.440892098500626e-16,3.3306690738754696e-16,6.661338147750939e-16,-12.43749178302404,-3.7699199040102984,-1.5124009278308261
38.523752212524414,1.0000000000000004,-0.5000000000000003,0.7999999999999994,1.0,-0.5,0.8,-4.440892098500626e-16,3.3306690738754696e-16,6.661338147750939e-16,-12.43749178302404,-3.7699199040102984,-1.5124009278308261
38.53384184837341,1.0000000000000004,-0.5000000000000003,0.7999999999999994,1.0,-0.5,0.8,-4.440892098500626e-16,3.3306690738754696e-16,6.661338147750939e-16,-12.43749178302404,-3.7699199040102984,-1.5124009278308261
38.54377222061157,1.0000000000000004,-0.5000000000000003,0.7999999999999994,1.0,-0.5,0.8,-4.440892098500626e-16,3.3306690738754696e-16,6.661338147750939e-16,-12.43749178302404,-3.7699199040102984,-1.5124009278308261
38.553810596466064,1.0000000000000004,-0.5000000000000003,0.7999999999999994,1.0,-0.5,0.8,-4.440892098500626e-16,3.3306690738754696e-16,6.661338147750939e-16,-12.43749178302404,-3.7699199040102984,-1.5124009278308261
38.563793897628784,1.0000000000000004,-0.5000000000000003,0.7999999999999994,1.0,-0.5,0.8,-4.440892098500626e-16,3.3306690738754696e-16,6.661338147750939e-16,-12.43749178302404,-3.7699199040102984,-1.5124009278308261
38.573798418045044,1.0000000000000004,-0.5000000000000003,0.7999999999999994,1.0,-0.5,0.8,-4.440892098500626e-16,3.3306690738754696e-16,6.661338147750939e-16,-12.43749178302404,-3.7699199040102984,-1.5124009278308261
38.583778619766235,1.0000000000000004,-0.5000000000000003,0.7999999999999994,1.0,-0.5,0.8,-4.440892098500626e-16,3.3306690738754696e-16,6.661338147750939e-16,-12.43749178302404,-3.7699199040102984,-1.5124009278308261
38.59379816055298,1.0000000000000004,-0.5000000000000003,0.7999999999999994,1.0,-0.5,0.8,-4.440892098500626e-16,3.3306690738754696e-16,6.661338147750939e-16,-12.43749178302404,-3.7699199040102984,-1.5124009278308261
38.60380434989929,1.0000000000000004,-0.5000000000000003,0.7999999999999994,1.0,-0.5,0.8,-4.440892098500626e-16,3.3306690738754696e-16,6.661338147750939e-16,-12.43749178302404,-3.7699199040102984,-1.5124009278308261
38.61380481719971,1.0000000000000004,-0.5000000000000003,0.7999999999999994,1.0,-0.5,0.8,-4.440892098500626e-16,3.3306690738754696e-16,6.661338147750939e-16,-12.43749178302404,-3.7699199040102984,-1.5124009278308261
38.62378263473511,1.0000000000000004,-0.5000000000000003,0.7999999999999994,1.0,-0.5,0.8,-4.440892098500626e-16,3.3306690738754696e-16,6.661338147750939e-16,-12.43749178302404,-3.7699199040102984,-1.5124009278308261
38.63379144668579,1.0000000000000004,-0.5000000000000003,0.7999999999999994,1.0,-0.5,0.8,-4.440892098500626e-16,3.3306690738754696e-16,6.661338147750939e-16,-12.43749178302404,-3.7699199040102984,-1.5124009278308261
38.64378070831299,1.0000000000000004,-0.5000000000000003,0.7999999999999994,1.0,-0.5,0.8,-4.440892098500626e-16,3.3306690738754696e-16,6.661338147750939e-16,-12.43749178302404,-3.7699199040102984,-1.5124009278308261
38.653802156448364,1.0000000000000004,-0.5000000000000003,0.7999999999999994,1.0,-0.5,0.8,-4.440892098500626e-16,3.3306690738754696e-16,6.661338147750939e-16,-12.43749178302404,-3.7699199040102984,-1.5124009278308261
38.6637704372406,1.0000000000000004,-0.5000000000000003,0.7999999999999994,1.0,-0.5,0.8,-4.440892098500626e-16,3.3306690738754696e-16,6.661338147750939e-16,-12.43749178302404,-3.7699199040102984,-1.5124009278308261
38.673813343048096,1.0000000000000004,-0.5000000000000003,0.7999999999999994,1.0,-0.5,0.8,-4.440892098500626e-16,3.3306690738754696e-16,6.661338147750939e-16,-12.43749178302404,-3.7699199040102984,-1.5124009278308261
38.683754205703735,1.0000000000000004,-0.5000000000000003,0.7999999999999994,1.0,-0.5,0.8,-4.440892098500626e-16,3.3306690738754696e-16,6.661338147750939e-16,-12.43749178302404,-3.7699199040102984,-1.5124009278308261
38.69377684593201,1.0000000000000004,-0.5000000000000003,0.7999999999999994,1.0,-0.5,0.8,-4.440892098500626e-16,3.3306690738754696e-16,6.661338147750939e-16,-12.43749178302404,-3.7699199040102984,-1.5124009278308261
38.703787088394165,1.0000000000000004,-0.5000000000000003,0.7999999999999994,1.0,-0.5,0.8,-4.440892098500626e-16,3.3306690738754696e-16,6.661338147750939e-16,-12.43749178302404,-3.7699199040102984,-1.5124009278308261
38.71378207206726,1.0000000000000004,-0.5000000000000003,0.7999999999999994,1.0,-0.5,0.8,-4.440892098500626e-16,3.3306690738754696e-16,6.661338147750939e-16,-12.43749178302404,-3.7699199040102984,-1.5124009278308261
38.72379946708679,1.0000000000000004,-0.5000000000000003,0.7999999999999994,1.0,-0.5,0.8,-4.440892098500626e-16,3.3306690738754696e-16,6.661338147750939e-16,-12.43749178302404,-3.7699199040102984,-1.5124009278308261
38.733832120895386,1.0000000000000004,-0.5000000000000003,0.7999999999999994,1.0,-0.5,0.8,-4.440892098500626e-16,3.3306690738754696e-16,6.661338147750939e-16,-12.43749178302404,-3.7699199040102984,-1.5124009278308261
38.743804693222046,1.0000000000000004,-0.5000000000000003,0.7999999999999994,1.0,-0.5,0.8,-4.440892098500626e-16,3.3306690738754696e-16,6.661338147750939e-16,-12.43749178302404,-3.7699199040102984,-1.5124009278308261
38.753875494003296,1.0000000000000004,-0.5000000000000003,0.7999999999999994,1.0,-0.5,0.8,-4.440892098500626e-16,3.3306690738754696e-16,6.661338147750939e-16,-12.43749178302404,-3.7699199040102984,-1.5124009278308261
38.7638623714447,1.0000000000000004,-0.5000000000000003,0.7999999999999994,1.0,-0.5,0.8,-4.440892098500626e-16,3.3306690738754696e-16,6.661338147750939e-16,-12.43749178302404,-3.7699199040102984,-1.5124009278308261
38.773786544799805,1.0000000000000004,-0.5000000000000003,0.7999999999999994,1.0,-0.5,0.8,-4.440892098500626e-16,3.3306690738754696e-16,6.661338147750939e-16,-12.43749178302404,-3.7699199040102984,-1.5124009278308261
38.78421115875244,1.0000000000000004,-0.5000000000000003,0.7999999999999994,1.0,-0.5,0.8,-4.440892098500626e-16,3.3306690738754696e-16,6.661338147750939e-16,-12.43749178302404,-3.7699199040102984,-1.5124009278308261
38.79382252693176,1.0000000000000004,-0.5000000000000003,0.7999999999999994,1.0,-0.5,0.8,-4.440892098500626e-16,3.3306690738754696e-16,6.661338147750939e-16,-12.43749178302404,-3.7699199040102984,-1.5124009278308261
38.80378222465515,1.0000000000000004,-0.5000000000000003,0.7999999999999994,1.0,-0.5,0.8,-4.440892098500626e-16,3.3306690738754696e-16,6.661338147750939e-16,-12.43749178302404,-3.7699199040102984,-1.5124009278308261
38.81378507614136,1.0000000000000004,-0.5000000000000003,0.7999999999999994,1.0,-0.5,0.8,-4.440892098500626e-16,3.3306690738754696e-16,6.661338147750939e-16,-12.43749178302404,-3.7699199040102984,-1.5124009278308261
38.823798418045044,1.0000000000000004,-0.5000000000000003,0.7999999999999994,1.0,-0.5,0.8,-4.440892098500626e-16,3.3306690738754696e-16,6.661338147750939e-16,-12.43749178302404,-3.7699199040102984,-1.5124009278308261
38.83379817008972,1.0000000000000004,-0.5000000000000003,0.7999999999999994,1.0,-0.5,0.8,-4.440892098500626e-16,3.3306690738754696e-16,6.661338147750939e-16,-12.43749178302404,-3.7699199040102984,-1.5124009278308261
38.84381151199341,1.0000000000000004,-0.5000000000000003,0.7999999999999994,1.0,-0.5,0.8,-4.440892098500626e-16,3.3306690738754696e-16,6.661338147750939e-16,-12.43749178302404,-3.7699199040102984,-1.5124009278308261
38.85378551483154,1.0000000000000004,-0.5000000000000003,0.7999999999999994,1.0,-0.5,0.8,-4.440892098500626e-16,3.3306690738754696e-16,6.661338147750939e-16,-12.43749178302404,-3.7699199040102984,-1.5124009278308261
38.86377835273743,1.0000000000000004,-0.5000000000000003,0.7999999999999994,1.0,-0.5,0.8,-4.440892098500626e-16,3.3306690738754696e-16,6.661338147750939e-16,-12.43749178302404,-3.7699199040102984,-1.5124009278308261
38.873815059661865,1.0000000000000004,-0.5000000000000003,0.7999999999999994,1.0,-0.5,0.8,-4.440892098500626e-16,3.3306690738754696e-16,6.661338147750939e-16,-12.43749178302404,-3.7699199040102984,-1.5124009278308261
38.88376259803772,1.0000000000000004,-0.5000000000000003,0.7999999999999994,1.0,-0.5,0.8,-4.440892098500626e-16,3.3306690738754696e-16,6.661338147750939e-16,-12.43749178302404,-3.7699199040102984,-1.5124009278308261
38.89374136924744,1.0000000000000004,-0.5000000000000003,0.7999999999999994,1.0,-0.5,0.8,-4.440892098500626e-16,3.3306690738754696e-16,6.661338147750939e-16,-12.43749178302404,-3.7699199040102984,-1.5124009278308261
38.903745889663696,1.0000000000000004,-0.5000000000000003,0.7999999999999994,1.0,-0.5,0.8,-4.440892098500626e-16,3.3306690738754696e-16,6.661338147750939e-16,-12.43749178302404,-3.7699199040102984,-1.5124009278308261
38.913738489151,1.0000000000000004,-0.5000000000000003,0.7999999999999994,1.0,-0.5,0.8,-4.440892098500626e-16,3.3306690738754696e-16,6.661338147750939e-16,-12.43749178302404,-3.7699199040102984,-1.5124009278308261
38.92378044128418,1.0000000000000004,-0.5000000000000003,0.7999999999999994,1.0,-0.5,0.8,-4.440892098500626e-16,3.3306690738754696e-16,6.661338147750939e-16,-12.43749178302404,-3.7699199040102984,-1.5124009278308261
38.933762311935425,1.0000000000000004,-0.5000000000000003,0.7999999999999994,1.0,-0.5,0.8,-4.440892098500626e-16,3.3306690738754696e-16,6.661338147750939e-16,-12.43749178302404,-3.7699199040102984,-1.5124009278308261
38.94376873970032,1.0000000000000004,-0.5000000000000003,0.7999999999999994,1.0,-0.5,0.8,-4.440892098500626e-16,3.3306690738754696e-16,6.661338147750939e-16,-12.43749178302404,-3.7699199040102984,-1.5124009278308261
38.95379281044006,1.0000000000000004,-0.5000000000000003,0.7999999999999994,1.0,-0.5,0.8,-4.440892098500626e-16,3.3306690738754696e-16,6.661338147750939e-16,-12.43749178302404,-3.7699199040102984,-1.5124009278308261
38.963778018951416,1.0000000000000004,-0.5000000000000003,0.7999999999999994,1.0,-0.5,0.8,-4.440892098500626e-16,3.3306690738754696e-16,6.661338147750939e-16,-12.43749178302404,-3.7699199040102984,-1.5124009278308261
38.97375440597534,1.0000000000000004,-0.5000000000000003,0.7999999999999994,1.0,-0.5,0.8,-4.440892098500626e-16,3.3306690738754696e-16,6.661338147750939e-16,-12.43749178302404,-3.7699199040102984,-1.5124009278308261
38.98374557495117,1.0000000000000004,-0.5000000000000003,0.7999999999999994,1.0,-0.5,0.8,-4.440892098500626e-16,3.3306690738754696e-16,6.661338147750939e-16,-12.43749178302404,-3.7699199040102984,-1.5124009278308261
38.99375867843628,1.0000000000000004,-0.5000000000000003,0.7999999999999994,1.0,-0.5,0.8,-4.440892098500626e-16,3.3306690738754696e-16,6.661338147750939e-16,-12.43749178302404,-3.7699199040102984,-1.5124009278308261
39.00377655029297,1.0000000000000004,-0.5000000000000003,0.7999999999999994,1.0,-0.5,0.8,-4.440892098500626e-16,3.3306690738754696e-16,6.661338147750939e-16,-12.43749178302404,-3.7699199040102984,-1.5124009278308261
39.013747692108154,1.0000000000000004,-0.5000000000000003,0.7999999999999994,1.0,-0.5,0.8,-4.440892098500626e-16,3.3306690738754696e-16,6.661338147750939e-16,-12.43749178302404,-3.7699199040102984,-1.5124009278308261
39.0237500667572,1.0000000000000004,-0.5000000000000003,0.7999999999999994,1.0,-0.5,0.8,-4.440892098500626e-16,3.3306690738754696e-16,6.661338147750939e-16,-12.43749178302404,-3.7699199040102984,-1.5124009278308261
39.03378081321716,1.0000000000000004,-0.5000000000000003,0.7999999999999994,1.0,-0.5,0.8,-4.440892098500626e-16,3.3306690738754696e-16,6.661338147750939e-16,-12.43749178302404,-3.7699199040102984,-1.5124009278308261
39.04376769065857,1.0000000000000004,-0.5000000000000003,0.7999999999999994,1.0,-0.5,0.8,-4.440892098500626e-16,3.3306690738754696e-16,6.661338147750939e-16,-12.43749178302404,-3.7699199040102984,-1.5124009278308261
39.05377435684204,1.0000000000000004,-0.5000000000000003,0.7999999999999994,1.0,-0.5,0.8,-4.440892098500626e-16,3.3306690738754696e-16,6.661338147750939e-16,-12.43749178302404,-3.7699199040102984,-1.5124009278308261
39.06383037567139,1.0000000000000004,-0.5000000000000003,0.7999999999999994,1.0,-0.5,0.8,-4.440892098500626e-16,3.3306690738754696e-16,6.661338147750939e-16,-12.43749178302404,-3.7699199040102984,-1.5124009278308261
39.0737886428833,1.0000000000000004,-0.5000000000000003,0.7999999999999994,1.0,-0.5,0.8,-4.440892098500626e-16,3.3306690738754696e-16,6.661338147750939e-16,-12.43749178302404,-3.7699199040102984,-1.5124009278308261
39.0838098526001,1.0000000000000004,-0.5000000000000003,0.7999999999999994,1.0,-0.5,0.8,-4.440892098500626e-16,3.3306690738754696e-16,6.661338147750939e-16,-12.43749178302404,-3.7699199040102984,-1.5124009278308261
39.09380507469177,1.0000000000000004,-0.5000000000000003,0.7999999999999994,1.0,-0.5,0.8,-4.440892098500626e-16,3.3306690738754696e-16,6.661338147750939e-16,-12.43749178302404,-3.7699199040102984,-1.5124009278308261
39.10380792617798,1.0000000000000004,-0.5000000000000003,0.7999999999999994,1.0,-0.5,0.8,-4.440892098500626e-16,3.3306690738754696e-16,6.661338147750939e-16,-12.43749178302404,-3.7699199040102984,-1.5124009278308261
39.11377763748169,1.0000000000000004,-0.5000000000000003,0.7999999999999994,1.0,-0.5,0.8,-4.440892098500626e-16,3.3306690738754696e-16,6.661338147750939e-16,-12.43749178302404,-3.7699199040102984,-1.5124009278308261
39.12380290031433,1.0000000000000004,-0.5000000000000003,0.7999999999999994,1.0,-0.5,0.8,-4.440892098500626e-16,3.3306690738754696e-16,6.661338147750939e-16,-12.43749178302404,-3.7699199040102984,-1.5124009278308261
39.13380432128906,1.0000000000000004,-0.5000000000000003,0.7999999999999994,1.0,-0.5,0.8,-4.440892098500626e-16,3.3306690738754696e-16,6.661338147750939e-16,-12.43749178302404,-3.7699199040102984,-1.5124009278308261
39.143863916397095,1.0000000000000004,-0.5000000000000003,0.7999999999999994,1.0,-0.5,0.8,-4.440892098500626e-16,3.3306690738754696e-16,6.661338147750939e-16,-12.43749178302404,-3.7699199040102984,-1.5124009278308261
39.15380668640137,1.0000000000000004,-0.5000000000000003,0.7999999999999994,1.0,-0.5,0.8,-4.440892098500626e-16,3.3306690738754696e-16,6.661338147750939e-16,-12.43749178302404,-3.7699199040102984,-1.5124009278308261
39.16382932662964,1.0000000000000004,-0.5000000000000003,0.7999999999999994,1.0,-0.5,0.8,-4.440892098500626e-16,3.3306690738754696e-16,6.661338147750939e-16,-12.43749178302404,-3.7699199040102984,-1.5124009278308261
39.17400550842285,1.0000000000000004,-0.5000000000000003,0.7999999999999994,1.0,-0.5,0.8,-4.440892098500626e-16,3.3306690738754696e-16,6.661338147750939e-16,-12.43749178302404,-3.7699199040102984,-1.5124009278308261
39.18384504318237,1.0000000000000004,-0.5000000000000003,0.7999999999999994,1.0,-0.5,0.8,-4.440892098500626e-16,3.3306690738754696e-16,6.661338147750939e-16,-12.43749178302404,-3.7699199040102984,-1.5124009278308261
39.19382691383362,1.0000000000000004,-0.5000000000000003,0.7999999999999994,1.0,-0.5,0.8,-4.440892098500626e-16,3.3306690738754696e-16,6.661338147750939e-16,-12.43749178302404,-3.7699199040102984,-1.5124009278308261
39.20381569862366,1.0000000000000004,-0.5000000000000003,0.7999999999999994,1.0,-0.5,0.8,-4.440892098500626e-16,3.3306690738754696e-16,6.661338147750939e-16,-12.43749178302404,-3.7699199040102984,-1.5124009278308261
39.21379089355469,1.0000000000000004,-0.5000000000000003,0.7999999999999994,1.0,-0.5,0.8,-4.440892098500626e-16,3.3306690738754696e-16,6.661338147750939e-16,-12.43749178302404,-3.7699199040102984,-1.5124009278308261
39.22374963760376,1.0000000000000004,-0.5000000000000003,0.7999999999999994,1.0,-0.5,0.8,-4.440892098500626e-16,3.3306690738754696e-16,6.661338147750939e-16,-12.43749178302404,-3.7699199040102984,-1.5124009278308261
39.23376107215881,1.0000000000000004,-0.5000000000000003,0.7999999999999994,1.0,-0.5,0.8,-4.440892098500626e-16,3.3306690738754696e-16,6.661338147750939e-16,-12.43749178302404,-3.7699199040102984,-1.5124009278308261
39.2437527179718,1.0000000000000004,-0.5000000000000003,0.7999999999999994,1.0,-0.5,0.8,-4.440892098500626e-16,3.3306690738754696e-16,6.661338147750939e-16,-12.43749178302404,-3.7699199040102984,-1.5124009278308261
39.25375008583069,1.0000000000000004,-0.5000000000000003,0.7999999999999994,1.0,-0.5,0.8,-4.440892098500626e-16,3.3306690738754696e-16,6.661338147750939e-16,-12.43749178302404,-3.7699199040102984,-1.5124009278308261
39.26374268531799,1.0000000000000004,-0.5000000000000003,0.7999999999999994,1.0,-0.5,0.8,-4.440892098500626e-16,3.3306690738754696e-16,6.661338147750939e-16,-12.43749178302404,-3.7699199040102984,-1.5124009278308261
39.27375793457031,1.0000000000000004,-0.5000000000000003,0.7999999999999994,1.0,-0.5,0.8,-4.440892098500626e-16,3.3306690738754696e-16,6.661338147750939e-16,-12.43749178302404,-3.7699199040102984,-1.5124009278308261
39.283777713775635,1.0000000000000004,-0.5000000000000003,0.7999999999999994,1.0,-0.5,0.8,-4.440892098500626e-16,3.3306690738754696e-16,6.661338147750939e-16,-12.43749178302404,-3.7699199040102984,-1.5124009278308261
39.2938277721405,1.0000000000000004,-0.5000000000000003,0.7999999999999994,1.0,-0.5,0.8,-4.440892098500626e-16,3.3306690738754696e-16,6.661338147750939e-16,-12.43749178302404,-3.7699199040102984,-1.5124009278308261
39.30381178855896,1.0000000000000004,-0.5000000000000003,0.7999999999999994,1.0,-0.5,0.8,-4.440892098500626e-16,3.3306690738754696e-16,6.661338147750939e-16,-12.43749178302404,-3.7699199040102984,-1.5124009278308261
39.313806772232056,1.0000000000000004,-0.5000000000000003,0.7999999999999994,1.0,-0.5,0.8,-4.440892098500626e-16,3.3306690738754696e-16,6.661338147750939e-16,-12.43749178302404,-3.7699199040102984,-1.5124009278308261
39.32379460334778,1.0000000000000004,-0.5000000000000003,0.7999999999999994,1.0,-0.5,0.8,-4.440892098500626e-16,3.3306690738754696e-16,6.661338147750939e-16,-12.43749178302404,-3.7699199040102984,-1.5124009278308261
39.33379530906677,1.0000000000000004,-0.5000000000000003,0.7999999999999994,1.0,-0.5,0.8,-4.440892098500626e-16,3.3306690738754696e-16,6.661338147750939e-16,-12.43749178302404,-3.7699199040102984,-1.5124009278308261
39.34381914138794,1.0000000000000004,-0.5000000000000003,0.7999999999999994,1.0,-0.5,0.8,-4.440892098500626e-16,3.3306690738754696e-16,6.661338147750939e-16,-12.43749178302404,-3.7699199040102984,-1.5124009278308261
39.35377836227417,1.0000000000000004,-0.5000000000000003,0.7999999999999994,1.0,-0.5,0.8,-4.440892098500626e-16,3.3306690738754696e-16,6.661338147750939e-16,-12.43749178302404,-3.7699199040102984,-1.5124009278308261
39.36378860473633,1.0000000000000004,-0.5000000000000003,0.7999999999999994,1.0,-0.5,0.8,-4.440892098500626e-16,3.3306690738754696e-16,6.661338147750939e-16,-12.43749178302404,-3.7699199040102984,-1.5124009278308261
39.37378668785095,1.0000000000000004,-0.5000000000000003,0.7999999999999994,1.0,-0.5,0.8,-4.440892098500626e-16,3.3306690738754696e-16,6.661338147750939e-16,-12.43749178302404,-3.7699199040102984,-1.5124009278308261
39.38378953933716,1.0000000000000004,-0.5000000000000003,0.7999999999999994,1.0,-0.5,0.8,-4.440892098500626e-16,3.3306690738754696e-16,6.661338147750939e-16,-12.43749178302404,-3.7699199040102984,-1.5124009278308261
39.39378523826599,1.0000000000000004,-0.5000000000000003,0.7999999999999994,1.0,-0.5,0.8,-4.440892098500626e-16,3.3306690738754696e-16,6.661338147750939e-16,-12.43749178302404,-3.7699199040102984,-1.5124009278308261
39.40374493598938,1.0000000000000004,-0.5000000000000003,0.7999999999999994,1.0,-0.5,0.8,-4.440892098500626e-16,3.3306690738754696e-16,6.661338147750939e-16,-12.43749178302404,-3.7699199040102984,-1.5124009278308261
39.41374468803406,1.0000000000000004,-0.5000000000000003,0.7999999999999994,1.0,-0.5,0.8,-4.440892098500626e-16,3.3306690738754696e-16,6.661338147750939e-16,-12.43749178302404,-3.7699199040102984,-1.5124009278308261
39.4237596988678,1.0000000000000004,-0.5000000000000003,0.7999999999999994,1.0,-0.5,0.8,-4.440892098500626e-16,3.3306690738754696e-16,6.661338147750939e-16,-12.43749178302404,-3.7699199040102984,-1.5124009278308261
39.43376278877258,1.0000000000000004,-0.5000000000000003,0.7999999999999994,1.0,-0.5,0.8,-4.440892098500626e-16,3.3306690738754696e-16,6.661338147750939e-16,-12.43749178302404,-3.7699199040102984,-1.5124009278308261
39.443774938583374,1.0000000000000004,-0.5000000000000003,0.7999999999999994,1.0,-0.5,0.8,-4.440892098500626e-16,3.3306690738754696e-16,6.661338147750939e-16,-12.43749178302404,-3.7699199040102984,-1.5124009278308261
39.453810691833496,1.0000000000000004,-0.5000000000000003,0.7999999999999994,1.0,-0.5,0.8,-4.440892098500626e-16,3.3306690738754696e-16,6.661338147750939e-16,-12.43749178302404,-3.7699199040102984,-1.5124009278308261
39.46380257606506,1.0000000000000004,-0.5000000000000003,0.7999999999999994,1.0,-0.5,0.8,-4.440892098500626e-16,3.3306690738754696e-16,6.661338147750939e-16,-12.43749178302404,-3.7699199040102984,-1.5124009278308261
39.47380352020264,1.0000000000000004,-0.5000000000000003,0.7999999999999994,1.0,-0.5,0.8,-4.440892098500626e-16,3.3306690738754696e-16,6.661338147750939e-16,-12.43749178302404,-3.7699199040102984,-1.5124009278308261
39.4837851524353,1.0000000000000004,-0.5000000000000003,0.7999999999999994,1.0,-0.5,0.8,-4.440892098500626e-16,3.3306690738754696e-16,6.661338147750939e-16,-12.43749178302404,-3.7699199040102984,-1.5124009278308261
39.49375057220459,1.0000000000000004,-0.5000000000000003,0.7999999999999994,1.0,-0.5,0.8,-4.440892098500626e-16,3.3306690738754696e-16,6.661338147750939e-16,-12.43749178302404,-3.7699199040102984,-1.5124009278308261
39.503870487213135,1.0000000000000004,-0.5000000000000003,0.7999999999999994,1.0,-0.5,0.8,-4.440892098500626e-16,3.3306690738754696e-16,6.661338147750939e-16,-12.43749178302404,-3.7699199040102984,-1.5124009278308261
39.513747453689575,1.0000000000000004,-0.5000000000000003,0.7999999999999994,1.0,-0.5,0.8,-4.440892098500626e-16,3.3306690738754696e-16,6.661338147750939e-16,-12.43749178302404,-3.7699199040102984,-1.5124009278308261
39.5237512588501,1.0000000000000004,-0.5000000000000003,0.7999999999999994,1.0,-0.5,0.8,-4.440892098500626e-16,3.3306690738754696e-16,6.661338147750939e-16,-12.43749178302404,-3.7699199040102984,-1.5124009278308261
39.53375196456909,1.0000000000000004,-0.5000000000000003,0.7999999999999994,1.0,-0.5,0.8,-4.440892098500626e-16,3.3306690738754696e-16,6.661338147750939e-16,-12.43749178302404,-3.7699199040102984,-1.5124009278308261
39.543784379959106,1.0000000000000004,-0.5000000000000003,0.7999999999999994,1.0,-0.5,0.8,-4.440892098500626e-16,3.3306690738754696e-16,6.661338147750939e-16,-12.43749178302404,-3.7699199040102984,-1.5124009278308261
39.55377173423767,1.0000000000000004,-0.5000000000000003,0.7999999999999994,1.0,-0.5,0.8,-4.440892098500626e-16,3.3306690738754696e-16,6.661338147750939e-16,-12.43749178302404,-3.7699199040102984,-1.5124009278308261
39.56379055976868,1.0000000000000004,-0.5000000000000003,0.7999999999999994,1.0,-0.5,0.8,-4.440892098500626e-16,3.3306690738754696e-16,6.661338147750939e-16,-12.43749178302404,-3.7699199040102984,-1.5124009278308261
39.573781967163086,1.0000000000000004,-0.5000000000000003,0.7999999999999994,1.0,-0.5,0.8,-4.440892098500626e-16,3.3306690738754696e-16,6.661338147750939e-16,-12.43749178302404,-3.7699199040102984,-1.5124009278308261
39.5838258266449,1.0000000000000004,-0.5000000000000003,0.7999999999999994,1.0,-0.5,0.8,-4.440892098500626e-16,3.3306690738754696e-16,6.661338147750939e-16,-12.43749178302404,-3.7699199040102984,-1.5124009278308261
39.59379291534424,1.0000000000000004,-0.5000000000000003,0.7999999999999994,1.0,-0.5,0.8,-4.440892098500626e-16,3.3306690738754696e-16,6.661338147750939e-16,-12.43749178302404,-3.7699199040102984,-1.5124009278308261
39.60383915901184,1.0000000000000004,-0.5000000000000003,0.7999999999999994,1.0,-0.5,0.8,-4.440892098500626e-16,3.3306690738754696e-16,6.661338147750939e-16,-12.43749178302404,-3.7699199040102984,-1.5124009278308261
39.6137957572937,1.0000000000000004,-0.5000000000000003,0.7999999999999994,1.0,-0.5,0.8,-4.440892098500626e-16,3.3306690738754696e-16,6.661338147750939e-16,-12.43749178302404,-3.7699199040102984,-1.5124009278308261
39.62428522109985,1.0000000000000004,-0.5000000000000003,0.7999999999999994,1.0,-0.5,0.8,-4.440892098500626e-16,3.3306690738754696e-16,6.661338147750939e-16,-12.43749178302404,-3.7699199040102984,-1.5124009278308261
39.633805990219116,1.0000000000000004,-0.5000000000000003,0.7999999999999994,1.0,-0.5,0.8,-4.440892098500626e-16,3.3306690738754696e-16,6.661338147750939e-16,-12.43749178302404,-3.7699199040102984,-1.5124009278308261
39.64379668235779,1.0000000000000004,-0.5000000000000003,0.7999999999999994,1.0,-0.5,0.8,-4.440892098500626e-16,3.3306690738754696e-16,6.661338147750939e-16,-12.43749178302404,-3.7699199040102984,-1.5124009278308261
39.65382099151611,1.0000000000000004,-0.5000000000000003,0.7999999999999994,1.0,-0.5,0.8,-4.440892098500626e-16,3.3306690738754696e-16,6.661338147750939e-16,-12.43749178302404,-3.7699199040102984,-1.5124009278308261
39.663806200027466,1.0000000000000004,-0.5000000000000003,0.7999999999999994,1.0,-0.5,0.8,-4.440892098500626e-16,3.3306690738754696e-16,6.661338147750939e-16,-12.43749178302404,-3.7699199040102984,-1.5124009278308261
39.67380213737488,1.0000000000000004,-0.5000000000000003,0.7999999999999994,1.0,-0.5,0.8,-4.440892098500626e-16,3.3306690738754696e-16,6.661338147750939e-16,-12.43749178302404,-3.7699199040102984,-1.5124009278308261
39.683799743652344,1.0000000000000004,-0.5000000000000003,0.7999999999999994,1.0,-0.5,0.8,-4.440892098500626e-16,3.3306690738754696e-16,6.661338147750939e-16,-12.43749178302404,-3.7699199040102984,-1.5124009278308261
39.69379997253418,1.0000000000000004,-0.5000000000000003,0.7999999999999994,1.0,-0.5,0.8,-4.440892098500626e-16,3.3306690738754696e-16,6.661338147750939e-16,-12.43749178302404,-3.7699199040102984,-1.5124009278308261
39.7038140296936,1.0000000000000004,-0.5000000000000003,0.7999999999999994,1.0,-0.5,0.8,-4.440892098500626e-16,3.3306690738754696e-16,6.661338147750939e-16,-12.43749178302404,-3.7699199040102984,-1.5124009278308261
39.71380019187927,1.0000000000000004,-0.5000000000000003,0.7999999999999994,1.0,-0.5,0.8,-4.440892098500626e-16,3.3306690738754696e-16,6.661338147750939e-16,-12.43749178302404,-3.7699199040102984,-1.5124009278308261
39.72379541397095,1.0000000000000004,-0.5000000000000003,0.7999999999999994,1.0,-0.5,0.8,-4.440892098500626e-16,3.3306690738754696e-16,6.661338147750939e-16,-12.43749178302404,-3.7699199040102984,-1.5124009278308261
39.73383808135986,1.0000000000000004,-0.5000000000000003,0.7999999999999994,1.0,-0.5,0.8,-4.440892098500626e-16,3.3306690738754696e-16,6.661338147750939e-16,-12.43749178302404,-3.7699199040102984,-1.5124009278308261
39.743767738342285,1.0000000000000004,-0.5000000000000003,0.7999999999999994,1.0,-0.5,0.8,-4.440892098500626e-16,3.3306690738754696e-16,6.661338147750939e-16,-12.43749178302404,-3.7699199040102984,-1.5124009278308261
39.753827810287476,1.0000000000000004,-0.5000000000000003,0.7999999999999994,1.0,-0.5,0.8,-4.440892098500626e-16,3.3306690738754696e-16,6.661338147750939e-16,-12.43749178302404,-3.7699199040102984,-1.5124009278308261
39.76382875442505,1.0000000000000004,-0.5000000000000003,0.7999999999999994,1.0,-0.5,0.8,-4.440892098500626e-16,3.3306690738754696e-16,6.661338147750939e-16,-12.43749178302404,-3.7699199040102984,-1.5124009278308261
39.773841857910156,1.0000000000000004,-0.5000000000000003,0.7999999999999994,1.0,-0.5,0.8,-4.440892098500626e-16,3.3306690738754696e-16,6.661338147750939e-16,-12.43749178302404,-3.7699199040102984,-1.5124009278308261
39.78378129005432,1.0000000000000004,-0.5000000000000003,0.7999999999999994,1.0,-0.5,0.8,-4.440892098500626e-16,3.3306690738754696e-16,6.661338147750939e-16,-12.43749178302404,-3.7699199040102984,-1.5124009278308261
