time,q1,q2,q3,qd1,qd2,qd3,e1,e2,e3,tau1,tau2,tau3
0.0004088878631591797,0.0,0.0,0.0,2.0444393157958987e-06,-1.0222196578979493e-06,1.6355514526367188e-06,2.0444393157958987e-06,-1.0222196578979493e-06,1.6355514526367188e-06,0.0033438941776037226,0.001501024393486977,0.0004367393540024759
0.009723663330078125,2.6046156883239745e-07,-1.3023078441619849e-07,2.0836925506591727e-07,4.861831665039063e-05,-2.4309158325195314e-05,3.8894653320312506e-05,4.835785508155823e-05,-2.4178927540779116e-05,3.868628406524659e-05,0.07930183268576498,0.03559798741646575,0.010357422761099983
0.01973581314086914,6.698175046205524e-06,-3.349087523102766e-06,5.358540036964416e-06,0.0001960371971130371,-9.801859855651855e-05,0.0001568297576904297,0.00018933902206683158,-9.466951103341579e-05,0.0001514712176534653,1.4410759647712752,0.6468923278656517,0.18821524817324764
0.029729366302490234,0.0001253913979589048,-6.269569897945241e-05,0.00010031311836712387,0.00044323415756225576,-0.00022161707878112788,0.0003545873260498047,0.00031784275960335096,-0.00015892137980167548,0.0002542742076826808,1.4309852710270363,0.642624085178027,0.1868829446304
0.03972506523132324,0.00035569001144629864,-0.00017784500572314937,0.00028455200915703915,0.0007903772830963135,-0.00039518864154815676,0.0006323018264770508,0.0004346872716500149,-0.0002173436358250074,0.00034774981732001164,1.4196496773559575,0.638042725487121,0.18537453572082577
0.04973721504211426,0.0006969746810591352,-0.00034848734052956703,0.0005575797448473079,0.0012381746768951416,-0.0006190873384475708,0.0009905397415161134,0.0005411999958360063,-0.00027059999791800377,0.00043295999666880555,1.4071863500468413,0.6331994477846581,0.18370541707291685
0.05973172187805176,0.0011486652794548925,-0.0005743326397274441,0.0009189322235639121,0.0017852447032928463,-0.0008926223516464232,0.0014281957626342773,0.0006365794238379538,-0.0003182897119189791,0.0005092635390703652,1.3932849777121783,0.6279536325559764,0.1818351570211292
0.06972241401672363,0.0017101960596828045,-0.0008550980298413989,0.0013681568477462403,0.002431956911087036,-0.001215978455543518,0.0019455655288696289,0.0007217608514042315,-0.0003608804257021191,0.0005774086811233886,1.378066279225813,0.6223581589880876,0.17977962740138664
0.07973933219909668,0.0023810244211102858,-0.0011905122105551375,0.0019048195368882232,0.0031804499149322507,-0.0015902249574661254,0.002544359931945801,0.000799425493821965,-0.0003997127469109879,0.0006395403950575777,1.3617974506513117,0.6165316928964055,0.17757383742799995
0.08970928192138672,0.0031606511135392015,-0.001580325556769593,0.0025285208908313534,0.00402528896331787,-0.002012644481658935,0.0032202311706542963,0.0008646378497786686,-0.0004323189248893421,0.0006917102798229429,1.3437932110047501,0.6101654272391915,0.17512839899946378
0.09972953796386719,0.004048566303030705,-0.0020242831515153432,0.0032388530424245546,0.004974306106567383,-0.0024871530532836915,0.003979444885253907,0.0009257398035366782,-0.00046286990176834823,0.0007405918428293524,1.3249657891927218,0.6036676146332822,0.1725625816786334
0.10972476005554199,0.005044320060343045,-0.0025221600301715123,0.004035456048274427,0.006021099805831908,-0.003010549902915954,0.004816879844665528,0.000976779745488863,-0.0004883898727444419,0.0007814237963911013,1.3045852445253048,0.5967094786527871,0.16978117650965974
0.11972332000732422,0.006147465008293837,-0.0030737325041469074,0.00491797200663506,0.007168181800842284,-0.003584090900421142,0.005734545440673828,0.0010207167925484466,-0.0005103583962742346,0.0008165734340387677,1.2829240152310626,0.5894121860612586,0.16681990176064815
0.12971258163452148,0.007357577050571317,-0.0036787885252856463,0.005886061640457043,0.008414072704315186,-0.004207036352157593,0.006731258163452149,0.0010564956537438691,-0.0005282478268719467,0.0008451965229951059,1.259853091918977,0.581716735522385,0.1636620498320467
0.1397414207458496,0.00867424485902362,-0.004337122429511797,0.006939395887218885,0.009765091800689697,-0.0048825459003448484,0.0078120734405517575,0.0010908469416660762,-0.0005454234708330511,0.0008726775533328722,1.2358508477249148,0.5738367823381219,0.16037024971398453
0.1497206687927246,0.010097106686834782,-0.005048553343417377,0.008077685349467813,0.011209496974945065,-0.0056047484874725325,0.008967597579956053,0.0011123902881102835,-0.0005561951440551556,0.0008899122304882393,1.21001246862974,0.5653651840577479,0.15682647927802856
0.15976762771606445,0.01162577950009339,-0.005812889750046679,0.009300623600074697,0.01276398229598999,-0.006381991147994995,0.010211185836791993,0.0011382027958966,-0.0005691013979483156,0.0009105622367172952,1.183531552163044,0.5568366781479881,0.15318679666877638
0.1697378158569336,0.013259951535066504,-0.006629975767533234,0.010607961228053187,0.014406739616394043,-0.007203369808197022,0.011525391693115235,0.0011467880813275395,-0.000573394040663788,0.0009174304650620482,1.1549062741539924,0.5475762117082045,0.14925522003993708
0.17973804473876953,0.014999264985132226,-0.007499632492566093,0.011999411988105762,0.016154157829284664,-0.008077078914642332,0.012923326263427732,0.0011548928441524383,-0.0005774464220762391,0.0009239142753219697,1.1252605865811351,0.5380872814233972,0.14517872758370892
0.1898024082183838,0.016843403162272848,-0.008421701581136401,0.013474722529818258,0.018013445520401,-0.0090067227602005,0.014410756416320803,0.0011700423581281517,-0.0005850211790640984,0.0009360338865025443,1.0949387079788957,0.5285234431209109,0.14100246565346541
0.19974589347839355,0.01879211697097033,-0.00939605848548514,0.015033693576776242,0.019950449228286746,-0.009975224614143373,0.015960359382629397,0.0011583322573164162,-0.0005791661286582324,0.0009266658058531552,1.061952753709412,0.5179915503749446,0.13646699506681878
0.20975804328918457,0.020845069803893793,-0.01042253490194687,0.01667605584311501,0.02200039887428283,-0.011000199437141416,0.017600319099426266,0.0011553290703890384,-0.0005776645351945452,0.000924263256311255,1.0283728972223511,0.5074198298367844,0.13184290495610373
0.2197580337524414,0.023001998430205645,-0.011500999215102795,0.018401598744164492,0.024147977256774904,-0.012073988628387452,0.019318381805419924,0.0011459788265692598,-0.0005729894132846577,0.0009167830612554322,0.9932941592131213,0.4964011592574412,0.12701221673325241
0.22977924346923828,0.025262642223492702,-0.012631321111746321,0.020210113778794135,0.026400329780578612,-0.013200164890289306,0.02112026382446289,0.0011376875570859105,-0.0005688437785429847,0.0009101500456687554,0.9570839118313353,0.48509953464327893,0.1220231392908468
0.23975801467895508,0.02762677149847366,-0.013813385749236799,0.0221014171987789,0.02874313344955444,-0.01437156672477722,0.02299450675964355,0.0011163619510807798,-0.0005581809755404211,0.0008930895608646496,0.919022795693897,0.47319119391879555,0.1167819577029642
0.24973177909851074,0.030094131230504,-0.015047065615251968,0.024075304984403172,0.031184285879135132,-0.015592142939567566,0.024947428703308107,0.0010901546486311309,-0.0005450773243155984,0.0008721237189049345,0.8795433120405232,0.4608693416682418,0.11134541019790635
0.2597644329071045,0.032664474466508914,-0.016332237233254422,0.026131579573207102,0.033739930391311644,-0.016869965195655822,0.02699194431304932,0.0010754559248027304,-0.0005377279624013999,0.0008603647398422176,0.8393712147037918,0.44845879922104276,0.10580854978400563
0.26973581314086914,0.03533761858752041,-0.017668809293760166,0.028270094870016298,0.03637999048233032,-0.01818999524116516,0.02910399238586426,0.001042371894809914,-0.0005211859474049951,0.0008338975158479617,0.7970981996568822,0.43532659981979815,0.09998772091889212
0.2797119617462158,0.03811333540588382,-0.019056667702941867,0.030490668324707024,0.03912078948020935,-0.019560394740104674,0.031296631584167484,0.0010074540743255297,-0.0005037270371628065,0.0008059632594604599,0.7535128560499376,0.4218257718101045,0.09398620540120096
0.28972315788269043,0.040991412335224596,-0.020495706167612253,0.032793129868179643,0.041971099996566764,-0.020985549998283382,0.0335768799972534,0.0009796876613421684,-0.0004898438306711293,0.0007837501290737584,0.708966645091322,0.40811312685147016,0.08785021219362794
0.2997457981109619,0.04397167952607424,-0.02198583976303707,0.03517734362085936,0.04492501044273375,-0.022462505221366873,0.035940008354186995,0.0009533309166595075,-0.0004766654583298023,0.0007626647333276379,0.6631622279994803,0.39405432139563024,0.08154122892634323
0.3097255229949951,0.04705398650578497,-0.023526993252892436,0.03764318920462794,0.04796628451347352,-0.02398314225673676,0.038373027610778807,0.0009122980076885501,-0.0004561490038443236,0.0007298384061508664,0.6154387329340398,0.37935187029751183,0.07497327733002121
0.3197329044342041,0.05023815051291851,-0.025119075256459206,0.040190520410334774,0.0511158648967743,-0.02555793244838715,0.040892691917419434,0.0008777143838557891,-0.0004388571919279431,0.0007021715070846604,0.5666689708534165,0.3643965784456069,0.06826069758537767
0.32974743843078613,0.05352402426478748,-0.02676201213239369,0.04281921941182995,0.054367917490005496,-0.027183958745002748,0.0434943339920044,0.0008438932252180162,-0.00042194661260905666,0.0006751145801744476,0.5165872439778783,0.3490682730417205,0.06136916062496345
0.3397181034088135,0.05691147506985181,-0.028455737534925855,0.04552918005588141,0.05770556464195251,-0.028852782320976256,0.04616445171356202,0.0007940895721007049,-0.00039704478605040103,0.0006352716576806042,0.4645552079919336,0.3330795470375788,0.05421568386080121
0.34972047805786133,0.06040033491496254,-0.030200167457481223,0.04832026793197,0.061153564929962156,-0.030576782464981078,0.04892285194396973,0.0007532300149996132,-0.0003766150074998552,0.0006025840119997308,0.41153753408254523,0.3168623594403987,0.04692665531167356
0.35972118377685547,0.06399047539000985,-0.031995237695004876,0.051192380312007846,0.06470102024078368,-0.03235051012039184,0.051760816192626936,0.0007105448507738338,-0.00035527242538696546,0.0005684358806190906,0.3570955173938949,0.30021884009125566,0.03944521059149528
0.36971020698547363,0.0676817733200319,-0.033840886660015904,0.05414541865602549,0.06834422554969787,-0.03417211277484893,0.0546753804397583,0.0006624522296659607,-0.00033122611483302894,0.0005299617837328102,0.3011002056420744,0.2830901348468057,0.0317549536942551
0.37972521781921387,0.07147410052392106,-0.03573705026196048,0.057179280419136815,0.0720969566822052,-0.0360484783411026,0.05767756534576417,0.0006228561582841408,-0.00031142807914211895,0.0004982849266273529,0.2440423399229219,0.26569545206367057,0.023920440273239668
0.389817476272583,0.07536736184234444,-0.03768368092117217,0.06029388947387552,0.07597972836494446,-0.03798986418247223,0.060783782691955564,0.0006123665226000219,-0.0003061832613000595,0.0004898932180800453,0.18657762402357259,0.24832801931728304,0.01602779972634774
0.3997616767883301,0.07936154605697034,-0.03968077302848512,0.06348923684557624,0.07990586233139038,-0.03995293116569519,0.06392468986511232,0.0005443162744200453,-0.0002721581372100712,0.0004354530195360834,0.1256995129496674,0.22963774538389836,0.007684914254739772
0.4097254276275635,0.08345649152523651,-0.04172824576261821,0.06676519322018919,0.08393879818916321,-0.041969399094581604,0.06715103855133057,0.0004823066639266932,-0.00024115333196339517,0.00038584533114138786,0.06370941164302746,0.2106562769664751,-0.0008071663208755187
0.419741153717041,0.08765206521683283,-0.04382603260841636,0.07012165217346623,0.088092578792572,-0.044046289396286,0.0704740630340576,0.00044051357573916816,-0.0002202567878696396,0.0003524108605913595,0.0010322001524452062,0.1915730455891348,-0.009392384694200867
0.42974162101745605,0.09194819557384516,-0.045974097786922526,0.0735585564590761,0.09234018893241878,-0.04617009446620939,0.07387215114593504,0.0003919933585736224,-0.0001959966792868667,0.0003135946868589451,-0.06327051607925971,0.1719658304900712,-0.018192683524294095
0.43974781036376953,0.09634479919013592,-0.0481723995950679,0.0770758393521087,0.09669029750823974,-0.04834514875411987,0.07735223800659181,0.0003454983181038207,-0.00017274915905196586,0.0002763986544831176,-0.12890377575080003,0.15196582025003397,-0.027168934439483233
0.44972968101501465,0.10084180357234511,-0.0504209017861725,0.08067344285787605,0.10112970805168152,-0.05056485402584076,0.08090376644134523,0.0002879044793364094,-0.0001439522396682602,0.00023032358346918025,-0.19628549618692448,0.13138431299012482,-0.03637506902249352
0.4597792625427246,0.1054391143404795,-0.0527195571702397,0.08435129147238356,0.1056995644569397,-0.05284978222846985,0.08455965156555176,0.000260450116460198,-0.0001302250582301545,0.00020836009316820003,-0.264119272400422,0.11080166462872809,-0.04564112928220854
0.4697878360748291,0.11013671601211127,-0.05506835800605558,0.08810937280968897,0.11035134377479554,-0.05517567188739777,0.08828107501983642,0.00021462776268427186,-0.00010731388134219144,0.0001717022101474508,-0.333970561738933,0.08951431091082329,-0.0551708103411743
0.479750394821167,0.11493454979825787,-0.05746727489912888,0.09194763983860627,0.1150814375400543,-0.05754071877002715,0.09206515003204345,0.00014688774179642816,-7.344387089826959e-05,0.00011751019343718416,-0.4058868949694945,0.06749970118174708,-0.06496960929159976
0.4897325038909912,0.11983250962638879,-0.05991625481319434,0.095866007701111,0.11992026438713072,-0.05996013219356536,0.09593621150970458,8.775476074192323e-05,-4.387738037101713e-05,7.020380859357189e-05,-0.4789025610048805,0.04518964696047467,-0.07491068151455896
0.4997982978820801,0.12483051709060168,-0.06241525854530079,0.09986441367248132,0.12490015745162963,-0.06245007872581482,0.09992012596130372,6.964036102795335e-05,-3.4820180514025245e-05,5.571228882239598e-05,-0.5521006284937027,0.022993914889568035,-0.08487348133531367
0.5097231864929199,0.12992859264769882,-0.06496429632384937,0.10394287411815903,0.12986159324645996,-0.06493079662322998,0.10388927459716797,-6.699940123885972e-05,3.349970061938823e-05,-5.359952099105725e-05,-1.9905368801843557,-0.6113035344639881,-0.2731072540502115
0.5197162628173828,0.13502040283018618,-0.06751020141509305,0.10801632226414892,0.1348581314086914,-0.0674290657043457,0.10788650512695312,-0.00016227142149477514,8.113571074734593e-05,-0.00012981713719580068,-2.0610824445966416,-0.6319755570804588,-0.2827932489380946
0.5297439098358154,0.14010624833771884,-0.07005312416885938,0.11208499867017506,0.13987195491790771,-0.06993597745895386,0.11189756393432618,-0.00023429341981112684,0.00011714670990552178,-0.00018743473584888204,-2.1314364997938715,-0.6525828120552005,-0.2924483729671219
0.539757251739502,0.14518643411575563,-0.07259321705787777,0.11614914729260449,0.14487862586975098,-0.07243931293487549,0.1159029006958008,-0.00030780824600465384,0.0001539041230022853,-0.0002462465968036953,-2.201922587748335,-0.6732700672320957,-0.3021146860485382
0.5497519969940186,0.1502612443443745,-0.0751306221721872,0.12020899547549958,0.14987599849700928,-0.07493799924850464,0.11990079879760743,-0.00038524584736521206,0.0001926229236825644,-0.00030819667789215577,-2.2725574791836793,-0.6940445139182527,-0.3117942103714989
0.5597360134124756,0.15533094132069727,-0.0776654706603486,0.12426475305655782,0.1548680067062378,-0.0774340033531189,0.12389440536499025,-0.0004629346144594815,0.0002314673072296991,-0.0003703476915675741,-2.3432784973129506,-0.7148777626778343,-0.3214785967355208
0.5697002410888672,0.160395770513502,-0.08019788525675096,0.1283166164108016,0.1598501205444336,-0.0799250602722168,0.12788009643554688,-0.000545649969068418,0.00027282498453416737,-0.0004365199752547344,-2.4141350951451295,-0.735791736894941,-0.33117413353097036
0.5797770023345947,0.16545595685135242,-0.08272797842567617,0.13236476548108192,0.1648885011672973,-0.08244425058364865,0.13191080093383786,-0.0005674556840551126,0.00028372784202751467,-0.00045396454724405677,-2.484267301196767,-0.7564007413168432,-0.34076837495008905
0.5897424221038818,0.17051177195696662,-0.08525588597848327,0.1364094175655733,0.16987121105194086,-0.08493560552597043,0.13589696884155267,-0.000640560905025761,0.0003202804525128389,-0.0005124487240206199,-2.555153297922731,-0.7773671877235157,-0.35045409365845803
0.5997219085693359,0.17556341898700098,-0.08778170949350045,0.14045073518960077,0.1748609542846679,-0.08743047714233396,0.13988876342773432,-0.0007024647023330666,0.00035123235116649165,-0.0005619717618664533,-2.6259378332081207,-0.7983074618106112,-0.36011950837712337
0.6097908020019531,0.18061109946003484,-0.09030554973001738,0.14448887956802786,0.17989540100097656,-0.08994770050048828,0.14391632080078123,-0.0007156984590582782,0.0003578492295290975,-0.0005725587672466281,-2.6961409776894723,-0.8190063772887998,-0.3697017829196959
0.6197216510772705,0.1856550508287139,-0.0928275254143569,0.14852404066297112,0.18486082553863525,-0.09243041276931763,0.1478886604309082,-0.0007942252900786373,0.000397112645039277,-0.0006353802320629154,-2.767253541669705,-0.8401318633613533,-0.3793953328012104
0.6297316551208496,0.19069543024560234,-0.09534771512280113,0.1525563441964819,0.1898658275604248,-0.0949329137802124,0.15189266204833984,-0.0008296026851775384,0.0004148013425887276,-0.000663682148142053,-2.8378218900910963,-0.8610323540565926,-0.3890102837432834
0.6397597789764404,0.19573242808065827,-0.0978662140403291,0.15658594246452665,0.19487988948822021,-0.09743994474411011,0.15590391159057618,-0.0008525385924380569,0.0004262692962189868,-0.0006820308739504677,-2.9082675368297086,-0.8818967010826657,-0.3986014507928622
0.6497914791107178,0.20076623511394623,-0.10038311755697307,0.160612988091157,0.1998957395553589,-0.09994786977767944,0.15991659164428712,-0.000870495558587342,0.00043524777929362934,-0.0006963964468698902,-2.97868753310434,-0.9027682864021868,-0.40818132357326337
0.6597447395324707,0.2057970350471718,-0.10289851752358586,0.16463762803773746,0.20487236976623535,-0.10243618488311768,0.1638978958129883,-0.0009246652809364597,0.00046233264046818823,-0.0007397322247491567,-3.049604425262923,-0.9238810520606204,-0.41781794340270995
0.6697807312011719,0.2108249637593366,-0.10541248187966826,0.1686599710074693,0.20989036560058594,-0.10494518280029297,0.16791229248046877,-0.0009345981587506602,0.0004672990793752885,-0.0007476785270005282,-3.1199498391311233,-0.9447563748043847,-0.4273717208077879
0.6797316074371338,0.21585019277873382,-0.10792509638936687,0.17268015422298708,0.2148658037185669,-0.10743290185928345,0.17189264297485352,-0.0009843890601669292,0.000492194530083423,-0.00078751124813356,-3.1908299379194665,-0.9658896655507317,-0.43698682908280534
0.6897270679473877,0.22087284293504497,-0.11043642146752244,0.17669827434803598,0.21986353397369385,-0.10993176698684692,0.1758908271789551,-0.0010093089613511241,0.0005046544806755204,-0.0008074471690808771,-3.261375209801061,-0.9868914591639775,-0.44654965002997105
0.6997337341308594,0.2258930522925159,-0.11294652614625791,0.18071444183401272,0.2248668670654297,-0.11243343353271484,0.17989349365234378,-0.0010261852270862237,0.0005130926135430702,-0.0008209481816689457,-3.33181541059626,-1.00786469252039,-0.4560899751398166
0.7097558975219727,0.2309109582333676,-0.11545547911668376,0.18472876658669407,0.22987794876098627,-0.11493897438049314,0.18390235900878904,-0.00103300947238133,0.0005165047361906233,-0.0008264075779050306,-3.4021246739269517,-1.028797796876211,-0.46560425146001794
0.7197375297546387,0.23592669950928508,-0.1179633497546425,0.18874135960742805,0.23486876487731928,-0.11743438243865964,0.18789501190185545,-0.0010579346319657956,0.0005289673159828562,-0.0008463477055725976,-3.4726645457078593,-1.0498526097896344,-0.4751394882404073
0.7297728061676025,0.2409403880019326,-0.12047019400096626,0.19275231040154606,0.23988640308380121,-0.11994320154190061,0.191909122467041,-0.0010539849181313843,0.0005269924590656505,-0.0008431879345050519,-3.54281239650898,-1.0707504397967953,-0.48461427894144526
0.7397499084472656,0.24595215739692666,-0.12297607869846329,0.19676172591754132,0.2448749542236328,-0.1224374771118164,0.19589996337890625,-0.0010772031732938503,0.0005386015866468835,-0.0008617625386350691,-3.613302840794763,-1.0918201170975474,-0.49412429435819016
0.7498085498809814,0.25096210576298383,-0.12548105288149186,0.20076968461038702,0.24990427494049072,-0.12495213747024536,0.1999234199523926,-0.001057830822493111,0.0005289154112465,-0.0008462646579944222,-3.683214883552472,-1.1126495151565916,-0.5035492073936478
0.7598114013671875,0.25597036756148367,-0.12798518378074178,0.2047762940491869,0.25490570068359375,-0.12745285034179688,0.20392456054687502,-0.0010646668778899193,0.0005323334389449041,-0.0008517335023118799,-3.75345785717052,-1.133645605098229,-0.5130074639194488
0.76979660987854,0.2609770425474404,-0.13048852127372015,0.2087816340379523,0.25989830493927,-0.129949152469635,0.20791864395141604,-0.0010787376081703992,0.0005393688040851441,-0.0008629900865362583,-3.8237607309364496,-1.1546870895950956,-0.5224635647934309
0.7797567844390869,0.26598221693667656,-0.13299110846833823,0.2127857735493412,0.26487839221954346,-0.13243919610977173,0.2119027137756348,-0.0011038247171331061,0.0005519123585664976,-0.0008830597737063961,-3.8941603438702224,-1.1757904958224363,-0.5319221601157323
0.7897689342498779,0.27098596047979584,-0.13549298023989786,0.21678876838383662,0.26988446712493896,-0.13494223356246948,0.2159075736999512,-0.001101493354856875,0.000550746677428382,-0.0008811946838854223,-3.964151685137413,-1.1967300686571214,-0.541317198968807
0.7997524738311768,0.2759883659376351,-0.1379941829688175,0.22079069275010804,0.2748762369155884,-0.1374381184577942,0.21990098953247073,-0.001112129022046715,0.000556064511023302,-0.0008897032176373165,-4.034269026533696,-1.2177448922480982,-0.5507181886194291
0.8097259998321533,0.2809895072415169,-0.1404947536207584,0.22479160579321347,0.27986299991607666,-0.13993149995803833,0.22389039993286133,-0.0011265073254402291,0.0005632536627200591,-0.0009012058603521389,-4.104378609073436,-1.2387752181153597,-0.5601075286657213
0.8197076320648193,0.2859894499076679,-0.1429947249538339,0.22879155992613429,0.28485381603240967,-0.14242690801620483,0.22788305282592775,-0.001135633875258224,0.0005678169376290565,-0.0009085071002065404,-4.174358039409328,-1.2597664524172063,-0.5694690882628073
0.8297348022460938,0.2909882605634429,-0.1454941302817214,0.2327906084507543,0.2898674011230469,-0.14493370056152344,0.23189392089843752,-0.001120859440396027,0.000560429720197958,-0.0008966875523167828,-4.243969549566904,-1.2806124932772958,-0.5787716702233229
0.8397426605224609,0.2959860255263325,-0.1479930127631662,0.23678882042106603,0.2948713302612304,-0.1474356651306152,0.23589706420898435,-0.0011146952651021058,0.0005573476325509974,-0.0008917562120816791,-4.313643712708706,-1.301505949961359,-0.5880712465545989
0.8497750759124756,0.30098281704830243,-0.15049140852415116,0.24078625363864195,0.29988753795623774,-0.14994376897811887,0.2399100303649902,-0.0010952790920646938,0.0005476395460322914,-0.0008762232736517495,-4.383089517649001,-1.3223168785029793,-0.5973296996339479
0.8597915172576904,0.3059787160669918,-0.15298935803349584,0.24478297285359343,0.30489575862884516,-0.15244787931442258,0.24391660690307612,-0.0010829574381466256,0.0005414787190732573,-0.0008663659505173116,-4.452573115572335,-1.3431643379319604,-0.6065815638658071
0.869715690612793,0.3109737913102618,-0.15548689565513085,0.24877903304820947,0.30985784530639643,-0.15492892265319821,0.24788627624511714,-0.0011159460038653868,0.0005579730019326379,-0.0008927568030923372,-4.522571160778107,-1.3642612951784912,-0.6158888668414609
0.8797237873077393,0.3159680618521533,-0.1579840309260766,0.2527744494817227,0.31486189365386963,-0.15743094682693481,0.2518895149230957,-0.0011061681982836857,0.0005530840991417874,-0.0008849345586269819,-4.591918746400489,-1.3850875376763485,-0.6250995597243317
0.889716625213623,0.32096158832759897,-0.16048079416379943,0.2567692706620792,0.3198583126068115,-0.15992915630340576,0.2558866500854492,-0.0011032757207874444,0.0005516378603936667,-0.0008826205766300221,-4.661282015834407,-1.4059408731675707,-0.6343002962799402
0.8997132778167725,0.3259544206540757,-0.1629772103270378,0.2607635365232606,0.32485663890838623,-0.16242831945419312,0.259885311126709,-0.0010977817456894745,0.0005488908728446817,-0.0008782253965516351,-4.730530378984876,-1.4267631310069164,-0.6434738900286991
0.9097192287445068,0.33094660819577343,-0.16547330409788666,0.2647572865566188,0.3298596143722534,-0.1649298071861267,0.2638876914978027,-0.0010869938235200105,0.0005434969117599497,-0.0008695950588160639,-4.7996281552151085,-1.447538568967607,-0.6526155179367927
0.9197306632995605,0.3359382024910123,-0.1679691012455061,0.2687505619928099,0.3348653316497803,-0.16743266582489014,0.2678922653198242,-0.001072870841232032,0.0005364354206159605,-0.0008582966729857033,-4.8686011819104085,-1.4682789109555223,-0.6617283762637521
0.9297161102294922,0.34092925515595085,-0.17046462757797537,0.2727434041247607,0.3398580551147461,-0.16992902755737305,0.27188644409179685,-0.0010712000412047562,0.0005356000206023226,-0.0008569600329638716,-4.937649663259073,-1.4890736626550007,-0.6708384062719573
0.93975830078125,0.34591980209242407,-0.17295990104621198,0.27673584167393933,0.344879150390625,-0.1724395751953125,0.27590332031250003,-0.0010406517017990669,0.0005203258508994779,-0.0008325213614392979,-5.006233437099153,-1.509681985763602,-0.6798750219837489
0.9497692584991455,0.3509099058108104,-0.17545495290540514,0.2807279246486484,0.34988462924957275,-0.17494231462478638,0.2799077033996582,-0.0010252765612376313,0.0005126382806187602,-0.0008202212489901717,-5.074934241704168,-1.5303636578323532,-0.6889138706352277
0.9597597122192383,0.35589960969763346,-0.17794980484881667,0.28471968775810685,0.3548798561096191,-0.17743992805480954,0.28390388488769525,-0.0010197535880143715,0.0005098767940071303,-0.0008158028704116083,-5.143667682349949,-1.5510811262820776,-0.6979438137870897
0.9697535037994385,0.3608889445452213,-0.1804444722726106,0.2887111556361771,0.3598767518997192,-0.1799383759498596,0.28790140151977534,-0.001012192645502119,0.000506096322751004,-0.000809754116401773,-5.212270985398586,-1.5717619639375782,-0.7069434827503166
0.9797704219818115,0.3658779412377961,-0.182938970618898,0.29270235299023695,0.3648852109909057,-0.18244260549545285,0.2919081687927246,-0.0009927302468903942,0.0004963651234451416,-0.0007941841975123709,-5.280617591638161,-1.592349978504867,-0.7158962087438032
0.9897377490997314,0.37086664060915325,-0.18543332030457657,0.29669331248732267,0.36986887454986567,-0.18493443727493283,0.2958950996398925,-0.0009977660592875859,0.0004988830296437374,-0.0007982128474301464,-5.3491774277639506,-1.6130548635179776,-0.7248630790802635
0.9997391700744629,0.3758550564141814,-0.18792752820709063,0.30068404513134517,0.3748695850372314,-0.1874347925186157,0.29989566802978523,-0.0009854713769499868,0.0004927356884749379,-0.0007883771015599339,-5.417395159600304,-1.6336292535699117,-0.7337715771332878
1.0097379684448242,0.3808432188689548,-0.19042160943447733,0.3046745750951639,0.3798689842224121,-0.18993449211120605,0.30389518737792975,-0.000974234646542671,0.00048711732327128,-0.0007793877172341257,-5.485516769359433,-1.6541830593062554,-0.7426535763517713
1.0197582244873047,0.38583115522193995,-0.19291557761096992,0.30866492417755204,0.38487911224365234,-0.19243955612182617,0.30790328979492193,-0.0009520429782876039,0.0004760214891437464,-0.0007616343826301053,-5.553385967768673,-1.6746468778663448,-0.7514885437709805
1.0297696590423584,0.39081890195443814,-0.19540945097721904,0.31265512156355063,0.3898848295211792,-0.1949424147605896,0.31190786361694345,-0.0009340724332589367,0.0004670362166294406,-0.0007472579466071827,-5.6212019745795105,-1.6951096948692315,-0.7603022678429734
1.0397460460662842,0.3958064890210092,-0.19790324451050456,0.3166451912168075,0.3948730230331421,-0.19743651151657104,0.3158984184265137,-0.0009334659878670881,0.0004667329939335163,-0.0007467727902937815,-5.689125131916022,-1.715643073657854,-0.7691155006798437
1.0497448444366455,0.4007939271189851,-0.20039696355949252,0.32063514169518825,0.39987242221832275,-0.19993621110916138,0.31989793777465825,-0.0009215049006623399,0.0004607524503311422,-0.0007372039205300052,-5.756773626485977,-1.736077186230566,-0.7778783523207013
1.0597991943359375,0.40578123762426827,-0.2028906188121341,0.3246249900994148,0.40489959716796875,-0.20244979858398438,0.323919677734375,-0.000881640456299515,0.00044082022814972976,-0.0007053123650397897,-5.823944883935207,-1.7563221951394539,-0.786564235322463
1.0697193145751953,0.41076846846516124,-0.2053842342325806,0.3286147747721292,0.40985965728759766,-0.20492982864379883,0.32788772583007814,-0.0009088111775635843,0.0004544055887817644,-0.0007270489420510562,-5.8918642194369575,-1.7769236517661122,-0.795332635187786
1.079718828201294,0.4157555975057322,-0.20787779875286608,0.332604478004586,0.414859414100647,-0.2074297070503235,0.3318875312805176,-0.000896183405085238,0.00044809170254259123,-0.0007169467240683569,-5.9591172763985645,-1.7972522218675824,-0.8039992126450196
1.089738130569458,0.420742643807534,-0.21037132190376698,0.33659411504602743,0.419869065284729,-0.2099345326423645,0.3358952522277832,-0.0008735785228050075,0.000436789261402476,-0.0006988628182442169,-6.02611460811892,-1.8174910307229848,-0.8126172250966163
1.0997636318206787,0.42572963520453916,-0.21286481760226955,0.34058370816363154,0.42488181591033936,-0.21244090795516968,0.33990545272827155,-0.0008478192941998031,0.0004239096470998738,-0.0006782554353599868,-6.092948675109811,-1.8376814790652727,-0.8211985437991279
1.109757900238037,0.43071660092595937,-0.21535830046297966,0.3445732807407677,0.42987895011901855,-0.21493947505950928,0.3439031600952149,-0.0008376508069408151,0.0004188254034703798,-0.0006701206455528297,-6.159856966587594,-1.8579293707826918,-0.829773954788656
1.1198124885559082,0.4357035527629789,-0.21785177638148942,0.3485628422103833,0.4349062442779541,-0.21745312213897705,0.3479249954223633,-0.0007973084850247947,0.0003986542425123696,-0.0006378467880199801,-6.226243999556131,-1.8779701793397094,-0.8382657480302064
1.1297528743743896,0.44069053193541374,-0.22034526596770684,0.35255242554833116,0.43987643718719494,-0.21993821859359747,0.351901149749756,-0.0008140947482188077,0.0004070473741093761,-0.0006512757985751572,-6.293238496450993,-1.8983058488554831,-0.8468207668714133
1.139782190322876,0.44567751992940247,-0.2228387599647012,0.35654201594352214,0.444891095161438,-0.222445547580719,0.35591287612915046,-0.0007864247679644776,0.00039321238398221103,-0.000629139814371682,-6.359503550458958,-1.9183423445311103,-0.8552648130531809
1.1498024463653564,0.4506645438574032,-0.22533227192870156,0.3605316350859227,0.44990122318267833,-0.22495061159133917,0.3599209785461427,-0.0007633206747248433,0.0003816603373623939,-0.0006106565397799857,-6.4256957811987405,-1.9383718619416472,-0.8636831712315918
1.1597683429718018,0.4556516245524795,-0.22782581227623971,0.3645212996419837,0.4548841714859009,-0.22744208574295044,0.3639073371887207,-0.000767453066578605,0.00038372653328927475,-0.0006139624532630061,-6.4920955817051444,-1.9585190846566867,-0.8721122306412853
1.1698236465454102,0.4606387542945604,-0.23031937714728018,0.36851100343564847,0.4599118232727051,-0.22995591163635254,0.3679294586181641,-0.0007269310218553371,0.0003634655109276408,-0.0005815448174843474,-6.557768564195272,-1.9783692971947116,-0.880430189013713
1.1798102855682373,0.46562597050592,-0.23281298525295996,0.3725007764047361,0.46490514278411865,-0.23245257139205933,0.371924114227295,-0.0007208277218013204,0.00036041386090063243,-0.0005766621774411229,-6.6237504694322045,-1.9983827223878003,-0.8887716995846888
1.1897413730621338,0.4706132738249998,-0.23530663691249987,0.37649061906,0.4698706865310669,-0.23493534326553345,0.37589654922485355,-0.0007425872939328948,0.00037129364696641964,-0.0005940698351464269,-6.6899267263391,-2.0185084979788486,-0.8971217796525434
1.199866533279419,0.4756006369870198,-0.23780031849350988,0.380480509589616,0.4749332666397095,-0.23746663331985474,0.3799466133117676,-0.0006673703473103476,0.00033368517365514605,-0.0005338962778483891,-6.754695070394784,-2.0380359993512545,-0.9052716659318001
1.2097868919372559,0.4805881314268529,-0.24029406571342643,0.38447050514148245,0.47989344596862793,-0.23994672298431396,0.3839147567749024,-0.0006946854582249862,0.00034734272911246533,-0.0005557483665800667,-6.820655886172851,-2.058119350755155,-0.9135596253235119
1.2197983264923096,0.4855757215326303,-0.24278786076631512,0.3884605772261044,0.4848991632461548,-0.2424495816230774,0.38791933059692385,-0.0006765582864755038,0.0003382791432377241,-0.0005412466291805362,-6.885850907066108,-2.0778898029995467,-0.9217307596592987
1.2297756671905518,0.4905634193854361,-0.245281709692718,0.392450735508349,0.4898878335952759,-0.24494391679763794,0.39191026687622077,-0.0006755857901601936,0.00033779289508006904,-0.0005404686321282548,-6.951107966004424,-2.097714927588659,-0.9298926038403437
1.2397921085357666,0.49555121914815436,-0.24777560957407715,0.3964409753185237,0.4948960542678833,-0.24744802713394165,0.39591684341430666,-0.0006551648802710641,0.0003275824401355043,-0.0005241319042170178,-7.015948867501177,-2.1173829569863885,-0.9379827925158892
1.249793291091919,0.5005391348009885,-0.2502695674004943,0.40043130784079106,0.4998966455459595,-0.24994832277297974,0.3999173164367676,-0.0006424892550290773,0.00032124462751453864,-0.0005139914040234728,-7.08073150597122,-2.1370528529386523,-0.94604772946593
1.2597613334655762,0.5055271716953086,-0.2527635858476543,0.40442173735624715,0.5048806667327881,-0.25244033336639404,0.4039045333862305,-0.0006465049625204999,0.00032325248126024997,-0.0005172039700166442,-7.145560146790948,-2.156770975613536,-0.9541008694732649
1.2697889804840088,0.5105153181529452,-0.2552576590764726,0.40841225452235635,0.5098944902420044,-0.2549472451210022,0.40791559219360357,-0.0006208279109407577,0.00031041395547037887,-0.0004966623287527838,-7.2098344558077905,-2.176271662184862,-0.9620639603443478
1.2798621654510498,0.5155035929265481,-0.25775179646327406,0.41240287434123873,0.5149310827255249,-0.25746554136276245,0.4119448661804199,-0.0005725102010232241,0.00028625510051161207,-0.00045800816081881246,-7.273666919239502,-2.195605211596045,-0.9699514215480002
1.289740800857544,0.5204920362242583,-0.26024601811212916,0.4163936289794069,0.519870400428772,-0.259935200214386,0.4158963203430176,-0.0006216357954863527,0.00031081789774317636,-0.0004973086363893042,-7.338586709583005,-2.2154486903245427,-0.9779621082653125
1.299790620803833,0.5254805882697577,-0.26274029413487887,0.42038447061580647,0.5248953104019165,-0.26244765520095825,0.41991624832153324,-0.0005852778678412385,0.00029263893392061924,-0.00046822229427323503,-7.402206304567648,-2.2347453480859927,-0.985785389751376
1.3098058700561523,0.5304692785481138,-0.2652346392740569,0.42437542283849133,0.5299029350280762,-0.2649514675140381,0.423922348022461,-0.0005663435200375933,0.0002831717600187966,-0.00045307481603035216,-7.465892917818169,-2.2541008876656434,-0.9935988325082462
1.3197975158691406,0.5354581172573577,-0.26772905862867885,0.4283664938058865,0.5348987579345703,-0.26744937896728516,0.4279190063476563,-0.0005593593227873894,0.0002796796613936947,-0.0004474874582302002,-7.5295605073466385,-2.273477337035183,-1.0013911535703794
1.329803228378296,0.5404471020008547,-0.27022355100042733,0.432357681600684,0.539901614189148,-0.269950807094574,0.4319212913513184,-0.000545487811706713,0.0002727439058533565,-0.00043639024936559245,-7.592960286424636,-2.2927648819069204,-1.0091298761869945
1.3398058414459229,0.5454362374207509,-0.27271811871037543,0.43634898993660093,0.5449029207229614,-0.2724514603614807,0.43592233657836915,-0.0005333166977894432,0.0002666583488947216,-0.00042665335823177664,-7.656204531435979,-2.312013458437594,-1.0168294564078777
1.3497517108917236,0.5504255261654118,-0.2752127630827059,0.4403404209323297,0.5498758554458618,-0.2749379277229309,0.4399006843566895,-0.0005496707195500328,0.0002748353597750164,-0.00043973657564022606,-7.719627267291726,-2.331370861779036,-1.0245332307542154
1.3597946166992188,0.5554149421906907,-0.2777074710953453,0.4443319537525528,0.5548973083496094,-0.2774486541748047,0.44391784667968753,-0.0005176338410812775,0.00025881692054063876,-0.00041410707286526627,-7.782236878093112,-2.350399206282206,-1.0321121313105153
1.3697831630706787,0.5604045094893308,-0.2802022547446654,0.4483236075914649,0.5598915815353394,-0.2799457907676697,0.4479132652282715,-0.0005129279539914933,0.00025646397699574663,-0.00041034236319337225,-7.845024029425918,-2.3695365663462327,-1.0396947689443785
1.379793643951416,0.5653942232067429,-0.28269711160337146,0.45231537856539455,0.5648968219757081,-0.28244841098785406,0.4519174575805665,-0.0004974012310348108,0.0002487006155174054,-0.0003979209848280485,-7.9074846442582905,-2.388560454128551,-1.0472155204475646
1.3898277282714844,0.5703840896159835,-0.28519204480799176,0.45630727169278706,0.5699138641357422,-0.2849569320678711,0.45593109130859377,-0.0004702254802413375,0.00023511274012066874,-0.00037618038419329203,-7.96961602007779,-2.4074700396115976,-1.054673871752921
1.3997604846954346,0.5753741262426799,-0.28768706312133996,0.4602993009941442,0.5748802423477174,-0.2874401211738587,0.45990419387817394,-0.0004938838949625213,0.00024694194748126064,-0.00039510711597023906,-8.032209832062787,-2.426614860823146,-1.0621726382312873
1.4097859859466553,0.5803642986706741,-0.29018214933533704,0.4642914389365395,0.5798929929733275,-0.28994649648666376,0.463914394378662,-0.0004713056973465468,0.0002356528486732734,-0.000377044557877515,-8.094004616432436,-2.4454384751311258,-1.0695477786894327
1.4197609424591064,0.5853546208955217,-0.29267731044776085,0.4682836967164176,0.5848804712295532,-0.2924402356147766,0.46790437698364257,-0.00047414966596848185,0.00023707483298424092,-0.00037931973277505193,-8.155936743676811,-2.464354368521649,-1.0769208032340054
1.4297637939453125,0.590345080606093,-0.2951725403030465,0.47227606448487464,0.5898818969726561,-0.29494094848632807,0.47190551757812493,-0.00046318363343689217,0.00023159181671844609,-0.0003705469067497025,-8.217491596888525,-2.483135775962754,-1.0842247445331272
1.439807415008545,0.5953356800793228,-0.2976678400396614,0.4762685440634584,0.5949037075042725,-0.29745185375213623,0.475922966003418,-0.00043197257505034337,0.00021598628752517168,-0.0003455780600404301,-8.278599079443449,-2.501752224322914,-1.0914503191227871
1.449826955795288,0.6003264416932693,-0.3001632208466347,0.48026115335461567,0.599913477897644,-0.299956738948822,0.47993078231811526,-0.0004129637956252763,0.00020648189781269366,-0.0003303710365004098,-8.3396805914196,-2.5203897240888082,-1.098652133441645
1.4597549438476562,0.6053173742094189,-0.3026586871047095,0.48425389936753527,0.6048774719238281,-0.30243873596191406,0.4839019775390625,-0.0004399022855907653,0.00021995114279543815,-0.00035192182847276765,-8.401145881659378,-2.5392287633211694,-1.1058833840351572
1.4697341918945312,0.6103084398882622,-0.30515421994413117,0.4882467519106099,0.6098670959472656,-0.3049335479736328,0.48789367675781253,-0.0004413439409965969,0.00022067197049835396,-0.00035307515279736634,-8.462061517709932,-2.557858365031873,-1.1130227487813225
1.4797277450561523,0.6152996288722616,-0.3076498144361309,0.4922397030978094,0.6148638725280762,-0.3074319362640381,0.4918910980224609,-0.00043575634418546727,0.00021787817209278915,-0.00034860507534850704,-8.522679573393319,-2.576389996629371,-1.1201027941003718
1.4897193908691406,0.6202909389561281,-0.3101454694780641,0.49623275116490256,0.6198596954345703,-0.30992984771728516,0.49588775634765625,-0.000431243521557767,0.00021562176077893902,-0.00034499481724631353,-8.583106101806038,-2.594870640783949,-1.1271371657003304
1.4997377395629883,0.6252823669991726,-0.31264118349958636,0.5002258935993382,0.6248688697814941,-0.31243443489074707,0.4998950958251953,-0.00041349721767847125,0.00020674860883929114,-0.00033079777414291023,-8.643160155777007,-2.6132209927096732,-1.1341022320091894
1.5097355842590332,0.6302739232926791,-0.3151369616463396,0.5042191386341434,0.6298677921295166,-0.3149338960647583,0.5038942337036133,-0.0004061311631624598,0.0002030655815812854,-0.00032490493053005665,-8.703146218778963,-2.631575259042943,-1.1410374074779794
1.5197651386260986,0.6352656070972728,-0.31763280354863643,0.5082124856778183,0.6348825693130493,-0.31744128465652466,0.5079060554504394,-0.0003830377842234389,0.00019151889211177497,-0.00030643022737886216,-8.762728055648575,-2.649785847208239,-1.1478989172348877
1.5298206806182861,0.6402574334476319,-0.320128716723816,0.5122059467581056,0.6399103403091431,-0.31995517015457153,0.5119282722473144,-0.0003470931384887965,0.00017354656924445377,-0.00027767451079119265,-8.821953184599412,-2.6678740338703513,-1.1546927687212152
1.5397472381591797,0.6452494292795098,-0.32262471463975495,0.516199543423608,0.6448736190795898,-0.3224368095397949,0.5158988952636719,-0.0003758101999199459,0.00018790509996002847,-0.00030064815993602334,-8.881796677610978,-2.6862682668045714,-1.161545508626534
1.549774169921875,0.6502415551646131,-0.3251207775823066,0.5201932441316907,0.6498870849609375,-0.32494354248046875,0.51990966796875,-0.00035447020367562754,0.00017723510183786928,-0.00028357616294061305,-8.940772838974194,-2.7043160459154234,-1.1682642196088575
1.5598149299621582,0.6552338242235742,-0.3276169121117872,0.5241870593788596,0.6549074649810791,-0.32745373249053955,0.5239259719848632,-0.00032635924249513337,0.0001631796212476222,-0.00026108739399632874,-8.999462489995468,-2.7222730282409957,-1.174924074382598
1.5697150230407715,0.6602262555187666,-0.33011312775938334,0.5281810044150134,0.6598575115203857,-0.32992875576019287,0.5278860092163086,-0.00036874399838082716,0.0001843719991904691,-0.00029499519870479496,-9.058831361544872,-2.740563053164901,-1.181650401048145
1.5797781944274902,0.6652187964121044,-0.33260939820605223,0.5321750371296836,0.6648890972137451,-0.33244454860687256,0.531911277770996,-0.00032969919835923456,0.0001648495991796728,-0.0002637593586876097,-9.116928240528612,-2.758330165397655,-1.1881898884241975
1.5897712707519531,0.6702114790217848,-0.33510573951089245,0.536169183217428,0.6698856353759766,-0.3349428176879883,0.5359085083007812,-0.00032584364580823255,0.0001629218229041718,-0.0002606749166468303,-9.175271879453973,-2.7762411637173785,-1.1947394033587972
1.5997703075408936,0.6752042982468877,-0.3376021491234439,0.5401634385975103,0.6748851537704468,-0.3374425768852234,0.5399081230163574,-0.0003191444764408802,0.0001595722382204956,-0.0002553155811528818,-9.23335763403468,-2.794074782408804,-1.2012334303651104
1.6097145080566406,0.6801972521524875,-0.3400986260762438,0.5441578017219901,0.6798572540283204,-0.3399286270141602,0.5438858032226563,-0.00033999812416707353,0.00016999906208359228,-0.00027199849933379205,-9.291564447042873,-2.8119972615456654,-1.207721070757702
1.6197166442871094,0.6851903113731294,-0.3425951556865647,0.5481522490985036,0.6848583221435547,-0.34242916107177734,0.5478866577148437,-0.0003319892295746696,0.0001659946147873348,-0.0002655913836598911,-9.34916749612595,-2.8296912528081557,-1.2141082050766387
1.6297504901885986,0.6901834772617971,-0.34509173863089854,0.5521467818094377,0.6898752450942994,-0.3449376225471497,0.5519001960754395,-0.00030823216749764626,0.00015411608374882313,-0.0002465857339981614,-9.40635328451899,-2.84723898337473,-1.2204188421584805
1.6397724151611328,0.6951767668341334,-0.3475883834170667,0.5561414134673067,0.6948862075805664,-0.3474431037902832,0.5559089660644531,-0.0002905592535670243,0.00014527962678351214,-0.00023244740285366383,-9.46340434950397,-2.864764458291157,-1.2266895073951476
1.649775743484497,0.7001701899462446,-0.3500850949731223,0.5601361519569956,0.6998878717422486,-0.3499439358711243,0.5599102973937989,-0.0002823182039959349,0.00014115910199796744,-0.0002258545631966813,-9.520355161171322,-2.882282894466941,-1.232924602521883
1.6597778797149658,0.7051637463994663,-0.35258187319973316,0.564130997119573,0.704888939857483,-0.3524444699287415,0.5639111518859863,-0.0002748065419833079,0.00013740327099165395,-0.00021984523358675734,-9.577088310377142,-2.899743092311004,-1.23910882767626
1.6698987483978271,0.7101574352783024,-0.3550787176391512,0.568125948222642,0.7099493741989136,-0.3549746870994568,0.5679594993591308,-0.00020806107938886598,0.00010403053969443299,-0.0001664488635111372,-9.632858857119697,-2.9168197954418136,-1.2451453955461036
1.6797881126403809,0.7151513149589167,-0.35757565747945835,0.5721210519671334,0.7148940563201903,-0.35744702816009516,0.5719152450561522,-0.00025725863872638755,0.00012862931936319377,-0.00020580691098115445,-9.689883948976183,-2.934482282157648,-1.2513217473377165
1.6898033618927002,0.7201453241850775,-0.36007266209253874,0.576116259348062,0.7199016809463501,-0.35995084047317505,0.57592134475708,-0.0002436432387273868,0.0001218216193636934,-0.00019491459098197605,-9.745851486532517,-2.9517199284189393,-1.2573381864355517
1.700012445449829,0.7251394683849062,-0.3625697341924531,0.580111574707925,0.7250062227249144,-0.3625031113624572,0.5800049781799316,-0.000133245659991732,6.6622829995866e-05,-0.00010659652799338559,-9.80039415548226,-2.96837350514732,-1.2631467059478856
1.7097892761230469,0.7301338494256456,-0.3650669247128228,0.5841070795405165,0.7298946380615234,-0.3649473190307617,0.5839157104492186,-0.0002392113641221938,0.0001196056820610969,-0.00019136909129791047,-9.857462609371952,-2.986167801692777,-1.2692594541550029
1.719756841659546,0.7351283463732463,-0.36756417318662316,0.5881026770985971,0.7348784208297728,-0.3674392104148864,0.5879027366638183,-0.0002499255434734726,0.0001249627717367363,-0.0001999404347787781,-9.913021606394484,-3.003340719961758,-1.2751536643527748
1.7298250198364258,0.7401229411882151,-0.37006147059410754,0.5920983529505721,0.7399125099182129,-0.36995625495910645,0.5919300079345703,-0.0002104312700021982,0.0001052156350010991,-0.00016834501600182517,-9.967709681157256,-3.020172175897771,-1.2809117067954081
1.7397849559783936,0.7451176671796078,-0.3725588335898039,0.5960941337436864,0.7448924779891968,-0.3724462389945984,0.5959139823913574,-0.0002251891904110348,0.0001125945952055174,-0.00018015135232896107,-10.0228574043094,-3.037242777428471,-1.2867058967502882
1.7498071193695068,0.7501125012991542,-0.3750562506495771,0.6000900010393234,0.7499035596847534,-0.3749517798423767,0.5999228477478028,-0.00020894161440077053,0.00010447080720038526,-0.00016715329152061642,-10.07736535608897,-3.0540732214751034,-1.2923937687781861
1.7597858905792236,0.7551074529607308,-0.3775537264803654,0.6040859623685847,0.7548929452896118,-0.3774464726448059,0.6039143562316895,-0.00021450767111896862,0.00010725383555948431,-0.0001716061368951527,-10.131910192371791,-3.070958741711433,-1.2980628752615493
1.7697935104370117,0.7601025091696246,-0.3800512545848123,0.6080820073356997,0.7598967552185059,-0.37994837760925293,0.6079174041748048,-0.00020575395111877004,0.00010287697555938502,-0.00016460316089494942,-10.186026888222479,-3.087696928338498,-1.303652920382931
1.7797577381134033,0.7650976720721653,-0.38254883603608264,0.6120781376577322,0.7648788690567017,-0.38243943452835083,0.6119030952453615,-0.00021880301546362002,0.00010940150773181001,-0.0001750424123707628,-10.240171553231102,-3.1044866154278576,-1.3092229127361017
1.7897682189941406,0.7700929218762499,-0.38504646093812495,0.6160743375009999,0.7698841094970703,-0.38494205474853516,0.6159072875976563,-0.0002088123791795793,0.00010440618958978964,-0.00016704990334359682,-10.293772729428342,-3.1210792960148193,-1.3146987719509287
1.7997283935546875,0.7750882630803372,-0.3875441315401686,0.6200706104642698,0.7748641967773438,-0.3874320983886719,0.6198913574218751,-0.0002240663029934309,0.00011203315149671544,-0.0001792530423947447,-10.347443178109916,-3.1377418388620275,-1.3201597708946284
1.809755563735962,0.7800836746540232,-0.3900418373270116,0.6240669397232186,0.779877781867981,-0.3899388909339905,0.6239022254943849,-0.0002058927860422166,0.0001029463930211083,-0.00016471422883368447,-10.400439033997817,-3.154150999058306,-1.325509511213586
1.819775104522705,0.7850791703234662,-0.3925395851617331,0.628063336258773,0.7848875522613525,-0.39244377613067627,0.627910041809082,-0.00019161806211365207,9.580903105682603e-05,-0.00015329444969092165,-10.453246277885015,-3.17051849627649,-1.3308107726360232
1.8297767639160156,0.7900747590485383,-0.39503737952426915,0.6320598072388306,0.7898883819580078,-0.3949441909790039,0.6319107055664064,-0.00018637709053048734,9.318854526524367e-05,-0.00014910167242421224,-10.505923020302237,-3.1868697073866454,-1.3360710323871154
1.83980393409729,0.7950704401890952,-0.3975352200945476,0.6360563521512762,0.794901967048645,-0.3974509835243225,0.6359215736389161,-0.00016847314045020934,8.423657022510467e-05,-0.00013477851236010086,-10.558193823703665,-3.20308522947371,-1.3412545629980803
1.849794626235962,0.8000662258084286,-0.4000331129042143,0.6400529806467429,0.799897313117981,-0.3999486565589905,0.6399178504943849,-0.00016891269044760904,8.445634522380452e-05,-0.0001351301523579984,-10.610448452103867,-3.219334480197685,-1.3464117496078112
1.8597321510314941,0.8050621088639296,-0.4025310544319648,0.6440496870911436,0.8048660755157471,-0.40243303775787354,0.6438928604125977,-0.00019603334818252272,9.801667409126136e-05,-0.00015682667854588495,-10.662772434034062,-3.235654502454814,-1.3515536903092749
1.8697588443756104,0.8100580560769748,-0.4050290280384874,0.6480464448615798,0.8098794221878052,-0.4049397110939026,0.6479035377502442,-0.00017863388916961043,8.931694458480521e-05,-0.00014290711133557732,-10.714270100060112,-3.251657120470679,-1.3565643946063672
1.8797454833984375,0.8150540807922664,-0.4075270403961332,0.652043264633813,0.8148727416992189,-0.40743637084960943,0.6518981933593752,-0.00018133909304751672,9.066954652375836e-05,-0.00014507127443785794,-10.765769943795435,-3.2677020065597207,-1.3615509332462412
1.8897788524627686,0.8200501754064584,-0.4100250877032292,0.6560401403251667,0.8198894262313843,-0.40994471311569214,0.6559115409851075,-0.00016074917507413744,8.037458753706872e-05,-0.00012859934005915452,-10.81672231786325,-3.2835511646149,-1.3664421342212618
1.8998174667358398,0.8250463560918585,-0.41252317804592925,0.6600370848734867,0.82490873336792,-0.41245436668396,0.659926986694336,-0.00013762272393846864,6.881136196923432e-05,-0.00011009817915064168,-10.867399498894228,-3.299322950200704,-1.3712730973662965
1.9097673892974854,0.8300426405352174,-0.4150213202676087,0.6640341124281738,0.8298836946487427,-0.41494184732437134,0.6639069557189943,-0.00015894588647469288,7.947294323734644e-05,-0.00012715670917951005,-10.918376429285217,-3.3152662406435116,-1.3761182133008094
1.919785737991333,0.8350390008558695,-0.41751950042793473,0.6680312006846955,0.8348928689956665,-0.41744643449783325,0.6679142951965332,-0.0001461318602029582,7.30659301014791e-05,-0.00011690548816223334,-10.968654191505037,-3.3309488184026392,-1.3808482699414166
1.9298219680786133,0.8400354450723961,-0.42001772253619807,0.6720283560579168,0.8399109840393065,-0.41995549201965326,0.6719287872314452,-0.00012446103308960677,6.223051654480338e-05,-9.956882647155219e-05,-11.018569566683015,-3.3465169344217753,-1.3855066630903392
1.9398386478424072,0.8450319895534052,-0.4225159947767026,0.676025591642724,0.8449193239212036,-0.4224596619606018,0.675935459136963,-0.00011266563220158066,5.633281610079033e-05,-9.013250576106469e-05,-11.068357037703189,-3.3620721812245193,-1.3901236547470752
1.949819564819336,0.8500286397575824,-0.4250143198787912,0.6800229118060657,0.8499097824096679,-0.42495489120483393,0.6799278259277344,-0.00011885734791450275,5.942867395725138e-05,-9.508587833129134e-05,-11.118105697605467,-3.3776530712386545,-1.3947107711304554
1.9598417282104492,0.8550253828115075,-0.42751269140575376,0.6840203062492058,0.8549208641052246,-0.4274604320526123,0.6839366912841798,-0.00010451870628291893,5.2259353141459464e-05,-8.361496502606869e-05,-11.167329770643816,-3.3930499740952524,-1.399205163508601
1.9697721004486084,0.8600222271857184,-0.4300111135928592,0.6880177817485745,0.8598860502243041,-0.42994302511215204,0.6879088401794433,-0.0001361769614143249,6.808848070716245e-05,-0.00010894156913121567,-11.216856249733343,-3.408620057797251,-1.4037137265488013
1.9799089431762695,0.8650191348185178,-0.4325095674092589,0.692015307854814,0.8649544715881348,-0.4324772357940674,0.691963577270508,-6.46632303830108e-05,3.23316151915054e-05,-5.173058430607558e-05,-11.264829198196708,-3.423562899591647,-1.4079964359732555
1.9897239208221436,0.8700161732256938,-0.4350080866128469,0.6960129385805548,0.8698619604110717,-0.43493098020553583,0.6958895683288574,-0.00015421281462213443,7.710640731106722e-05,-0.00012337025169739668,-11.314549788305523,-3.4393024785359154,-1.4124799443805927
1.9997384548187256,0.8750132445927217,-0.43750662229636084,0.7000105956741771,0.8748692274093628,-0.4374346137046814,0.6998953819274902,-0.00014401718335887992,7.200859167943996e-05,-0.00011521374668688189,-11.362709878900027,-3.4544120624360843,-1.4167369344600325
2.0097320079803467,0.88001035703217,-0.440005178516085,0.7040082856257358,0.8798173439502718,-0.4399086719751359,0.7038538751602176,-0.00019301308189823008,9.650654094911504e-05,-0.0001544104655182288,-12.701884692635812,-4.025219835799919,-1.588002074519581
2.0197503566741943,0.8849013083233197,-0.44245065416165985,0.7079210466586556,0.8846789229869843,-0.4423394614934921,0.7077431383895875,-0.0002223853363354511,0.00011119266816772555,-0.00017790826906816104,-12.741982383543466,-4.035989484311024,-1.5917271315980543
2.0297629833221436,0.8896864468821144,-0.44484322344105715,0.7117491575056913,0.8894374170780183,-0.44471870853900913,0.7115499336624147,-0.00024902980409613473,0.00012451490204801186,-0.00019922384327664133,-12.781049640481308,-4.046492027951183,-1.5953308435274631
2.039731740951538,0.8943661054487295,-0.4471830527243647,0.7154928843589834,0.8940752595424651,-0.44703762977123257,0.7152602076339721,-0.0002908459062643809,0.00014542295313213494,-0.00023267672501126047,-12.819018169887245,-4.056695448046431,-1.598805542804616
2.0497803688049316,0.8989406082877469,-0.4494703041438734,0.7191524866301974,0.8986500678062439,-0.44932503390312195,0.7189200542449952,-0.00029054048150300993,0.00014527024075144945,-0.0002324323852022081,-12.85615402672458,-4.066711521282701,-1.6021867494888182
2.0597774982452393,0.9034102508137722,-0.45170512540688607,0.7227282006510176,0.9031009867191314,-0.4515504933595657,0.7224807893753052,-0.0003092640946408265,0.00015463204732035774,-0.00024741127571237254,-12.892187570578978,-4.0764217322116885,-1.6054407785218
2.0697786808013916,0.9077753232891671,-0.4538876616445835,0.7262202586313335,0.9074537261486054,-0.4537268630743027,0.7259629809188843,-0.0003215971405616802,0.0001607985702807846,-0.00025727771244921094,-12.927250319748516,-4.085880176845611,-1.6085856923771564
2.079725742340088,0.91203610146071,-0.45601805073035495,0.7296288811685678,0.9116834404945373,-0.45584172024726866,0.72934675239563,-0.00035266096617270204,0.0001763304830862955,-0.000282128772937873,-12.961207452530186,-4.095026588588868,-1.6116051356262073
2.089736223220825,0.9161928591216862,-0.45809642956084307,0.7329542872973488,0.9158405326366424,-0.4579202663183212,0.732672426109314,-0.0003523264850437968,0.0001761632425218429,-0.0002818611880347488,-12.994367172238762,-4.10399091362224,-1.6145399521312016
2.099759817123413,0.9202458440789282,-0.46012292203946403,0.7361966752631424,0.9199027259349823,-0.4599513629674912,0.7359221807479859,-0.00034311814394583084,0.0001715590719728599,-0.00027449451515648704,-13.026613493055867,-4.112720968200459,-1.6173762278573285
2.1097099781036377,0.9241952890643065,-0.4620976445321532,0.739356231251445,0.923835441350937,-0.4619177206754685,0.7390683530807496,-0.00035984771336949883,0.0001799238566846939,-0.00028787817069542143,-13.057710385883416,-4.121113365845459,-1.6200844666454497
2.119778871536255,0.928041432572734,-0.46402071628636693,0.742433146058187,0.9277148655414581,-0.46385743277072905,0.7421718924331666,-0.0003265670312758706,0.0001632835156378798,-0.0002612536250203856,-13.088228315231188,-4.129410465584044,-1.6227393027721895
2.1297786235809326,0.9317844729975867,-0.4658922364987933,0.7454275783980692,0.9314669838428498,-0.4657334919214249,0.7451735870742798,-0.0003174891547369496,0.0001587445773684193,-0.00025399132378933764,-13.117613100114697,-4.137372570002627,-1.6252701817497748
2.139765501022339,0.9354246156883309,-0.4677123078441654,0.7483396925506645,0.9351144078731537,-0.46755720393657685,0.7480915262985229,-0.0003102078151772103,0.00015510390758854964,-0.000248166252141524,-13.146044161107712,-4.145074635286302,-1.6277011475730585
2.1497693061828613,0.9389620593565587,-0.4694810296782793,0.7511696474852467,0.9386681036949158,-0.4693340518474579,0.7509344829559327,-0.00029395566164291953,0.00014697783082140425,-0.00023516452931404697,-13.173628284581348,-4.152560394869677,-1.6300468849969647
2.1597399711608887,0.9423969884277854,-0.4711984942138926,0.753917590742228,0.9421102900505065,-0.47105514502525325,0.7536882320404054,-0.00028669837727890446,0.0001433491886393412,-0.00022935870182261286,-13.200203442376024,-4.1597585842683635,-1.632287351042758
2.1697278022766113,0.9457295876215596,-0.47286479381077967,0.7565836700972473,0.9454588137626648,-0.4727294068813324,0.7563670510101319,-0.00027077385889473504,0.0001353869294472565,-0.00021661908711534394,-13.225954101873612,-4.166746288881473,-1.6344471926053477
2.1797149181365967,0.9489600278013894,-0.4744800139006946,0.7591680222411111,0.948707348394394,-0.474353674197197,0.7589658787155152,-0.00025267940699547076,0.00012633970349762436,-0.0002021435255958881,-13.250824856021104,-4.173497963308128,-1.6365200933553463
2.189718246459961,0.9520884716541848,-0.47604423582709227,0.7616707773233474,0.9518612476348878,-0.4759306238174439,0.7614889981079102,-0.00022722401929697877,0.00011361200964837836,-0.00018177921543727216,-13.274888589281694,-4.180042990246606,-1.6385162662544508
2.1997592449188232,0.9551150686997014,-0.4775575343498506,0.7640920549597607,0.9549265697002411,-0.4774632848501206,0.763941255760193,-0.0001884989994602737,9.424949973002583e-05,-0.00015079919956773047,-13.298239613501702,-4.186419900703512,-1.6404486847008388
2.209779739379883,0.9580399484701533,-0.47901997423507653,0.7664319587761222,0.9578850231170655,-0.47894251155853274,0.7663080184936524,-0.0001549253530878092,7.746267654379357e-05,-0.00012394028246986988,-13.320653457985223,-4.1925311312058025,-1.6422891472366383
2.21980357170105,0.9608632401184714,-0.48043162005923556,0.7686905920947767,0.9607440179347992,-0.4803720089673996,0.7685952143478395,-0.00011922218367210746,5.961109183594271e-05,-9.537774693724188e-05,-13.342235176507248,-4.198420019358119,-1.644051925329776
2.2298707962036133,0.9635850646551171,-0.4817925323275584,0.7708680517240933,0.9635144689559937,-0.48175723447799684,0.7708115751647949,-7.059569912337693e-05,3.5297849561577443e-05,-5.647655929841289e-05,-13.363164263734602,-4.204161624944115,-1.645760903136637
2.2398037910461426,0.966205520942147,-0.48310276047107337,0.7729644167537172,0.9661480046272278,-0.4830740023136139,0.7729184037017823,-5.751631491912601e-05,2.8758157459451983e-05,-4.601305193485672e-05,-13.3826672530317,-4.209424487598025,-1.6473169223830677
2.24981689453125,0.9687247508795804,-0.4843623754397901,0.774979800703664,0.9687033081054688,-0.4843516540527344,0.7749626464843751,-2.14427741116463e-05,1.0721387055712128e-05,-1.7154219288939565e-05,-13.401712886850355,-4.214620667894633,-1.6488455785309633
2.259871244430542,0.9711428597648503,-0.485571429882425,0.7769142878118799,0.9711684548854829,-0.48558422744274143,0.7769347639083864,2.5595120632604385e-05,-1.2797560316413215e-05,2.0476096506572006e-05,-13.420132083868035,-4.219676476550486,-1.6503257470785386
2.2698135375976562,0.9734599311372116,-0.4867299655686057,0.778767944909769,0.9735061813354493,-0.48675309066772465,0.7788049450683595,4.6250198237673956e-05,-2.3125099118948e-05,3.7000158590538845e-05,-13.437202307002075,-4.224282597332877,-1.651664782998935
2.2797749042510986,0.9756760876932762,-0.487838043846638,0.7805408701546207,0.9757493534564972,-0.4878746767282486,0.7805994827651977,7.326576322097544e-05,-3.6632881610598744e-05,5.861261057704681e-05,-13.453565376791504,-4.228711564819426,-1.6529460044747573
2.2898659706115723,0.977791438681274,-0.4888957193406369,0.782233150945019,0.9779211836814881,-0.48896059184074403,0.7823369469451904,0.00012974500021400992,-6.487250010711598e-05,0.00010379600017140778,-13.469781702660242,-4.233200808480245,-1.6542423249008873
2.2997753620147705,0.9798060339384042,-0.48990301696920197,0.783844827150723,0.979953949213028,-0.489976974606514,0.7839631593704225,0.00014791527462387766,-7.395763731204985e-05,0.0001183322196994796,-13.484265169948213,-4.2370733923671935,-1.6553496437525348
2.3097660541534424,0.9817199966617649,-0.49085999833088234,0.7853759973294117,0.9819043805599212,-0.4909521902799606,0.7855235044479371,0.00018438389815633727,-9.219194907827966e-05,0.00014750711852540288,-13.498395748791317,-4.240916276036073,-1.656446412892604
2.3198466300964355,0.9835334091786825,-0.49176670458934113,0.7868267273429457,0.9837716265678406,-0.4918858132839203,0.7870173012542725,0.00023821738915807966,-0.00011910869457915085,0.000190573911326819,-13.512225714824568,-4.24475043095755,-1.6575399296674753
2.329845905303955,0.9852463091716991,-0.49262315458584943,0.788197047337359,0.9855230334281921,-0.49276151671409607,0.7884184267425537,0.000276724256493055,-0.00013836212824663852,0.00022137940519473265,-13.524822267243051,-4.248177688779854,-1.6585103271340358
2.339815616607666,0.9868587679972614,-0.49342938399863057,0.7894870143978088,0.987169576740265,-0.4935847883701325,0.789735661392212,0.00031080874300359884,-0.00015540437150191044,0.00024864699440318994,-13.53647954598957,-4.251322525003237,-1.6593959183759537
2.3497533798217773,0.988370866764095,-0.49418543338204746,0.7906966934112758,0.9887117738723754,-0.4943558869361877,0.7909694190979004,0.00034090710828038606,-0.00017045355414024854,0.0002727256866246197,-13.54718834383213,-4.2541802139532905,-1.6601958836885489
2.359729051589966,0.9897826976599258,-0.49489134882996283,0.7918261581279404,0.9901607124805449,-0.49508035624027247,0.792128569984436,0.0003780148206191658,-0.0001890074103096384,0.0003024118564955991,-13.557360747290561,-4.256925267355655,-1.6609637485053725
2.3698313236236572,0.9910943300973558,-0.49554716504867785,0.7928754640778845,0.9915272286891937,-0.49576361434459687,0.793221782951355,0.0004328985918379269,-0.00021644929591901896,0.00034631887347058576,-13.567527538359146,-4.25978255405837,-1.6617683916472814
2.3798274993896484,0.9923057668668019,-0.4961528834334009,0.7938446134934414,0.9927784374237061,-0.49638921871185304,0.7942227499389649,0.0004726705569041423,-0.00023633527845212665,0.00037813644552353587,-13.576274704696647,-4.262149839310281,-1.6624277564863017
2.389775514602661,0.9934170625233617,-0.4967085312616808,0.7947336500186892,0.993924184179306,-0.496962092089653,0.7951393473434449,0.0005071216559442426,-0.00025356082797217683,0.00040569732475570497,-13.58396816089157,-4.264182298246907,-1.6629892810340245
2.3998377323150635,0.9944282932908539,-0.4972141466454269,0.795542634632683,0.9949829618930817,-0.49749148094654083,0.7959863695144654,0.000554668602227748,-0.00027733430111392954,0.0004437348817823983,-13.591637477178784,-4.26631710336144,-1.6635860634274504
2.4097182750701904,0.9953394714956197,-0.4976697357478098,0.7962715771964958,0.9959232361316681,-0.49796161806583406,0.7967385889053346,0.0005837646360483673,-0.00029188231802423914,0.0004670117088387826,-13.597376263111698,-4.267743120039925,-1.663972420313864
2.4197096824645996,0.996150705052636,-0.49807535252631796,0.7969205640421089,0.996775323009491,-0.4983876615047455,0.7974202584075928,0.0006246179568549781,-0.00031230897842754457,0.0004996943654839159,-13.6031136393811,-4.2692800798372295,-1.6643973888818093
2.429760456085205,0.9968620367474882,-0.49843101837374404,0.7974896293979906,0.9975320342063905,-0.49876601710319524,0.7980256273651124,0.0006699974589022828,-0.0003349987294511969,0.0005359979671217818,-13.60850009567312,-4.270778784600776,-1.664816129857566
2.439771890640259,0.9974734736684387,-0.4987367368342193,0.797978778934751,0.9981851728916168,-0.4990925864458084,0.7985481383132934,0.0007116992231780417,-0.00035584961158907635,0.0005693593785424111,-13.612862574789524,-4.27195275002305,-1.6651420010714462
2.4497792720794678,0.9979850436403237,-0.4989925218201618,0.798388034912259,0.9987378599643707,-0.49936892998218535,0.7989902879714966,0.0007528163240470009,-0.000376408162023556,0.0006022530592376674,-13.616449263778524,-4.272907172861636,-1.6654071566746589
2.459806203842163,0.9983967747063553,-0.4991983873531776,0.7987174197650843,0.9991912791728973,-0.49959563958644865,0.7993530233383179,0.0007945044665419454,-0.0003972522332710282,0.0006356035732336673,-13.619427141610199,-4.273712730639294,-1.6656332641672358
2.469792604446411,0.9987086813526521,-0.499354340676326,0.7989669450821217,0.9995427411556245,-0.49977137057781224,0.7996341929244996,0.0008340598029723534,-0.0004170299014862322,0.0006672478423778161,-13.62136544641441,-4.274186142008933,-1.6657648472812916
2.47978138923645,0.9989208006326957,-0.4994604003163478,0.7991366405061566,0.9997945347309112,-0.4998972673654556,0.799835627784729,0.0008737340982154507,-0.00043686704910778085,0.0006989872785724272,-13.622580385620722,-4.274461600423806,-1.6658427652732097
2.489812135696411,0.9990331658703414,-0.49951658293517065,0.7992265326962732,0.9999471820354461,-0.49997359101772304,0.7999577456283569,0.0009140161651046697,-0.00045700808255239034,0.0007312129320836691,-13.623363642193716,-4.274662892785401,-1.665904702504168
2.49981689453125,0.9990457823713729,-0.4995228911856864,0.7992366258970983,0.9999990844726563,-0.49999954223632814,0.7999992675781251,0.0009533021012834153,-0.00047665105064176316,0.0007626416810267989,-13.623199694458647,-4.2745708862876635,-1.665884173822901
2.509791612625122,0.9989586705342967,-0.49947933526714827,0.7991669364274373,1.0,-0.5,0.8,0.0010413294657033445,-0.0005206647328517278,0.0008330635725627422,-12.350631941474605,-3.733917281186761,-1.5017184698674149
2.5197110176086426,0.9988781054947894,-0.49943905274739464,0.7991024843958314,1.0,-0.5,0.8,0.0011218945052106077,-0.0005609472526053594,0.0008975156041686194,-12.353956996000516,-3.7353985995182915,-1.5021890700814424
2.529766321182251,0.9988037540602842,-0.49940187703014205,0.7990430032482273,1.0,-0.5,0.8,0.0011962459397157899,-0.0005981229698579504,0.0009569967517727429,-12.357155597046747,-3.736820990557919,-1.502640115788015
2.5398032665252686,0.9987352978823795,-0.4993676489411897,0.7989882383059035,1.0,-0.5,0.8,0.0012647021176205309,-0.0006323510588103209,0.001011761694096558,-12.360232527824294,-3.7381867407276332,-1.5030723951947285
2.5497894287109375,0.9986724328370359,-0.4993362164185179,0.7989379462696287,1.0,-0.5,0.8,0.0013275671629641161,-0.0006637835814821136,0.0010620537303713817,-12.363192391537194,-3.7394980499108947,-1.5034866650930256
2.5597548484802246,0.998614868429721,-0.49930743421486046,0.7988918947437768,1.0,-0.5,0.8,0.0013851315702789746,-0.0006925657851395428,0.0011081052562232907,-12.36603961811866,-3.7407570346116774,-1.503883652122219
2.5698373317718506,0.9985623272245188,-0.4992811636122593,0.7988498617796149,1.0,-0.5,0.8,0.0014376727754812357,-0.0007188363877406734,0.0011501382203851218,-12.368778470717034,-3.7419657310063457,-1.5042640539806138
2.579805612564087,0.9985145442962607,-0.4992572721481303,0.7988116354370085,1.0,-0.5,0.8,0.001485455703739258,-0.0007427278518696845,0.0011883645629915396,-12.371413051940578,-3.743126097891179,-1.504628540586105
2.5897340774536133,0.9984712667047724,-0.49923563335238613,0.7987770133638178,1.0,-0.5,0.8,0.0015287332952276245,-0.0007643666476138677,0.001222986636182255,-12.373947309870053,-3.744240019528722,-1.5049777551885943
2.599713087081909,0.9984322529903613,-0.4992161264951806,0.7987458023922889,1.0,-0.5,0.8,0.001567747009638687,-0.000783873504819399,0.0012541976077111716,-12.376385043847627,-3.745309308395723,-1.5053123154363075
2.6096975803375244,0.9983972726897107,-0.4991986363448553,0.7987178181517683,1.0,-0.5,0.8,0.0016027273102893203,-0.0008013636551447156,0.0012821818482317004,-12.378729910050387,-3.7463357078356383,-1.5056328143981355
2.6197428703308105,0.9983661058713714,-0.49918305293568566,0.798692884697097,1.0,-0.5,0.8,0.0016338941286285769,-0.0008169470643143439,0.0013071153029030613,-12.380985426856276,-3.7473208946185546,-1.5059398215439366
2.629713296890259,0.9983385426900798,-0.49916927134503986,0.7986708341520637,1.0,-0.5,0.8,0.001661457309920178,-0.0008307286549601445,0.0013291658479362978,-12.383154980010318,-3.748266481411329,-1.506233883684611
2.6396982669830322,0.9983143829591558,-0.4991571914795778,0.7986515063673245,1.0,-0.5,0.8,0.001685617040844245,-0.000842808520422178,0.0013484936326755292,-12.385241827598302,-3.7491740191606953,-1.5065155258737657
2.649730682373047,0.998293435740267,-0.4991467178701334,0.7986347485922135,1.0,-0.5,0.8,0.0017065642597330344,-0.0008532821298665727,0.0013652514077865385,-12.387249104835156,-3.7500449993920877,-1.5067852522726168
2.659738063812256,0.9982755189498717,-0.49913775947493577,0.7986204151598972,1.0,-0.5,0.8,0.0017244810501283458,-0.0008622405250642284,0.00137958484010281,-12.38917982867483,-3.750880856426788,-1.5070435469797183
2.669729232788086,0.9982604589816795,-0.4991302294908397,0.7986083671853434,1.0,-0.5,0.8,0.0017395410183205229,-0.000869770509160317,0.001391632814656596,-12.391036902248281,-3.7516829695200413,-1.5072908748270426
2.6797432899475098,0.9982480903444954,-0.4991240451722476,0.7985984722755961,1.0,-0.5,0.8,0.0017519096555046465,-0.0008759548277523788,0.0014015277244039392,-12.392823119135919,-3.7524526649226533,-1.5075276821438668
2.6896979808807373,0.9982382553148368,-0.49911912765741834,0.7985906042518692,1.0,-0.5,0.8,0.0017617446851632135,-0.0008808723425816622,0.001409395748130815,-12.39454116748064,-3.753191217868567,-1.5077543974898104
2.699721097946167,0.9982308036037378,-0.49911540180186886,0.79858464288299,1.0,-0.5,0.8,0.0017691963962621626,-0.0008845981981311368,0.0014153571170100188,-12.39619363394736,-3.7538998544908364,-1.5079714323583664
2.709750175476074,0.9982255920371765,-0.4991127960185882,0.798580473629741,1.0,-0.5,0.8,0.0017744079628234655,-0.0008872039814117882,0.0014195263702589944,-12.397783007534718,-3.754579753668372,-1.5081791818521526
2.7197394371032715,0.9982224842495847,-0.4991112421247923,0.7985779873996677,1.0,-0.5,0.8,0.0017775157504152928,-0.0008887578752077019,0.0014220126003323674,-12.399311683244436,-3.7552320488057456,-1.5083780253310852
2.729748010635376,0.9982213503899191,-0.4991106751949595,0.7985770803119352,1.0,-0.5,0.8,0.0017786496100808957,-0.0008893248050405034,0.0014229196880648498,-12.400781965613609,-3.75585782954832,-1.5085683270346038
2.739793539047241,0.9982220668397945,-0.4991110334198972,0.7985776534718355,1.0,-0.5,0.8,0.0017779331602054693,-0.0008889665801027902,0.0014223465281645309,-12.40219607211501,-3.7564581434348554,-1.5087504366790327
2.7497737407684326,0.9982245159431979,-0.4991122579715989,0.7985796127545582,1.0,-0.5,0.8,0.001775484056802057,-0.000887742028401084,0.001420387245441801,-12.403556136430304,-3.757033997489753,-1.5089246900311168
2.7597599029541016,0.9982285857473231,-0.4991142928736615,0.7985828685978584,1.0,-0.5,0.8,0.0017714142526769061,-0.0008857071263385086,0.0014171314021416137,-12.404864211600872,-3.757586359756971,-1.5090914094587147
2.76977276802063,0.9982341697540802,-0.49911708487704004,0.7985873358032641,1.0,-0.5,0.8,0.0017658302459198083,-0.0008829151229599597,0.0014126641967359133,-12.406122273060857,-3.758116160777629,-1.509250904459593
2.7797365188598633,0.9982411666818561,-0.499120583340928,0.798592933345485,1.0,-0.5,0.8,0.0017588333181438598,-0.0008794166590719854,0.0014070666545150656,-12.407332221556675,-3.7586242950132376,-1.5094034721692242
2.789799451828003,0.9982494802371148,-0.49912474011855734,0.7985995841896919,1.0,-0.5,0.8,0.0017505197628852054,-0.0008752598814426582,0.001400415810308142,-12.408495885957361,-3.7591116222164613,-1.5095493978484478
2.7997701168060303,0.998259018895444,-0.49912950944772194,0.7986072151163552,1.0,-0.5,0.8,0.0017409811045560053,-0.0008704905522780582,0.0013927848836448042,-12.409615025959681,-3.7595789687512235,-1.5096889553518196
2.8097989559173584,0.9982696956916713,-0.4991348478458356,0.7986157565533372,1.0,-0.5,0.8,0.0017303043083286562,-0.0008651521541643836,0.0013842434466628806,-12.410691334692013,-3.760027128863934,-1.5098224075774327
2.8197972774505615,0.9982814280186855,-0.4991407140093427,0.7986251424149485,1.0,-0.5,0.8,0.0017185719813145317,-0.0008592859906573214,0.0013748575850515143,-12.411726441220697,-3.7604568659075817,-1.5099500068989646
2.8298237323760986,0.9982941374346136,-0.49914706871730674,0.798635309947691,1.0,-0.5,0.8,0.0017058625653864068,-0.0008529312826932589,0.0013646900523089922,-12.412721912962525,-3.760868913520324,-1.5100719955806743
2.8397698402404785,0.9983077494780205,-0.4991538747390102,0.7986461995824166,1.0,-0.5,0.8,0.0016922505219795214,-0.0008461252609898162,0.001353800417583484,-12.413679258006836,-3.7612639767602167,-1.5101886061760306
2.849743127822876,0.998322193490806,-0.49916109674540293,0.798657754792645,1.0,-0.5,0.8,0.0016778065091940242,-0.0008389032545970676,0.0013422452073550417,-12.414599927350611,-3.7616427331976343,-1.5103000619106384
2.859745740890503,0.9983374024484927,-0.4991687012242463,0.7986699219587944,1.0,-0.5,0.8,0.0016625975515073277,-0.0008312987757537194,0.0013300780412056623,-12.415485317049768,-3.7620058339668905,-1.510406577050087
2.86979603767395,0.9983533127976051,-0.4991766563988025,0.7986826502380843,1.0,-0.5,0.8,0.0016466872023949142,-0.0008233436011975126,0.001317349761915776,-12.41633677028982,-3.7623539047785357,-1.5105083572533369
2.8798043727874756,0.998369864299856,-0.49918493214992793,0.798695891439885,1.0,-0.5,0.8,0.0016301357001440309,-0.0008150678500720709,0.0013041085601150915,-12.417155579378862,-3.7626875468937335,-1.5106055999122079
2.8897531032562256,0.9983869998828647,-0.4991934999414323,0.798709599906292,1.0,-0.5,0.8,0.001613000117135277,-0.000806500058567694,0.0012904000937080662,-12.417942987665825,-3.7630073380620845,-1.5106984944775372
2.8997368812561035,0.9984046654971445,-0.4992023327485722,0.7987237323977158,1.0,-0.5,0.8,0.0015953345028555388,-0.0007976672514278249,0.0012762676022842756,-12.41870019138674,-3.7633138334242364,-1.5107872227725316
2.9097900390625,0.9984228099791046,-0.49921140498955224,0.7987382479832839,1.0,-0.5,0.8,0.0015771900208954026,-0.0007885950104477568,0.0012617520167161889,-12.419428341441725,-3.7636075663805397,-1.510871959293826
2.9197232723236084,0.9984413849198257,-0.4992206924599128,0.7987531079358607,1.0,-0.5,0.8,0.001558615080174297,-0.000779307540087204,0.0012468920641393044,-12.42012854510526,-3.763889049426995,-1.510952871500734
2.929713726043701,0.9984603445393735,-0.4992301722696867,0.798768275631499,1.0,-0.5,0.8,0.00153965546062651,-0.0007698277303133105,0.0012317243685010526,-12.420801867672287,-3.764158774959691,-1.5110301200931617
2.939706325531006,0.9984796455664264,-0.49923982278321316,0.7987837164531414,1.0,-0.5,0.8,0.0015203544335735675,-0.0007601772167868392,0.0012162835468586541,-12.42144933404244,-3.764417216048854,-1.5111038592786292
2.949716091156006,0.9984992471230032,-0.49924962356150154,0.7987993976984028,1.0,-0.5,0.8,0.0015007528769968026,-0.0007503764384984568,0.0012006023015972422,-12.422071930244819,-3.764664827183685,-1.5111742370288357
2.9597668647766113,0.9985191106140813,-0.49925955530704064,0.7988152884912653,1.0,-0.5,0.8,0.0014808893859187267,-0.0007404446929593633,0.0011847115087347815,-12.422670604905438,-3.76490204498898,-1.5112413953261756
2.9697580337524414,0.9985391996219092,-0.4992695998109546,0.7988313596975276,1.0,-0.5,0.8,0.0014608003780908208,-0.0007304001890454104,0.0011686403024724346,-12.423246270659575,-3.765129288914639,-1.511305470400606
2.979757070541382,0.9985594798048204,-0.49927973990241026,0.7988475838438567,1.0,-0.5,0.8,0.0014405201951795954,-0.0007202600975897422,0.0011524161561433655,-12.423799805511003,-3.7653469618990223,-1.5113665929572369
2.9897637367248535,0.9985799188003669,-0.4992899594001835,0.7988639350402938,1.0,-0.5,0.8,0.0014200811996331053,-0.0007100405998164971,0.0011360649597061956,-12.424332054140123,-3.7655554510071396,-1.5114248883950252
2.999730348587036,0.9986004861325944,-0.4993002430662973,0.7988803889060759,1.0,-0.5,0.8,0.0013995138674055552,-0.0006997569337027221,0.001119611093924111,-12.424843829162947,-3.765755128044598,-1.5114804770169004
3.0097334384918213,0.9986211531232926,-0.49931057656164635,0.7988969224986345,1.0,-0.5,0.8,0.001378846876707418,-0.0006894234383536535,0.0011030775013655125,-12.425335912342687,-3.7659463501482073,-1.5115334742316773
3.019761085510254,0.9986418928070554,-0.49932094640352775,0.7989135142456447,1.0,-0.5,0.8,0.001358107192944602,-0.0006790535964722455,0.0010864857543553263,-12.425809055755792,-3.7661294603541142,-1.5115839907480648
3.029768466949463,0.9986626798499973,-0.49933133992499873,0.7989301438799983,1.0,-0.5,0.8,0.0013373201500026521,-0.0006686600750012706,0.0010698561200017664,-12.426263982914108,-3.7663047881442924,-1.511632132761086
3.0397629737854004,0.9986834904719754,-0.49934174523598773,0.7989467923775807,1.0,-0.5,0.8,0.0013165095280246453,-0.0006582547640122671,0.0010532076224193387,-12.426701389844814,-3.7664726499722083,-1.5116780021312057
3.049743413925171,0.9987043023721723,-0.4993521511860862,0.7989634418977383,1.0,-0.5,0.8,0.0012956976278276633,-0.0006478488139137761,0.0010365581022617754,-12.427121946129708,-3.7666333497684317,-1.5117216965564482
3.0597262382507324,0.9987250946579047,-0.4993625473289524,0.7989800757263241,1.0,-0.5,0.8,0.0012749053420952894,-0.0006374526710475892,0.0010199242736759206,-12.427526295905363,-3.7667871794269336,-1.5117633097377814
3.0697364807128906,0.9987458477765209,-0.4993729238882605,0.7989966782212171,1.0,-0.5,0.8,0.0012541522234791325,-0.0006270761117395107,0.0010033217787829285,-12.427915058825622,-3.7669344192728156,-1.5118029315380315
3.0797457695007324,0.9987665434502639,-0.499383271725132,0.7990132347602116,1.0,-0.5,0.8,0.0012334565497360561,-0.0006167282748679725,0.0009867652397884674,-12.428288830987857,-3.7670753385121425,-1.5118406481345723
3.0897269248962402,0.9987871646139762,-0.49939358230698816,0.7990297316911814,1.0,-0.5,0.8,0.0012128353860237917,-0.0006064176930118403,0.0009702683088186337,-12.428648185824327,-3.767210195664564,-1.5118765421660454
3.099726438522339,0.9988076953555279,-0.499403847677764,0.7990461562844228,1.0,-0.5,0.8,0.0011923046444720642,-0.0005961523222359766,0.0009538437155772739,-12.428993674959948,-3.7673392389793716,-1.5119106928733304
3.109720230102539,0.9988281208588581,-0.4994140604294291,0.7990624966870868,1.0,-0.5,0.8,0.0011718791411419183,-0.0005859395705709036,0.0009375033129132015,-12.429325829037753,-3.7674627068356075,-1.5119431762349966
3.1197423934936523,0.9988484273495188,-0.4994242136747595,0.7990787418796155,1.0,-0.5,0.8,0.0011515726504811585,-0.0005757863252405238,0.0009212581203845716,-12.429645158513235,-3.7675808281268277,-1.5119740650974525
3.129751443862915,0.9988686020426203,-0.4994343010213102,0.7990948816340967,1.0,-0.5,0.8,0.0011313979573797095,-0.0005656989786897992,0.0009051183659033457,-12.429952154418753,-3.767693822631109,-1.5120034292999918
3.1397929191589355,0.9988886330930752,-0.49944431654653765,0.7991109064744606,1.0,-0.5,0.8,0.0011113669069248155,-0.0005556834534623523,0.0008890935255394528,-12.430247289099107,-3.767801901366831,-1.512031335794939
3.149735689163208,0.9989085095480482,-0.49945425477402416,0.799126807638439,1.0,-0.5,0.8,0.001091490451951782,-0.0005457452259758355,0.000873192361561026,-12.43053101691936,-3.7679052669348043,-1.5120578487630905
3.1597161293029785,0.9989282213015189,-0.4994641106507595,0.7991425770412156,1.0,-0.5,0.8,0.001071778698481074,-0.0005358893492404815,0.0008574229587844373,-12.430803774946016,-3.768004113847228,-1.5120830297246215
3.1697282791137695,0.9989477590508687,-0.4994738795254344,0.7991582072406954,1.0,-0.5,0.8,0.0010522409491312557,-0.0005261204745655723,0.000841792759304627,-12.431065983602448,-3.768098628844002,-1.5121069376456469
3.179765462875366,0.9989671142554089,-0.4994835571277045,0.7991736914043275,1.0,-0.5,0.8,0.00103288574459115,-0.0005164428722955194,0.0008263085956725646,-12.431318047299609,-3.768188991196853,-1.5121296290405983
3.1897969245910645,0.9989862790967665,-0.4994931395483833,0.7991890232774137,1.0,-0.5,0.8,0.0010137209032334837,-0.0005068604516166864,0.0008109767225863429,-12.431560355042967,-3.7682753730017495,-1.512151158070585
3.199751138687134,0.9990052464410537,-0.49950262322052685,0.7992041971528434,1.0,-0.5,0.8,0.000994753558946293,-0.0004973767794731465,0.0007958028471566347,-12.431793281016509,-3.7683579394600457,-1.512171576637883
3.209817886352539,0.9990240098027409,-0.49951200490137043,0.7992192078421931,1.0,-0.5,0.8,0.0009759901972591356,-0.0004879950986295678,0.0007807921578069088,-12.432017185144696,-3.7684368491487783,-1.5121909344767235
3.219776153564453,0.9990425633101666,-0.4995212816550833,0.7992340506481338,1.0,-0.5,0.8,0.0009574366898333908,-0.0004787183449166954,0.0007659493518662464,-12.43223241363322,-3.7685122542805303,-1.5122092792405017
3.229802370071411,0.9990609016726129,-0.4995304508363064,0.7992487213380909,1.0,-0.5,0.8,0.0009390983273871445,-0.00046954916369357225,0.0007512786619091605,-12.432439299489324,-3.768584300953272,-1.5122266565855638
3.2399182319641113,0.99907902014888,-0.49953951007444,0.7992632161191046,1.0,-0.5,0.8,0.0009209798511200518,-0.0004604899255600259,0.0007367838808954863,-12.432638163022492,-3.7686531293905343,-1.5122431102516893
3.2498433589935303,0.9990969145172981,-0.49954845725864905,0.7992775316138391,1.0,-0.5,0.8,0.0009030854827019041,-0.00045154274135095207,0.0007224683861609682,-12.432829312326184,-3.768718874172309,-1.5122586821394115
3.25976824760437,0.9991145810471149,-0.49955729052355746,0.7992916648376925,1.0,-0.5,0.8,0.0008854189528850753,-0.00044270947644253766,0.0007083351623075052,-12.433013043741422,-3.768781664457005,-1.5122734123842878
3.269775629043579,0.9991320164712002,-0.4995660082356001,0.7993056131769607,1.0,-0.5,0.8,0.0008679835287997983,-0.00043399176439989917,0.0006943868230393502,-12.433189642302818,-3.7688416241948333,-1.5122873394282461
3.279815673828125,0.9991492179600121,-0.49957460898000605,0.7993193743680101,1.0,-0.5,0.8,0.0008507820399878963,-0.00042539101999394813,0.0006806256319898951,-12.433359382167762,-3.7688988723329087,-1.5123005000881133
3.2897634506225586,0.9991661830967711,-0.49958309154838554,0.7993329464774173,1.0,-0.5,0.8,0.0008338169032289233,-0.00041690845161446166,0.0006670535225827834,-12.433522527029403,-3.7689535230124207,-1.5123129296214453
3.299793243408203,0.9991829098537901,-0.49959145492689505,0.7993463278830325,1.0,-0.5,0.8,0.0008170901462098978,-0.0004085450731049489,0.0006536721169675408,-12.433679330513966,-3.7690056857581506,-1.5123246617897528
3.3097519874572754,0.9991993965699117,-0.4995996982849559,0.7993595172559298,1.0,-0.5,0.8,0.0008006034300882536,-0.0004003017150441268,0.0006404827440702476,-12.43383003656311,-3.7690554656606445,-1.5123357289192343
3.3197834491729736,0.9992156419290046,-0.4996078209645023,0.799372513543204,1.0,-0.5,0.8,0.0007843580709954168,-0.0003921790354977084,0.0006274864567960003,-12.43397487980178,-3.7691029635513145,-1.5123461619591028
3.3298208713531494,0.9992316449394737,-0.49961582246973685,0.7993853159515794,1.0,-0.5,0.8,0.0007683550605263045,-0.00038417753026315227,0.0006146840484206884,-12.434114085892164,-3.7691482761707373,-1.5123559905376092
3.3397653102874756,0.9992474049147417,-0.49962370245737087,0.7993979239317938,1.0,-0.5,0.8,0.0007525950852582675,-0.00037629754262913373,0.0006020760682062809,-12.434247871874256,-3.7691914963304245,-1.5123652430158476
3.349804639816284,0.9992629214546581,-0.49963146072732906,0.7994103371637268,1.0,-0.5,0.8,0.0007370785453418849,-0.00036853927267094244,0.0005896628362732637,-12.434376446493536,-3.7692327130682926,-1.512373946539429
3.3597488403320312,0.9992781944277971,-0.49963909721389854,0.799422555542238,1.0,-0.5,0.8,0.000721805572202916,-0.000360902786101458,0.0005774444577620885,-12.434500010516246,-3.7692720117980922,-1.512382127088106
3.3697738647460938,0.9992932239546058,-0.4996466119773029,0.799434579163685,1.0,-0.5,0.8,0.000706776045394153,-0.0003533880226970765,0.0005654208363150559,-12.43461875703273,-3.769309474453027,-1.5123898095234292
3.37972354888916,0.9993080103913657,-0.49965400519568287,0.7994464083130929,1.0,-0.5,0.8,0.0006919896086342581,-0.00034599480431712903,0.0005535916869071622,-12.434732871749322,-3.769345179623776,-1.5123970176345158
3.3897271156311035,0.999322554314931,-0.4996612771574655,0.7994580434519452,1.0,-0.5,0.8,0.0006774456850690003,-0.00033872284253450013,0.0005419565480548894,-12.434842533269123,-3.7693792026911326,-1.512403774181991
3.3997504711151123,0.999336856508212,-0.499668428254106,0.79946948520657,1.0,-0.5,0.8,0.0006631434917879764,-0.0003315717458939882,0.0005305147934300258,-12.434947913362205,-3.769411615953497,-1.5124101009401956
3.409719467163086,0.9993509179463694,-0.4996754589731847,0.799480734357096,1.0,-0.5,0.8,0.0006490820536305675,-0.00032454102681528374,0.0005192656429040543,-12.435049177225565,-3.769442488749368,-1.512416018737703
3.419724702835083,0.999364739783689,-0.4996823698918445,0.7994917918269516,1.0,-0.5,0.8,0.0006352602163109955,-0.00031763010815549775,0.0005082081730484189,-12.43514648373321,-3.7694718875750763,-1.5124215474962281
3.429724931716919,0.9993783233411062,-0.4996891616705531,0.7995026586728854,1.0,-0.5,0.8,0.0006216766588937883,-0.00031083832944689416,0.0004973413271146532,-12.435239985676793,-3.7694998761979104,-1.512426706267986
3.4397618770599365,0.9993916700943536,-0.4996958350471768,0.7995133360754832,1.0,-0.5,0.8,0.0006083299056464098,-0.0003041649528232049,0.00048666392451679474,-12.435329829997121,-3.7695265157648365,-1.512431513271559
3.4497742652893066,0.9994047816627014,-0.4997023908313507,0.7995238253301614,1.0,-0.5,0.8,0.0005952183372985864,-0.0002976091686492932,0.0004761746698386249,-12.435416158006909,-3.769551864906947,-1.5124359859263337
3.459817409515381,0.9994176597982669,-0.49970882989913346,0.7995341278386138,1.0,-0.5,0.8,0.0005823402017330892,-0.0002911701008665446,0.0004658721613862715,-12.435499105605057,-3.769575979839857,-1.512440140885563
3.469799518585205,0.9994303063758664,-0.4997151531879332,0.7995442451006933,1.0,-0.5,0.8,0.0005696936241336159,-0.00028484681206680795,0.0004557548993067151,-12.435578803482834,-3.7695989144601385,-1.5124439940681031
3.479779005050659,0.9994427233833857,-0.49972136169169284,0.7995541787067088,1.0,-0.5,0.8,0.0005572766166143106,-0.0002786383083071553,0.00044582129329129305,-12.43565537732223,-3.769620720438007,-1.5124475606888848
3.4898428916931152,0.9994549129126464,-0.4997274564563232,0.7995639303301173,1.0,-0.5,0.8,0.0005450870873535685,-0.00027254354367678424,0.00043606966988274376,-12.435728947986796,-3.769641447306364,-1.51245085528816
3.4998199939727783,0.9994668771507452,-0.4997334385753726,0.7995735017205964,1.0,-0.5,0.8,0.0005331228492547746,-0.0002665614246273873,0.00042649827940366425,-12.435799631705253,-3.76966114254635,-1.51245389175958
3.509761095046997,0.9994786183718455,-0.49973930918592274,0.7995828946974766,1.0,-0.5,0.8,0.0005213816281545158,-0.0002606908140772579,0.00041710530252347944,-12.435867540248108,-3.7696798516695478,-1.512456683377144
3.51981258392334,0.9994901389294003,-0.49974506946470015,0.7995921111435205,1.0,-0.5,0.8,0.0005098610705996931,-0.00025493053529984655,0.00040788885647957684,-12.4359327810976,-3.769697618296959,-1.5124592428210684
3.5298140048980713,0.9995014412487883,-0.49975072062439413,0.7996011529990309,1.0,-0.5,0.8,0.0004985587512117418,-0.0002492793756058709,0.00039884700096914916,-12.435995457611192,-3.7697144842348798,-1.5124615822026126
3.5397844314575195,0.9995125278203422,-0.4997562639101711,0.799610022256274,1.0,-0.5,0.8,0.00048747217965783296,-0.00024373608982891648,0.00038997774372606653,-12.436055669178847,-3.769730489547792,-1.5124637130879075
3.5497887134552,0.9995234011927535,-0.49976170059637676,0.799618720954203,1.0,-0.5,0.8,0.0004765988072464866,-0.0002382994036232433,0.00038127904579698946,-12.43611351137435,-3.7697456726283987,-1.512465646520827
3.5597755908966064,0.9995340639668356,-0.4997670319834178,0.7996272511734688,1.0,-0.5,0.8,0.0004659360331643603,-0.00023296801658218014,0.0003727488265312662,-12.436169076100871,-3.7697600702648955,-1.5124673930449308
3.569765567779541,0.999544518789629,-0.4997722593948145,0.7996356150317034,1.0,-0.5,0.8,0.0004554812103709782,-0.0002277406051854891,0.00036438496829660494,-12.436222451731023,-3.769773717705604,-1.5124689627245296
3.5797626972198486,0.9995547683488322,-0.4997773841744161,0.799643814679066,1.0,-0.5,0.8,0.00044523165116783225,-0.00022261582558391613,0.00035618532093406596,-12.436273723241579,-3.7697866487210496,-1.5124703651648925
3.5898020267486572,0.9995648153675448,-0.4997824076837724,0.7996518522940361,1.0,-0.5,0.8,0.0004351846324551767,-0.00021759231622758834,0.0003481477059639193,-12.43632297234308,-3.769798895663602,-1.5124716095316408
3.599808692932129,0.9995746625993074,-0.4997873312996537,0.7996597300794461,1.0,-0.5,0.8,0.00042533740069261583,-0.00021266870034630792,0.00034026992055391503,-12.436370277604546,-3.7698104895247657,-1.5124727045693553
3.609797477722168,0.9995843128234232,-0.4997921564117116,0.7996674502587388,1.0,-0.5,0.8,0.00041568717657680665,-0.00020784358828840332,0.0003325497412612899,-12.436415714573402,-3.7698214599902,-1.5124736586194307
3.6197657585144043,0.9995937688405515,-0.49979688442027576,0.7996750150724413,1.0,-0.5,0.8,0.0004062311594484891,-0.00020311557972424454,0.00032498492755872466,-12.436459355890888,-3.7698318354925786,-1.512474479637204
3.629779100418091,0.9996030334685567,-0.49980151673427836,0.7996824267748455,1.0,-0.5,0.8,0.00039696653144327687,-0.00019848326572163844,0.0003175732251545771,-12.436501271403069,-3.7698416432623536,-1.5124751752083878
3.6397838592529297,0.9996121095386035,-0.49980605476930173,0.7996896876308829,1.0,-0.5,0.8,0.00038789046139653394,-0.00019394523069826697,0.00031031236911716054,-12.43654152826762,-3.769850909376519,-1.5124757525648351
3.649763584136963,0.9996209998914847,-0.49981049994574234,0.7996967999131879,1.0,-0.5,0.8,0.00037900010851532606,-0.00018950005425766303,0.00030320008681217203,-12.436580191056562,-3.769859658805439,-1.5124762185996632
3.65978741645813,0.9996297073741722,-0.4998148536870861,0.7997037658993379,1.0,-0.5,0.8,0.0003702926258277728,-0.0001851463129138864,0.0002962341006621516,-12.43661732185509,-3.769867915457831,-1.5124765798817599
3.669748306274414,0.9996382348365798,-0.4998191174182899,0.799710587869264,1.0,-0.5,0.8,0.0003617651634202357,-0.00018088258171011784,0.0002894121307360775,-12.436652980356643,-3.769875702223959,-1.5124768426696977
3.6797640323638916,0.9996465851285266,-0.4998232925642633,0.7997172681028214,1.0,-0.5,0.8,0.0003534148714734453,-0.00017670743573672265,0.0002827318971786452,-12.43668722395435,-3.7698830410171205,-1.5124770129250815
3.6899023056030273,0.9996547610968938,-0.4998273805484469,0.7997238088775152,1.0,-0.5,0.8,0.0003452389031062264,-0.0001726194515531132,0.0002761911224848923,-12.436720107829021,-3.7698899528134873,-1.5124770963253469
3.6997194290161133,0.9996627655829633,-0.49983138279148165,0.7997302124663708,1.0,-0.5,0.8,0.00033723441703670254,-0.00016861720851835127,0.0002697875336292732,-12.43675168503376,-3.7698964576903604,-1.5124770982760363
3.709705352783203,0.9996706014199302,-0.4998353007099651,0.7997364811359444,1.0,-0.5,0.8,0.00032939858006975076,-0.00016469929003487538,0.00026351886405562297,-12.43678200657538,-3.769902574862916,-1.5124770239225724
3.7197189331054688,0.999678271430581,-0.4998391357152905,0.799742617144465,1.0,-0.5,0.8,0.00032172856941903305,-0.00016086428470951653,0.0002573828555350044,-12.436811121492719,-3.7699083227194805,-1.5124768781615454
3.7297446727752686,0.999685778425128,-0.499842889212564,0.7997486227401027,1.0,-0.5,0.8,0.0003142215748720423,-0.00015711078743602114,0.00025137725989732296,-12.436839076931964,-3.769913718855408,-1.5124766656515387
3.7397634983062744,0.9996931251991945,-0.49984656259959725,0.799754500159356,1.0,-0.5,0.8,0.00030687480080549,-0.000153437400402745,0.00024549984064403674,-12.43686591821912,-3.769918780105606,-1.5124763908235068
3.749762773513794,0.9997003145319409,-0.49985015726597043,0.7997602516255531,1.0,-0.5,0.8,0.000299685468059141,-0.0001498427340295705,0.0002397483744469575,-12.436891688929707,-3.7699235225757737,-1.512476057890727
3.759761095046997,0.9997073491843257,-0.49985367459216284,0.7997658793474609,1.0,-0.5,0.8,0.0002926508156743113,-0.00014632540783715564,0.00023412065253913816,-12.436916430955819,-3.7699279616723813,-1.5124756708583387
3.769789218902588,0.9997142318974955,-0.49985711594874777,0.7997713855179968,1.0,-0.5,0.8,0.00028576810250446893,-0.00014288405125223447,0.0002286144820032865,-12.436940184570613,-3.769932112131469,-1.5124752335324891
3.779787302017212,0.9997209653912955,-0.49986048269564776,0.7997767723130367,1.0,-0.5,0.8,0.00027903460870448704,-0.00013951730435224352,0.0002232276869633676,-12.436962988490363,-3.76993598804628,-1.5124747495291
3.789757251739502,0.999727552362896,-0.499863776181448,0.7997820418903171,1.0,-0.5,0.8,0.00027244763710398967,-0.00013622381855199484,0.0002179581096829475,-12.436984879934109,-3.7699396028938077,-1.5124742222822705
3.7997379302978516,0.9997339954855284,-0.4998669977427642,0.7997871963884231,1.0,-0.5,0.8,0.0002660045144715628,-0.0001330022572357814,0.0002128036115769394,-12.437005894681091,-3.769942969560263,-1.5124736550523323
3.809741973876953,0.999740297407325,-0.4998701487036625,0.7997922379258604,1.0,-0.5,0.8,0.00025970259267504847,-0.00012985129633752424,0.0002077620741396391,-12.437026067125949,-3.769946100365537,-1.5124730509335675
3.819783926010132,0.9997464607502566,-0.4998732303751283,0.7997971686002058,1.0,-0.5,0.8,0.00025353924974336195,-0.00012676962487168097,0.00020283139979426767,-12.43704543033183,-3.769949007086671,-1.512472412861607
3.82981276512146,0.9997524881091648,-0.4998762440545824,0.7998019904873322,1.0,-0.5,0.8,0.00024751189083516145,-0.00012375594541758073,0.0001980095126677961,-12.437064016081482,-3.7699517009804024,-1.512471743620519
3.8398139476776123,0.9997583820508809,-0.49987919102544043,0.799806705640705,1.0,-0.5,0.8,0.00024161794911914392,-0.00012080897455957196,0.00019329435929504868,-12.437081854926385,-3.7699541928047853,-1.5124710458496007
3.849780797958374,0.9997641451134295,-0.49988207255671474,0.799811316090744,1.0,-0.5,0.8,0.000235854886570519,-0.0001179274432852595,0.00018868390925608214,-12.437098976234019,-3.7699564928399587,-1.5124703220498894
3.859713315963745,0.9997697798053117,-0.49988488990265584,0.7998158238442497,1.0,-0.5,0.8,0.00023022019468832422,-0.00011511009734416211,0.00018417615575039292,-12.437115408233327,-3.769958610908078,-1.5124695745903942
3.869722843170166,0.9997752886048615,-0.49988764430243077,0.7998202308838895,1.0,-0.5,0.8,0.00022471139513846605,-0.00011235569756923303,0.0001797691161105064,-12.43713117805843,-3.7699605563924323,-1.512468805714072
3.8797261714935303,0.999780673959675,-0.49989033697983754,0.7998245391677403,1.0,-0.5,0.8,0.00021932604032504077,-0.00010966302016246487,0.00017546083225972176,-12.437146311790695,-3.7699623382558123,-1.512468017543549
3.8897454738616943,0.9997859382861045,-0.4998929691430523,0.799828750628884,1.0,-0.5,0.8,0.0002140617138954859,-0.00010703085694768744,0.00017124937111601124,-12.437160834499199,-3.7699639650581185,-1.5124672120866005
3.899745464324951,0.9997910839688177,-0.4998955419844089,0.7998328671750545,1.0,-0.5,0.8,0.00020891603118233792,-0.00010445801559111345,0.00016713282494551507,-12.437174770279611,-3.7699654449732725,-1.5124663912414031
3.9097726345062256,0.9997961133604145,-0.4998980566802073,0.799836890688332,1.0,-0.5,0.8,0.00020388663958548214,-0.00010194331979268556,0.00016310931166807485,-12.437188142291637,-3.7699667858054333,-1.5124655568015593
3.9197700023651123,0.999801028781102,-0.49990051439055105,0.799840823024882,1.0,-0.5,0.8,0.00019897121889800307,-9.948560944894602e-05,0.00015917697511802498,-12.437200972794995,-3.769967995004574,-1.5124647104609124
3.929774045944214,0.9998058325184209,-0.4999029162592105,0.7998446660147371,1.0,-0.5,0.8,0.00019416748157907726,-9.708374078948312e-05,0.00015533398526290654,-12.437213283184064,-3.7699690796814145,-1.512463853818158
3.9398105144500732,0.9998105268270229,-0.4999052634135115,0.7998484214616187,1.0,-0.5,0.8,0.00018947317297712818,-9.473658648850858e-05,0.00015157853838132507,-12.43722509402115,-3.7699700466217516,-1.5124629883812575
3.949800729751587,0.9998151139284942,-0.49990755696424716,0.7998520911427958,1.0,-0.5,0.8,0.0001848860715057965,-9.244303575284274e-05,0.00014790885720428193,-12.437236425068521,-3.7699709023002184,-1.5124621155716627
3.9597673416137695,0.999819596011224,-0.4999097980056121,0.7998556768089796,1.0,-0.5,0.8,0.00018040398877594566,-9.020199438791732e-05,0.00014432319102042346,-12.437247295319223,-3.769971652893472,-1.5124612367283612
3.969811201095581,0.9998239752303142,-0.49991198761515715,0.7998591801842517,1.0,-0.5,0.8,0.00017602476968581193,-8.801238484285046e-05,0.00014081981574831648,-12.437257723026681,-3.7699723042928537,-1.5124603531117506
3.9797797203063965,0.9998282537075275,-0.4999141268537638,0.7998626029660223,1.0,-0.5,0.8,0.00017174629247251882,-8.58731462362039e-05,0.0001373970339777486,-12.437267725733202,-3.7699728621165267,-1.5124594659073411
3.989812135696411,0.9998324335312734,-0.49991621676563675,0.799865946825019,1.0,-0.5,0.8,0.00016756646872662095,-8.378323436325497e-05,0.00013405317498105251,-12.437277320297374,-3.769973331721136,-1.5124585762293055
3.9999353885650635,0.9998365167566272,-0.49991825837831366,0.799869213405302,1.0,-0.5,0.8,0.0001634832433727862,-8.174162168633758e-05,0.0001307865946980069,-12.437286522920424,-3.769973718212968,-1.5124576851238711
4.00976037979126,0.999840505405382,-0.4999202527026911,0.799872404324306,1.0,-0.5,0.8,0.00015949459461794824,-7.974729730891861e-05,0.00012759567569409214,-12.437295349171555,-3.7699740264586814,-1.5124567935725686
4.019763946533203,0.9998444014661302,-0.49992220073306515,0.7998755211729045,1.0,-0.5,0.8,0.00015559853386981626,-7.779926693485262e-05,0.00012447882709554214,-12.437303814012326,-3.769974261095577,-1.5124559024953386
4.0298075675964355,0.9998482068943729,-0.4999241034471865,0.7998785655154987,1.0,-0.5,0.8,0.00015179310562707382,-7.58965528134814e-05,0.00012143448450130379,-12.437311931820094,-3.769974426541464,-1.5124550127535026
4.039752721786499,0.9998519236126564,-0.49992596180632826,0.7998815388901255,1.0,-0.5,0.8,0.00014807638734359863,-7.40381936717438e-05,0.00011846110987456804,-12.437319716410574,-3.7699745270041114,-1.5124541251526096
4.049785614013672,0.9998555535107316,-0.49992777675536587,0.7998844428085857,1.0,-0.5,0.8,0.00014444648926836834,-7.222324463412866e-05,0.0001155571914143172,-12.437327181059477,-3.7699745664903173,-1.51245324044515
4.059869766235352,0.9998590984457378,-0.499929549222869,0.7998872787565907,1.0,-0.5,0.8,0.00014090155426216278,-7.045077713102588e-05,0.00011272124340933054,-12.437334338523417,-3.769974548814608,-1.5124523593331622
4.069810390472412,0.9998625602424059,-0.499931280121203,0.7998900481939252,1.0,-0.5,0.8,0.00013743975759406002,-6.87198787969745e-05,0.00010995180607487054,-12.43734120105993,-3.7699744776075725,-1.5124514824707138
4.079830884933472,0.9998659406932822,-0.49993297034664114,0.7998927525546261,1.0,-0.5,0.8,0.0001340593067178375,-6.702965335886324e-05,0.00010724744537393693,-12.437347780446771,-3.7699743563238575,-1.5124506104662818
4.089799880981445,0.9998692415589697,-0.4999346207794849,0.7998953932471762,1.0,-0.5,0.8,0.00013075844103027645,-6.537922051508271e-05,0.00010460675282386589,-12.437354088000449,-3.769974188249838,-1.5124497438850262
4.099727153778076,0.9998724645683869,-0.4999362322841935,0.7998979716547099,1.0,-0.5,0.8,0.00012753543161314607,-6.376771580651752e-05,0.00010202834529016158,-12.437360134594075,-3.769973976510962,-1.5124488832509593
4.10971999168396,0.9998756114190405,-0.4999378057095203,0.7999004891352327,1.0,-0.5,0.8,0.00012438858095953353,-6.219429047971126e-05,9.951086476733817e-05,-12.437365930674511,-3.7699737240788016,-1.512448029049025
4.119699478149414,0.9998786837773137,-0.4999393418886569,0.7999029470218513,1.0,-0.5,0.8,0.00012131622268629627,-6.0658111343092624e-05,9.705297814877056e-05,-12.437371486278845,-3.7699734337778006,-1.512447181727082
4.129753828048706,0.9998816832787668,-0.49994084163938346,0.7999053466230137,1.0,-0.5,0.8,0.00011831672123319148,-5.915836061654023e-05,9.465337698633114e-05,-12.437376811050287,-3.769973108291756,-1.5124463416977993
4.139795303344727,0.9998846115284493,-0.4999423057642247,0.7999076892227597,1.0,-0.5,0.8,0.00011538847155068144,-5.769423577528521e-05,9.231077724036751e-05,-12.43738191425338,-3.7699727501700213,-1.5124455093404683
4.149807453155518,0.9998874701012234,-0.49994373505061174,0.7999099760809789,1.0,-0.5,0.8,0.00011252989877663655,-5.6264949388262764e-05,9.00239190211316e-05,-12.437386804788698,-3.7699723618334526,-1.512444685002732
4.159766912460327,0.999890260542097,-0.49994513027104853,0.7999122084336777,1.0,-0.5,0.8,0.0001097394579030464,-5.486972895146769e-05,8.77915663223261e-05,-12.437391491206943,-3.7699719455801146,-1.5124438690022393
4.169719934463501,0.9998929843665652,-0.49994649218328263,0.7999143874932523,1.0,-0.5,0.8,0.00010701563343484821,-5.3507816717368595e-05,8.561250674776755e-05,-12.437395981722497,-3.7699715035907375,-1.5124430616282196
4.179699897766113,0.9998956430609605,-0.4999478215304803,0.7999165144487685,1.0,-0.5,0.8,0.00010435693903954046,-5.217846951971472e-05,8.348555123149914e-05,-12.437400284226474,-3.7699710379339595,-1.5124422631429952
4.189732313156128,0.999898238082809,-0.49994911904140454,0.7999185904662474,1.0,-0.5,0.8,0.00010176191719102334,-5.088095859545616e-05,8.140953375268545e-05,-12.437404406299253,-3.769970550571336,-1.512441473783414
4.199763298034668,0.9999007708611939,-0.499950385430597,0.7999206166889553,1.0,-0.5,0.8,9.922913880611173e-05,-4.961456940300035e-05,7.938331104473395e-05,-12.437408355222546,-3.7699700433621515,-1.5124406937622257
4.209762096405029,0.9999032427971236,-0.49995162139856186,0.7999225942376992,1.0,-0.5,0.8,9.675720287638523e-05,-4.83786014381371e-05,7.740576230086393e-05,-12.43741213799098,-3.769969518068021,-1.5124399232693917
4.219728946685791,0.9999056552639055,-0.4999528276319528,0.7999245242111247,1.0,-0.5,0.8,9.434473609448712e-05,-4.717236804718805e-05,7.547578887534545e-05,-12.437415761323267,-3.7699689763573048,-1.512439162473335
4.229754447937012,0.9999080096075229,-0.4999540048037615,0.7999264076860186,1.0,-0.5,0.8,9.199039247709262e-05,-4.59951962384908e-05,7.359231398140764e-05,-12.4374192316729,-3.769968419809331,-1.5124384115221339
4.2398176193237305,0.9999103071470161,-0.4999551535735081,0.7999282457176132,1.0,-0.5,0.8,8.96928529838803e-05,-4.484642649188464e-05,7.175428238681558e-05,-12.437422555238479,-3.769967849918445,-1.5124376705446585
4.249881982803345,0.9999125491748664,-0.49995627458743325,0.7999300393398934,1.0,-0.5,0.8,8.745082513361702e-05,-4.3725412566753e-05,6.996066010667157e-05,-12.437425737973618,-3.769967268097887,-1.5124369396516568
4.259807825088501,0.9999147369573816,-0.4999573684786909,0.7999317895659056,1.0,-0.5,0.8,8.526304261835538e-05,-4.263152130912218e-05,6.821043409444005e-05,-12.437428785596472,-3.7699666756835053,-1.5124362189367895
4.269822597503662,0.9999168717350846,-0.49995843586754235,0.799933497388068,1.0,-0.5,0.8,8.312826491541081e-05,-4.1564132457649894e-05,6.65026119320844e-05,-12.437431703598907,-3.7699660739373098,-1.5124355084776158
4.279849529266357,0.9999189547231015,-0.49995947736155083,0.7999351637784815,1.0,-0.5,0.8,8.104527689845042e-05,-4.05226384491697e-05,6.48362215185383e-05,-12.437434497255303,-3.769965464050878,-1.512434808336533
4.289852857589722,0.9999209871115528,-0.49996049355577643,0.7999367896892424,1.0,-0.5,0.8,7.901288844724963e-05,-3.9506444223569304e-05,6.321031075762207e-05,-12.437437171631027,-3.769964847148618,-1.5124341185616748
4.299798488616943,0.9999229700659423,-0.4999614850329712,0.7999383760527541,1.0,-0.5,0.8,7.702993405767078e-05,-3.851496702877988e-05,6.162394724595899e-05,-12.437439731590585,-3.769964224290885,-1.5124334391877623
4.309888601303101,0.9999249047275485,-0.4999624523637743,0.799939923782039,1.0,-0.5,0.8,7.50952724515308e-05,-3.754763622570989e-05,6.00762179610026e-05,-12.437442181805446,-3.76996359647697,-1.512432770236917
4.319745779037476,0.9999267922138136,-0.4999633961069068,0.7999414337710511,1.0,-0.5,0.8,7.320778618635781e-05,-3.660389309317891e-05,5.8566228948953025e-05,-12.437444526761569,-3.7699629646479647,-1.512432111719437
4.3297810554504395,0.999928633618733,-0.4999643168093665,0.7999429068949866,1.0,-0.5,0.8,7.13663812670351e-05,-3.568319063351755e-05,5.709310501345044e-05,-12.437446770766647,-3.7699623296894913,-1.5124314636345328
4.339760065078735,0.9999304300132427,-0.49996521500662133,0.7999443440105943,1.0,-0.5,0.8,6.956998675733406e-05,-3.478499337866703e-05,5.5655989405711814e-05,-12.437448917957067,-3.769961692434331,-1.5124308259710293
4.349789142608643,0.9999321824456061,-0.49996609122280306,0.799945745956485,1.0,-0.5,0.8,6.78175543938897e-05,-3.390877719694485e-05,5.425404351500074e-05,-12.437450972304596,-3.7699610536649253,-1.512430198708033
4.359771966934204,0.9999338919417986,-0.4999669459708993,0.7999471135534391,1.0,-0.5,0.8,6.610805820139731e-05,-3.3054029100698656e-05,5.2886446560984623e-05,-12.437452937622815,-3.769960414115776,-1.5124295818155669
4.3697755336761475,0.99993555950589,-0.49996777975294493,0.7999484476047121,1.0,-0.5,0.8,6.444049411002961e-05,-3.222024705507032e-05,5.155239528797928e-05,-12.437454817573308,-3.7699597744757427,-1.5124289752551758
4.379780054092407,0.9999371861204248,-0.49996859306021235,0.79994974889634,1.0,-0.5,0.8,6.281387957518536e-05,-3.140693978764819e-05,5.0251103660081675e-05,-12.437456615671598,-3.769959135390237,-1.5124283789804995
4.389721870422363,0.9999387727468007,-0.49996938637340027,0.7999510181974406,1.0,-0.5,0.8,6.122725319934741e-05,-3.0613626599729216e-05,4.8981802559411314e-05,-12.437458335292876,-3.7699584974633233,-1.5124277929378203
4.399770259857178,0.9999403203256427,-0.4999701601628213,0.7999522562605142,1.0,-0.5,0.8,5.9679674357271395e-05,-2.983983717869121e-05,4.774373948579491e-05,-12.437459979677477,-3.7699578612597313,-1.5124272170665802
4.40974760055542,0.9999418297771764,-0.49997091488858814,0.7999534638217412,1.0,-0.5,0.8,5.8170222823616946e-05,-2.9085111411863984e-05,4.653617825889356e-05,-12.437461551936185,-3.7699572273067705,-1.5124266512998747
4.419773101806641,0.9999433020015959,-0.4999716510007979,0.7999546416012767,1.0,-0.5,0.8,5.669799840413159e-05,-2.8348999202121306e-05,4.5358398723327475e-05,-12.437463055055291,-3.769956596096175,-1.5124260955649207
4.429767608642578,0.9999447378794305,-0.4999723689397152,0.7999557903035444,1.0,-0.5,0.8,5.5262120569499196e-05,-2.763106028480511e-05,4.4209696455688174e-05,-12.437464491901485,-3.7699559680858554,-1.5124255497835006
4.439754962921143,0.9999461382719065,-0.4999730691359532,0.7999569106175252,1.0,-0.5,0.8,5.38617280935183e-05,-2.6930864046814662e-05,4.3089382474881255e-05,-12.437465865226553,-3.769955343701582,-1.5124250138723856
4.44974946975708,0.9999475040213062,-0.499973752010653,0.7999580032170449,1.0,-0.5,0.8,5.2495978693833933e-05,-2.6247989346972478e-05,4.199678295513376e-05,-12.43746717767187,-3.769954723338589,-1.5124244877437332
4.459750413894653,0.9999488359513224,-0.49997441797566117,0.7999590687610579,1.0,-0.5,0.8,5.116404867755442e-05,-2.558202433883272e-05,4.093123894211015e-05,-12.437468431772755,-3.769954107363108,-1.5124239713054681
4.469761610031128,0.9999501348674104,-0.4999750674337051,0.7999601078939282,1.0,-0.5,0.8,4.986513258964376e-05,-2.493256629487739e-05,3.9892106071803823e-05,-12.43746962996263,-3.7699534961138355,-1.5124234644616423
4.4797656536102295,0.9999514015571341,-0.499975700778567,0.7999611212457073,1.0,-0.5,0.8,4.85984428658659e-05,-2.429922143298846e-05,3.887875429275933e-05,-12.43747077457703,-3.7699528899033385,-1.5124229671127754
4.489999055862427,0.9999526367905102,-0.499976318395255,0.7999621094324082,1.0,-0.5,0.8,4.7363209489836855e-05,-2.368160474497394e-05,3.789056759184728e-05,-12.437471867857447,-3.769952289019385,-1.512422479156177
4.499790668487549,0.9999538413203464,-0.49997692066017313,0.7999630730562771,1.0,-0.5,0.8,4.615867965362952e-05,-2.307933982687027e-05,3.692694372292582e-05,-12.43747291195505,-3.769951693726234,-1.5124220004862525
4.509735822677612,0.9999550158825766,-0.4999775079412882,0.7999640127060613,1.0,-0.5,0.8,4.498411742337449e-05,-2.249205871179827e-05,3.59872939387218e-05,-12.437473908934217,-3.7699511042658465,-1.5124215309947933
4.519747734069824,0.9999561611965913,-0.4999780805982955,0.7999649289572731,1.0,-0.5,0.8,4.3838803408746685e-05,-2.1919401704484365e-05,3.5071042726930735e-05,-12.437474860775975,-3.769950520859061,-1.5124210705712482
4.529738426208496,0.9999572779655637,-0.4999786389827817,0.799965822372451,1.0,-0.5,0.8,4.272203443633771e-05,-2.1361017218279876e-05,3.417762754909237e-05,-12.43747576938129,-3.769949943706705,-1.5124206191029848
4.5397422313690186,0.9999583668767714,-0.4999791834383856,0.7999666935014171,1.0,-0.5,0.8,4.163312322857937e-05,-2.0816561614400708e-05,3.3306498582907906e-05,-12.437476636574207,-3.7699493729906566,-1.512420176475531
4.5497870445251465,0.9999594286019141,-0.49997971430095695,0.7999675428815313,1.0,-0.5,0.8,4.0571398085886834e-05,-2.028569904305444e-05,3.245711846877608e-05,-12.437477464104902,-3.7699488088748634,-1.5124197425728085
4.559755563735962,0.9999604637974259,-0.4999802318987128,0.7999683710379406,1.0,-0.5,0.8,3.953620257413082e-05,-1.976810128717643e-05,3.162896205943788e-05,-12.437478253652596,-3.769948251506311,-1.5124193172773468
4.569771766662598,0.9999614731047838,-0.4999807365523918,0.799969178483827,1.0,-0.5,0.8,3.852689521621766e-05,-1.9263447608219852e-05,3.0821516173062946e-05,-12.437479006828365,-3.769947701015946,-1.512418900470493
4.579759120941162,0.9999624571508119,-0.49998122857540583,0.7999699657206495,1.0,-0.5,0.8,3.754284918811024e-05,-1.8771424594166142e-05,3.0034279350554804e-05,-12.437479725177827,-3.7699471575195624,-1.5124184920326023
4.589768648147583,0.9999634165479803,-0.49998170827399,0.7999707332383842,1.0,-0.5,0.8,3.65834520197339e-05,-1.829172600997797e-05,2.926676161585373e-05,-12.437480410183747,-3.7699466211186405,-1.5124180918432213
4.599759340286255,0.9999643518946996,-0.49998217594734967,0.7999714815157597,1.0,-0.5,0.8,3.5648105300434274e-05,-1.782405265032816e-05,2.851848424034742e-05,-12.437481063268507,-3.769946091901152,-1.5124176997812593
4.609790802001953,0.9999652637756116,-0.4999826318878057,0.7999722110204893,1.0,-0.5,0.8,3.4736224388431935e-05,-1.736811219432699e-05,2.7788979510723344e-05,-12.437481685796529,-3.7699455699423248,-1.5124173157251508
4.619748592376709,0.9999661527618743,-0.49998307638093703,0.7999729222094994,1.0,-0.5,0.8,3.3847238125717105e-05,-1.6923619062969575e-05,2.707779050059589e-05,-12.437482279076539,-3.769945055305373,-1.5124169395530052
4.6297547817230225,0.9999670194114433,-0.49998350970572153,0.7999736155291547,1.0,-0.5,0.8,3.298058855671915e-05,-1.6490294278470596e-05,2.6384470845353114e-05,-12.4374828443638,-3.769944548042192,-1.512416571142751
4.639777183532715,0.9999678642693481,-0.49998393213467396,0.7999742914154786,1.0,-0.5,0.8,3.213573065186104e-05,-1.606786532604154e-05,2.5708584521444422e-05,-12.437483382862242,-3.7699440481940263,-1.5124162103722687
4.649760484695435,0.999968687867964,-0.4999843439339819,0.7999749502943713,1.0,-0.5,0.8,3.131213203599881e-05,-1.5656066018110426e-05,2.504970562877684e-05,-12.437483895726478,-3.769943555792096,-1.512415857119516
4.6597654819488525,0.9999694907272794,-0.49998474536363957,0.7999755925818236,1.0,-0.5,0.8,3.050927272063575e-05,-1.5254636360428897e-05,2.4407418176441986e-05,-12.437484384063794,-3.769943070858203,-1.5124155112626445
4.669798851013184,0.9999702733551588,-0.49998513667757927,0.7999762186841272,1.0,-0.5,0.8,2.9726644841243655e-05,-1.486332242073285e-05,2.37813158728839e-05,-12.437484848936009,-3.7699425934053035,-1.5124151726801112
4.679765701293945,0.999971036247601,-0.4999855181238004,0.799976828998081,1.0,-0.5,0.8,2.8963752399024933e-05,-1.4481876199623489e-05,2.3171001919064516e-05,-12.437485291361302,-3.7699421234380512,-1.5124148412507774
4.689749717712402,0.9999717798889933,-0.49998588994449655,0.7999774239111949,1.0,-0.5,0.8,2.8220111006671544e-05,-1.4110055503446794e-05,2.2576088805181804e-05,-12.437485712315949,-3.7699416609533225,-1.5124145168540084
4.699762344360352,0.9999725047523607,-0.4999862523761802,0.7999780038018888,1.0,-0.5,0.8,2.749524763934197e-05,-1.3747623819782007e-05,2.1996198111273735e-05,-12.437486112735984,-3.7699412059407074,-1.5124141993697586
4.70979118347168,0.9999732112996108,-0.4999866056498053,0.7999785690396889,1.0,-0.5,0.8,2.67887003891909e-05,-1.3394350194706472e-05,2.143096031115288e-05,-12.437486493518831,-3.76994075838298,-1.5124138886786571
4.719789743423462,0.9999738999817751,-0.49998694999088744,0.7999791199854204,1.0,-0.5,0.8,2.610001822489494e-05,-1.3050009112558492e-05,2.0880014579671702e-05,-12.437486855524819,-3.769940318256552,-1.5124135846620832
4.729780435562134,0.9999745712392448,-0.4999872856196223,0.7999796569913962,1.0,-0.5,0.8,2.5428760755175084e-05,-1.2714380377698564e-05,2.0343008603873614e-05,-12.437487199578682,-3.7699398855318904,-1.512413287202237
4.739803075790405,0.9999752255020032,-0.4999876127510015,0.7999801804016029,1.0,-0.5,0.8,2.4774497996760125e-05,-1.2387248998491085e-05,1.9819598397141647e-05,-12.437487526470985,-3.7699394601739282,-1.5124129961822073
4.749837160110474,0.9999758631898533,-0.49998793159492655,0.799980690551883,1.0,-0.5,0.8,2.41368101466799e-05,-1.2068405073450972e-05,1.9309448117010852e-05,-12.437487836959482,-3.7699390421424503,-1.512412711486031
4.75977349281311,0.9999764847126414,-0.4999882423563206,0.7999811877701135,1.0,-0.5,0.8,2.3515287358555348e-05,-1.1757643679388696e-05,1.8812229886533416e-05,-12.437488131770449,-3.7699386313924528,-1.5124124329987485
4.769794702529907,0.9999770904704767,-0.4999885452352382,0.7999816723763817,1.0,-0.5,0.8,2.2909529523329475e-05,-1.145476476177576e-05,1.832762361830831e-05,-12.437488411599928,-3.7699382278744964,-1.5124121606064573
4.7797887325286865,0.9999776808539462,-0.499988840426973,0.7999821446831574,1.0,-0.5,0.8,2.2319146053773053e-05,-1.1159573026997549e-05,1.7855316842618763e-05,-12.437488677114949,-3.769937831535034,-1.5124118941963576
4.789764404296875,0.9999782562443266,-0.4999891281221632,0.7999826049954617,1.0,-0.5,0.8,2.174375567343123e-05,-1.0871877836826638e-05,1.7395004538345304e-05,-12.43748892895471,-3.7699374423167242,-1.512411633656795
4.799712181091309,0.9999788170137905,-0.49998940850689516,0.799983053611033,1.0,-0.5,0.8,2.1182986209455912e-05,-1.0591493104838978e-05,1.6946388967098436e-05,-12.437489167731675,-3.769937060158728,-1.5124113788773024
4.809708595275879,0.9999793635256107,-0.4999896817628052,0.799983490820489,1.0,-0.5,0.8,2.0636474389323922e-05,-1.0318237194772983e-05,1.650917951101505e-05,-12.437489394032667,-3.769936684996992,-1.5124111297486327
4.819706678390503,0.9999798961343581,-0.49998994806717895,0.7999839169074869,1.0,-0.5,0.8,2.0103865641885044e-05,-1.0051932821053544e-05,1.6083092513108355e-05,-12.437489608419895,-3.7699363167645124,-1.512410886162791
4.829723834991455,0.9999804151860984,-0.4999902075930491,0.7999843321488791,1.0,-0.5,0.8,1.9584813901629694e-05,-9.79240695092587e-06,1.5667851120948484e-05,-12.437489811431943,-3.769935955391595,-1.5124106480130661
4.839787244796753,0.9999809210185825,-0.4999904605092912,0.7999847368148665,1.0,-0.5,0.8,1.9078981417508523e-05,-9.539490708809772e-06,1.526318513356273e-05,-12.437490003584738,-3.769935600806085,-1.5124104151940527
4.849791049957275,0.999981413961435,-0.4999907069807175,0.7999851311691486,1.0,-0.5,0.8,1.8586038564971652e-05,-9.293019282485826e-06,1.4868830851444415e-05,-12.437490185372457,-3.769935252933604,-1.512410187601678
4.85977578163147,0.9999818943363379,-0.49999094716816894,0.7999855154690709,1.0,-0.5,0.8,1.8105663662115745e-05,-9.052831831057873e-06,1.448453092911528e-05,-12.43749035726841,-3.7699349116977636,-1.5124099651332183
4.869802236557007,0.9999823624572105,-0.4999911812286053,0.799985889965769,1.0,-0.5,0.8,1.763754278949481e-05,-8.818771394691893e-06,1.4110034231018531e-05,-12.43749051972588,-3.7699345770203596,-1.5124097476873175
4.879806280136108,0.9999828186303868,-0.4999914093151935,0.7999862549043101,1.0,-0.5,0.8,1.7181369613150643e-05,-8.59068480651981e-06,1.3745095689965403e-05,-12.437490673178944,-3.7699342488215786,-1.5124095351640034
4.889810562133789,0.999983263154788,-0.49999163157739407,0.799986610523831,1.0,-0.5,0.8,1.673684521197316e-05,-8.36842260593107e-06,1.3389476169023418e-05,-12.437490818043246,-3.769933927020169,-1.5124093274646981
4.899824857711792,0.9999836963220923,-0.4999918481610462,0.7999869570576744,1.0,-0.5,0.8,1.6303677907725245e-05,-8.151838953807111e-06,1.3042942325625084e-05,-12.437490954716749,-3.769933611533618,-1.5124091244922302
4.909802675247192,0.9999841184169008,-0.49999205920845047,0.7999872947335213,1.0,-0.5,0.8,1.5881583099175423e-05,-7.9407915495322e-06,1.2705266478785227e-05,-12.437491083580458,-3.7699333022783117,-1.512408926150842
4.9197838306427,0.9999845297169005,-0.49999226485845033,0.7999876237735211,1.0,-0.5,0.8,1.54702830994502e-05,-7.735141549669589e-06,1.2376226478982844e-05,-12.437491204999104,-3.7699329991696913,-1.5124087323461957
4.929715633392334,0.9999849304930234,-0.49999246524651175,0.7999879443944193,1.0,-0.5,0.8,1.5069506976606029e-05,-7.534753488247503e-06,1.2055605580707507e-05,-12.437491319321813,-3.7699327021223934,-1.5124085429853806
4.939722061157227,0.9999853210096022,-0.4999926605048012,0.7999882568076824,1.0,-0.5,0.8,1.4678990397754e-05,-7.3394951988214885e-06,1.1743192317670292e-05,-12.437491426882737,-3.7699324110503905,-1.5124083579769119
4.949711561203003,0.9999857015245237,-0.4999928507622619,0.7999885612196196,1.0,-0.5,0.8,1.4298475476293149e-05,-7.149237738091063e-06,1.1438780380457203e-05,-12.437491528001678,-3.7699321258671135,-1.512408177230735
4.959706544876099,0.9999860722893776,-0.4999930361446889,0.7999888578315028,1.0,-0.5,0.8,1.392771062236342e-05,-6.963855311126199e-06,1.1142168497291216e-05,-12.437491622984666,-3.7699318464855804,-1.5124080006582237
4.969718933105469,0.9999864335496034,-0.49999321677480174,0.7999891468396834,1.0,-0.5,0.8,1.3566450396629293e-05,-6.783225198259135e-06,1.085316031668171e-05,-12.437491712124519,-3.769931572818499,-1.5124078281721796
4.979764223098755,0.9999867855446333,-0.4999933927723167,0.7999894284357073,1.0,-0.5,0.8,1.321445536672794e-05,-6.607227683308459e-06,1.0571564292738422e-05,-12.437491795701394,-3.769931304778385,-1.512407659686828
4.989760398864746,0.9999871285080326,-0.49999356425401636,0.7999897028064268,1.0,-0.5,0.8,1.2871491967381132e-05,-6.435745983635055e-06,1.0297193573260977e-05,-12.437491873983312,-3.769931042277653,-1.5124074951178155
4.999726295471191,0.9999874626676372,-0.49999373133381864,0.7999899701341103,1.0,-0.5,0.8,1.2537332362838605e-05,-6.268666181363791e-06,1.0029865889715772e-05,-12.437491947226643,-3.7699307852287145,-1.5124073343822015
5.009719610214233,0.999987788245687,-0.49999389412284356,0.7999902305965502,1.0,-0.5,0.8,1.2211754312985157e-05,-6.105877156437067e-06,9.769403449877423e-06,-12.43749201567659,-3.7699305335440627,-1.5124071773984546
5.019720792770386,0.9999881054589584,-0.4999940527294793,0.7999904843671672,1.0,-0.5,0.8,1.1894541041557183e-05,-5.94727052072308e-06,9.515632832801657e-06,-12.437492079567658,-3.7699302871363605,-1.5124070240864442
5.029781341552734,0.9999884145188922,-0.49999420725944616,0.7999907316151142,1.0,-0.5,0.8,1.1585481107800888e-05,-5.792740553844933e-06,9.268384885796621e-06,-12.437492139124085,-3.7699300459185134,-1.5124068743674326
5.039742708206177,0.9999887156317192,-0.49999435781585966,0.7999909725053759,1.0,-0.5,0.8,1.1284368280795043e-05,-5.64218414034201e-06,9.02749462416974e-06,-12.43749219456027,-3.7699298098037377,-1.5124067281640634
5.049799203872681,0.9999890089985838,-0.49999450449929195,0.7999912071988675,1.0,-0.5,0.8,1.0991001416216228e-05,-5.495500708052603e-06,8.792801132528894e-06,-12.437492246081188,-3.7699295787056326,-1.512406585400355
5.059877395629883,0.999989294815664,-0.49999464740783206,0.7999914358525316,1.0,-0.5,0.8,1.0705184335990658e-05,-5.352592167939818e-06,8.564147468415051e-06,-12.437492293882777,-3.7699293525382456,-1.5124064460016873
5.069746017456055,0.9999895732742891,-0.4999947866371446,0.7999916586194317,1.0,-0.5,0.8,1.0426725710943607e-05,-5.2133628554162925e-06,8.34138056837741e-06,-12.437492338152294,-3.7699291312161205,-1.5124063098947917
5.079756498336792,0.9999898445610548,-0.49999492228052744,0.7999918756488442,1.0,-0.5,0.8,1.0155438945225193e-05,-5.077719472557085e-06,8.124351155824883e-06,-12.43749237906871,-3.7699289146543586,-1.5124061770077368
5.089773893356323,0.9999901088579358,-0.49999505442896797,0.7999920870863491,1.0,-0.5,0.8,9.891142064177849e-06,-4.945571032033413e-06,7.912913650987008e-06,-12.43749241680303,-3.769928702768666,-1.512406047269919
5.099752187728882,0.999990366342396,-0.49999518317119807,0.7999922930739172,1.0,-0.5,0.8,9.633657603980161e-06,-4.8168288019345695e-06,7.706926082873267e-06,-12.437492451518636,-3.7699284954754004,-1.512405920612046
5.109787464141846,0.9999906171874959,-0.499995308593748,0.7999924937499971,1.0,-0.5,0.8,9.382812504066251e-06,-4.6914062519776145e-06,7.50625000289773e-06,-12.437492483371601,-3.769928292691614,-1.5124057969661262
5.1197028160095215,0.999990861561998,-0.49999543078099906,0.7999926892495989,1.0,-0.5,0.8,9.138438001987659e-06,-4.569219000938318e-06,7.310750401168242e-06,-12.437492512510998,-3.76992809433509,-1.5124056762654519
5.129746675491333,0.9999910996304696,-0.49999554981523486,0.7999928797043762,1.0,-0.5,0.8,8.900369530384644e-06,-4.450184765136811e-06,7.120295623885831e-06,-12.437492539079189,-3.769927900324384,-1.512405558444586
5.139737606048584,0.9999913315533833,-0.49999566577669174,0.7999930652427071,1.0,-0.5,0.8,8.66844661673305e-06,-4.334223308255503e-06,6.934757292964555e-06,-12.43749256321211,-3.769927710578847,-1.5124054434393477
5.149705171585083,0.9999915574872155,-0.49999577874360784,0.7999932459897728,1.0,-0.5,0.8,8.44251278453445e-06,-4.221256392156203e-06,6.754010227205676e-06,-12.437492585039548,-3.7699275250186677,-1.5124053311867964
5.159734010696411,0.9999917775845423,-0.49999588879227125,0.7999934220676342,1.0,-0.5,0.8,8.222415457725951e-06,-4.111207728751953e-06,6.577932365803285e-06,-12.437492604685383,-3.769927343564892,-1.5124052216252166
5.169806718826294,0.9999919919941335,-0.49999599599706684,0.7999935935953072,1.0,-0.5,0.8,8.008005866533274e-06,-4.004002933155615e-06,6.406404692849144e-06,-12.437492622267856,-3.769927166139448,-1.5124051146941027
5.17973256111145,0.9999922008610443,-0.4999961004305223,0.7999937606888359,1.0,-0.5,0.8,7.799138955655316e-06,-3.899569477716636e-06,6.239311164168981e-06,-12.437492637899782,-3.7699269926651695,-1.5124050103341409
5.189737319946289,0.9999924043267054,-0.49999620216335283,0.7999939234613647,1.0,-0.5,0.8,7.595673294558125e-06,-3.7978366471680403e-06,6.0765386353800466e-06,-12.437492651688817,-3.769926823065818,-1.5124049084871962
5.199768543243408,0.99999260252901,-0.4999963012645051,0.7999940820232083,1.0,-0.5,0.8,7.39747098998933e-06,-3.6987354948836426e-06,5.91797679172501e-06,-12.437492663737647,-3.7699266572660965,-1.5124048090962952
5.2097249031066895,0.9999927956024,-0.4999963978012001,0.7999942364819203,1.0,-0.5,0.8,7.2043976000468746e-06,-3.602198799912415e-06,5.763518079793251e-06,-12.437492674144204,-3.769926495191667,-1.5124047121056068
5.2197794914245605,0.9999929836779492,-0.4999964918389747,0.7999943869423597,1.0,-0.5,0.8,7.016322050801271e-06,-3.5081610252896134e-06,5.613057640352359e-06,-12.437492683001881,-3.7699263367691667,-1.5124046174604306
5.229756593704224,0.9999931668834459,-0.49999658344172304,0.799994533506757,1.0,-0.5,0.8,6.833116554139096e-06,-3.4165582769585257e-06,5.466493243067028e-06,-12.437492690399711,-3.769926181926216,-1.5124045251071767
5.239742279052734,0.9999933453434716,-0.4999966726717359,0.7999946762747776,1.0,-0.5,0.8,6.654656528382041e-06,-3.3273282640799984e-06,5.3237252224391796e-06,-12.437492696422558,-3.7699260305914297,-1.5124044349933492
5.249768257141113,0.9999935191794803,-0.49999675958974027,0.7999948153435845,1.0,-0.5,0.8,6.480820519683128e-06,-3.2404102597305418e-06,5.184656415524458e-06,-12.437492701151308,-3.7699258826944244,-1.5124043470675317
5.259759902954102,0.9999936885098738,-0.499996844254937,0.7999949508078993,1.0,-0.5,0.8,6.311490126198471e-06,-3.1557450629882133e-06,5.049192100758937e-06,-12.437492704663018,-3.7699257381658327,-1.5124042612793696
5.269766330718994,0.9999938534500765,-0.49999692672503837,0.7999950827600615,1.0,-0.5,0.8,6.146549923480293e-06,-3.0732749616291244e-06,4.91723993856219e-06,-12.437492707031096,-3.7699255969372967,-1.5124041775795507
5.279784679412842,0.9999940141126084,-0.4999970070563043,0.7999952112900869,1.0,-0.5,0.8,5.985887391646294e-06,-2.9929436957121247e-06,4.788709913161604e-06,-12.437492708325456,-3.7699254589414815,-1.5124040959197937
5.289770841598511,0.9999941706071556,-0.4999970853035779,0.7999953364857246,1.0,-0.5,0.8,5.8293928444363985e-06,-2.914696422107177e-06,4.663514275415892e-06,-12.437492708612664,-3.7699253241120756,-1.5124040162528272
5.299765348434448,0.9999943230406402,-0.4999971615203202,0.7999954584325124,1.0,-0.5,0.8,5.676959359823819e-06,-2.838479679800887e-06,4.5415674876370105e-06,-12.437492707956084,-3.7699251923837904,-1.5124039385323742
5.309850215911865,0.9999944715172879,-0.4999972357586441,0.7999955772138306,1.0,-0.5,0.8,5.528482712069405e-06,-2.76424135592368e-06,4.422786169411275e-06,-12.437492706416027,-3.7699250636923636,-1.5124038627131369
5.319706678390503,0.9999946161386943,-0.4999973080693473,0.7999956929109557,1.0,-0.5,0.8,5.383861305663373e-06,-2.6919306527206643e-06,4.307089044308654e-06,-12.43749270404987,-3.7699249379745567,-1.512403788750778
5.3297224044799805,0.9999947570038892,-0.49999737850194464,0.7999958056031116,1.0,-0.5,0.8,5.242996110821352e-06,-2.6214980553551648e-06,4.194396888479446e-06,-12.437492700912195,-3.7699248151681557,-1.5124037166019062
5.339781761169434,0.9999948942093998,-0.49999744710469995,0.79999591536752,1.0,-0.5,0.8,5.105790600201665e-06,-2.5528953000453214e-06,4.084632480028105e-06,-12.43749269705489,-3.769924695211965,-1.5124036462240587
5.349707365036011,0.9999950278493127,-0.4999975139246564,0.7999960222794503,1.0,-0.5,0.8,4.972150687287957e-06,-2.4860753435884675e-06,3.9777205497193435e-06,-12.437492692527304,-3.769924578045806,-1.512403577575685
5.359739780426025,0.9999951580153338,-0.49999757900766695,0.7999961264122672,1.0,-0.5,0.8,4.8419846662151045e-06,-2.420992333052041e-06,3.873587732794448e-06,-12.437492687376325,-3.769924463610517,-1.5124035106161318
5.369788646697998,0.9999952847968471,-0.4999976423984236,0.7999962278374778,1.0,-0.5,0.8,4.715203152927394e-06,-2.357601576408186e-06,3.772162522230893e-06,-12.437492681646509,-3.7699243518479406,-1.5124034453056252
5.379765033721924,0.9999954082809719,-0.49999770414048594,0.7999963266247776,1.0,-0.5,0.8,4.5917190281130615e-06,-2.2958595140565308e-06,3.6733752224460403e-06,-12.437492675380158,-3.769924242700925,-1.5124033816052571
5.389761686325073,0.999995528552619,-0.4999977642763095,0.7999964228420953,1.0,-0.5,0.8,4.471447381027005e-06,-2.2357236905135025e-06,3.577157904777195e-06,-12.43749266861746,-3.769924136113313,-1.5124033194769677
5.399709701538086,0.9999956456945454,-0.4999978228472727,0.7999965165556364,1.0,-0.5,0.8,4.354305454645768e-06,-2.177152727322884e-06,3.4834443636277967e-06,-12.437492661396547,-3.769924032029938,-1.5124032588835299
5.409748315811157,0.9999957597874074,-0.4999978798937037,0.7999966078299261,1.0,-0.5,0.8,4.24021259259888e-06,-2.12010629629944e-06,3.392170073945877e-06,-12.437492653753592,-3.7699239303966143,-1.5124031997885352
5.419780015945435,0.9999958709098132,-0.4999979354549066,0.7999966967278508,1.0,-0.5,0.8,4.1290901867663266e-06,-2.0645450933831633e-06,3.30327214925763e-06,-12.437492645722923,-3.7699238311601335,-1.512403142156378
5.429792642593384,0.9999959791383731,-0.49999798956918656,0.7999967833106988,1.0,-0.5,0.8,4.020861626874428e-06,-2.010430813437214e-06,3.2166893012552933e-06,-12.43749263733707,-3.7699237342682506,-1.5124030859522388
5.439728736877441,0.9999960845477497,-0.49999804227387484,0.7999968676382001,1.0,-0.5,0.8,3.915452250313756e-06,-1.957726125156878e-06,3.132361799940142e-06,-12.437492628626869,-3.7699236396696794,-1.512403031142072
5.449798583984375,0.9999961872107059,-0.49999809360535297,0.7999969497685651,1.0,-0.5,0.8,3.8127892940664765e-06,-1.9063946470332382e-06,3.0502314349867277e-06,-12.437492619621526,-3.76992354731408,-1.512402977692589
5.459790229797363,0.9999962871981526,-0.4999981435990763,0.7999970297585224,1.0,-0.5,0.8,3.7128018474108515e-06,-1.8564009237054258e-06,2.9702414776622277e-06,-12.437492610348707,-3.7699234571520535,-1.512402925571244
5.469805479049683,0.9999963845791945,-0.49999819228959724,0.7999971076633559,1.0,-0.5,0.8,3.6154208055139136e-06,-1.8077104027569568e-06,2.8923366441890863e-06,-12.437492600834586,-3.769923369135127,-1.5124028747462208
5.479830503463745,0.9999964794211753,-0.49999823971058766,0.7999971835369405,1.0,-0.5,0.8,3.52057882468948e-06,-1.76028941234474e-06,2.8164630595517437e-06,-12.437492591103931,-3.7699232832157468,-1.512402825186417
5.489815950393677,0.9999965717897218,-0.4999982858948609,0.7999972574317777,1.0,-0.5,0.8,3.4282102782112744e-06,-1.7141051391056372e-06,2.742568222302566e-06,-12.437492581180157,-3.7699231993472684,-1.5124027768614314
5.499808311462402,0.9999966617487864,-0.4999983308743932,0.7999973293990295,1.0,-0.5,0.8,3.338251213569343e-06,-1.6691256067846716e-06,2.670600970589021e-06,-12.437492571085395,-3.769923117483943,-1.5124027297415483
5.509804964065552,0.9999967493606894,-0.4999983746803447,0.7999973994885519,1.0,-0.5,0.8,3.2506393106146447e-06,-1.6253196553073224e-06,2.6005114481808533e-06,-12.43749256084054,-3.769923037580907,-1.5124026837977256
5.519747972488403,0.9999968346861594,-0.4999984173430797,0.7999974677489279,1.0,-0.5,0.8,3.1653138405918213e-06,-1.5826569202959107e-06,2.5322510721625946e-06,-12.437492550465334,-3.769922959594175,-1.5124026390015803
5.52975606918335,0.9999969177843736,-0.4999984588921868,0.7999975342274992,1.0,-0.5,0.8,3.0822156263932143e-06,-1.5411078131966072e-06,2.465772500848118e-06,-12.437492539978388,-3.7699228834806218,-1.512402595325376
5.539729118347168,0.9999969987129963,-0.49999849935649815,0.7999975989703974,1.0,-0.5,0.8,3.0012870037010586e-06,-1.5006435018505293e-06,2.4010296026943934e-06,-12.437492529397252,-3.7699228091979755,-1.5124025527420077
5.549748420715332,0.999997077528217,-0.4999985387641085,0.7999976620225739,1.0,-0.5,0.8,2.922471783017855e-06,-1.4612358915089274e-06,2.3379774261034214e-06,-12.437492518738452,-3.769922736704807,-1.5124025112249933
5.55984354019165,0.9999971542847875,-0.49999857714239376,0.7999977234278304,1.0,-0.5,0.8,2.8457152124738982e-06,-1.4228576062369491e-06,2.276572169668256e-06,-12.437492508017566,-3.7699226659605127,-1.5124024707484554
5.569759368896484,0.999997229036058,-0.499998614518029,0.7999977832288467,1.0,-0.5,0.8,2.770963941967075e-06,-1.3854819709835375e-06,2.2167711533072065e-06,-12.437492497249234,-3.7699225969253103,-1.5124024312871132
5.5797576904296875,0.9999973018340121,-0.49999865091700607,0.7999978414672101,1.0,-0.5,0.8,2.69816598785777e-06,-1.349082993928885e-06,2.1585327899531492e-06,-12.437492486447226,-3.7699225295602172,-1.5124023928162678
5.589836597442627,0.9999973727293016,-0.4999986863646508,0.7999978981834416,1.0,-0.5,0.8,2.627270698440931e-06,-1.3136353492204655e-06,2.101816558464087e-06,-12.437492475624472,-3.7699224638270503,-1.5124023553117898
5.599774122238159,0.9999974417712794,-0.4999987208856397,0.7999979534170238,1.0,-0.5,0.8,2.5582287206393772e-06,-1.2791143603196886e-06,2.0465829762006393e-06,-12.437492464793106,-3.769922399688403,-1.5124023187501114
5.609789848327637,0.9999975090080329,-0.4999987545040165,0.7999980072064267,1.0,-0.5,0.8,2.4909919671411984e-06,-1.245495983515088e-06,1.992793573379892e-06,-12.437492453964504,-3.7699223371076407,-1.5124022831082078
5.619863986968994,0.9999975744864156,-0.49999878724320784,0.7999980595891328,1.0,-0.5,0.8,2.4255135844253317e-06,-1.2127567921571547e-06,1.9404108672071985e-06,-12.437492443149319,-3.769922276048887,-1.5124022483635926
5.629834175109863,0.9999976382520781,-0.4999988191260391,0.7999981106016628,1.0,-0.5,0.8,2.3617479218973614e-06,-1.1808739608931695e-06,1.8893983372292311e-06,-12.437492432357526,-3.769922216477009,-1.5124022144943008
5.6398351192474365,0.9999977003494986,-0.4999988501747494,0.7999981602795992,1.0,-0.5,0.8,2.2996505013583857e-06,-1.1498252506236817e-06,1.8397204007980505e-06,-12.437492421598431,-3.769922158357608,-1.5124021814788822
5.649768590927124,0.9999977608220127,-0.49999888041100643,0.7999982086576105,1.0,-0.5,0.8,2.2391779872510398e-06,-1.1195889935700087e-06,1.7913423895343783e-06,-12.43749241088073,-3.7699221016570066,-1.512402149296387
5.659746170043945,0.9999978197118419,-0.499998909855921,0.7999982557694738,1.0,-0.5,0.8,2.180288158126764e-06,-1.090144079007871e-06,1.7442305262349578e-06,-12.43749240021252,-3.769922046342237,-1.512402117926358
5.6698157787323,0.999997877060122,-0.49999893853006105,0.7999983016480979,1.0,-0.5,0.8,2.1229398780020503e-06,-1.061469938945514e-06,1.6983519021129823e-06,-12.437492389601353,-3.7699219923810294,-1.5124020873488164
5.679790496826172,0.9999979329069307,-0.4999989664534654,0.7999983463255449,1.0,-0.5,0.8,2.0670930692689993e-06,-1.0335465345789885e-06,1.6536744551487459e-06,-12.437492379054223,-3.769921939741801,-1.5124020575442554
5.689823389053345,0.9999979872913142,-0.49999899364565714,0.7999983898330516,1.0,-0.5,0.8,2.012708685827924e-06,-1.006354342858451e-06,1.6101669484402947e-06,-12.437492368577638,-3.769921888393641,-1.512402028493627
5.699787616729736,0.9999980402513132,-0.49999902012565667,0.7999984322010509,1.0,-0.5,0.8,1.9597486867750646e-06,-9.798743433320212e-07,1.5677989491091893e-06,-12.437492358177613,-3.769921838306301,-1.5124020001783334
5.7097766399383545,0.999998091823989,-0.49999904591199457,0.7999984734591916,1.0,-0.5,0.8,1.9081760109784796e-06,-9.540880054337286e-07,1.5265408084275123e-06,-12.437492347859708,-3.7699217894501857,-1.512401972580217
5.719751834869385,0.9999981420454478,-0.49999907102272395,0.7999985136363587,1.0,-0.5,0.8,1.8579545522090513e-06,-9.289772760490145e-07,1.4863636413897652e-06,-12.43749233762906,-3.769921741796338,-1.51240194568155
5.729809761047363,0.9999981909508648,-0.49999909547543253,0.7999985527606923,1.0,-0.5,0.8,1.8090491351596683e-06,-9.045245674688118e-07,1.4472393077280543e-06,-12.437492327490375,-3.7699216953164276,-1.5124019194650264
5.739789009094238,0.9999982385745088,-0.4999991192872545,0.7999985908596075,1.0,-0.5,0.8,1.7614254912423633e-06,-8.807127455101593e-07,1.4091403925942103e-06,-12.437492317447985,-3.769921649982743,-1.5124018939137516
5.749788999557495,0.9999982849497638,-0.49999914247488203,0.7999986279598115,1.0,-0.5,0.8,1.715050236161808e-06,-8.575251179698817e-07,1.372040188574175e-06,-12.437492307505847,-3.769921605768174,-1.5124018690112324
5.759857177734375,0.9999983301091531,-0.49999916505457664,0.7999986640873228,1.0,-0.5,0.8,1.669890846933697e-06,-8.349454233558262e-07,1.3359126772582997e-06,-12.437492297667566,-3.7699215626462093,-1.5124018447413705
5.7697954177856445,0.9999983740843597,-0.49999918704218,0.7999986992674881,1.0,-0.5,0.8,1.6259156403464203e-06,-8.129578200066767e-07,1.300732511921865e-06,-12.437492287936415,-3.7699215205909162,-1.512401821088452
5.779811859130859,0.9999984169062489,-0.4999992084531246,0.7999987335249995,1.0,-0.5,0.8,1.5830937510896703e-06,-7.915468753783017e-07,1.2664750005386693e-06,-12.43749227831536,-3.769921479576939,-1.5124017980371391
5.789775371551514,0.9999984586048885,-0.4999992293024444,0.7999987668839111,1.0,-0.5,0.8,1.5413951115483826e-06,-7.706975556076578e-07,1.2331160889056392e-06,-12.437492268807059,-3.7699214395794782,-1.5124017755724615
5.799761056900024,0.9999984992095691,-0.4999992496047847,0.7999987993676556,1.0,-0.5,0.8,1.500790430930543e-06,-7.503952152987381e-07,1.200632344433572e-06,-12.437492259413899,-3.7699214005742876,-1.5124017536798087
5.809783697128296,0.9999985387488244,-0.49999926937441236,0.7999988309990598,1.0,-0.5,0.8,1.4612511756162405e-06,-7.306255876415868e-07,1.1690009402709478e-06,-12.437492250137993,-3.7699213625376626,-1.5124017323449215
5.819824934005737,0.9999985772504499,-0.49999928862522514,0.7999988618003602,1.0,-0.5,0.8,1.4227495500618303e-06,-7.113747748643817e-07,1.1381996398718286e-06,-12.437492240981205,-3.7699213254464246,-1.5124017115538835
5.829786777496338,0.9999986147415223,-0.4999993073707613,0.799998891793218,1.0,-0.5,0.8,1.3852584777040988e-06,-6.92629238685516e-07,1.1082067820078478e-06,-12.437492231945166,-3.7699212892779177,-1.5124016912931157
5.839786529541016,0.9999986512484174,-0.49999932562420885,0.799998920998734,1.0,-0.5,0.8,1.348751582641583e-06,-6.743757911542581e-07,1.0790012660022441e-06,-12.437492223031287,-3.7699212540099922,-1.5124016715493647
5.849792718887329,0.9999986867968282,-0.4999993433984143,0.7999989494374627,1.0,-0.5,0.8,1.3132031717599801e-06,-6.566015857134566e-07,1.0505625372969618e-06,-12.43749221424075,-3.7699212196210015,-1.5124016523096995
5.859766721725464,0.9999987214117827,-0.4999993607058915,0.7999989771294264,1.0,-0.5,0.8,1.278588217301646e-06,-6.392941084842896e-07,1.0228705736858856e-06,-12.437492205574557,-3.7699211860897837,-1.512401633561501
5.869837999343872,0.9999987551176602,-0.4999993775588303,0.7999990040941284,1.0,-0.5,0.8,1.2448823397681608e-06,-6.224411697175469e-07,9.959058716590974e-07,-12.437492197033514,-3.7699211533956594,-1.5124016152924573
5.8798041343688965,0.9999987879382086,-0.4999993939691045,0.7999990303505671,1.0,-0.5,0.8,1.2120617913780052e-06,-6.060308955224691e-07,9.696494329691774e-07,-12.437492188618252,-3.769921121518419,-1.5124015974905547
5.889841079711914,0.9999988198965601,-0.49999940994828024,0.7999990559172483,1.0,-0.5,0.8,1.1801034398573051e-06,-5.900517197621191e-07,9.440827517526174e-07,-12.437492180329238,-3.7699210904383116,-1.5124015801440722
5.899808406829834,0.9999988510152473,-0.49999942550762383,0.7999990808121981,1.0,-0.5,0.8,1.1489847526746644e-06,-5.744923761707987e-07,9.191878019843003e-07,-12.437492172166786,-3.76992106013604,-1.5124015632415733
5.909754514694214,0.9999988813162183,-0.4999994406581093,0.7999991050529748,1.0,-0.5,0.8,1.1186837817200868e-06,-5.593418906935099e-07,8.949470252650471e-07,-12.437492164131058,-3.769921030592748,-1.5124015467719008
5.919712066650391,0.9999989108208516,-0.49999945541042595,0.7999991286566814,1.0,-0.5,0.8,1.0891791484279878e-06,-5.445895740474604e-07,8.713433186091635e-07,-12.437492156222076,-3.7699210017900078,-1.5124015307241698
5.929731369018555,0.9999989395499712,-0.49999946977498577,0.7999991516399771,1.0,-0.5,0.8,1.0604500287891838e-06,-5.302250142280585e-07,8.483600228981203e-07,-12.437492148439741,-3.7699209737098216,-1.5124015150877617
5.939754009246826,0.9999989675238605,-0.49999948376193043,0.7999991740190886,1.0,-0.5,0.8,1.0324761394731041e-06,-5.162380695700186e-07,8.259809114452565e-07,-12.437492140783835,-3.769920946334603,-1.5124014998523165
5.949808120727539,0.9999989947622762,-0.49999949738113825,0.7999991958098212,1.0,-0.5,0.8,1.005237723838981e-06,-5.02618861752957e-07,8.04190178893549e-07,-12.437492133254018,-3.7699209196471752,-1.5124014850077299
5.959766864776611,0.9999990212844617,-0.49999951064223097,0.7999992170275696,1.0,-0.5,0.8,9.78715538280106e-07,-4.893577690290307e-07,7.829724304464492e-07,-12.43749212584986,-3.7699208936307573,-1.5124014705441438
5.96979022026062,0.9999990471091607,-0.49999952355458044,0.7999992376873287,1.0,-0.5,0.8,9.52890839345244e-07,-4.764454195615997e-07,7.62312671320764e-07,-12.437492118570812,-3.7699208682689553,-1.5124014564519426
5.979815721511841,0.9999990722546295,-0.49999953612731485,0.7999992578037037,1.0,-0.5,0.8,9.277453705269778e-07,-4.638726851524666e-07,7.421962963105599e-07,-12.437492111416255,-3.769920843545761,-1.5124014427217467
5.989783763885498,0.99999909673865,-0.4999995483693251,0.7999992773909201,1.0,-0.5,0.8,9.032613500492559e-07,-4.5163067491360565e-07,7.22609079906178e-07,-12.43749210438547,-3.769920819445537,-1.5124014293444077
5.999784469604492,0.9999991205785418,-0.49999956028927095,0.7999992964628335,1.0,-0.5,0.8,8.794214582108495e-07,-4.397107290499136e-07,7.035371665242707e-07,-12.43749209747767,-3.7699207959530128,-1.5124014163110027
6.009779214859009,0.9999991437911738,-0.49999957189558697,0.7999993150329392,1.0,-0.5,0.8,8.562088261721001e-07,-4.281044130305389e-07,6.849670608488623e-07,-12.437492090691986,-3.769920773053273,-1.5124014036128284
6.019776344299316,0.9999991663929764,-0.49999958319648824,0.7999993331143812,1.0,-0.5,0.8,8.336070236314441e-07,-4.168035117602109e-07,6.668856188385419e-07,-12.43749208402749,-3.769920750731753,-1.5124013912413958
6.029813051223755,0.999999188399952,-0.4999995941999761,0.7999993507199618,1.0,-0.5,0.8,8.116000479452268e-07,-4.0580002391710224e-07,6.49280038289568e-07,-12.437492077483187,-3.769920728974233,-1.5124013791884272
6.039799690246582,0.9999992098276869,-0.4999996049138435,0.7999993678621496,1.0,-0.5,0.8,7.901723131364946e-07,-3.9508615651273615e-07,6.321378503981734e-07,-12.437492071058022,-3.769920707766824,-1.5124013674458483
6.049800157546997,0.9999992306913612,-0.49999961534568066,0.799999384553089,1.0,-0.5,0.8,7.69308638792765e-07,-3.8465431934087135e-07,6.154469109898031e-07,-12.437492064750893,-3.769920687095967,-1.512401356005785
6.059820890426636,0.9999992510057599,-0.49999962550288,0.7999994008046081,1.0,-0.5,0.8,7.48994240074019e-07,-3.7449711998149837e-07,5.991953919703974e-07,-12.437492058560647,-3.7699206669484226,-1.5124013448605584
6.069814920425415,0.999999270785283,-0.49999963539264153,0.7999994166282265,1.0,-0.5,0.8,7.292147170545604e-07,-3.6460735847176906e-07,5.833717735548305e-07,-12.437492052486087,-3.769920647311265,-1.5124013340026803
6.07984733581543,0.9999992900439548,-0.49999964502197747,0.799999432035164,1.0,-0.5,0.8,7.099560451750975e-07,-3.549780225320376e-07,5.679648360512601e-07,-12.437492046525978,-3.769920628171875,-1.512401323424848
6.089792966842651,0.9999993087954346,-0.4999996543977174,0.7999994470363478,1.0,-0.5,0.8,6.912045653617582e-07,-3.4560228262536796e-07,5.529636522005887e-07,-12.437492040679045,-3.769920609517933,-1.51240131311994
6.099765300750732,0.9999993270530255,-0.4999996635265128,0.7999994616424205,1.0,-0.5,0.8,6.729469744781724e-07,-3.3647348718357506e-07,5.383575795159246e-07,-12.437492034943979,-3.7699205913374123,-1.5124013030810128
6.1097731590271,0.9999993448296837,-0.4999996724148419,0.799999475863747,1.0,-0.5,0.8,6.55170316332665e-07,-3.2758515811082134e-07,5.24136253066132e-07,-12.437492029319452,-3.769920573618574,-1.5124012933012958
6.119796276092529,0.9999993621380273,-0.4999996810690137,0.7999994897104219,1.0,-0.5,0.8,6.378619726854495e-07,-3.189309862872136e-07,5.102895781483596e-07,-12.4374920238041,-3.769920556349958,-1.512401283774186
6.129740953445435,0.9999993789903456,-0.49999968949517287,0.7999995031922765,1.0,-0.5,0.8,6.210096543668442e-07,-3.1050482712791094e-07,4.968077235156798e-07,-12.437492018396537,-3.769920539520379,-1.5124012744932462
6.13970685005188,0.999999395398607,-0.4999996976993036,0.7999995163188857,1.0,-0.5,0.8,6.046013929505989e-07,-3.023006964197883e-07,4.836811143826836e-07,-12.437492013095357,-3.769920523118919,-1.5124012654521988
6.1498472690582275,0.9999994113744678,-0.4999997056872339,0.7999995290995742,1.0,-0.5,0.8,5.886255322051781e-07,-2.9431276610258905e-07,4.709004258751648e-07,-12.437492007899142,-3.7699205071349233,-1.5124012566449243
6.159745454788208,0.9999994269292796,-0.4999997134646398,0.7999995415434237,1.0,-0.5,0.8,5.730707204332219e-07,-2.8653536021661097e-07,4.58456576368782e-07,-12.437492002806449,-3.769920491557991,-1.5124012480654552
6.16977334022522,0.999999442074098,-0.499999721037049,0.7999995536592784,1.0,-0.5,0.8,5.579259020338512e-07,-2.789629510169256e-07,4.463407216048765e-07,-12.437491997815831,-3.769920476377972,-1.5124012397079736
6.179841756820679,0.9999994568196898,-0.4999997284098449,0.7999995654557519,1.0,-0.5,0.8,5.431803101751953e-07,-2.7159015508759765e-07,4.3454424814015624e-07,-12.437491992925834,-3.7699204615849644,-1.5124012315668076
6.1897172927856445,0.9999994711765405,-0.49999973558827027,0.7999995769412325,1.0,-0.5,0.8,5.288234594669206e-07,-2.644117297334603e-07,4.2305876757353644e-07,-12.437491988134978,-3.7699204471692997,-1.5124012236364275
6.199732303619385,0.9999994851548617,-0.49999974257743085,0.7999995881238895,1.0,-0.5,0.8,5.14845138299691e-07,-2.574225691498455e-07,4.11876110550935e-07,-12.437491983441792,-3.7699204331215457,-1.512401215911441
6.209749937057495,0.9999994987645981,-0.4999997493822991,0.7999995990116786,1.0,-0.5,0.8,5.012354018507637e-07,-2.506177009253818e-07,4.00988321436202e-07,-12.437491978844799,-3.769920419432499,-1.5124012083865936
6.219757080078125,0.9999995120154347,-0.49999975600771734,0.7999996096123478,1.0,-0.5,0.8,4.879845653116277e-07,-2.4399228265581385e-07,3.9038765220489324e-07,-12.437491974342514,-3.7699204060931777,-1.5124012010567602
6.229791879653931,0.9999995249168029,-0.49999976245840144,0.7999996199334424,1.0,-0.5,0.8,4.750831971156444e-07,-2.375415985578222e-07,3.8006655767031106e-07,-12.437491969933452,-3.7699203930948193,-1.5124011939169462
6.239843130111694,0.9999995374778878,-0.4999997687389439,0.7999996299823103,1.0,-0.5,0.8,4.625221121656864e-07,-2.312610560828432e-07,3.7001768971034465e-07,-12.437491965616138,-3.769920380428872,-1.5124011869622824
6.249771595001221,0.9999995497076343,-0.49999977485381714,0.7999996397661076,1.0,-0.5,0.8,4.502923657279112e-07,-2.251461828639556e-07,3.602338924935111e-07,-12.437491961389084,-3.7699203680869937,-1.5124011801880217
6.2598350048065186,0.9999995616147531,-0.49999978080737656,0.7999996492918027,1.0,-0.5,0.8,4.383852468814453e-07,-2.1919262344072266e-07,3.507081973719295e-07,-12.437491957250813,-3.7699203560610455,-1.5124011735895369
6.269789218902588,0.9999995732077274,-0.4999997866038637,0.799999658566182,1.0,-0.5,0.8,4.2679227263420216e-07,-2.1339613631710108e-07,3.4143381799633943e-07,-12.437491953199856,-3.7699203443430878,-1.5124011671623177
6.279844045639038,0.9999995844948179,-0.4999997922474089,0.7999996675958545,1.0,-0.5,0.8,4.1550518214972243e-07,-2.0775259107486121e-07,3.3240414554214226e-07,-12.437491949234742,-3.7699203329253708,-1.512401160901967
6.289859771728516,0.9999995954840695,-0.49999979774203474,0.7999996763872558,1.0,-0.5,0.8,4.0451593052992507e-07,-2.0225796526496254e-07,3.2361274426850883e-07,-12.437491945354015,-3.769920321800339,-1.5124011548041993
6.299821615219116,0.9999996061833163,-0.49999980309165815,0.7999996849466532,1.0,-0.5,0.8,3.9381668370808143e-07,-1.9690834185404071e-07,3.1505334685544284e-07,-12.437491941556218,-3.7699203109606194,-1.512401148864837
6.309799671173096,0.9999996166001873,-0.4999998083000937,0.7999996932801501,1.0,-0.5,0.8,3.833998126756555e-07,-1.916999062823166e-07,3.067198499628887e-07,-12.437491937839908,-3.7699203003990194,-1.5124011430798086
6.319872856140137,0.999999626742112,-0.49999981337105603,0.7999997013936898,1.0,-0.5,0.8,3.7325788804221105e-07,-1.8662894396559437e-07,2.986063102339287e-07,-12.437491934203653,-3.7699202901085243,-1.5124011374451445
6.329855680465698,0.9999996366163248,-0.4999998183081625,0.7999997092930601,1.0,-0.5,0.8,3.6338367515043046e-07,-1.8169183751970408e-07,2.9070693996491315e-07,-12.437491930646027,-3.7699202800822893,-1.512401131956977
6.339822053909302,0.9999996462298711,-0.4999998231149356,0.7999997169838972,1.0,-0.5,0.8,3.5377012885806636e-07,-1.7688506437352203e-07,2.8301610288661294e-07,-12.437491927165626,-3.7699202703136416,-1.5124011266115356
6.349786281585693,0.9999996555896115,-0.4999998277948058,0.7999997244716894,1.0,-0.5,0.8,3.4441038854193806e-07,-1.7220519421545788e-07,2.7552831061150584e-07,-12.437491923761042,-3.769920260796069,-1.5124011214051454
6.35981559753418,0.9999996647022266,-0.49999983235111334,0.7999997317617815,1.0,-0.5,0.8,3.352977734349949e-07,-1.676488866619863e-07,2.682382185259513e-07,-12.437491920430888,-3.7699202515232204,-1.512401116334224
6.369786500930786,0.9999996735742221,-0.49999983678711113,0.799999738859378,1.0,-0.5,0.8,3.2642577785235716e-07,-1.6321288887066743e-07,2.611406220154322e-07,-12.437491917173796,-3.7699202424889027,-1.5124011113952818
6.379796266555786,0.9999996822119335,-0.4999998411059668,0.799999745769547,1.0,-0.5,0.8,3.1778806652837943e-07,-1.5889403320867856e-07,2.542304530228634e-07,-12.437491913988405,-3.7699202336870763,-1.5124011065849163
6.389770030975342,0.9999996906215295,-0.4999998453107648,0.7999997524972238,1.0,-0.5,0.8,3.093784705088254e-07,-1.5468923519890154e-07,2.4750277627383355e-07,-12.437491910873364,-3.7699202251118487,-1.5124011018998116
6.3998188972473145,0.9999996988090175,-0.4999998494045088,0.7999997590472142,1.0,-0.5,0.8,3.011909824879311e-07,-1.505954911884544e-07,2.4095278583491364e-07,-12.437491907827342,-3.769920216757474,-1.5124010973367368
6.40971827507019,0.9999997067802473,-0.4999998533901237,0.799999765424198,1.0,-0.5,0.8,2.9321975270057976e-07,-1.4660987629477873e-07,2.3457580200503259e-07,-12.437491904849027,-3.769920208618348,-1.5124010928925424
6.419734001159668,0.9999997145409151,-0.4999998572704576,0.7999997716327323,1.0,-0.5,0.8,2.85459084925499e-07,-1.4272954240723834e-07,2.283672677627635e-07,-12.437491901937117,-3.769920200689007,-1.512401088564159
6.429718971252441,0.9999997220965677,-0.4999998610482839,0.7999997776772544,1.0,-0.5,0.8,2.779034322664131e-07,-1.389517160776954e-07,2.2232274565769927e-07,-12.437491899090325,-3.7699201929641215,-1.5124010843485964
6.439720392227173,0.9999997294526065,-0.4999998647263033,0.7999997835620855,1.0,-0.5,0.8,2.7054739348830736e-07,-1.3527369668864253e-07,2.1643791459080575e-07,-12.437491896307382,-3.7699201854384947,-1.512401080242939
6.449758052825928,0.9999997366142911,-0.4999998683071456,0.7999997892914331,1.0,-0.5,0.8,2.6338570890960256e-07,-1.3169285439929013e-07,2.107085669278419e-07,-12.437491893587044,-3.7699201781070606,-1.5124010762443476
6.4598352909088135,0.9999997435867429,-0.4999998717933715,0.7999997948693945,1.0,-0.5,0.8,2.564132570714861e-07,-1.282066284802319e-07,2.0513060550175766e-07,-12.437491890928063,-3.769920170964875,-1.5124010723500532
6.469775438308716,0.999999750374949,-0.4999998751874746,0.7999998002999594,1.0,-0.5,0.8,2.496250509631537e-07,-1.248125254260657e-07,1.9970004061509172e-07,-12.437491888329227,-3.7699201640071216,-1.512401068557359
6.479750871658325,0.9999997569837655,-0.4999998784918828,0.7999998055870127,1.0,-0.5,0.8,2.430162344690956e-07,-1.2150811717903665e-07,1.9441298737543633e-07,-12.43749188578933,-3.7699201572291017,-1.5124010648636366
6.4897661209106445,0.9999997634179211,-0.4999998817089606,0.7999998107343371,1.0,-0.5,0.8,2.3658207892740535e-07,-1.1829103940819152e-07,1.8926566291987967e-07,-12.43749188330719,-3.769920150626232,-1.5124010612663243
6.499756574630737,0.9999997696820201,-0.4999998848410101,0.7999998157456163,1.0,-0.5,0.8,2.3031797991013292e-07,-1.1515898989955531e-07,1.8425438375047065e-07,-12.43749188088164,-3.7699201441940495,-1.512401057762927
6.509739875793457,0.999999775780546,-0.49999988789027305,0.7999998206244371,1.0,-0.5,0.8,2.2421945400363796e-07,-1.1210972694630783e-07,1.793755629586613e-07,-12.437491878511524,-3.769920137928197,-1.5124010543510122
6.519755840301514,0.9999997817178645,-0.4999998908589323,0.7999998253742919,1.0,-0.5,0.8,2.1828213547792075e-07,-1.0914106768344922e-07,1.7462570811588307e-07,-12.437491876195713,-3.7699201318244273,-1.51240105102821
6.529743432998657,0.9999997874982267,-0.4999998937491134,0.7999998299985817,1.0,-0.5,0.8,2.1250177328901998e-07,-1.0625088658899884e-07,1.7000141838696692e-07,-12.43749187393309,-3.7699201258786035,-1.5124010477922116
6.5397748947143555,0.9999997931257718,-0.4999998965628859,0.7999998345006177,1.0,-0.5,0.8,2.0687422819243295e-07,-1.0343711409621648e-07,1.654993823096973e-07,-12.437491871722559,-3.769920120086687,-1.5124010446407674
6.549765348434448,0.9999997986045303,-0.4999998993022651,0.7999998388836245,1.0,-0.5,0.8,2.0139546974551337e-07,-1.0069773487275668e-07,1.611163755743661e-07,-12.437491869563031,-3.7699201144447434,-1.512401041571684
6.559744358062744,0.9999998039384266,-0.4999999019692133,0.7999998431507416,1.0,-0.5,0.8,1.9606157342089148e-07,-9.803078671044574e-08,1.5684925847025966e-07,-12.437491867453447,-3.7699201089489356,-1.5124010385828257
6.5698957443237305,0.9999998091312823,-0.49999990456564114,0.7999998473050262,1.0,-0.5,0.8,1.9086871771989422e-07,-9.543435885994711e-08,1.526949738872574e-07,-12.437491865392762,-3.7699201035955245,-1.5124010356721111
6.5797412395477295,0.9999998141868182,-0.4999999070934091,0.7999998513494548,1.0,-0.5,0.8,1.8581318184107687e-07,-9.290659092053843e-08,1.4865054520640797e-07,-12.43749186337994,-3.7699200983808634,-1.512401032837513
6.589770793914795,0.9999998191086574,-0.4999999095543287,0.7999998552869262,1.0,-0.5,0.8,1.8089134257159856e-07,-9.044567128579928e-08,1.447130738574387e-07,-12.437491861413973,-3.769920093301398,-1.5124010300770545
6.5998125076293945,0.9999998239003277,-0.49999991195016386,0.7999998591202625,1.0,-0.5,0.8,1.7609967228882084e-07,-8.804983614441042e-08,1.4087973754239869e-07,-12.437491859493864,-3.7699200883536643,-1.5124010273888104
6.609840154647827,0.9999998285652641,-0.4999999142826321,0.7999998628522117,1.0,-0.5,0.8,1.7143473585168323e-07,-8.571736792584161e-08,1.3714778834827968e-07,-12.437491857618635,-3.769920083534284,-1.5124010247709057
6.619791507720947,0.9999998331068114,-0.4999999165534057,0.7999998664854494,1.0,-0.5,0.8,1.6689318860230173e-07,-8.344659430115087e-08,1.3351455063759232e-07,-12.43749185578733,-3.7699200788399647,-1.5124010222215123
6.629839181900024,0.999999837528226,-0.499999918764113,0.7999998700225811,1.0,-0.5,0.8,1.6247177403450053e-07,-8.123588701725026e-08,1.2997741893894244e-07,-12.437491853998997,-3.769920074267496,-1.5124010197388502
6.63975977897644,0.999999841832679,-0.4999999209163395,0.7999998734661434,1.0,-0.5,0.8,1.5816732101825437e-07,-7.908366050912718e-08,1.2653385661476335e-07,-12.437491852252716,-3.7699200698137516,-1.512401017321184
6.6497719287872314,0.9999998460232579,-0.49999992301162893,0.7999998768186065,1.0,-0.5,0.8,1.5397674213435408e-07,-7.698837106717704e-08,1.2318139352984758e-07,-12.437491850547566,-3.7699200654756795,-1.5124010149668237
6.659775733947754,0.9999998501029689,-0.49999992505148444,0.7999998800823753,1.0,-0.5,0.8,1.498970311208936e-07,-7.49485155604468e-08,1.1991762471907919e-07,-12.437491848882662,-3.769920061250308,-1.5124010126741234
6.669758558273315,0.9999998540747392,-0.4999999270373696,0.7999998832597915,1.0,-0.5,0.8,1.4592526076384615e-07,-7.296263038192308e-08,1.1674020850005462e-07,-12.43749184725712,-3.7699200571347404,-1.5124010104414785
6.67980694770813,0.9999998579414189,-0.4999999289707095,0.7999998863531353,1.0,-0.5,0.8,1.4205858112070757e-07,-7.102929050484263e-08,1.1364686469672591e-07,-12.437491845670076,-3.769920053126151,-1.5124010082673252
6.689797639846802,0.999999861705783,-0.49999993085289157,0.7999998893646266,1.0,-0.5,0.8,1.3829421696698319e-07,-6.914710842798044e-08,1.1063537341815532e-07,-12.437491844120691,-3.7699200492217897,-1.512401006150143
6.6998021602630615,0.9999998653705335,-0.4999999326852668,0.7999998922964271,1.0,-0.5,0.8,1.3462946646392027e-07,-6.731473317644898e-08,1.0770357294909161e-07,-12.43749184260813,-3.7699200454189725,-1.5124010040884468
6.70984411239624,0.9999998689383013,-0.4999999344691507,0.7999998951506413,1.0,-0.5,0.8,1.3106169871601736e-07,-6.553084930249753e-08,1.0484935875076928e-07,-12.437491841131575,-3.7699200417150847,-1.512401002080792
6.719831943511963,0.9999998724116478,-0.49999993620582395,0.7999998979293185,1.0,-0.5,0.8,1.2758835221671205e-07,-6.379417605284488e-08,1.020706815735295e-07,-12.437491839690233,-3.769920038107577,-1.5124010001257715
6.7298502922058105,0.9999998757930672,-0.49999993789653363,0.799999900634454,1.0,-0.5,0.8,1.2420693284997952e-07,-6.210346636947861e-08,9.936554601353009e-08,-12.437491838283318,-3.7699200345939676,-1.5124009982220135
6.739765644073486,0.9999998790849878,-0.49999993954249394,0.7999999032679905,1.0,-0.5,0.8,1.20915012224998e-07,-6.045750605698785e-08,9.673200951354488e-08,-12.437491836910063,-3.7699200311718335,-1.5124009963681813
6.749783039093018,0.999999882289774,-0.49999994114488705,0.7999999058318196,1.0,-0.5,0.8,1.1771022601081427e-07,-5.885511294989598e-08,9.41681804755845e-08,-12.437491835569707,-3.7699200278388183,-1.5124009945629742
6.759753942489624,0.999999885409728,-0.49999994270486403,0.7999999083277828,1.0,-0.5,0.8,1.1459027204896444e-07,-5.729513596897107e-08,9.167221726169572e-08,-12.437491834261518,-3.76992002459262,-1.5124009928051239
6.769723176956177,0.9999998884470911,-0.4999999442235456,0.7999999107576733,1.0,-0.5,0.8,1.115529089101841e-07,-5.57764543995809e-08,8.924232675067145e-08,-12.43749183298477,-3.769920021430999,-1.5124009910933955
6.779700517654419,0.9999998914040458,-0.49999994570202294,0.799999913123237,1.0,-0.5,0.8,1.0859595422907375e-07,-5.4297977059025726e-08,8.687676300578318e-08,-12.43749183173875,-3.7699200183517725,-1.5124009894265855
6.789753675460815,0.9999998942827169,-0.4999999471413585,0.799999915426174,1.0,-0.5,0.8,1.0571728314978657e-07,-5.285864151938213e-08,8.457382605353558e-08,-12.437491830522765,-3.769920015352811,-1.5124009878035225
6.799771547317505,0.9999998970851732,-0.49999994854258667,0.7999999176681392,1.0,-0.5,0.8,1.0291482677171615e-07,-5.1457413330346924e-08,8.233186088446587e-08,-12.43749182933613,-3.7699200124320416,-1.5124009862230643
6.809769630432129,0.9999998998134292,-0.49999994990671465,0.7999999198507439,1.0,-0.5,0.8,1.0018657081722893e-07,-5.009328535310331e-08,8.014925612087609e-08,-12.437491828178178,-3.7699200095874428,-1.512400984684099
6.819806098937988,0.9999999024694459,-0.499999951234723,0.7999999219755574,1.0,-0.5,0.8,9.75305540773519e-08,-4.8765276983164796e-08,7.802444268456554e-08,-12.437491827048257,-3.769920006817045,-1.5124009831855423
6.829802989959717,0.999999905055133,-0.49999995252756657,0.799999924044107,1.0,-0.5,0.8,9.49448669684827e-08,-4.74724334287302e-08,7.595589301967465e-08,-12.437491825945722,-3.769920004118931,-1.51240098172634
6.839820623397827,0.9999999075723496,-0.49999995378617484,0.7999999260578803,1.0,-0.5,0.8,9.242765042216661e-08,-4.621382515557215e-08,7.394211976041731e-08,-12.437491824869948,-3.769920001491229,-1.512400980305464
6.84987211227417,0.9999999100229057,-0.4999999550114529,0.7999999280183251,1.0,-0.5,0.8,8.997709433078427e-08,-4.498854710988098e-08,7.198167495392482e-08,-12.437491823820315,-3.7699199989321173,-1.512400978921913
6.859792470932007,0.9999999124085637,-0.4999999562042819,0.7999999299268515,1.0,-0.5,0.8,8.759143632630639e-08,-4.3795718107642045e-08,7.00731485059336e-08,-12.43749182279622,-3.769919996439818,-1.5124009775747107
6.869832515716553,0.9999999147310396,-0.49999995736551983,0.7999999317848322,1.0,-0.5,0.8,8.526896044802612e-08,-4.263448016850191e-08,6.82151678477183e-08,-12.437491821797076,-3.769919994012603,-1.512400976262908
6.879883527755737,0.999999916992004,-0.49999995849600204,0.7999999335936037,1.0,-0.5,0.8,8.3007996032336e-08,-4.1503997960656847e-08,6.640639638177959e-08,-12.437491820822308,-3.7699199916487864,-1.5124009749855791
6.889901638031006,0.9999999191930834,-0.49999995959654175,0.7999999353544672,1.0,-0.5,0.8,8.080691660250494e-08,-4.040345824574132e-08,6.464553281571028e-08,-12.437491819871344,-3.769919989346725,-1.5124009737418227
6.899804592132568,0.9999999213358615,-0.4999999606679308,0.7999999370686897,1.0,-0.5,0.8,7.866413853641063e-08,-3.9332069212694165e-08,6.29313103850393e-08,-12.437491818943636,-3.7699199871048155,-1.5124009725307606
6.909790754318237,0.9999999234218802,-0.49999996171094013,0.7999999387375046,1.0,-0.5,0.8,7.657811984529417e-08,-3.828905986713593e-08,6.126249540994166e-08,-12.437491818038636,-3.769919984921501,-1.5124009713515378
6.919733762741089,0.9999999254526406,-0.49999996272632036,0.799999940362113,1.0,-0.5,0.8,7.454735939660395e-08,-3.7273679642790825e-08,5.963788707319395e-08,-12.437491817155822,-3.7699199827952614,-1.5124009702033212
6.929781913757324,0.9999999274296043,-0.4999999637148022,0.799999941943684,1.0,-0.5,0.8,7.257039569275037e-08,-3.628519779086403e-08,5.805631608790662e-08,-12.437491816294667,-3.7699199807246155,-1.512400969085299
6.939755439758301,0.9999999293541944,-0.49999996467709723,0.7999999434833559,1.0,-0.5,0.8,7.064580564986045e-08,-3.5322902769419073e-08,5.651664414241253e-08,-12.437491815454669,-3.7699199787081192,-1.5124009679966819
6.949765682220459,0.9999999312277961,-0.4999999656138981,0.7999999449822373,1.0,-0.5,0.8,6.877220393164407e-08,-3.4386101910310884e-08,5.501776279004389e-08,-12.437491814635326,-3.7699199767443683,-1.5124009669366991
6.95972752571106,0.9999999330517584,-0.49999996652587925,0.799999946441407,1.0,-0.5,0.8,6.694824161712631e-08,-3.3474120753052006e-08,5.3558593005043065e-08,-12.437491813836155,-3.769919974831992,-1.5124009659046014
6.969722747802734,0.9999999348273945,-0.4999999674136973,0.799999947861916,1.0,-0.5,0.8,6.517260553451365e-08,-3.2586302711745674e-08,5.213808407233955e-08,-12.437491813056678,-3.7699199729696558,-1.5124009648996586
6.9797282218933105,0.999999936555983,-0.49999996827799154,0.7999999492447868,1.0,-0.5,0.8,6.344401703994862e-08,-3.172200846446316e-08,5.075521325448307e-08,-12.437491812296432,-3.7699199711560603,-1.5124009639211595
6.989718198776245,0.9999999382387686,-0.4999999691193844,0.7999999505910154,1.0,-0.5,0.8,6.176123135137601e-08,-3.0880615620176854e-08,4.940898468142052e-08,-12.437491811554962,-3.7699199693899375,-1.5124009629684108
6.999730110168457,0.9999999398769636,-0.49999996993848184,0.7999999519015712,1.0,-0.5,0.8,6.012303643831984e-08,-3.006151816364877e-08,4.809842879538451e-08,-12.43749181083182,-3.7699199676700546,-1.5124009620407386
7.009721994400024,0.9999999414717476,-0.4999999707358739,0.7999999531773985,1.0,-0.5,0.8,5.8528252355749544e-08,-2.926412612236362e-08,4.682260157373719e-08,-12.437491810126577,-3.7699199659952094,-1.5124009611374851
7.019719839096069,0.9999999430242695,-0.4999999715121348,0.799999954419416,1.0,-0.5,0.8,5.6975730466923835e-08,-2.8487865177950766e-08,4.558058408488108e-08,-12.437491809438797,-3.7699199643642283,-1.5124009602580109
7.02972674369812,0.9999999445356478,-0.49999997226782394,0.7999999556285186,1.0,-0.5,0.8,5.546435222214541e-08,-2.7732176055561553e-08,4.437148148905834e-08,-12.43749180876807,-3.7699199627759707,-1.5124009594016918
7.039719104766846,0.9999999460069713,-0.4999999730034857,0.7999999568055773,1.0,-0.5,0.8,5.399302871467171e-08,-2.6996514301824703e-08,4.319442270528384e-08,-12.437491808113993,-3.769919961229327,-1.5124009585679217
7.0497472286224365,0.9999999474393002,-0.49999997371965016,0.7999999579514404,1.0,-0.5,0.8,5.2560699792536525e-08,-2.628034984075711e-08,4.2048559634189075e-08,-12.437491807476164,-3.7699199597232105,-1.5124009577561084
7.05976128578186,0.9999999488336666,-0.49999997441683336,0.7999999590669336,1.0,-0.5,0.8,5.1166333392416163e-08,-2.558316664069693e-08,4.0933066491888326e-08,-12.43749180685419,-3.7699199582565686,-1.5124009569656762
7.069854021072388,0.9999999501910753,-0.49999997509553773,0.7999999601528606,1.0,-0.5,0.8,4.9808924651451036e-08,-2.4904462270214367e-08,3.9847139476911764e-08,-12.437491806247698,-3.7699199568283728,-1.5124009561960652
7.079808712005615,0.9999999515125049,-0.4999999757562525,0.7999999612100042,1.0,-0.5,0.8,4.848749513008954e-08,-2.424374750953362e-08,3.878999588202703e-08,-12.437491805656311,-3.76991995543762,-1.512400955446728
7.089779376983643,0.9999999527989075,-0.4999999763994538,0.7999999622391263,1.0,-0.5,0.8,4.7201092479021156e-08,-2.3600546183999427e-08,3.776087376117232e-08,-12.437491805079668,-3.7699199540833357,-1.5124009547171327
7.099821090698242,0.9999999540512106,-0.49999997702560534,0.7999999632409688,1.0,-0.5,0.8,4.594878943997571e-08,-2.2974394664476705e-08,3.6759031263322584e-08,-12.437491804517412,-3.7699199527645693,-1.5124009540067622
7.1097376346588135,0.9999999552703169,-0.49999997763515847,0.7999999642162539,1.0,-0.5,0.8,4.472968306856728e-08,-2.236484153428364e-08,3.57837461884003e-08,-12.4374918039692,-3.7699199514803956,-1.5124009533151108
7.119772434234619,0.9999999564571054,-0.4999999782285527,0.7999999651656846,1.0,-0.5,0.8,4.354289462327188e-08,-2.177144731163594e-08,3.4834315432163976e-08,-12.437491803434687,-3.76991995022991,-1.5124009526416875
7.129877090454102,0.9999999576124318,-0.4999999788062159,0.7999999660899457,1.0,-0.5,0.8,4.238756823315981e-08,-2.1193784116579906e-08,3.391005432007432e-08,-12.437491802913547,-3.7699199490122357,-1.5124009519860135
7.139746189117432,0.9999999587371291,-0.49999997936856455,0.7999999669897035,1.0,-0.5,0.8,4.126287089789571e-08,-2.0631435448947855e-08,3.301029649627196e-08,-12.437491802405454,-3.7699199478265175,-1.5124009513476235
7.1497642993927,0.9999999598320084,-0.4999999799160042,0.799999967865607,1.0,-0.5,0.8,4.016799159956008e-08,-2.008399579978004e-08,3.2134393035399e-08,-12.437491801910088,-3.76991994667192,-1.5124009507260625
7.159822940826416,0.9999999608978594,-0.4999999804489296,0.7999999687182877,1.0,-0.5,0.8,3.9102140636515514e-08,-1.955107037376891e-08,3.128171233157673e-08,-12.437491801427145,-3.7699199455476315,-1.512400950120889
7.1697680950164795,0.9999999619354506,-0.49999998096772524,0.7999999695483607,1.0,-0.5,0.8,3.806454940136206e-08,-1.903227475619218e-08,3.04516393212495e-08,-12.437491800956321,-3.769919944452861,-1.5124009495316721
7.17976450920105,0.9999999629455306,-0.49999998147276525,0.7999999703564248,1.0,-0.5,0.8,3.705446938173651e-08,-1.8527234746379406e-08,2.9643575261140143e-08,-12.437491800497321,-3.769919943386837,-1.5124009489579935
7.189777851104736,0.9999999639288281,-0.499999981964414,0.7999999711430628,1.0,-0.5,0.8,3.607117193826781e-08,-1.8035586024645056e-08,2.8856937284160722e-08,-12.437491800049855,-3.7699199423488086,-1.5124009483994436
7.199728965759277,0.9999999648860523,-0.49999998244302607,0.7999999719088421,1.0,-0.5,0.8,3.5113947749465524e-08,-1.7556973930243913e-08,2.8091157955323354e-08,-12.43749179961364,-3.7699199413380455,-1.5124009478556257
7.209753036499023,0.9999999658178939,-0.49999998290894687,0.7999999726543153,1.0,-0.5,0.8,3.418210614558603e-08,-1.7091053128304168e-08,2.7345684716628682e-08,-12.43749179918841,-3.7699199403538337,-1.5124009473261522
7.219726085662842,0.9999999667250252,-0.49999998336251256,0.7999999733800204,1.0,-0.5,0.8,3.3274974775565624e-08,-1.6637487443293963e-08,2.6619979665021276e-08,-12.437491798773888,-3.769919939395483,-1.5124009468106463
7.229772090911865,0.9999999676081008,-0.49999998380405036,0.7999999740864808,1.0,-0.5,0.8,3.239189916293128e-08,-1.6195949636976792e-08,2.5913519219322723e-08,-12.437491798369813,-3.769919938462314,-1.5124009463087404
7.2398154735565186,0.999999968467758,-0.4999999842338789,0.7999999747742065,1.0,-0.5,0.8,3.153224203966687e-08,-1.5766121075344586e-08,2.5225793565120114e-08,-12.437491797975934,-3.7699199375536683,-1.512400945820077
7.249752521514893,0.999999969304617,-0.49999998465230844,0.7999999754436937,1.0,-0.5,0.8,3.069538301314623e-08,-1.5347691562084265e-08,2.455630632169914e-08,-12.43749179759199,-3.7699199366689062,-1.512400945344308
7.259795665740967,0.9999999701192819,-0.4999999850596409,0.7999999760954256,1.0,-0.5,0.8,2.988071812204396e-08,-1.494035911653313e-08,2.3904574431021786e-08,-12.437491797217746,-3.7699199358074025,-1.512400944881094
7.269800662994385,0.9999999709123407,-0.4999999854561703,0.7999999767298727,1.0,-0.5,0.8,2.908765928122392e-08,-1.4543829696123112e-08,2.3270127380570216e-08,-12.43749179685296,-3.769919934968548,-1.512400944430105
7.279739856719971,0.9999999716843659,-0.4999999858421829,0.7999999773474928,1.0,-0.5,0.8,2.8315634059694617e-08,-1.415781708535846e-08,2.2652507203346772e-08,-12.437491796497401,-3.769919934151752,-1.512400943991019
7.289777755737305,0.9999999724359148,-0.4999999862179573,0.7999999779487319,1.0,-0.5,0.8,2.7564085236519986e-08,-1.3782042673771144e-08,2.2051268144807068e-08,-12.43749179615084,-3.7699199333564364,-1.5124009435635233
7.29977011680603,0.9999999731675298,-0.4999999865837648,0.7999999785340239,1.0,-0.5,0.8,2.6832470245707896e-08,-1.3416235178365099e-08,2.1465976107748475e-08,-12.437491795813054,-3.7699199325820376,-1.5124009431473127
7.309817314147949,0.9999999738797392,-0.4999999869398695,0.7999999791037915,1.0,-0.5,0.8,2.6120260843143228e-08,-1.3060130477082765e-08,2.089620854128782e-08,-12.43749179548383,-3.7699199318280097,-1.5124009427420901
7.319780588150024,0.9999999745730572,-0.49999998728652856,0.7999999796584459,1.0,-0.5,0.8,2.5426942773520977e-08,-1.271347144227164e-08,2.034155410779448e-08,-12.437491795162948,-3.7699199310938187,-1.512400942347566
7.3298070430755615,0.9999999752479845,-0.4999999876239922,0.7999999801983878,1.0,-0.5,0.8,2.4752015548301642e-08,-1.2376007774150821e-08,1.980161223880117e-08,-12.437491794850208,-3.7699199303789435,-1.512400941963459
7.339757442474365,0.9999999759050083,-0.49999998795250417,0.7999999807240069,1.0,-0.5,0.8,2.409499166855511e-08,-1.2047495834277555e-08,1.9275993135003944e-08,-12.437491794545409,-3.769919929682881,-1.512400941589495
7.349826812744141,0.9999999765446033,-0.49999998827230163,0.7999999812356828,1.0,-0.5,0.8,2.345539673598296e-08,-1.172769836799148e-08,1.8764317211150683e-08,-12.43749179424835,-3.7699199290051366,-1.5124009412254071
7.359816789627075,0.9999999771672312,-0.4999999885836156,0.7999999817337852,1.0,-0.5,0.8,2.283276878678464e-08,-1.141638439339232e-08,1.826621487399649e-08,-12.437491793958841,-3.769919928345231,-1.512400940870935
7.369817733764648,0.9999999777733418,-0.4999999888866709,0.7999999822186736,1.0,-0.5,0.8,2.2226658180635184e-08,-1.1113329090317592e-08,1.7781326411281384e-08,-12.437491793676694,-3.7699199277026962,-1.512400940525825
7.379821062088013,0.999999978363373,-0.4999999891816865,0.7999999826906985,1.0,-0.5,0.8,2.1636627045573675e-08,-1.0818313522786838e-08,1.7309301547641098e-08,-12.437491793401726,-3.769919927077078,-1.5124009401898313
7.38980770111084,0.9999999789377507,-0.49999998946887536,0.7999999831502007,1.0,-0.5,0.8,2.1062249278003264e-08,-1.0531124639001632e-08,1.684979933358477e-08,-12.437491793133761,-3.7699199264679315,-1.5124009398627134
7.399837970733643,0.9999999794968901,-0.499999989748445,0.7999999835975122,1.0,-0.5,0.8,2.0503109876557346e-08,-1.0251554993789824e-08,1.6402487812428035e-08,-12.43749179287262,-3.7699199258748264,-1.5124009395442375
7.409736156463623,0.999999980041195,-0.4999999900205974,0.7999999840329561,1.0,-0.5,0.8,1.9958805053121864e-08,-9.979402582072083e-09,1.596704390927073e-08,-12.437491792618136,-3.7699199252973403,-1.5124009392341757
7.419727563858032,0.9999999805710585,-0.4999999902855292,0.7999999844568471,1.0,-0.5,0.8,1.9428941455679194e-08,-9.714470783350748e-09,1.554315298690767e-08,-12.43749179237014,-3.7699199247350643,-1.5124009389323068
7.429733037948608,0.9999999810868637,-0.4999999905434318,0.7999999848694912,1.0,-0.5,0.8,1.8913136279330445e-08,-9.456568195176374e-09,1.5130508845828672e-08,-12.437491792128473,-3.769919924187599,-1.512400938638414
7.439767122268677,0.9999999815889831,-0.4999999907944915,0.7999999852711868,1.0,-0.5,0.8,1.8411016933228552e-08,-9.205508522125427e-09,1.4728813280129316e-08,-12.43749179189297,-3.7699199236545566,-1.512400938352288
7.449817895889282,0.9999999820777795,-0.4999999910388897,0.799999985662224,1.0,-0.5,0.8,1.7922220485466767e-08,-8.961110298244535e-09,1.4337776077510966e-08,-12.437491791663485,-3.769919923135558,-1.5124009380737238
7.459747314453125,0.9999999825536062,-0.49999999127680306,0.7999999860428854,1.0,-0.5,0.8,1.7446393774100954e-08,-8.723196942561628e-09,1.3957114686213856e-08,-12.43749179143986,-3.769919922630235,-1.5124009378025214
7.469718933105469,0.9999999830168071,-0.4999999915084035,0.799999986413446,1.0,-0.5,0.8,1.6983192852038087e-08,-8.491596481530195e-09,1.3586553992972483e-08,-12.437491791221959,-3.7699199221382287,-1.5124009375384881
7.479725122451782,0.9999999834677169,-0.4999999917338584,0.7999999867741739,1.0,-0.5,0.8,1.6532283098058542e-08,-8.266141604540422e-09,1.3225826100971005e-08,-12.437491791009629,-3.7699199216591883,-1.5124009372814335
7.489728212356567,0.9999999839066614,-0.49999999195333067,0.7999999871253296,1.0,-0.5,0.8,1.609333855068229e-08,-8.046669330852296e-09,1.2874670440865543e-08,-12.43749179080273,-3.7699199211927756,-1.5124009370311744
7.499728679656982,0.9999999843339581,-0.499999992166979,0.7999999874671669,1.0,-0.5,0.8,1.5666041908168893e-08,-7.833021009595598e-09,1.2532833104650365e-08,-12.43749179060113,-3.7699199207386576,-1.512400936787531
7.509726524353027,0.9999999847499156,-0.49999999237495774,0.799999987799933,1.0,-0.5,0.8,1.5250084417495202e-08,-7.625042264258752e-09,1.2200067067702491e-08,-12.437491790404696,-3.76991992029651,-1.5124009365503295
7.519741773605347,0.9999999851548347,-0.4999999925774173,0.7999999881238682,1.0,-0.5,0.8,1.4845165319243847e-08,-7.422582715133075e-09,1.1876131855714789e-08,-12.437491790213294,-3.769919919866022,-1.5124009363193993
7.529699087142944,0.999999985549008,-0.49999999277450397,0.7999999884392068,1.0,-0.5,0.8,1.4450991958625536e-08,-7.2254960348239194e-09,1.1560793211629061e-08,-12.437491790026797,-3.7699199194468838,-1.5124009360945756
7.5397069454193115,0.9999999859327207,-0.4999999929663603,0.799999988746177,1.0,-0.5,0.8,1.4067279341389849e-08,-7.033639726206076e-09,1.125382309563605e-08,-12.437491789845089,-3.7699199190387986,-1.512400935875697
7.54973030090332,0.9999999863062499,-0.4999999931531249,0.7999999890450004,1.0,-0.5,0.8,1.3693750133825233e-08,-6.846875122423768e-09,1.0954999685175437e-08,-12.437491789668039,-3.7699199186414765,-1.5124009356626067
7.559722423553467,0.9999999866698658,-0.49999999333493284,0.7999999893358931,1.0,-0.5,0.8,1.3330134218669798e-08,-6.66506716484605e-09,1.0664106930846629e-08,-12.437491789495537,-3.7699199182546335,-1.5124009354551515
7.5697221755981445,0.9999999870238313,-0.4999999935119156,0.7999999896190656,1.0,-0.5,0.8,1.2976168695111312e-08,-6.488084403066807e-09,1.0380934445386458e-08,-12.437491789327465,-3.7699199178779943,-1.5124009352531835
7.579743385314941,0.9999999873684025,-0.4999999936842011,0.7999999898947224,1.0,-0.5,0.8,1.2631597545720297e-08,-6.315798883882451e-09,1.0105277614691488e-08,-12.437491789163715,-3.769919917511292,-1.5124009350565575
7.589761257171631,0.9999999877038283,-0.499999993851914,0.7999999901630631,1.0,-0.5,0.8,1.2296171747472329e-08,-6.148085984758467e-09,9.836936931684193e-09,-12.437491789004172,-3.7699199171542643,-1.5124009348651326
7.599785804748535,0.9999999880303513,-0.49999999401517553,0.7999999904242816,1.0,-0.5,0.8,1.1969648716636527e-08,-5.984824469340566e-09,9.57571844040217e-09,-12.43749178884873,-3.7699199168066566,-1.5124009346787712
7.609814405441284,0.9999999883482077,-0.49999999417410373,0.7999999906785668,1.0,-0.5,0.8,1.1651792308775555e-08,-5.82589626541008e-09,9.321433291908932e-09,-12.437491788697288,-3.76991991646822,-1.51240093449734
7.619777679443359,0.9999999886576274,-0.4999999943288136,0.7999999909261025,1.0,-0.5,0.8,1.1342372596701011e-08,-5.671186409372808e-09,9.073897522249297e-09,-12.437491788549746,-3.7699199161387154,-1.512400934320709
7.629830837249756,0.9999999889588341,-0.49999999447941695,0.7999999911670679,1.0,-0.5,0.8,1.1041165870473435e-08,-5.52058304625902e-09,8.832932163471696e-09,-12.437491788406,-3.769919915817908,-1.5124009341487505
7.6397905349731445,0.9999999892520458,-0.4999999946260228,0.7999999914016372,1.0,-0.5,0.8,1.0747954193313092e-08,-5.373977207678848e-09,8.598362799538961e-09,-12.437491788265959,-3.7699199155055676,-1.5124009339813427
7.649796485900879,0.9999999895374745,-0.49999999476873713,0.7999999916299801,1.0,-0.5,0.8,1.0462525512622278e-08,-5.231262867333442e-09,8.370019899395231e-09,-12.437491788129527,-3.769919915201471,-1.512400933818364
7.659776449203491,0.9999999898153266,-0.49999999490766317,0.7999999918522618,1.0,-0.5,0.8,1.0184673437940717e-08,-5.092336829992661e-09,8.147738261854442e-09,-12.437491787996612,-3.769919914905403,-1.5124009336596984
7.669822692871094,0.9999999900858031,-0.49999999504290144,0.799999992068643,1.0,-0.5,0.8,9.914196907878647e-09,-4.957098564961626e-09,7.931357015600327e-09,-12.437491787867124,-3.7699199146171516,-1.5124009335052313
7.679758071899414,0.9999999903490997,-0.49999999517454974,0.7999999922792803,1.0,-0.5,0.8,9.650900301139131e-09,-4.825450261591868e-09,7.720719730208714e-09,-12.437491787740978,-3.7699199143365107,-1.5124009333548523
7.689828395843506,0.9999999906054068,-0.49999999530270334,0.7999999924843261,1.0,-0.5,0.8,9.394593214473446e-09,-4.697296662747874e-09,7.515673972058323e-09,-12.437491787618084,-3.7699199140632795,-1.512400933208453
7.699795961380005,0.9999999908549099,-0.4999999954274549,0.7999999926839285,1.0,-0.5,0.8,9.145090129614175e-09,-4.572545120318239e-09,7.316071526375367e-09,-12.437491787498365,-3.7699199137972634,-1.5124009330659287
7.709850549697876,0.9999999910977895,-0.4999999955488947,0.7999999928782322,1.0,-0.5,0.8,8.902210524297516e-09,-4.451105317659909e-09,7.12176784212204e-09,-12.437491787381735,-3.769919913538273,-1.5124009329271768
7.719719886779785,0.9999999913342213,-0.4999999956671106,0.7999999930673777,1.0,-0.5,0.8,8.66577865021867e-09,-4.332889380620486e-09,6.932622365063423e-09,-12.437491787268124,-3.769919913286123,-1.5124009327920975
7.7297022342681885,0.9999999915643765,-0.4999999957821882,0.7999999932515017,1.0,-0.5,0.8,8.435623533031844e-09,-4.217811822027073e-09,6.748498315722884e-09,-12.437491787157445,-3.7699199130406327,-1.5124009326605943
7.73970890045166,0.9999999917884214,-0.4999999958942107,0.7999999934307377,1.0,-0.5,0.8,8.211578639283346e-09,-4.105789319641673e-09,6.569262356315164e-09,-12.437491787049627,-3.7699199128016265,-1.5124009325325716
7.749742746353149,0.9999999920065182,-0.4999999960032591,0.7999999936052152,1.0,-0.5,0.8,7.993481765389276e-09,-3.996740882694638e-09,6.394784812790988e-09,-12.437491786944598,-3.7699199125689344,-1.512400932407939
7.759742021560669,0.9999999922188249,-0.4999999961094124,0.7999999937750606,1.0,-0.5,0.8,7.781175148657837e-09,-3.890587574328919e-09,6.224939452792455e-09,-12.437491786842289,-3.7699199123423908,-1.5124009322866059
7.769775152206421,0.9999999924254949,-0.49999999621274743,0.7999999939403967,1.0,-0.5,0.8,7.57450513422242e-09,-3.78725256711121e-09,6.05960337463074e-09,-12.437491786742624,-3.769919912121832,-1.512400932168485
7.779968738555908,0.9999999926266778,-0.4999999963133389,0.799999994101343,1.0,-0.5,0.8,7.373322175041608e-09,-3.686661087520804e-09,5.89865700728609e-09,-12.437491786645541,-3.7699199119071007,-1.5124009320534917
7.789783954620361,0.9999999928225194,-0.4999999964112597,0.7999999942580163,1.0,-0.5,0.8,7.17748060985457e-09,-3.588740304927285e-09,5.74198377734092e-09,-12.437491786550975,-3.7699199116980444,-1.5124009319415437
7.799794912338257,0.9999999930131612,-0.4999999965065806,0.7999999944105297,1.0,-0.5,0.8,6.986838774203363e-09,-3.4934193871016817e-09,5.589470331024415e-09,-12.437491786458857,-3.769919911494512,-1.5124009318325597
7.8097851276397705,0.9999999931987413,-0.49999999659937067,0.7999999945589938,1.0,-0.5,0.8,6.801258667366028e-09,-3.400629333683014e-09,5.441006201145626e-09,-12.437491786369122,-3.769919911296359,-1.512400931726462
7.819786071777344,0.999999993379394,-0.499999996689697,0.799999994703516,1.0,-0.5,0.8,6.620605952356584e-09,-3.310302976178292e-09,5.296484029138071e-09,-12.437491786281718,-3.7699199111034436,-1.512400931623174
7.829815626144409,0.9999999935552502,-0.4999999967776251,0.7999999948442008,1.0,-0.5,0.8,6.444749844902731e-09,-3.2223749224513654e-09,5.15579923199283e-09,-12.437491786196578,-3.7699199109156267,-1.5124009315226215
7.839824914932251,0.9999999937264369,-0.49999999686321844,0.7999999949811502,1.0,-0.5,0.8,6.273563113445846e-09,-3.136781556722923e-09,5.018849891236243e-09,-12.437491786113647,-3.7699199107327748,-1.5124009314247318
7.849774599075317,0.9999999938930781,-0.49999999694653907,0.7999999951144632,1.0,-0.5,0.8,6.106921857096381e-09,-3.0534609285481906e-09,4.885536863952211e-09,-12.437491786032867,-3.7699199105547563,-1.512400931329435
7.859965085983276,0.9999999940552946,-0.4999999970276473,0.7999999952442364,1.0,-0.5,0.8,5.94470539461156e-09,-2.97235269730578e-09,4.755763671759894e-09,-12.437491785954183,-3.769919910381444,-1.5124009312366624
7.869807720184326,0.9999999942132037,-0.49999999710660187,0.7999999953705637,1.0,-0.5,0.8,5.7867962643953774e-09,-2.8933981321976887e-09,4.629436389791408e-09,-12.437491785877544,-3.7699199102127148,-1.5124009311463473
7.8798627853393555,0.9999999943669198,-0.4999999971834599,0.7999999954935365,1.0,-0.5,0.8,5.633080224498599e-09,-2.8165401122492995e-09,4.506463535669525e-09,-12.437491785802894,-3.769919910048446,-1.5124009310584245
7.889878988265991,0.9999999945165541,-0.49999999725827704,0.7999999956132439,1.0,-0.5,0.8,5.483445919551855e-09,-2.7417229597759274e-09,4.3867561805299715e-09,-12.437491785730183,-3.7699199098885217,-1.512400930972831
7.899741888046265,0.9999999946622149,-0.49999999733110745,0.7999999957297725,1.0,-0.5,0.8,5.337785102810244e-09,-2.668892551405122e-09,4.2702275049322225e-09,-12.437491785659361,-3.7699199097328258,-1.5124009308895046
7.909745693206787,0.9999999948040077,-0.49999999740200385,0.7999999958432068,1.0,-0.5,0.8,5.1959923030864275e-09,-2.5979961515432137e-09,4.156793242948709e-09,-12.437491785590378,-3.769919909581247,-1.5124009308083857
7.919796943664551,0.9999999949420352,-0.49999999747101764,0.7999999959536288,1.0,-0.5,0.8,5.057964824750627e-09,-2.5289823568641623e-09,4.046371238075608e-09,-12.437491785523187,-3.7699199094336766,-1.5124009307294162
7.9298131465911865,0.9999999950763974,-0.49999999753819874,0.7999999960611185,1.0,-0.5,0.8,4.923602636708324e-09,-2.461801262843011e-09,3.938881554255147e-09,-12.437491785457748,-3.76991990929001,-1.512400930652539
7.939772844314575,0.9999999952071914,-0.49999999760359576,0.7999999961657538,1.0,-0.5,0.8,4.792808594444864e-09,-2.3964042417112807e-09,3.834246253830997e-09,-12.437491785394009,-3.7699199091501434,-1.5124009305776989
7.949710369110107,0.9999999953345121,-0.4999999976672561,0.7999999962676103,1.0,-0.5,0.8,4.665487884913944e-09,-2.3327438869458206e-09,3.732389730615182e-09,-12.437491785331929,-3.7699199090139768,-1.5124009305048414
7.959723472595215,0.9999999954584516,-0.4999999977292259,0.7999999963667619,1.0,-0.5,0.8,4.541548359604519e-09,-2.2707741242911084e-09,3.6332381547765635e-09,-12.437491785271463,-3.7699199088814117,-1.512400930433915
7.969783067703247,0.9999999955790997,-0.4999999977895499,0.7999999964632803,1.0,-0.5,0.8,4.420900312496201e-09,-2.2104501007369493e-09,3.5367196948854485e-09,-12.437491785212574,-3.769919908752354,-1.5124009303648676
7.979768514633179,0.9999999956965437,-0.4999999978482719,0.7999999965572355,1.0,-0.5,0.8,4.3034562580146485e-09,-2.151728073496173e-09,3.442764517913588e-09,-12.437491785155219,-3.7699199086267114,-1.51240093029765
7.989793062210083,0.9999999958108687,-0.4999999979054344,0.7999999966486956,1.0,-0.5,0.8,4.189131264098478e-09,-2.0945655765380877e-09,3.35130445616727e-09,-12.437491785099352,-3.7699199085043915,-1.512400930232214
7.999819993972778,0.9999999959221575,-0.49999999796107886,0.7999999967377266,1.0,-0.5,0.8,4.077842508110052e-09,-2.0389211430327236e-09,3.2622734513765295e-09,-12.43749178504494,-3.769919908385308,-1.5124009301685117
8.009772777557373,0.9999999960304907,-0.4999999980152455,0.7999999968243932,1.0,-0.5,0.8,3.969509276835481e-09,-1.984754527395438e-09,3.175606888561333e-09,-12.437491784991952,-3.7699199082693773,-1.5124009301064985
8.019782781600952,0.9999999961359468,-0.4999999980679735,0.799999996908758,1.0,-0.5,0.8,3.864053188529226e-09,-1.9320264832423106e-09,3.0912420401207896e-09,-12.437491784940343,-3.7699199081565133,-1.5124009300461283
8.029845714569092,0.9999999962386021,-0.4999999981193012,0.7999999969908822,1.0,-0.5,0.8,3.761397859847193e-09,-1.880698818901294e-09,3.0091178437885446e-09,-12.43749178489008,-3.769919908046637,-1.5124009299873584
8.039758920669556,0.999999996338531,-0.4999999981692656,0.7999999970708253,1.0,-0.5,0.8,3.6614690168690345e-09,-1.8307343974122148e-09,2.9291747916104782e-09,-12.437491784841125,-3.7699199079396672,-1.512400929930146
8.049772500991821,0.9999999964358058,-0.49999999821790303,0.7999999971486451,1.0,-0.5,0.8,3.5641941620312423e-09,-1.7820969699933187e-09,2.851354929944705e-09,-12.437491784793448,-3.7699199078355297,-1.51240092987445
8.059754133224487,0.9999999965304971,-0.49999999826524866,0.7999999972243981,1.0,-0.5,0.8,3.4695029071940553e-09,-1.7347513425747252e-09,2.7756019704838764e-09,-12.437491784747014,-3.7699199077341476,-1.5124009298202306
8.069712162017822,0.9999999966226734,-0.4999999983113368,0.7999999972981391,1.0,-0.5,0.8,3.3773266405745517e-09,-1.6886632092649734e-09,2.7018609571882735e-09,-12.437491784701797,-3.7699199076354497,-1.5124009297674486
8.079727411270142,0.9999999967124014,-0.49999999835620085,0.7999999973699216,1.0,-0.5,0.8,3.2875986377689514e-09,-1.643799152351022e-09,2.630078488330412e-09,-12.437491784657752,-3.769919907539362,-1.5124009297160654
8.089730262756348,0.9999999967997462,-0.49999999839987325,0.7999999974397974,1.0,-0.5,0.8,3.2002538397080116e-09,-1.600126753320552e-09,2.560202605472739e-09,-12.437491784614858,-3.76991990744582,-1.5124009296660443
8.099766492843628,0.999999996884771,-0.4999999984423857,0.7999999975078174,1.0,-0.5,0.8,3.1152289636793284e-09,-1.5576143153062105e-09,2.492182682445332e-09,-12.437491784573087,-3.7699199073547542,-1.51240092961735
8.109728336334229,0.9999999969675376,-0.49999999848376897,0.7999999975740306,1.0,-0.5,0.8,3.0324623923050353e-09,-1.516231029619064e-09,2.4259694253458974e-09,-12.437491784532407,-3.7699199072660994,-1.5124009295699463
8.119704484939575,0.9999999970481058,-0.4999999985240531,0.7999999976384852,1.0,-0.5,0.8,2.9518941735418025e-09,-1.4759469202374476e-09,2.3615148725397717e-09,-12.43749178449279,-3.769919907179792,-1.5124009295237995
8.129706144332886,0.999999997126534,-0.49999999856326716,0.7999999977012276,1.0,-0.5,0.8,2.873466020680837e-09,-1.4367328438069649e-09,2.2987723946599203e-09,-12.437491784454208,-3.76991990709577,-1.512400929478876
8.13975214958191,0.9999999972028789,-0.4999999986014396,0.7999999977623036,1.0,-0.5,0.8,2.7971210903032784e-09,-1.3985603786181855e-09,2.237696472562334e-09,-12.43749178441663,-3.769919907013971,-1.5124009294351435
8.149708032608032,0.999999997277196,-0.4999999986385982,0.7999999978217572,1.0,-0.5,0.8,2.7228039822801975e-09,-1.361401824606645e-09,2.1782428083483296e-09,-12.437491784380038,-3.76991990693434,-1.5124009293925709
8.159745454788208,0.999999997349539,-0.4999999986747697,0.7999999978796317,1.0,-0.5,0.8,2.6504609618172026e-09,-1.3252303143751476e-09,2.1203683253645522e-09,-12.437491784344402,-3.7699199068568165,-1.512400929351127
8.169818878173828,0.9999999974199605,-0.4999999987099804,0.7999999979359689,1.0,-0.5,0.8,2.580039515365229e-09,-1.2900195911491608e-09,2.0640311682029733e-09,-12.437491784309701,-3.769919906781346,-1.512400929310782
8.179775953292847,0.9999999974885113,-0.4999999987442558,0.7999999979908096,1.0,-0.5,0.8,2.511488683687446e-09,-1.2557441753102694e-09,2.0091904806562866e-09,-12.437491784275906,-3.769919906707875,-1.512400929271507
8.189734697341919,0.9999999975552413,-0.4999999987776208,0.7999999980441935,1.0,-0.5,0.8,2.444758728792351e-09,-1.2223791978627219e-09,1.9558065167402106e-09,-12.437491784242992,-3.7699199066363493,-1.5124009292332734
8.199753284454346,0.9999999976201986,-0.4999999988100995,0.7999999980961594,1.0,-0.5,0.8,2.3798013559783726e-09,-1.1899005114557326e-09,1.9038406406934882e-09,-12.437491784210941,-3.769919906566718,-1.5124009291960536
8.20971155166626,0.9999999976834305,-0.4999999988417154,0.7999999981467448,1.0,-0.5,0.8,2.3165694917892665e-09,-1.1582845793611796e-09,1.8532552159555848e-09,-12.437491784179729,-3.769919906498931,-1.5124009291598213
8.219743490219116,0.9999999977449827,-0.49999999887249147,0.7999999981959866,1.0,-0.5,0.8,2.255017284014116e-09,-1.1275085309847555e-09,1.8040134941443853e-09,-12.437491784149335,-3.76991990643294,-1.5124009291245497
8.229750394821167,0.9999999978048998,-0.49999999890245,0.7999999982439202,1.0,-0.5,0.8,2.195100212709633e-09,-1.097549995332514e-09,1.756079837100799e-09,-12.437491784119736,-3.7699199063686963,-1.5124009290902134
8.239771604537964,0.9999999978632252,-0.49999999893161273,0.7999999982905805,1.0,-0.5,0.8,2.136774757133253e-09,-1.068387267544324e-09,1.7094194948441555e-09,-12.437491784090907,-3.769919906306156,-1.5124009290567877
8.249786615371704,0.9999999979200013,-0.49999999896000075,0.7999999983360013,1.0,-0.5,0.8,2.0799987288100397e-09,-1.0399992533827174e-09,1.6639987165945058e-09,-12.437491784062841,-3.7699199062452706,-1.512400929024249
8.259822130203247,0.9999999979752691,-0.49999999898763464,0.7999999983802155,1.0,-0.5,0.8,2.0247309384657797e-09,-1.0123653582105874e-09,1.6197845287280188e-09,-12.437491784035505,-3.769919906185998,-1.5124009289925726
8.2698073387146,0.9999999980290687,-0.49999999901453446,0.7999999984232552,1.0,-0.5,0.8,1.970931307049284e-09,-9.854655425023395e-10,1.5767448457992828e-09,-12.437491784008888,-3.769919906128297,-1.512400928961737
8.279806852340698,0.999999998081439,-0.4999999990407196,0.7999999984651515,1.0,-0.5,0.8,1.9185609767546907e-09,-9.59280377355043e-10,1.5348485815636081e-09,-12.437491783982965,-3.7699199060721234,-1.5124009289317188
8.28982162475586,0.9999999981324181,-0.4999999990662092,0.7999999985059347,1.0,-0.5,0.8,1.8675818669322553e-09,-9.337908224438252e-10,1.4940653159101203e-09,-12.437491783957721,-3.769919906017438,-1.5124009289024973
8.299819707870483,0.999999998182043,-0.4999999990910216,0.7999999985456346,1.0,-0.5,0.8,1.8179570071552575e-09,-9.089783925553263e-10,1.4543654058840616e-09,-12.437491783933142,-3.769919905964203,-1.5124009288740508
8.309844732284546,0.9999999982303495,-0.49999999911517484,0.7999999985842798,1.0,-0.5,0.8,1.7696505372200022e-09,-8.848251575876986e-10,1.4157202077313968e-09,-12.437491783909206,-3.7699199059123774,-1.512400928846359
8.3197922706604,0.9999999982773726,-0.4999999991386864,0.7999999986218984,1.0,-0.5,0.8,1.722627374078911e-09,-8.613135760171531e-10,1.378101632809603e-09,-12.437491783885894,-3.7699199058619257,-1.5124009288194011
8.329795598983765,0.9999999983231466,-0.4999999991615734,0.7999999986585176,1.0,-0.5,0.8,1.6768534338851282e-09,-8.384266059202616e-10,1.3414824806545766e-09,-12.437491783863198,-3.76991990581281,-1.512400928793159
8.339807748794556,0.9999999983677045,-0.49999999918385235,0.7999999986941638,1.0,-0.5,0.8,1.6322955209702172e-09,-8.161476494628062e-10,1.3058362169360294e-09,-12.437491783841098,-3.7699199057649975,-1.5124009287676132
8.349803686141968,0.9999999984110786,-0.4999999992055394,0.7999999987288631,1.0,-0.5,0.8,1.588921438866464e-09,-7.944606084109296e-10,1.2711369734574873e-09,-12.437491783819572,-3.7699199057184503,-1.5124009287427447
8.359888315200806,0.9999999984533003,-0.4999999992266503,0.7999999987626405,1.0,-0.5,0.8,1.5466996572399694e-09,-7.733497175976822e-10,1.2373595481562916e-09,-12.437491783798617,-3.769919905673138,-1.512400928718536
8.369867324829102,0.9999999984944005,-0.49999999924720034,0.7999999987955205,1.0,-0.5,0.8,1.5055995339352535e-09,-7.527996559453243e-10,1.2044795161259003e-09,-12.437491783778208,-3.7699199056290262,-1.5124009286949698
8.379796266555786,0.9999999985344086,-0.4999999992672044,0.799999998827527,1.0,-0.5,0.8,1.4655914259975589e-09,-7.32795601976477e-10,1.1724730075712841e-09,-12.437491783758338,-3.7699199055860837,-1.5124009286720288
8.389887809753418,0.9999999985733538,-0.499999999286677,0.7999999988586832,1.0,-0.5,0.8,1.4266462455836404e-09,-7.133230117695177e-10,1.1413168188312284e-09,-12.437491783738986,-3.7699199055442785,-1.5124009286496962
8.399776458740234,0.9999999986112643,-0.49999999930563227,0.7999999988890116,1.0,-0.5,0.8,1.38873568200637e-09,-6.943677299808826e-10,1.1109884123783331e-09,-12.437491783720144,-3.7699199055035817,-1.5124009286279565
8.409801959991455,0.9999999986481677,-0.49999999932408395,0.7999999989185342,1.0,-0.5,0.8,1.3518323127570397e-09,-6.759160453562174e-10,1.0814658057967108e-09,-12.437491783701798,-3.769919905463965,-1.5124009286067934
8.419752597808838,0.9999999986840905,-0.49999999934204536,0.7999999989472726,1.0,-0.5,0.8,1.3159094924830583e-09,-6.579546352192267e-10,1.0527274607596837e-09,-12.437491783683933,-3.7699199054253967,-1.512400928586192
8.429738998413086,0.999999998719059,-0.4999999993595296,0.7999999989752473,1.0,-0.5,0.8,1.2809410199210447e-09,-6.404703989382199e-10,1.0247527271189938e-09,-12.437491783666536,-3.769919905387852,-1.512400928566137
8.439805507659912,0.9999999987530984,-0.4999999993765493,0.7999999990024789,1.0,-0.5,0.8,1.2469015819860374e-09,-6.234506799707162e-10,9.97521176770988e-10,-12.437491783649596,-3.769919905351302,-1.5124009285466147
8.449826002120972,0.9999999987862335,-0.49999999939311685,0.7999999990289869,1.0,-0.5,0.8,1.2137665317268898e-09,-6.068831548411424e-10,9.710131587681303e-10,-12.437491783633101,-3.7699199053157217,-1.51240092852761
8.459791660308838,0.9999999988184881,-0.49999999940924417,0.7999999990547906,1.0,-0.5,0.8,1.1815118883262699e-09,-5.907558331408325e-10,9.45209466252095e-10,-12.437491783617043,-3.7699199052810837,-1.5124009285091098
8.46979284286499,0.9999999988498858,-0.499999999424943,0.7999999990799087,1.0,-0.5,0.8,1.1501142260783581e-09,-5.750570020168766e-10,9.200913364537655e-10,-12.437491783601402,-3.7699199052473644,-1.5124009284911004
8.479758739471436,0.9999999988804492,-0.4999999994402247,0.7999999991043595,1.0,-0.5,0.8,1.1195507854111497e-09,-5.597752816832724e-10,8.956405617155383e-10,-12.437491783586175,-3.7699199052145396,-1.512400928473569
8.489773988723755,0.9999999989102006,-0.49999999945510043,0.7999999991281606,1.0,-0.5,0.8,1.0897993618641522e-09,-5.448995699097736e-10,8.718394894913217e-10,-12.437491783571346,-3.7699199051825847,-1.5124009284565025
8.499776124954224,0.9999999989391616,-0.49999999946958085,0.7999999991513292,1.0,-0.5,0.8,1.0608384171106877e-09,-5.304191530441926e-10,8.486708003019316e-10,-12.437491783556911,-3.769919905151478,-1.5124009284398896
8.509734153747559,0.999999998967353,-0.49999999948367657,0.7999999991738823,1.0,-0.5,0.8,1.032646967935591e-09,-5.163234284566443e-10,8.261177297796962e-10,-12.437491783542852,-3.7699199051211947,-1.5124009284237172
8.519749402999878,0.9999999989947954,-0.49999999949739776,0.7999999991958362,1.0,-0.5,0.8,1.0052045862352088e-09,-5.026022376064532e-10,8.04163846623851e-10,-12.437491783529163,-3.7699199050917147,-1.512400928407974
8.529754400253296,0.9999999990215086,-0.49999999951075436,0.7999999992172068,1.0,-0.5,0.8,9.784913990174005e-10,-4.89245643997549e-10,7.827932746451438e-10,-12.437491783515835,-3.769919905063017,-1.5124009283926487
8.539730310440063,0.999999999047512,-0.49999999952375607,0.7999999992380095,1.0,-0.5,0.8,9.52487977379235e-10,-4.762439331784662e-10,7.619905817435324e-10,-12.437491783502857,-3.7699199050350796,-1.51240092837773
8.549723148345947,0.9999999990728246,-0.49999999953641233,0.7999999992582595,1.0,-0.5,0.8,9.271754475292937e-10,-4.635876682534956e-10,7.417405578635794e-10,-12.43749178349022,-3.769919905007884,-1.5124009283632074
8.559746980667114,0.9999999990974645,-0.4999999995487323,0.7999999992779714,1.0,-0.5,0.8,9.025354907876704e-10,-4.5126768988268395e-10,7.220286590836622e-10,-12.437491783477919,-3.7699199049814083,-1.5124009283490698
8.569728136062622,0.9999999991214498,-0.49999999956072494,0.7999999992971596,1.0,-0.5,0.8,8.785502325636685e-10,-4.39275060770683e-10,7.028404525044607e-10,-12.437491783465939,-3.769919904955636,-1.5124009283353084
8.579774856567383,0.9999999991447976,-0.4999999995723989,0.7999999993158379,1.0,-0.5,0.8,8.552023533781039e-10,-4.276011211779007e-10,6.841621713604695e-10,-12.43749178345427,-3.7699199049305463,-1.5124009283219118
8.589761018753052,0.9999999991675251,-0.4999999995837626,0.7999999993340199,1.0,-0.5,0.8,8.324748668186999e-10,-4.162373778981987e-10,6.659801599084858e-10,-12.437491783442914,-3.7699199049061223,-1.51240092830887
8.599826097488403,0.9999999991896488,-0.49999999959482444,0.7999999993517187,1.0,-0.5,0.8,8.103512305623894e-10,-4.051755597700435e-10,6.482813175168189e-10,-12.437491783431856,-3.7699199048823457,-1.5124009282961752
8.609773874282837,0.9999999992111845,-0.4999999996055923,0.7999999993689473,1.0,-0.5,0.8,7.88815457397618e-10,-3.944076731876578e-10,6.310527655983833e-10,-12.437491783421086,-3.7699199048592003,-1.5124009282838171
8.619812965393066,0.999999999232148,-0.49999999961607405,0.7999999993857181,1.0,-0.5,0.8,7.678520042020409e-10,-3.8392594658986923e-10,6.142819586330006e-10,-12.4374917834106,-3.7699199048366676,-1.512400928271787
8.629720449447632,0.9999999992525545,-0.4999999996262773,0.7999999994020432,1.0,-0.5,0.8,7.474455498979182e-10,-3.737227194378079e-10,5.979567951897025e-10,-12.437491783400393,-3.7699199048147336,-1.5124009282600763
8.639729022979736,0.9999999992724187,-0.4999999996362094,0.7999999994179346,1.0,-0.5,0.8,7.275813285190225e-10,-3.6379060874836e-10,5.820653958821254e-10,-12.437491783390453,-3.769919904793382,-1.5124009282486768
8.64973258972168,0.9999999992917551,-0.4999999996458776,0.7999999994334037,1.0,-0.5,0.8,7.082449071660335e-10,-3.541223980718655e-10,5.665963254131157e-10,-12.437491783380775,-3.7699199047725953,-1.5124009282375797
8.659719944000244,0.9999999993105777,-0.4999999996552889,0.7999999994484618,1.0,-0.5,0.8,6.894222970288411e-10,-3.447110930032693e-10,5.515382595078222e-10,-12.437491783371351,-3.769919904752361,-1.5124009282267772
8.669801235198975,0.9999999993289002,-0.4999999996644501,0.7999999994631197,1.0,-0.5,0.8,6.710998423642422e-10,-3.355499211821211e-10,5.368803179806036e-10,-12.437491783362178,-3.769919904732664,-1.5124009282162612
8.679812908172607,0.9999999993467357,-0.49999999967336783,0.7999999994773882,1.0,-0.5,0.8,6.53264331518244e-10,-3.26632165759122e-10,5.226118426904236e-10,-12.437491783353243,-3.7699199047134893,-1.512400928206025
8.689765691757202,0.9999999993640972,-0.4999999996820486,0.7999999994912774,1.0,-0.5,0.8,6.359027748814583e-10,-3.1795138744072915e-10,5.087226195854555e-10,-12.437491783344546,-3.7699199046948215,-1.5124009281960595
8.699794054031372,0.9999999993809975,-0.49999999969049874,0.7999999995047976,1.0,-0.5,0.8,6.190025159114043e-10,-3.0950125795570216e-10,4.952024346138728e-10,-12.437491783336078,-3.7699199046766507,-1.5124009281863593
8.709819555282593,0.9999999993974487,-0.49999999969872433,0.7999999995179585,1.0,-0.5,0.8,6.025513421548112e-10,-3.012756710774056e-10,4.820415178130588e-10,-12.43749178332783,-3.7699199046589613,-1.5124009281769166
8.719786882400513,0.9999999994134626,-0.4999999997067313,0.7999999995307697,1.0,-0.5,0.8,5.865373742253155e-10,-2.9326868711265774e-10,4.692303212650017e-10,-12.437491783319803,-3.7699199046417418,-1.5124009281677246
8.729797840118408,0.999999999429051,-0.4999999997145255,0.7999999995432405,1.0,-0.5,0.8,5.709489547811586e-10,-2.854744773905793e-10,4.5675951909629475e-10,-12.437491783311987,-3.769919904624978,-1.5124009281587765
8.739822626113892,0.9999999994442252,-0.4999999997221126,0.7999999995553799,1.0,-0.5,0.8,5.557747595474893e-10,-2.7788737977374467e-10,4.4462011850043837e-10,-12.43749178330438,-3.7699199046086598,-1.5124009281500657
8.749758243560791,0.9999999994589962,-0.4999999997294981,0.7999999995671967,1.0,-0.5,0.8,5.410037973163639e-10,-2.7050189865818197e-10,4.3280334871553805e-10,-12.437491783296966,-3.7699199045927743,-1.5124009281415869
8.759769916534424,0.9999999994733746,-0.4999999997366873,0.7999999995786995,1.0,-0.5,0.8,5.26625409946746e-10,-2.63312704973373e-10,4.2130055000200173e-10,-12.437491783289751,-3.76991990457731,-1.5124009281333324
8.76978087425232,0.999999999487371,-0.4999999997436855,0.7999999995898965,1.0,-0.5,0.8,5.126290503199016e-10,-2.563145251599508e-10,4.101035067094472e-10,-12.437491783282727,-3.769919904562256,-1.5124009281252973
8.779787063598633,0.9999999995009954,-0.4999999997504977,0.799999999600796,1.0,-0.5,0.8,4.990046154063066e-10,-2.495023077031533e-10,3.9920400318749216e-10,-12.437491783275888,-3.7699199045476015,-1.5124009281174762
8.789784908294678,0.9999999995142578,-0.4999999997571289,0.7999999996114059,1.0,-0.5,0.8,4.857422242210419e-10,-2.4287111211052093e-10,3.8859415685266185e-10,-12.43749178326923,-3.7699199045333365,-1.5124009281098618
8.799785137176514,0.9999999995271677,-0.49999999976358384,0.7999999996217338,1.0,-0.5,0.8,4.728323288460956e-10,-2.364161644230478e-10,3.7826619614378387e-10,-12.437491783262749,-3.76991990451945,-1.5124009281024504
8.809802532196045,0.9999999995397345,-0.49999999976986725,0.7999999996317874,1.0,-0.5,0.8,4.6026549238575853e-10,-2.3013274619287927e-10,3.6821268256659323e-10,-12.437491783256435,-3.769919904505931,-1.5124009280952353
8.819790601730347,0.9999999995519674,-0.4999999997759837,0.7999999996415736,1.0,-0.5,0.8,4.480326110112287e-10,-2.2401630550561435e-10,3.5842639967142986e-10,-12.437491783250291,-3.769919904492772,-1.512400928088212
8.829810619354248,0.9999999995638752,-0.4999999997819376,0.7999999996510999,1.0,-0.5,0.8,4.3612480293830913e-10,-2.1806240146915457e-10,3.489001310086337e-10,-12.437491783244306,-3.769919904479962,-1.5124009280813748
8.839898109436035,0.9999999995754666,-0.4999999997877333,0.7999999996603729,1.0,-0.5,0.8,4.245334084274077e-10,-2.1226670421370386e-10,3.3962710421775455e-10,-12.437491783238483,-3.769919904467492,-1.5124009280747197
8.849805116653442,0.9999999995867499,-0.49999999979337495,0.7999999996693996,1.0,-0.5,0.8,4.132501008058398e-10,-2.066250504029199e-10,3.306004359160397e-10,-12.437491783232813,-3.7699199044553517,-1.5124009280682411
8.859791994094849,0.9999999995977333,-0.49999999979886667,0.7999999996781864,1.0,-0.5,0.8,4.022666644232231e-10,-2.0113333221161156e-10,3.218136868099464e-10,-12.43749178322729,-3.7699199044435345,-1.5124009280619344
8.869824647903442,0.9999999996084249,-0.49999999980421245,0.7999999996867396,1.0,-0.5,0.8,3.915751056737804e-10,-1.957875528368902e-10,3.132604176059317e-10,-12.43749178322191,-3.7699199044320304,-1.512400928055795
8.879806995391846,0.9999999996188323,-0.4999999998094162,0.7999999996950655,1.0,-0.5,0.8,3.8116765299633926e-10,-1.9058382649816963e-10,3.0493452207736027e-10,-12.437491783216679,-3.7699199044208327,-1.5124009280498194
8.889781475067139,0.9999999996289632,-0.4999999998144816,0.7999999997031703,1.0,-0.5,0.8,3.7103675687433224e-10,-1.8551837843716612e-10,2.9682978297529417e-10,-12.437491783211582,-3.7699199044099307,-1.5124009280440016
8.899797916412354,0.9999999996388249,-0.49999999981941246,0.7999999997110595,1.0,-0.5,0.8,3.611750898357968e-10,-1.805875449178984e-10,2.889405381623078e-10,-12.437491783206621,-3.7699199043993192,-1.5124009280383388
8.909746885299683,0.9999999996484245,-0.4999999998242122,0.7999999997187391,1.0,-0.5,0.8,3.515755464533754e-10,-1.757877732266877e-10,2.8126090345637067e-10,-12.437491783201791,-3.769919904388989,-1.5124009280328263
8.919896125793457,0.9999999996577689,-0.49999999982888443,0.7999999997262147,1.0,-0.5,0.8,3.4223113232201285e-10,-1.7111556616100643e-10,2.7378532774235964e-10,-12.437491783197087,-3.769919904378933,-1.5124009280274602
8.929806232452393,0.9999999996668649,-0.49999999983343246,0.7999999997334916,1.0,-0.5,0.8,3.3313507508125895e-10,-1.6656753754062947e-10,2.665084819497565e-10,-12.437491783192506,-3.769919904369144,-1.5124009280222366
8.939810276031494,0.9999999996757193,-0.49999999983785964,0.799999999740575,1.0,-0.5,0.8,3.2428071339296594e-10,-1.6214035669648297e-10,2.594250370080431e-10,-12.43749178318805,-3.7699199043596145,-1.5124009280171515
8.949834823608398,0.9999999996843383,-0.49999999984216914,0.7999999997474703,1.0,-0.5,0.8,3.1566171898589346e-10,-1.5783085949294673e-10,2.5252977486900363e-10,-12.437491783183708,-3.769919904350338,-1.5124009280122017
8.959768056869507,0.9999999996927282,-0.4999999998463641,0.7999999997541822,1.0,-0.5,0.8,3.0727176358880115e-10,-1.5363588179440058e-10,2.458178105513298e-10,-12.437491783179484,-3.769919904341308,-1.5124009280073833
8.96982455253601,0.9999999997008953,-0.49999999985044763,0.7999999997607158,1.0,-0.5,0.8,2.9910474097505357e-10,-1.4955237048752679e-10,2.392842590737132e-10,-12.43749178317537,-3.769919904332517,-1.5124009280026929
8.979732990264893,0.9999999997088452,-0.4999999998544226,0.7999999997670757,1.0,-0.5,0.8,2.911547669626202e-10,-1.455773834813101e-10,2.32924346477148e-10,-12.437491783171364,-3.769919904323959,-1.5124009279981268
8.989701509475708,0.9999999997165839,-0.49999999985829197,0.7999999997732666,1.0,-0.5,0.8,2.83416068391773e-10,-1.417080341958865e-10,2.2673340982493073e-10,-12.437491783167465,-3.76991990431563,-1.512400927993682
8.999803066253662,0.9999999997241169,-0.49999999986205845,0.799999999779293,1.0,-0.5,0.8,2.758830941473889e-10,-1.3794154707369444e-10,2.2070700822496292e-10,-12.437491783163669,-3.769919904307521,-1.5124009279893555
9.009734869003296,0.9999999997314497,-0.49999999986572485,0.7999999997851592,1.0,-0.5,0.8,2.6855029311434464e-10,-1.3427514655717232e-10,2.1484081180744852e-10,-12.43749178315997,-3.769919904299628,-1.512400927985144
9.019697904586792,0.9999999997385877,-0.49999999986929383,0.7999999997908696,1.0,-0.5,0.8,2.614123362221221e-10,-1.3070616811106106e-10,2.091304907025915e-10,-12.437491783156373,-3.7699199042919442,-1.5124009279810442
9.029734373092651,0.9999999997455359,-0.49999999987276794,0.7999999997964281,1.0,-0.5,0.8,2.5446411644480804e-10,-1.2723205822240402e-10,2.0357193708520072e-10,-12.43749178315287,-3.769919904284464,-1.5124009279770534
9.039721727371216,0.9999999997522995,-0.49999999987614974,0.799999999801839,1.0,-0.5,0.8,2.477005267564891e-10,-1.2385026337824456e-10,1.981610431300851e-10,-12.43749178314946,-3.769919904277183,-1.5124009279731685
9.049698114395142,0.9999999997588833,-0.49999999987944166,0.799999999807106,1.0,-0.5,0.8,2.41116682175857e-10,-1.205583410879285e-10,1.9289403407896089e-10,-12.43749178314614,-3.769919904270094,-1.5124009279693866
9.059743404388428,0.9999999997652921,-0.49999999988264604,0.799999999812233,1.0,-0.5,0.8,2.347079197662083e-10,-1.1735395988310415e-10,1.877670241512419e-10,-12.437491783142907,-3.769919904263195,-1.5124009279657051
9.069715023040771,0.9999999997715305,-0.49999999988576527,0.7999999998172238,1.0,-0.5,0.8,2.284694655685371e-10,-1.1423473278426854e-10,1.8277623858864445e-10,-12.437491783139757,-3.769919904256476,-1.5124009279621216
9.07975459098816,0.9999999997776032,-0.4999999998888016,0.7999999998220819,1.0,-0.5,0.8,2.223967676684424e-10,-1.111983838342212e-10,1.7791812467748969e-10,-12.437491783136693,-3.7699199042499383,-1.5124009279586332
9.089818239212036,0.9999999997835145,-0.49999999989175725,0.7999999998268109,1.0,-0.5,0.8,2.1648549619612822e-10,-1.0824274809806411e-10,1.7318912970409883e-10,-12.437491783133709,-3.7699199042435736,-1.5124009279552377
9.099783420562744,0.9999999997892687,-0.49999999989463434,0.7999999998314142,1.0,-0.5,0.8,2.107313212817985e-10,-1.0536566064089925e-10,1.6858581197709555e-10,-12.437491783130804,-3.7699199042373777,-1.512400927951932
9.109776258468628,0.99999999979487,-0.499999999897435,0.7999999998358952,1.0,-0.5,0.8,2.0513002407795966e-10,-1.0256501203897983e-10,1.6410484082740595e-10,-12.43749178312798,-3.769919904231346,-1.5124009279487145
9.119805335998535,0.9999999998003224,-0.4999999999001612,0.7999999998402572,1.0,-0.5,0.8,1.9967760778172305e-10,-9.983880389086153e-11,1.5974288558595617e-10,-12.437491783125227,-3.769919904225475,-1.5124009279455823
9.129753351211548,0.9999999998056298,-0.4999999999028149,0.7999999998445031,1.0,-0.5,0.8,1.943701866125025e-10,-9.718509330625125e-11,1.5549694865057972e-10,-12.437491783122544,-3.7699199042197598,-1.5124009279425332
9.139755964279175,0.9999999998107962,-0.4999999999053981,0.7999999998486362,1.0,-0.5,0.8,1.8920376376740933e-10,-9.460188188370466e-11,1.513638103745052e-10,-12.437491783119937,-3.7699199042141966,-1.5124009279395652
9.14974594116211,0.9999999998158253,-0.49999999990791266,0.7999999998526595,1.0,-0.5,0.8,1.841746755104623e-10,-9.208733775523115e-11,1.4734058417786855e-10,-12.437491783117395,-3.76991990420878,-1.5124009279366761
9.159713983535767,0.9999999998207207,-0.49999999991036037,0.7999999998565758,1.0,-0.5,0.8,1.7927925810568013e-10,-8.963962905284006e-11,1.434242724585033e-10,-12.437491783114924,-3.769919904203508,-1.5124009279338635
9.169724225997925,0.999999999825486,-0.499999999912743,0.7999999998603881,1.0,-0.5,0.8,1.7451395883938403e-10,-8.725697941969202e-11,1.3961198863654545e-10,-12.437491783112517,-3.7699199041983764,-1.5124009279311261
9.179753541946411,0.9999999998301247,-0.49999999991506233,0.799999999864099,1.0,-0.5,0.8,1.6987533602019766e-10,-8.493766801009883e-11,1.3590106817673586e-10,-12.437491783110172,-3.7699199041933795,-1.512400927928461
9.189774751663208,0.99999999983464,-0.49999999991732,0.7999999998677113,1.0,-0.5,0.8,1.653599479567447e-10,-8.267997397837235e-11,1.32288735521513e-10,-12.43749178310789,-3.7699199041885167,-1.5124009279258668
9.199761152267456,0.9999999998390354,-0.4999999999195177,0.7999999998712276,1.0,-0.5,0.8,1.609645750022537e-10,-8.048228750112685e-11,1.287724371579202e-10,-12.437491783105669,-3.7699199041837823,-1.5124009279233412
9.209737539291382,0.999999999843314,-0.499999999921657,0.7999999998746504,1.0,-0.5,0.8,1.5668599750995327e-10,-7.834299875497663e-11,1.2534961957300084e-10,-12.437491783103505,-3.7699199041791744,-1.5124009279208832
9.219719648361206,0.9999999998474788,-0.4999999999237394,0.7999999998779823,1.0,-0.5,0.8,1.5252121787767692e-10,-7.626060893883846e-11,1.2201772925379828e-10,-12.437491783101398,-3.7699199041746887,-1.5124009279184905
9.229727745056152,0.9999999998515329,-0.49999999992576644,0.7999999998812256,1.0,-0.5,0.8,1.484671274809557e-10,-7.423356374047785e-11,1.187744347319608e-10,-12.437491783099349,-3.769919904170321,-1.5124009279161608
9.239723920822144,0.9999999998554793,-0.49999999992773964,0.7999999998843828,1.0,-0.5,0.8,1.4452072871762311e-10,-7.226036435881156e-11,1.1561729351683425e-10,-12.437491783097354,-3.769919904166071,-1.5124009279138937
9.249784231185913,0.9999999998593208,-0.4999999999296604,0.799999999887456,1.0,-0.5,0.8,1.406792460301176e-10,-7.03396230150588e-11,1.1254408516236936e-10,-12.43749178309541,-3.7699199041619322,-1.5124009279116861
9.259749412536621,0.9999999998630601,-0.49999999993153005,0.7999999998904475,1.0,-0.5,0.8,1.3693990386087762e-10,-6.846995193043881e-11,1.0955258922251687e-10,-12.437491783093519,-3.769919904157904,-1.5124009279095378
9.269796371459961,0.9999999998667001,-0.49999999993335004,0.7999999998933595,1.0,-0.5,0.8,1.3329992665234158e-10,-6.664996332617079e-11,1.0664058525122755e-10,-12.437491783091675,-3.769919904153982,-1.512400927907446
9.27981185913086,0.9999999998702434,-0.4999999999351217,0.7999999998961941,1.0,-0.5,0.8,1.297566498692504e-10,-6.48783249346252e-11,1.038059638247546e-10,-12.437491783089884,-3.7699199041501656,-1.5124009279054103
9.289807796478271,0.9999999998736924,-0.4999999999368462,0.7999999998989533,1.0,-0.5,0.8,1.2630763102094988e-10,-6.315381551047494e-11,1.010467265416537e-10,-12.43749178308814,-3.76991990414645,-1.512400927903428
9.299749851226807,0.9999999998770498,-0.4999999999385249,0.7999999999016393,1.0,-0.5,0.8,1.2295020557218095e-10,-6.147510278609047e-11,9.836076397817806e-11,-12.437491783086442,-3.7699199041428333,-1.5124009279014992
9.309772968292236,0.999999999880318,-0.499999999940159,0.7999999999042539,1.0,-0.5,0.8,1.1968204205459188e-10,-5.984102102729594e-11,9.574618875518581e-11,-12.437491783084786,-3.769919904139313,-1.5124009278996213
9.319791316986084,0.9999999998834993,-0.4999999999417496,0.7999999999067989,1.0,-0.5,0.8,1.165006979775285e-10,-5.825040449991548e-11,9.32011134935351e-11,-12.437491783083178,-3.7699199041358855,-1.5124009278977937
9.329821825027466,0.999999999886596,-0.49999999994329797,0.7999999999092763,1.0,-0.5,0.8,1.1340395289494154e-10,-5.6702031958622e-11,9.072376183638653e-11,-12.43749178308161,-3.7699199041325495,-1.512400927896014
9.339798927307129,0.9999999998896105,-0.49999999994480515,0.7999999999116878,1.0,-0.5,0.8,1.1038947533847931e-10,-5.519484869154212e-11,8.831224640459823e-11,-12.437491783080086,-3.7699199041293023,-1.5124009278942818
9.349791765213013,0.9999999998925448,-0.4999999999462723,0.7999999999140353,1.0,-0.5,0.8,1.0745515588439503e-10,-5.3727688964499976e-11,8.59647908413308e-11,-12.437491783078602,-3.7699199041261413,-1.5124009278925956
9.359798431396484,0.9999999998954011,-0.49999999994770045,0.7999999999163203,1.0,-0.5,0.8,1.0459888510894189e-10,-5.2299553576773405e-11,8.36797298120473e-11,-12.437491783077155,-3.769919904123063,-1.512400927890954
9.369826555252075,0.9999999998981816,-0.49999999994909067,0.7999999999185446,1.0,-0.5,0.8,1.0181844256607064e-10,-5.0909332305337784e-11,8.14553979822108e-11,-12.437491783075746,-3.769919904120068,-1.5124009278893562
9.379743814468384,0.9999999999008881,-0.4999999999504439,0.7999999999207098,1.0,-0.5,0.8,9.911194087663944e-11,-4.955608146062218e-11,7.929024103958682e-11,-12.437491783074375,-3.769919904117151,-1.512400927887801
9.38974642753601,0.9999999999035226,-0.4999999999517612,0.7999999999228175,1.0,-0.5,0.8,9.647738163920394e-11,-4.823880184190443e-11,7.718259364963842e-11,-12.43749178307304,-3.7699199041143125,-1.5124009278862869
9.39976954460144,0.9999999999060871,-0.49999999995304345,0.799999999924869,1.0,-0.5,0.8,9.391287747462229e-11,-4.695654975961361e-11,7.513101252243359e-11,-12.437491783071744,-3.769919904111549,-1.5124009278848132
9.409755229949951,0.9999999999085835,-0.4999999999542916,0.7999999999268661,1.0,-0.5,0.8,9.141654100375263e-11,-4.5708381524178776e-11,7.313394334573786e-11,-12.437491783070476,-3.7699199041088582,-1.5124009278833783
9.419764518737793,0.9999999999110135,-0.49999999995550665,0.7999999999288101,1.0,-0.5,0.8,8.898648484745308e-11,-4.4493353446029005e-11,7.118994282961921e-11,-12.437491783069245,-3.76991990410624,-1.512400927881982
9.429811239242554,0.999999999913379,-0.49999999995668937,0.7999999999307025,1.0,-0.5,0.8,8.662104367118673e-11,-4.3310632857895826e-11,6.929756768414563e-11,-12.437491783068047,-3.7699199041036917,-1.5124009278806227
9.439746141433716,0.9999999999156814,-0.4999999999578406,0.7999999999325446,1.0,-0.5,0.8,8.431855214041661e-11,-4.215938709251077e-11,6.745548564168757e-11,-12.437491783066879,-3.76991990410121,-1.5124009278792994
9.449748277664185,0.9999999999179228,-0.49999999995896127,0.7999999999343377,1.0,-0.5,0.8,8.207723389830335e-11,-4.1038727971454136e-11,6.566236443461548e-11,-12.437491783065742,-3.7699199040987943,-1.512400927878011
9.459830284118652,0.9999999999201046,-0.4999999999600522,0.7999999999360831,1.0,-0.5,0.8,7.989542361030999e-11,-3.994782282745746e-11,6.391698281760227e-11,-12.437491783064637,-3.769919904096443,-1.5124009278767572
9.469773054122925,0.9999999999222283,-0.49999999996111405,0.799999999937782,1.0,-0.5,0.8,7.777167798650453e-11,-3.8885950015554727e-11,6.22180085230184e-11,-12.437491783063562,-3.769919904094154,-1.5124009278755366
9.47978138923645,0.9999999999242957,-0.4999999999621477,0.7999999999394359,1.0,-0.5,0.8,7.570433169235002e-11,-3.7852276868477475e-11,6.05641092832343e-11,-12.437491783062512,-3.7699199040919265,-1.5124009278743484
9.489753484725952,0.9999999999263081,-0.4999999999631539,0.7999999999410459,1.0,-0.5,0.8,7.369194143791447e-11,-3.6846081741259695e-11,5.895417487522536e-11,-12.437491783061493,-3.769919904089758,-1.5124009278731918
9.4997239112854,0.9999999999282669,-0.49999999996413336,0.799999999942613,1.0,-0.5,0.8,7.173306393326584e-11,-3.586664298893538e-11,5.7387095075966954e-11,-12.4374917830605,-3.769919904087646,-1.512400927872066
9.509700775146484,0.9999999999301737,-0.49999999996508676,0.7999999999441384,1.0,-0.5,0.8,6.982625588847213e-11,-3.491323896653853e-11,5.586164864013199e-11,-12.437491783059532,-3.769919904085592,-1.5124009278709702
9.519731998443604,0.9999999999320299,-0.4999999999660148,0.7999999999456233,1.0,-0.5,0.8,6.797007401360133e-11,-3.398520354025436e-11,5.437672534469584e-11,-12.437491783058592,-3.7699199040835913,-1.5124009278699035
9.529802083969116,0.9999999999338367,-0.4999999999669182,0.7999999999470687,1.0,-0.5,0.8,6.616329706332635e-11,-3.308181506511687e-11,5.293132598893635e-11,-12.437491783057675,-3.769919904081644,-1.5124009278688648
9.539766311645508,0.9999999999355955,-0.4999999999677976,0.7999999999484757,1.0,-0.5,0.8,6.440448174771518e-11,-3.2202407407311284e-11,5.152434034982889e-11,-12.437491783056783,-3.769919904079748,-1.5124009278678543
9.549775123596191,0.9999999999373075,-0.4999999999686536,0.7999999999498453,1.0,-0.5,0.8,6.269251784374319e-11,-3.134642545532529e-11,5.01547692266513e-11,-12.437491783055915,-3.7699199040779034,-1.51240092786687
9.559786081314087,0.999999999938974,-0.49999999996948685,0.7999999999511785,1.0,-0.5,0.8,6.102596206147837e-11,-3.051314756419288e-11,4.8821502396378946e-11,-12.437491783055071,-3.7699199040761067,-1.512400927865912
9.569810152053833,0.9999999999405963,-0.499999999970298,0.7999999999524763,1.0,-0.5,0.8,5.940370417789609e-11,-2.970201862240174e-11,4.75237627028946e-11,-12.437491783054247,-3.7699199040743587,-1.5124009278649797
9.57978343963623,0.9999999999421754,-0.4999999999710875,0.7999999999537396,1.0,-0.5,0.8,5.782463396997173e-11,-2.8912483518439558e-11,4.6260439923173635e-11,-12.437491783053444,-3.7699199040726565,-1.5124009278640718
9.589800119400024,0.9999999999437125,-0.49999999997185607,0.7999999999549693,1.0,-0.5,0.8,5.62875301923782e-11,-2.8143931629642793e-11,4.503075690109881e-11,-12.437491783052666,-3.769919904070999,-1.5124009278631885
9.599818229675293,0.9999999999452087,-0.4999999999726042,0.7999999999561663,1.0,-0.5,0.8,5.4791282622090876e-11,-2.739580784449913e-11,4.383371443594797e-11,-12.437491783051904,-3.7699199040693863,-1.5124009278623283
9.609778642654419,0.9999999999466652,-0.49999999997333244,0.7999999999573315,1.0,-0.5,0.8,5.333478103608513e-11,-2.666755705149626e-11,4.2668535371603866e-11,-12.437491783051167,-3.7699199040678164,-1.512400927861491
9.61986231803894,0.999999999948083,-0.4999999999740413,0.7999999999584657,1.0,-0.5,0.8,5.191702623363881e-11,-2.5958679650273098e-11,4.1534331529646806e-11,-12.437491783050445,-3.7699199040662874,-1.512400927860676
9.62979531288147,0.9999999999494631,-0.4999999999747314,0.7999999999595698,1.0,-0.5,0.8,5.0536907991727276e-11,-2.526862052931733e-11,4.043021473165709e-11,-12.437491783049747,-3.7699199040648,-1.512400927859883
9.639806032180786,0.9999999999508065,-0.49999999997540306,0.7999999999606445,1.0,-0.5,0.8,4.9193538131930836e-11,-2.4596935599419112e-11,3.9355518843819937e-11,-12.437491783049063,-3.7699199040633515,-1.5124009278591104
9.64991283416748,0.9999999999521142,-0.49999999997605693,0.7999999999616907,1.0,-0.5,0.8,4.7885806431224864e-11,-2.3943069749066126e-11,3.830935568771565e-11,-12.4374917830484,-3.769919904061942,-1.512400927858359
9.659826278686523,0.9999999999533872,-0.4999999999766934,0.7999999999627091,1.0,-0.5,0.8,4.661282471118966e-11,-2.3306578889048524e-11,3.7290948107226995e-11,-12.437491783047754,-3.76991990406057,-1.5124009278576274
9.669757843017578,0.9999999999546263,-0.499999999977313,0.7999999999637004,1.0,-0.5,0.8,4.537370479340552e-11,-2.2687018930156455e-11,3.629962996853919e-11,-12.437491783047125,-3.769919904059234,-1.512400927856915
9.679921388626099,0.9999999999558324,-0.49999999997791605,0.7999999999646653,1.0,-0.5,0.8,4.416755849945275e-11,-2.208394578318007e-11,3.533473513783747e-11,-12.437491783046514,-3.769919904057934,-1.5124009278562218
9.68985891342163,0.9999999999570065,-0.4999999999785031,0.7999999999656046,1.0,-0.5,0.8,4.299349765091165e-11,-2.149691535890952e-11,3.439548645900459e-11,-12.437491783045916,-3.7699199040566675,-1.5124009278555466
9.699750185012817,0.9999999999581494,-0.4999999999790745,0.7999999999665188,1.0,-0.5,0.8,4.1850634069362513e-11,-2.092548356813495e-11,3.348121779822577e-11,-12.437491783045333,-3.7699199040554356,-1.5124009278548896
9.70979118347168,0.9999999999592619,-0.4999999999796308,0.7999999999674089,1.0,-0.5,0.8,4.0738079576385644e-11,-2.0369206321646516e-11,3.259115199938378e-11,-12.43749178304477,-3.7699199040542366,-1.51240092785425
9.719756126403809,0.9999999999603448,-0.49999999998017225,0.7999999999682752,1.0,-0.5,0.8,3.9655168038166266e-11,-1.9827750552536827e-11,3.172484497326877e-11,-12.437491783044221,-3.7699199040530686,-1.5124009278536275
9.72977328300476,0.999999999961399,-0.49999999998069933,0.7999999999691185,1.0,-0.5,0.8,3.860101127628468e-11,-1.9300672171596034e-11,3.0881519563763504e-11,-12.437491783043685,-3.769919904051932,-1.5124009278530215
9.739723205566406,0.9999999999624252,-0.4999999999812124,0.7999999999699394,1.0,-0.5,0.8,3.757483213462365e-11,-1.8787582600765518e-11,3.0060620659355664e-11,-12.437491783043164,-3.7699199040508256,-1.5124009278524317
9.749706983566284,0.999999999963424,-0.49999999998171185,0.7999999999707386,1.0,-0.5,0.8,3.6575964479368395e-11,-1.828814877313789e-11,2.9261482126230476e-11,-12.437491783042656,-3.769919904049749,-1.5124009278518575
9.759758472442627,0.9999999999643964,-0.499999999982198,0.7999999999715164,1.0,-0.5,0.8,3.560363115440168e-11,-1.7801982110654535e-11,2.848365987517809e-11,-12.437491783042162,-3.7699199040487006,-1.5124009278512984
9.769743919372559,0.9999999999653428,-0.49999999998267125,0.7999999999722736,1.0,-0.5,0.8,3.4657166025908737e-11,-1.7328749546408062e-11,2.7726487772383734e-11,-12.437491783041683,-3.769919904047681,-1.5124009278507544
9.779726266860962,0.9999999999662641,-0.4999999999831319,0.7999999999730106,1.0,-0.5,0.8,3.373590296007478e-11,-1.6868118013491085e-11,2.6989410706335093e-11,-12.437491783041214,-3.7699199040466866,-1.5124009278502248
9.789780139923096,0.9999999999671609,-0.4999999999835803,0.7999999999737281,1.0,-0.5,0.8,3.283906480078258e-11,-1.6419698933844984e-11,2.6271984587822317e-11,-12.437491783040759,-3.7699199040457203,-1.5124009278497093
9.799813508987427,0.9999999999680339,-0.4999999999840168,0.7999999999744264,1.0,-0.5,0.8,3.196609643651982e-11,-1.5983214751713604e-11,2.5573654305333093e-11,-12.437491783040315,-3.7699199040447793,-1.5124009278492072
9.809772729873657,0.9999999999688837,-0.49999999998444167,0.7999999999751062,1.0,-0.5,0.8,3.1116331733471725e-11,-1.5558332400189556e-11,2.489386474735511e-11,-12.437491783039883,-3.769919904043863,-1.512400927848719
9.819977045059204,0.9999999999697108,-0.4999999999848553,0.7999999999757679,1.0,-0.5,0.8,3.0289215580125983e-11,-1.5144718812365454e-11,2.4232171824678517e-11,-12.437491783039459,-3.7699199040429696,-1.5124009278482429
9.829798936843872,0.9999999999705159,-0.49999999998525785,0.799999999976412,1.0,-0.5,0.8,2.948408184266782e-11,-1.4742151943636372e-11,2.3588020425791e-11,-12.437491783039048,-3.769919904042101,-1.51240092784778
9.83978819847107,0.9999999999712997,-0.49999999998564976,0.7999999999770391,1.0,-0.5,0.8,2.870026438728246e-11,-1.4350243215943692e-11,2.2960966461482712e-11,-12.437491783038652,-3.7699199040412563,-1.5124009278473292
9.849760055541992,0.9999999999720627,-0.49999999998603123,0.7999999999776495,1.0,-0.5,0.8,2.7937319124760052e-11,-1.3968770584682488e-11,2.23505658425438e-11,-12.437491783038265,-3.7699199040404334,-1.5124009278468908
9.8597891330719,0.9999999999728053,-0.49999999998640254,0.7999999999782437,1.0,-0.5,0.8,2.7194690943588284e-11,-1.3597456494096605e-11,2.1756374479764418e-11,-12.437491783037885,-3.769919904039633,-1.5124009278464638
9.869769096374512,0.9999999999735283,-0.49999999998676403,0.799999999978822,1.0,-0.5,0.8,2.6471713709952382e-11,-1.3235967877278654e-11,2.1178059306237174e-11,-12.437491783037519,-3.7699199040388534,-1.5124009278460482
9.879775047302246,0.999999999974232,-0.49999999998711586,0.799999999979385,1.0,-0.5,0.8,2.5768054356944958e-11,-1.2884138200774942e-11,2.0615065210449757e-11,-12.43749178303716,-3.7699199040380944,-1.5124009278456436
9.889772891998291,0.999999999974917,-0.49999999998745837,0.799999999979933,1.0,-0.5,0.8,2.5083046750751237e-11,-1.2541634397678081e-11,2.006705912549478e-11,-12.437491783036814,-3.7699199040373554,-1.51240092784525
9.899768590927124,0.9999999999755838,-0.49999999998779177,0.7999999999804664,1.0,-0.5,0.8,2.4416246802161368e-11,-1.2208234423383146e-11,1.9533596962162392e-11,-12.437491783036473,-3.769919904036637,-1.5124009278448665
9.90977168083191,0.9999999999762328,-0.4999999999881163,0.7999999999809857,1.0,-0.5,0.8,2.37672104219655e-11,-1.1883716233285213e-11,1.9014345653545206e-11,-12.43749178303614,-3.7699199040359366,-1.5124009278444934
9.919763803482056,0.9999999999768646,-0.4999999999884322,0.7999999999814912,1.0,-0.5,0.8,2.3135382498651325e-11,-1.1567802271628125e-11,1.8508861110433372e-11,-12.437491783035822,-3.7699199040352553,-1.5124009278441304
9.929762125015259,0.9999999999774797,-0.49999999998873973,0.7999999999819832,1.0,-0.5,0.8,2.2520318943008988e-11,-1.1260270493806956e-11,1.8016810265919503e-11,-12.437491783035508,-3.7699199040345928,-1.5124009278437767
9.939794063568115,0.9999999999780783,-0.49999999998903905,0.7999999999824622,1.0,-0.5,0.8,2.1921686688131103e-11,-1.0960954366368014e-11,1.753786005309621e-11,-12.437491783035206,-3.7699199040339457,-1.5124009278434325
9.9497811794281,0.9999999999786611,-0.4999999999893304,0.7999999999829284,1.0,-0.5,0.8,2.133893062250536e-11,-1.0669576333555142e-11,1.7071677405056107e-11,-12.43749178303491,-3.7699199040333182,-1.5124009278430972
9.95979118347168,0.9999999999792283,-0.49999999998961403,0.7999999999833822,1.0,-0.5,0.8,2.0771717679224366e-11,-1.0385969861914646e-11,1.6617818232589343e-11,-12.437491783034618,-3.769919904032706,-1.512400927842771
9.96973705291748,0.9999999999797805,-0.49999999998989014,0.799999999983824,1.0,-0.5,0.8,2.0219492746775813e-11,-1.010985739569037e-11,1.6176060491090993e-11,-12.437491783034337,-3.7699199040321107,-1.5124009278424537
9.979745149612427,0.999999999980318,-0.49999999999015887,0.799999999984254,1.0,-0.5,0.8,1.9682033780554775e-11,-9.84112791257985e-12,1.574607111365367e-11,-12.437491783034064,-3.7699199040315308,-1.5124009278421446
9.989734649658203,0.9999999999808412,-0.4999999999904205,0.7999999999846725,1.0,-0.5,0.8,1.915878566904894e-11,-9.579503856826932e-12,1.5327517033369986e-11,-12.4374917830338,-3.7699199040309663,-1.5124009278418435
9.999724864959717,0.9999999999813505,-0.4999999999906751,0.79999999998508,1.0,-0.5,0.8,1.864952636765338e-11,-9.324874206129152e-12,1.4920065183332554e-11,-12.437491783033538,-3.7699199040304165,-1.5124009278415507
10.009702205657959,0.9999999999818462,-0.49999999999092304,0.7999999999854766,1.0,-0.5,0.8,1.8153811787158247e-11,-9.076961404730355e-12,1.4523493518936448e-11,-12.437491783033282,-3.7699199040298814,-1.5124009278412656
10.019752740859985,0.9999999999823288,-0.49999999999116435,0.7999999999858627,1.0,-0.5,0.8,1.7671197838353692e-11,-8.835654430328077e-12,1.4137357950971818e-11,-12.437491783033039,-3.769919904029361,-1.512400927840988
10.029765844345093,0.9999999999827985,-0.4999999999913992,0.7999999999862385,1.0,-0.5,0.8,1.7201462476634788e-11,-8.600786749468625e-12,1.3761547457136203e-11,-12.437491783032801,-3.7699199040288542,-1.512400927840718
10.039777517318726,0.9999999999832558,-0.49999999999162786,0.7999999999866043,1.0,-0.5,0.8,1.6744161612791686e-11,-8.372136317547074e-12,1.3395728970522214e-11,-12.437491783032568,-3.7699199040283617,-1.512400927840455
10.049903154373169,0.9999999999837009,-0.4999999999918504,0.7999999999869604,1.0,-0.5,0.8,1.629907320221946e-11,-8.149592112260962e-12,1.3039680446524926e-11,-12.43749178303234,-3.7699199040278804,-1.512400927840199
10.059772729873657,0.9999999999841342,-0.49999999999206707,0.799999999987307,1.0,-0.5,0.8,1.5865753155708262e-11,-7.932932089005362e-12,1.2693068818236952e-11,-12.43749178303212,-3.769919904027414,-1.51240092783995
10.06973910331726,0.999999999984556,-0.49999999999227795,0.7999999999876444,1.0,-0.5,0.8,1.5443979428653165e-11,-7.722045225477814e-12,1.2355672041053367e-11,-12.437491783031906,-3.7699199040269593,-1.5124009278397075
10.079777002334595,0.9999999999849666,-0.49999999999248324,0.7999999999879728,1.0,-0.5,0.8,1.5033418954146782e-11,-7.516764988224622e-12,1.2027268070369246e-11,-12.437491783031696,-3.7699199040265166,-1.5124009278394717
10.089761972427368,0.9999999999853663,-0.4999999999926831,0.7999999999882925,1.0,-0.5,0.8,1.4633738665281726e-11,-7.316924843792094e-12,1.17075238392772e-11,-12.437491783031493,-3.7699199040260853,-1.5124009278392416
10.099804639816284,0.9999999999857553,-0.4999999999928776,0.7999999999886037,1.0,-0.5,0.8,1.4244716517453071e-11,-7.122413769877767e-12,1.139632832547477e-11,-12.437491783031298,-3.7699199040256657,-1.512400927839018
10.109822750091553,0.999999999986134,-0.49999999999306693,0.7999999999889067,1.0,-0.5,0.8,1.386601944375343e-11,-6.933065233027946e-12,1.1093348462054564e-11,-12.437491783031103,-3.769919904025258,-1.5124009278388004
10.11978554725647,0.9999999999865026,-0.49999999999325123,0.7999999999892016,1.0,-0.5,0.8,1.3497425399577878e-11,-6.74876821094017e-12,1.0798473226714123e-11,-12.437491783030916,-3.76991990402486,-1.5124009278385884
10.129925727844238,0.9999999999868614,-0.49999999999343064,0.7999999999894887,1.0,-0.5,0.8,1.3138601318019028e-11,-6.569356170160745e-12,1.0511369552546057e-11,-12.437491783030735,-3.7699199040244733,-1.512400927838382
10.139797449111938,0.9999999999872107,-0.4999999999936053,0.7999999999897681,1.0,-0.5,0.8,1.2789325154471953e-11,-6.394718088387208e-12,1.0231926417247905e-11,-12.437491783030554,-3.7699199040240963,-1.5124009278381814
10.149785041809082,0.9999999999875506,-0.49999999999377526,0.7999999999900401,1.0,-0.5,0.8,1.244937486433173e-11,-6.2247429433170964e-12,9.959921776214742e-12,-12.437491783030383,-3.7699199040237295,-1.5124009278379857
10.159838914871216,0.9999999999878816,-0.49999999999394074,0.7999999999903049,1.0,-0.5,0.8,1.2118417380690971e-11,-6.059264201496717e-12,9.695133584841642e-12,-12.437491783030215,-3.7699199040233724,-1.5124009278377955
10.169712543487549,0.9999999999882038,-0.49999999999410183,0.7999999999905626,1.0,-0.5,0.8,1.179623065894475e-11,-5.898170840623607e-12,9.437450820826143e-12,-12.43749178303005,-3.7699199040230256,-1.5124009278376103
10.179708242416382,0.9999999999885174,-0.49999999999425865,0.7999999999908135,1.0,-0.5,0.8,1.1482592654488144e-11,-5.741351838395303e-12,9.186540417260858e-12,-12.437491783029891,-3.7699199040226867,-1.51240092783743
10.18982720375061,0.9999999999888226,-0.4999999999944113,0.7999999999910578,1.0,-0.5,0.8,1.1177392345018689e-11,-5.588696172509344e-12,8.942291351843323e-12,-12.437491783029737,-3.769919904022357,-1.5124009278372543
10.19971776008606,0.9999999999891197,-0.49999999999455985,0.7999999999912955,1.0,-0.5,0.8,1.0880296663628997e-11,-5.440148331814498e-12,8.704592602271077e-12,-12.437491783029584,-3.7699199040220366,-1.5124009278370836
10.209787607192993,0.9999999999894089,-0.49999999999470446,0.7999999999915268,1.0,-0.5,0.8,1.0591083565714143e-11,-5.295541782857072e-12,8.473222123939195e-12,-12.437491783029435,-3.769919904021725,-1.5124009278369168
10.219763040542603,0.9999999999896905,-0.49999999999484523,0.7999999999917521,1.0,-0.5,0.8,1.0309531006669204e-11,-5.154765503334602e-12,8.24795787224275e-12,-12.437491783029293,-3.76991990402142,-1.512400927836755
10.229735612869263,0.9999999999899646,-0.4999999999949823,0.7999999999919714,1.0,-0.5,0.8,1.0035416941889252e-11,-5.017708470944626e-12,8.028688824879282e-12,-12.437491783029154,-3.769919904021125,-1.5124009278365977
10.23977541923523,0.9999999999902314,-0.4999999999951157,0.7999999999921847,1.0,-0.5,0.8,9.768630349071827e-12,-4.884315174535914e-12,7.815303959546327e-12,-12.437491783029015,-3.7699199040208375,-1.512400927836444
10.249762773513794,0.999999999990491,-0.4999999999952455,0.7999999999923925,1.0,-0.5,0.8,9.508949183612003e-12,-4.754474591806002e-12,7.60758123163896e-12,-12.437491783028886,-3.7699199040205573,-1.5124009278362949
10.25978398323059,0.9999999999907438,-0.4999999999953719,0.7999999999925947,1.0,-0.5,0.8,9.256151400904855e-12,-4.6280757004524276e-12,7.405298596552257e-12,-12.437491783028756,-3.7699199040202847,-1.5124009278361494
10.269787311553955,0.9999999999909899,-0.49999999999549494,0.7999999999927916,1.0,-0.5,0.8,9.01012597864792e-12,-4.50506298932396e-12,7.208456054286216e-12,-12.43749178302863,-3.769919904020018,-1.5124009278360078
10.279796838760376,0.9999999999912293,-0.49999999999561473,0.7999999999929832,1.0,-0.5,0.8,8.770650872236274e-12,-4.385269924966906e-12,7.016831560235914e-12,-12.437491783028507,-3.76991990401976,-1.5124009278358697
10.289783954620361,0.9999999999914625,-0.4999999999957313,0.7999999999931697,1.0,-0.5,0.8,8.537504037064991e-12,-4.268696507381264e-12,6.830314092098888e-12,-12.437491783028387,-3.7699199040195084,-1.5124009278357362
10.299802303314209,0.9999999999916894,-0.49999999999584477,0.7999999999933513,1.0,-0.5,0.8,8.31057445083161e-12,-4.155231714264573e-12,6.648792627572675e-12,-12.437491783028271,-3.7699199040192632,-1.5124009278356054
10.309764385223389,0.9999999999919104,-0.49999999999595524,0.799999999993528,1.0,-0.5,0.8,8.089640068931203e-12,-4.04476452331437e-12,6.47204512205235e-12,-12.43749178302816,-3.7699199040190248,-1.5124009278354784
10.319756746292114,0.9999999999921254,-0.49999999999606276,0.7999999999937001,1.0,-0.5,0.8,7.87458986906131e-12,-3.937239423379424e-12,6.299960553235451e-12,-12.43749178302805,-3.769919904018793,-1.5124009278353547
10.329753875732422,0.9999999999923348,-0.49999999999616745,0.7999999999938675,1.0,-0.5,0.8,7.665201806617006e-12,-3.832545392157272e-12,6.132538921121977e-12,-12.437491783027943,-3.7699199040185674,-1.5124009278352346
10.33973479270935,0.9999999999925385,-0.4999999999962693,0.7999999999940305,1.0,-0.5,0.8,7.46147588159829e-12,-3.7306824296479135e-12,5.969558181107004e-12,-12.437491783027838,-3.7699199040183475,-1.5124009278351174
10.349722146987915,0.9999999999927369,-0.4999999999963685,0.7999999999941891,1.0,-0.5,0.8,7.263079027097774e-12,-3.6314840023976558e-12,5.810907310888069e-12,-12.437491783027738,-3.7699199040181335,-1.512400927835003
10.359724044799805,0.99999999999293,-0.49999999999646505,0.7999999999943436,1.0,-0.5,0.8,7.070011243115459e-12,-3.5349501104064984e-12,5.65647528816271e-12,-12.43749178302764,-3.7699199040179256,-1.5124009278348922
10.3697350025177,0.999999999993118,-0.49999999999655903,0.7999999999944939,1.0,-0.5,0.8,6.88205048504642e-12,-3.440969731371979e-12,5.506151090628464e-12,-12.437491783027543,-3.769919904017722,-1.5124009278347839
10.379772186279297,0.9999999999933009,-0.4999999999966505,0.7999999999946402,1.0,-0.5,0.8,6.6990857305881946e-12,-3.349487354142866e-12,5.359823695982868e-12,-12.437491783027452,-3.769919904017525,-1.5124009278346786
10.38976526260376,0.999999999993479,-0.49999999999673955,0.7999999999947827,1.0,-0.5,0.8,6.5210059574383195e-12,-3.2604474675679285e-12,5.217382081923461e-12,-12.43749178302736,-3.769919904017333,-1.5124009278345762
10.399755477905273,0.9999999999936523,-0.4999999999968262,0.7999999999949213,1.0,-0.5,0.8,6.3477001432943325e-12,-3.173794560495935e-12,5.0787152261477786e-12,-12.437491783027271,-3.7699199040171454,-1.5124009278344765
10.409788608551025,0.999999999993821,-0.4999999999969106,0.7999999999950563,1.0,-0.5,0.8,6.178946243551309e-12,-3.089417610624423e-12,4.9437121063533596e-12,-12.437491783027188,-3.7699199040169638,-1.5124009278343795
10.419810056686401,0.9999999999939854,-0.49999999999699274,0.7999999999951878,1.0,-0.5,0.8,6.0146332359067856e-12,-3.0072611068021615e-12,4.812261700237741e-12,-12.437491783027104,-3.769919904016787,-1.5124009278342851
10.429787397384644,0.9999999999941452,-0.4999999999970727,0.7999999999953157,1.0,-0.5,0.8,5.854761120360763e-12,-2.9273250490291503e-12,4.684364007800923e-12,-12.437491783027022,-3.7699199040166143,-1.512400927834193
10.439809799194336,0.9999999999943009,-0.4999999999971505,0.7999999999954402,1.0,-0.5,0.8,5.699107852308316e-12,-2.8494984150029268e-12,4.5597969844379804e-12,-12.437491783026944,-3.7699199040164464,-1.512400927834104
10.449774026870728,0.9999999999944524,-0.4999999999972263,0.7999999999955615,1.0,-0.5,0.8,5.547562409446982e-12,-2.77372569357226e-12,4.438560630148913e-12,-12.437491783026866,-3.7699199040162834,-1.5124009278340165
10.459824323654175,0.9999999999945999,-0.4999999999973,0.7999999999956795,1.0,-0.5,0.8,5.4001247917767614e-12,-2.7000068847371494e-12,4.320543922631259e-12,-12.437491783026791,-3.7699199040161244,-1.512400927833932
10.469814538955688,0.9999999999947434,-0.49999999999737177,0.7999999999957944,1.0,-0.5,0.8,5.256572954692729e-12,-2.628230966195133e-12,4.2056358395825555e-12,-12.437491783026717,-3.769919904015969,-1.5124009278338495
10.479754447937012,0.9999999999948832,-0.49999999999744166,0.7999999999959062,1.0,-0.5,0.8,5.1167958758924215e-12,-2.5583424267949795e-12,4.093836381002802e-12,-12.437491783026646,-3.769919904015818,-1.5124009278337691
10.489789724349976,0.9999999999950192,-0.49999999999750966,0.799999999996015,1.0,-0.5,0.8,4.98079355537584e-12,-2.4903412665366886e-12,3.985034524589537e-12,-12.437491783026577,-3.7699199040156715,-1.5124009278336907
10.499835968017578,0.9999999999951517,-0.4999999999975759,0.7999999999961209,1.0,-0.5,0.8,4.848343948538059e-12,-2.424116463117798e-12,3.879119248040297e-12,-12.437491783026509,-3.76991990401553,-1.5124009278336148
10.509786367416382,0.9999999999952806,-0.49999999999764033,0.7999999999962241,1.0,-0.5,0.8,4.719447055379078e-12,-2.3596680165383077e-12,3.77597952905262e-12,-12.437491783026443,-3.7699199040153895,-1.5124009278335406
10.519771575927734,0.999999999995406,-0.49999999999770306,0.7999999999963244,1.0,-0.5,0.8,4.593991853596435e-12,-2.2969404156469864e-12,3.675615367626506e-12,-12.437491783026381,-3.769919904015255,-1.5124009278334685
10.529833793640137,0.9999999999955281,-0.4999999999977641,0.7999999999964221,1.0,-0.5,0.8,4.471867320887668e-12,-2.2358781492926028e-12,3.577915741459492e-12,-12.437491783026317,-3.769919904015123,-1.512400927833398
10.539782047271729,0.999999999995647,-0.4999999999978236,0.7999999999965173,1.0,-0.5,0.8,4.352962434950314e-12,-2.1764257063239256e-12,3.482769628249116e-12,-12.437491783026259,-3.7699199040149955,-1.51240092783333
10.549833297729492,0.9999999999957627,-0.4999999999978814,0.7999999999966099,1.0,-0.5,0.8,4.2372771957843725e-12,-2.118583086740955e-12,3.390177027995378e-12,-12.437491783026198,-3.76991990401487,-1.512400927833263
10.559812307357788,0.9999999999958754,-0.49999999999793776,0.7999999999967,1.0,-0.5,0.8,4.124589558784919e-12,-2.0622392682412283e-12,3.3000269183958153e-12,-12.437491783026141,-3.769919904014749,-1.5124009278331987
10.569807291030884,0.9999999999959851,-0.4999999999979926,0.7999999999967877,1.0,-0.5,0.8,4.014899523951954e-12,-2.0073942508247455e-12,3.212319299450428e-12,-12.437491783026083,-3.76991990401463,-1.5124009278331356
10.579884052276611,0.9999999999960918,-0.49999999999804595,0.7999999999968731,1.0,-0.5,0.8,3.908207091285476e-12,-1.9540480344915068e-12,3.1269431488567534e-12,-12.437491783026031,-3.7699199040145146,-1.5124009278330741
10.589799165725708,0.9999999999961957,-0.4999999999980979,0.7999999999969563,1.0,-0.5,0.8,3.804290216180561e-12,-1.9020895969390494e-12,3.043787444312329e-12,-12.437491783025978,-3.7699199040144027,-1.5124009278330142
10.599824905395508,0.9999999999962969,-0.4999999999981485,0.7999999999970372,1.0,-0.5,0.8,3.70314889863721e-12,-1.8515189381673736e-12,2.9628521858171553e-12,-12.437491783025926,-3.7699199040142943,-1.5124009278329562
10.609782218933105,0.9999999999963953,-0.4999999999981977,0.7999999999971159,1.0,-0.5,0.8,3.6046721163529583e-12,-1.8022805470252479e-12,2.8841373733712317e-12,-12.437491783025877,-3.7699199040141878,-1.5124009278328996
10.619739294052124,0.9999999999964911,-0.4999999999982456,0.7999999999971926,1.0,-0.5,0.8,3.5088598693278072e-12,-1.7543744235126724e-12,2.8074209623696333e-12,-12.437491783025827,-3.7699199040140847,-1.5124009278328445
10.629726886749268,0.9999999999965844,-0.49999999999829225,0.7999999999972672,1.0,-0.5,0.8,3.415601135259294e-12,-1.7077450564784158e-12,2.732813975114823e-12,-12.437491783025779,-3.7699199040139835,-1.512400927832791
10.639711618423462,0.9999999999966752,-0.49999999999833766,0.7999999999973398,1.0,-0.5,0.8,3.3247848918449563e-12,-1.6623369347712469e-12,2.6602053893043376e-12,-12.437491783025733,-3.7699199040138858,-1.5124009278327386
10.649740219116211,0.9999999999967636,-0.49999999999838185,0.7999999999974106,1.0,-0.5,0.8,3.236411139084794e-12,-1.6181500583911657e-12,2.589484182635715e-12,-12.43749178302569,-3.7699199040137907,-1.5124009278326875
10.659730195999146,0.9999999999968496,-0.49999999999842487,0.7999999999974794,1.0,-0.5,0.8,3.150368854676344e-12,-1.5751289161869408e-12,2.5206503551089554e-12,-12.437491783025646,-3.7699199040136975,-1.5124009278326382
10.66976284980774,0.9999999999969333,-0.4999999999984667,0.7999999999975465,1.0,-0.5,0.8,3.0666580386196074e-12,-1.5332735081585724e-12,2.453592884421596e-12,-12.4374917830256,-3.7699199040136064,-1.51240092783259
10.679828643798828,0.9999999999970148,-0.49999999999850747,0.7999999999976117,1.0,-0.5,0.8,2.985167668612121e-12,-1.4925283231548292e-12,2.3883117705736367e-12,-12.437491783025555,-3.7699199040135185,-1.512400927832543
10.689849376678467,0.9999999999970942,-0.49999999999854716,0.7999999999976752,1.0,-0.5,0.8,2.9057867223514222e-12,-1.4528378500244798e-12,2.3248070135650778e-12,-12.43749178302552,-3.7699199040134332,-1.5124009278324975
10.699740409851074,0.9999999999971715,-0.4999999999985858,0.7999999999977371,1.0,-0.5,0.8,2.8285151998375113e-12,-1.4142020887675244e-12,2.2629675910934566e-12,-12.437491783025482,-3.7699199040133498,-1.512400927832453
10.709746360778809,0.9999999999972466,-0.4999999999986234,0.7999999999977973,1.0,-0.5,0.8,2.7533531010703882e-12,-1.3766210393839629e-12,2.202793503158773e-12,-12.437491783025441,-3.7699199040132685,-1.5124009278324098
10.71981954574585,0.9999999999973198,-0.49999999999865996,0.7999999999978558,1.0,-0.5,0.8,2.6801894037475904e-12,-1.340039190722564e-12,2.1442847497610273e-12,-12.437491783025404,-3.769919904013189,-1.5124009278323676
10.7297682762146,0.9999999999973911,-0.4999999999986956,0.7999999999979127,1.0,-0.5,0.8,2.6089130855666554e-12,-1.3044010316320964e-12,2.087330308597757e-12,-12.437491783025367,-3.7699199040131126,-1.5124009278323267
10.739809036254883,0.9999999999974605,-0.4999999999987303,0.7999999999979682,1.0,-0.5,0.8,2.539524146527583e-12,-1.2697065621125603e-12,2.031819157366499e-12,-12.437491783025333,-3.769919904013038,-1.512400927832287
10.749805450439453,0.999999999997528,-0.49999999999876404,0.7999999999980223,1.0,-0.5,0.8,2.4720225866303736e-12,-1.2359557821639555e-12,1.977751296067254e-12,-12.437491783025298,-3.769919904012965,-1.5124009278322479
10.759796619415283,0.9999999999975937,-0.4999999999987969,0.7999999999980749,1.0,-0.5,0.8,2.4062973835725643e-12,-1.2030931806350509e-12,1.9251267247000214e-12,-12.437491783025264,-3.769919904012894,-1.5124009278322106
10.769807815551758,0.9999999999976577,-0.4999999999988289,0.7999999999981261,1.0,-0.5,0.8,2.3423485373541553e-12,-1.1711187575258464e-12,1.8739454432648017e-12,-12.437491783025232,-3.7699199040128253,-1.5124009278321737
10.779850244522095,0.9999999999977199,-0.49999999999886,0.799999999998176,1.0,-0.5,0.8,2.280065025672684e-12,-1.1399770016851107e-12,1.824096429459132e-12,-12.4374917830252,-3.7699199040127587,-1.5124009278321375
10.789788246154785,0.9999999999977806,-0.49999999999889033,0.7999999999982245,1.0,-0.5,0.8,2.2194468485281504e-12,-1.109667913112844e-12,1.7755796832830129e-12,-12.43749178302517,-3.769919904012693,-1.512400927832103
10.799805402755737,0.9999999999978395,-0.4999999999989198,0.7999999999982716,1.0,-0.5,0.8,2.1604940059205546e-12,-1.080191491809046e-12,1.7283952047364437e-12,-12.437491783025138,-3.7699199040126286,-1.512400927832069
10.809796571731567,0.9999999999978969,-0.4999999999989485,0.7999999999983176,1.0,-0.5,0.8,2.103095475547434e-12,-1.0514922266224858e-12,1.6824319715169622e-12,-12.437491783025107,-3.769919904012567,-1.5124009278320358
10.819802284240723,0.9999999999979529,-0.4999999999989765,0.7999999999983624,1.0,-0.5,0.8,2.047140235106326e-12,-1.0235146064019318e-12,1.6376899836245684e-12,-12.43749178302508,-3.7699199040125064,-1.5124009278320036
10.829791784286499,0.9999999999980073,-0.4999999999990037,0.7999999999984059,1.0,-0.5,0.8,1.9927393068996935e-12,-9.963141422986155e-13,1.5941692410592623e-12,-12.437491783025052,-3.769919904012448,-1.5124009278319723
10.83975601196289,0.9999999999980602,-0.49999999999903016,0.7999999999984483,1.0,-0.5,0.8,1.9397816686250735e-12,-9.698353231613055e-13,1.5517587215185813e-12,-12.437491783025026,-3.76991990401239,-1.512400927831942
10.849783182144165,0.9999999999981117,-0.4999999999990559,0.7999999999984896,1.0,-0.5,0.8,1.8882673202824662e-12,-9.440781489900019e-13,1.5104584250025255e-12,-12.437491783025,-3.769919904012334,-1.5124009278319124
10.859775066375732,0.9999999999981619,-0.499999999999081,0.7999999999985298,1.0,-0.5,0.8,1.838085239569409e-12,-9.189871086334733e-13,1.4702683515110948e-12,-12.437491783024972,-3.769919904012281,-1.5124009278318835
10.869749069213867,0.9999999999982108,-0.49999999999910544,0.7999999999985689,1.0,-0.5,0.8,1.7892354264859023e-12,-8.945622020917199e-13,1.4311885010442893e-12,-12.437491783024948,-3.769919904012228,-1.5124009278318553
10.879729509353638,0.9999999999982583,-0.4999999999991292,0.7999999999986069,1.0,-0.5,0.8,1.7417178810319456e-12,-8.708034293647415e-13,1.3931078512996464e-12,-12.437491783024925,-3.7699199040121765,-1.512400927831828
10.889706373214722,0.9999999999983046,-0.49999999999915234,0.799999999998644,1.0,-0.5,0.8,1.6954215809050766e-12,-8.47655279301307e-13,1.3560264022771662e-12,-12.4374917830249,-3.769919904012126,-1.5124009278318014
10.899742126464844,0.9999999999983497,-0.4999999999991749,0.7999999999986801,1.0,-0.5,0.8,1.6503465261052952e-12,-8.251177519014163e-13,1.3199441539768486e-12,-12.437491783024877,-3.7699199040120774,-1.5124009278317754
10.90974497795105,0.9999999999983935,-0.4999999999991968,0.7999999999987152,1.0,-0.5,0.8,1.6064927166326015e-12,-8.031908471650695e-13,1.2848611063986937e-12,-12.437491783024852,-3.76991990401203,-1.51240092783175
10.91974663734436,0.9999999999984363,-0.4999999999992182,0.7999999999987494,1.0,-0.5,0.8,1.563749130184533e-12,-7.818190539410352e-13,1.2506662372402388e-12,-12.437491783024834,-3.7699199040119837,-1.5124009278317259
10.92972207069397,0.9999999999984778,-0.49999999999923894,0.7999999999987827,1.0,-0.5,0.8,1.5222267890635521e-12,-7.610578833805448e-13,1.2173595465014841e-12,-12.437491783024809,-3.7699199040119393,-1.5124009278317017
10.939759254455566,0.9999999999985182,-0.49999999999925915,0.7999999999988151,1.0,-0.5,0.8,1.4818146709671964e-12,-7.40851824332367e-13,1.1849410341824296e-12,-12.437491783024788,-3.769919904011896,-1.5124009278316783
10.949792385101318,0.9999999999985576,-0.49999999999927885,0.7999999999988466,1.0,-0.5,0.8,1.4424017535930034e-12,-7.211453656452704e-13,1.1534107002830751e-12,-12.43749178302477,-3.7699199040118536,-1.5124009278316557
10.959744691848755,0.9999999999985959,-0.499999999999298,0.7999999999988773,1.0,-0.5,0.8,1.4040990592434355e-12,-7.019940184704865e-13,1.1227685448034208e-12,-12.43749178302475,-3.7699199040118114,-1.5124009278316337
10.969783782958984,0.9999999999986332,-0.49999999999931666,0.7999999999989071,1.0,-0.5,0.8,1.3667955656160302e-12,-6.833422716567839e-13,1.092903545441004e-12,-12.437491783024731,-3.769919904011771,-1.5124009278316124
10.979798793792725,0.9999999999986695,-0.4999999999993348,0.7999999999989362,1.0,-0.5,0.8,1.3304912727107876e-12,-6.651901252041625e-13,1.063815702195825e-12,-12.437491783024713,-3.769919904011732,-1.5124009278315913
10.989756107330322,0.9999999999987049,-0.4999999999993525,0.7999999999989645,1.0,-0.5,0.8,1.2950751582252451e-12,-6.474820679613913e-13,1.0355050150678835e-12,-12.437491783024694,-3.7699199040116946,-1.5124009278315713
10.99988079071045,0.9999999999987393,-0.4999999999993697,0.7999999999989921,1.0,-0.5,0.8,1.2606582444618653e-12,-6.302736110797014e-13,1.0079714840571796e-12,-12.437491783024676,-3.7699199040116564,-1.5124009278315511
11.009729146957397,0.9999999999987729,-0.4999999999993865,0.7999999999990188,1.0,-0.5,0.8,1.2271295091181855e-12,-6.135092434078615e-13,9.812151091637134e-13,-12.437491783024658,-3.7699199040116205,-1.5124009278315318
11.019727230072021,0.9999999999988055,-0.4999999999994028,0.7999999999990449,1.0,-0.5,0.8,1.194488952194206e-12,-5.971889649458717e-13,9.551248680850222e-13,-12.437491783024644,-3.7699199040115867,-1.5124009278315134
11.029727458953857,0.9999999999988373,-0.4999999999994187,0.7999999999990703,1.0,-0.5,0.8,1.1627365736899264e-12,-5.81312775693732e-13,9.29700760821106e-13,-12.43749178302463,-3.769919904011552,-1.5124009278314952
11.03973126411438,0.9999999999988681,-0.4999999999994341,0.7999999999990951,1.0,-0.5,0.8,1.131872373605347e-12,-5.658806756514423e-13,9.049427873719651e-13,-12.437491783024612,-3.7699199040115183,-1.5124009278314774
11.049747943878174,0.9999999999988982,-0.49999999999944916,0.7999999999991192,1.0,-0.5,0.8,1.1017853296380054e-12,-5.508371536677714e-13,8.808509477375992e-13,-12.437491783024596,-3.7699199040114864,-1.5124009278314603
11.059720993041992,0.9999999999989275,-0.4999999999994638,0.7999999999991426,1.0,-0.5,0.8,1.0724754417879012e-12,-5.361822097427194e-13,8.574252419180084e-13,-12.43749178302458,-3.7699199040114544,-1.5124009278314432
11.069715976715088,0.9999999999989561,-0.4999999999994781,0.7999999999991654,1.0,-0.5,0.8,1.0439427100550347e-12,-5.219158438762861e-13,8.346656699131927e-13,-12.437491783024567,-3.769919904011424,-1.5124009278314268
11.079729318618774,0.9999999999989838,-0.49999999999949196,0.7999999999991876,1.0,-0.5,0.8,1.0161871344394058e-12,-5.080380560684716e-13,8.124612094206896e-13,-12.437491783024553,-3.7699199040113944,-1.512400927831411
11.089715003967285,0.9999999999990108,-0.49999999999950545,0.7999999999992092,1.0,-0.5,0.8,9.892087149410145e-13,-4.94548846319276e-13,7.90811860440499e-13,-12.437491783024539,-3.769919904011365,-1.5124009278313952
11.099750995635986,0.9999999999990371,-0.4999999999995186,0.7999999999992302,1.0,-0.5,0.8,9.628964292573983e-13,-4.813927034774679e-13,7.698286452750835e-13,-12.437491783024527,-3.7699199040113363,-1.5124009278313801
11.10976505279541,0.9999999999990627,-0.49999999999953143,0.7999999999992506,1.0,-0.5,0.8,9.372502773885572e-13,-4.685696275430473e-13,7.494005416219807e-13,-12.437491783024516,-3.7699199040113087,-1.5124009278313655
11.119733333587646,0.9999999999990876,-0.49999999999954386,0.7999999999992705,1.0,-0.5,0.8,9.123812816369536e-13,-4.561351296672456e-13,7.295275494811904e-13,-12.4374917830245,-3.7699199040112816,-1.512400927831351
11.129749536514282,0.9999999999991118,-0.49999999999955597,0.79999999999929,1.0,-0.5,0.8,8.881784197001252e-13,-4.4403369869883136e-13,7.100986465502501e-13,-12.437491783024488,-3.769919904011255,-1.5124009278313373
11.139769792556763,0.9999999999991355,-0.4999999999995678,0.7999999999993088,1.0,-0.5,0.8,8.645306692756094e-13,-4.3220982348657344e-13,6.912248551316225e-13,-12.437491783024475,-3.76991990401123,-1.5124009278313235
11.149752616882324,0.9999999999991585,-0.4999999999995793,0.7999999999993272,1.0,-0.5,0.8,8.415490526658687e-13,-4.2071901518170307e-13,6.727951529228449e-13,-12.437491783024466,-3.7699199040112057,-1.5124009278313104
11.15973973274231,0.9999999999991809,-0.4999999999995905,0.7999999999993451,1.0,-0.5,0.8,8.191225475684405e-13,-4.09505762632989e-13,6.549205622263798e-13,-12.437491783024456,-3.7699199040111813,-1.5124009278312975
11.169818639755249,0.9999999999992026,-0.4999999999996014,0.7999999999993626,1.0,-0.5,0.8,7.973621762857874e-13,-3.9862557699166246e-13,6.374900607397649e-13,-12.437491783024443,-3.7699199040111577,-1.5124009278312849
11.179722547531128,0.9999999999992238,-0.499999999999612,0.7999999999993795,1.0,-0.5,0.8,7.761569165154469e-13,-3.880229471064922e-13,6.20503648463e-13,-12.437491783024434,-3.769919904011135,-1.512400927831273
11.189742088317871,0.9999999999992445,-0.4999999999996223,0.7999999999993961,1.0,-0.5,0.8,7.55506768257419e-13,-3.7769787297747826e-13,6.039613253960852e-13,-12.43749178302442,-3.7699199040111138,-1.5124009278312611
11.199766874313354,0.9999999999992646,-0.49999999999963235,0.7999999999994122,1.0,-0.5,0.8,7.354117315117037e-13,-3.676503546046206e-13,5.878630915390204e-13,-12.437491783024411,-3.7699199040110916,-1.5124009278312496
11.209744691848755,0.9999999999992841,-0.4999999999996421,0.7999999999994278,1.0,-0.5,0.8,7.158718062783009e-13,-3.578803919879192e-13,5.722089468918057e-13,-12.4374917830244,-3.7699199040110702,-1.5124009278312383
11.219777584075928,0.9999999999993031,-0.4999999999996516,0.799999999999443,1.0,-0.5,0.8,6.968869925572108e-13,-3.483879851273741e-13,5.56998891454441e-13,-12.437491783024392,-3.7699199040110494,-1.5124009278312271
11.229793548583984,0.9999999999993217,-0.4999999999996609,0.7999999999994578,1.0,-0.5,0.8,6.783462680459706e-13,-3.3911762287175407e-13,5.422329252269265e-13,-12.437491783024383,-3.76991990401103,-1.5124009278312167
11.239762783050537,0.9999999999993396,-0.4999999999996699,0.7999999999994722,1.0,-0.5,0.8,6.603606550470431e-13,-3.301248163722903e-13,5.278000259067994e-13,-12.437491783024372,-3.7699199040110094,-1.5124009278312063
11.249770879745483,0.9999999999993572,-0.49999999999967865,0.7999999999994862,1.0,-0.5,0.8,6.428191312579656e-13,-3.2135405447775156e-13,5.138112157965224e-13,-12.437491783024363,-3.7699199040109903,-1.512400927831196
11.25979208946228,0.9999999999993743,-0.4999999999996872,0.7999999999994999,1.0,-0.5,0.8,6.257216966787382e-13,-3.1280533718813786e-13,5.00155472593633e-13,-12.437491783024356,-3.769919904010972,-1.512400927831186
11.269771814346313,0.9999999999993909,-0.4999999999996955,0.7999999999995132,1.0,-0.5,0.8,6.090683513093609e-13,-3.044786645034492e-13,4.868327962981311e-13,-12.437491783024345,-3.7699199040109543,-1.5124009278311765
11.279787063598633,0.9999999999994071,-0.4999999999997036,0.7999999999995262,1.0,-0.5,0.8,5.928590951498336e-13,-2.9637403642368554e-13,4.738431869100168e-13,-12.43749178302434,-3.769919904010937,-1.5124009278311674
11.289753913879395,0.9999999999994229,-0.4999999999997115,0.7999999999995389,1.0,-0.5,0.8,5.770939282001564e-13,-2.8849145294884693e-13,4.6118664442929e-13,-12.437491783024331,-3.76991990401092,-1.5124009278311583
11.29979920387268,0.9999999999994382,-0.49999999999971917,0.7999999999995512,1.0,-0.5,0.8,5.617728504603292e-13,-2.8083091407893335e-13,4.488631688559508e-13,-12.437491783024322,-3.7699199040109033,-1.5124009278311497
11.309808254241943,0.9999999999994532,-0.49999999999972666,0.7999999999995632,1.0,-0.5,0.8,5.467848396278896e-13,-2.7333690866271354e-13,4.368727601899991e-13,-12.437491783024317,-3.769919904010888,-1.5124009278311412
11.319791078567505,0.9999999999994678,-0.49999999999973394,0.7999999999995748,1.0,-0.5,0.8,5.322409180053e-13,-2.6606494785141876e-13,4.2521541843143495e-13,-12.43749178302431,-3.7699199040108726,-1.5124009278311328
11.329782724380493,0.9999999999994819,-0.499999999999741,0.7999999999995862,1.0,-0.5,0.8,5.181410855925606e-13,-2.59015031645049e-13,4.1389114358025836e-13,-12.437491783024301,-3.769919904010857,-1.5124009278311248
11.339739799499512,0.9999999999994956,-0.49999999999974787,0.7999999999995971,1.0,-0.5,0.8,5.043743200872086e-13,-2.5213164889237305e-13,4.028999356364693e-13,-12.437491783024294,-3.769919904010842,-1.5124009278311166
11.349720001220703,0.9999999999995091,-0.4999999999997546,0.7999999999996079,1.0,-0.5,0.8,4.909406214892442e-13,-2.4541479959339085e-13,3.921307722976053e-13,-12.437491783024287,-3.7699199040108273,-1.512400927831109
11.359725952148438,0.9999999999995222,-0.49999999999976114,0.7999999999996183,1.0,-0.5,0.8,4.778399897986674e-13,-2.3886448374810243e-13,3.816946758661288e-13,-12.437491783024283,-3.7699199040108144,-1.5124009278311015
11.369736671447754,0.9999999999995348,-0.49999999999976746,0.7999999999996285,1.0,-0.5,0.8,4.651834473179406e-13,-2.3253621250773904e-13,3.715916463420399e-13,-12.437491783024273,-3.7699199040107993,-1.5124009278310941
11.379753112792969,0.9999999999995471,-0.4999999999997736,0.7999999999996383,1.0,-0.5,0.8,4.5285997174460135e-13,-2.2637447472106942e-13,3.61710661422876e-13,-12.437491783024266,-3.7699199040107856,-1.5124009278310868
11.389812231063843,0.9999999999995591,-0.4999999999997796,0.799999999999648,1.0,-0.5,0.8,4.4086956307864966e-13,-2.2037927038809357e-13,3.5205172110863714e-13,-12.437491783024258,-3.7699199040107727,-1.51240092783108
11.399787664413452,0.9999999999995709,-0.4999999999997855,0.7999999999996573,1.0,-0.5,0.8,4.29101199017623e-13,-2.1449508835758024e-13,3.427258477017858e-13,-12.437491783024257,-3.7699199040107603,-1.5124009278310733
11.409783840179443,0.9999999999995823,-0.4999999999997912,0.7999999999996664,1.0,-0.5,0.8,4.176659018639839e-13,-2.087774397807607e-13,3.3362201889985954e-13,-12.43749178302425,-3.769919904010748,-1.5124009278310668
11.419812679290771,0.9999999999995934,-0.4999999999997968,0.7999999999996753,1.0,-0.5,0.8,4.065636716177323e-13,-2.032263246576349e-13,3.247402347028583e-13,-12.43749178302424,-3.7699199040107367,-1.5124009278310604
11.429733276367188,0.9999999999996042,-0.49999999999980216,0.799999999999684,1.0,-0.5,0.8,3.957945082788683e-13,-1.978417429882029e-13,3.1608049511078207e-13,-12.437491783024237,-3.7699199040107243,-1.5124009278310542
11.43970251083374,0.9999999999996148,-0.49999999999980743,0.7999999999996924,1.0,-0.5,0.8,3.852473895449293e-13,-1.925681836212334e-13,3.076428001236309e-13,-12.437491783024232,-3.7699199040107136,-1.5124009278310482
11.449714183807373,0.999999999999625,-0.49999999999981254,0.7999999999997006,1.0,-0.5,0.8,3.750333377183779e-13,-1.8746115770795768e-13,2.994271497414047e-13,-12.437491783024228,-3.769919904010702,-1.5124009278310422
11.459709167480469,0.999999999999635,-0.49999999999981753,0.7999999999997086,1.0,-0.5,0.8,3.6504133049675147e-13,-1.8246515409714448e-13,2.914335439641036e-13,-12.437491783024223,-3.769919904010692,-1.5124009278310364
11.469751596450806,0.9999999999996446,-0.49999999999982236,0.7999999999997164,1.0,-0.5,0.8,3.553823901825126e-13,-1.7763568394002505e-13,2.836619827917275e-13,-12.437491783024216,-3.7699199040106808,-1.5124009278310309
11.47973108291626,0.999999999999654,-0.4999999999998271,0.7999999999997239,1.0,-0.5,0.8,3.459454944731988e-13,-1.7291723608536813e-13,2.7611246622427643e-13,-12.437491783024209,-3.76991990401067,-1.5124009278310253
11.489710807800293,0.9999999999996633,-0.4999999999998317,0.7999999999997313,1.0,-0.5,0.8,3.3673064336881e-13,-1.6830981053317373e-13,2.687849942617504e-13,-12.437491783024207,-3.769919904010661,-1.51240092783102
11.499760627746582,0.9999999999996723,-0.4999999999998362,0.7999999999997384,1.0,-0.5,0.8,3.277378368693462e-13,-1.6381340728344185e-13,2.616795669041494e-13,-12.437491783024205,-3.7699199040106515,-1.512400927831015
11.509733438491821,0.9999999999996809,-0.49999999999984057,0.7999999999997454,1.0,-0.5,0.8,3.1907809727727e-13,-1.5942802633617248e-13,2.546851618490109e-13,-12.437491783024196,-3.7699199040106417,-1.5124009278310098
11.519749402999878,0.9999999999996894,-0.4999999999998448,0.7999999999997521,1.0,-0.5,0.8,3.106404022901188e-13,-1.5520917884259688e-13,2.4791280139879746e-13,-12.437491783024193,-3.7699199040106315,-1.5124009278310049
11.529830694198608,0.9999999999996976,-0.4999999999998489,0.7999999999997587,1.0,-0.5,0.8,3.0242475190789264e-13,-1.511013536514838e-13,2.4136248555350903e-13,-12.437491783024187,-3.769919904010622,-1.5124009278310002
11.539740800857544,0.9999999999997056,-0.4999999999998529,0.7999999999997651,1.0,-0.5,0.8,2.944311461305915e-13,-1.4710455076283324e-13,2.349231920106831e-13,-12.437491783024184,-3.7699199040106137,-1.5124009278309953
11.549828290939331,0.9999999999997133,-0.49999999999985684,0.7999999999997713,1.0,-0.5,0.8,2.866595849582154e-13,-1.4316325902541394e-13,2.2870594307278225e-13,-12.437491783024178,-3.7699199040106044,-1.512400927830991
11.559801816940308,0.999999999999721,-0.49999999999986067,0.7999999999997774,1.0,-0.5,0.8,2.7899904608830184e-13,-1.3933298959045715e-13,2.2259971643734389e-13,-12.437491783024173,-3.769919904010597,-1.5124009278309865
11.56974744796753,0.9999999999997284,-0.4999999999998644,0.7999999999997833,1.0,-0.5,0.8,2.715605518233133e-13,-1.3561374245796287e-13,2.1671553440683056e-13,-12.437491783024171,-3.7699199040105893,-1.5124009278309825
11.579825639724731,0.9999999999997357,-0.499999999999868,0.7999999999997891,1.0,-0.5,0.8,2.6434410216324977e-13,-1.3200551762793111e-13,2.1094237467877974e-13,-12.437491783024168,-3.7699199040105804,-1.512400927830978
11.589831590652466,0.9999999999997427,-0.4999999999998715,0.7999999999997948,1.0,-0.5,0.8,2.573496971081113e-13,-1.2850831510036187e-13,2.0528023725319144e-13,-12.437491783024164,-3.7699199040105738,-1.512400927830974
11.59983515739441,0.9999999999997495,-0.49999999999987493,0.7999999999998002,1.0,-0.5,0.8,2.504663143554353e-13,-1.2506662372402388e-13,1.9984014443252818e-13,-12.437491783024162,-3.769919904010566,-1.5124009278309702
11.609785556793213,0.9999999999997562,-0.49999999999987826,0.7999999999998055,1.0,-0.5,0.8,2.438049762076844e-13,-1.2173595465014841e-13,1.9451107391432743e-13,-12.437491783024159,-3.769919904010559,-1.5124009278309665
11.619768142700195,0.9999999999997626,-0.4999999999998815,0.7999999999998108,1.0,-0.5,0.8,2.3736568266485847e-13,-1.1851630787873546e-13,1.892930256985892e-13,-12.437491783024155,-3.769919904010552,-1.512400927830963
11.62975001335144,0.999999999999769,-0.49999999999988465,0.7999999999998157,1.0,-0.5,0.8,2.310374114244951e-13,-1.1535217225855376e-13,1.8429702208777599e-13,-12.437491783024152,-3.7699199040105458,-1.512400927830959
11.639778137207031,0.9999999999997751,-0.4999999999998877,0.7999999999998206,1.0,-0.5,0.8,2.2493118478905672e-13,-1.1229905894083458e-13,1.794120407794253e-13,-12.437491783024148,-3.7699199040105387,-1.5124009278309556
11.64980673789978,0.9999999999997811,-0.4999999999998907,0.7999999999998254,1.0,-0.5,0.8,2.1893598045608087e-13,-1.0930145677434666e-13,1.7463808177353712e-13,-12.437491783024145,-3.769919904010533,-1.512400927830952
11.659783363342285,0.9999999999997868,-0.4999999999998936,0.7999999999998301,1.0,-0.5,0.8,2.1316282072803006e-13,-1.0641487691032125e-13,1.6997514507011147e-13,-12.437491783024145,-3.7699199040105262,-1.5124009278309487
11.669765949249268,0.9999999999997925,-0.4999999999998964,0.7999999999998346,1.0,-0.5,0.8,2.0750068330244176e-13,-1.035838081975271e-13,1.6542323066914832e-13,-12.43749178302414,-3.7699199040105205,-1.5124009278309456
11.679713249206543,0.999999999999798,-0.4999999999998992,0.7999999999998391,1.0,-0.5,0.8,2.0194956817931597e-13,-1.0080825063596421e-13,1.609823385706477e-13,-12.437491783024138,-3.7699199040105142,-1.5124009278309423
11.68971872329712,0.9999999999998034,-0.49999999999990186,0.7999999999998434,1.0,-0.5,0.8,1.9662049766111522e-13,-9.814371537686384e-14,1.566524687746096e-13,-12.437491783024132,-3.7699199040105085,-1.5124009278309394
11.69978380203247,0.9999999999998086,-0.49999999999990447,0.7999999999998476,1.0,-0.5,0.8,1.91402449445377e-13,-9.553469126899472e-14,1.52433621281034e-13,-12.437491783024132,-3.769919904010502,-1.5124009278309363
11.709770679473877,0.9999999999998137,-0.499999999999907,0.7999999999998517,1.0,-0.5,0.8,1.8629542353210127e-13,-9.298117831235686e-14,1.4832579608992091e-13,-12.437491783024129,-3.7699199040104974,-1.5124009278309334
11.719807624816895,0.9999999999998187,-0.4999999999999095,0.7999999999998557,1.0,-0.5,0.8,1.8129941992128806e-13,-9.048317650695026e-14,1.4432899320127035e-13,-12.437491783024127,-3.7699199040104925,-1.512400927830931
11.729828596115112,0.9999999999998235,-0.4999999999999119,0.7999999999998596,1.0,-0.5,0.8,1.765254609153999e-13,-8.809619700400617e-14,1.404432126150823e-13,-12.437491783024123,-3.769919904010487,-1.5124009278309278
11.739753723144531,0.9999999999998281,-0.49999999999991424,0.7999999999998634,1.0,-0.5,0.8,1.7186252421197423e-13,-8.576472865229334e-14,1.3666845433135677e-13,-12.43749178302412,-3.7699199040104823,-1.5124009278309254
11.749770641326904,0.9999999999998327,-0.4999999999999165,0.799999999999867,1.0,-0.5,0.8,1.673106098110111e-13,-8.348877145181177e-14,1.3300471835009375e-13,-12.43749178302412,-3.7699199040104765,-1.5124009278309223
11.759749412536621,0.9999999999998371,-0.49999999999991873,0.7999999999998706,1.0,-0.5,0.8,1.6286971771251046e-13,-8.126832540256146e-14,1.2945200467129325e-13,-12.437491783024116,-3.769919904010472,-1.51240092783092
11.769726514816284,0.9999999999998415,-0.4999999999999209,0.799999999999874,1.0,-0.5,0.8,1.5853984791647235e-13,-7.91033905045424e-14,1.2601031329495527e-13,-12.437491783024115,-3.769919904010468,-1.5124009278309174
11.779707670211792,0.9999999999998457,-0.499999999999923,0.7999999999998774,1.0,-0.5,0.8,1.5432100042289676e-13,-7.69939667577546e-14,1.226796442210798e-13,-12.437491783024113,-3.7699199040104627,-1.5124009278309152
11.789705514907837,0.9999999999998498,-0.49999999999992506,0.7999999999998806,1.0,-0.5,0.8,1.5021317523178368e-13,-7.494005416219807e-14,1.1945999744966684e-13,-12.437491783024113,-3.7699199040104587,-1.5124009278309127
11.799728631973267,0.9999999999998538,-0.49999999999992706,0.7999999999998838,1.0,-0.5,0.8,1.4621637234313312e-13,-7.294165271787278e-14,1.162403506782539e-13,-12.43749178302411,-3.769919904010454,-1.5124009278309105
11.809760808944702,0.9999999999998577,-0.499999999999929,0.7999999999998869,1.0,-0.5,0.8,1.4233059175694507e-13,-7.099876242477876e-14,1.1313172620930345e-13,-12.437491783024106,-3.7699199040104503,-1.5124009278309085
11.819763898849487,0.9999999999998614,-0.4999999999999309,0.7999999999998899,1.0,-0.5,0.8,1.3855583347321954e-13,-6.9111383282916e-14,1.1013412404281553e-13,-12.437491783024106,-3.769919904010446,-1.512400927830906
11.82975435256958,0.9999999999998651,-0.4999999999999327,0.7999999999998928,1.0,-0.5,0.8,1.3489209749195652e-13,-6.727951529228449e-14,1.0724754417879012e-13,-12.437491783024104,-3.769919904010442,-1.512400927830904
11.839744329452515,0.9999999999998687,-0.4999999999999345,0.7999999999998957,1.0,-0.5,0.8,1.3133938381315602e-13,-6.550315845288424e-14,1.0436096431476471e-13,-12.437491783024102,-3.769919904010438,-1.5124009278309019
11.849731922149658,0.9999999999998721,-0.4999999999999362,0.7999999999998985,1.0,-0.5,0.8,1.2789769243681803e-13,-6.378231276471524e-14,1.0158540675320182e-13,-12.437491783024099,-3.7699199040104343,-1.5124009278308999
11.859757900238037,0.9999999999998755,-0.49999999999993794,0.7999999999999011,1.0,-0.5,0.8,1.2445600106048005e-13,-6.206146707654625e-14,9.892087149410145e-14,-12.437491783024095,-3.7699199040104308,-1.5124009278308979
11.869760751724243,0.9999999999998789,-0.4999999999999396,0.7999999999999038,1.0,-0.5,0.8,1.2112533198660458e-13,-6.039613253960852e-14,9.625633623500107e-14,-12.437491783024095,-3.7699199040104268,-1.5124009278308956
11.879716157913208,0.9999999999998821,-0.4999999999999412,0.7999999999999063,1.0,-0.5,0.8,1.1790568521519162e-13,-5.878630915390204e-14,9.370282327836321e-14,-12.437491783024097,-3.7699199040104237,-1.5124009278308939
11.88974404335022,0.9999999999998852,-0.49999999999994277,0.7999999999999088,1.0,-0.5,0.8,1.1479706074624119e-13,-5.723199691942682e-14,9.126033262418787e-14,-12.437491783024093,-3.76991990401042,-1.512400927830892
11.899800539016724,0.9999999999998882,-0.49999999999994427,0.7999999999999112,1.0,-0.5,0.8,1.1179945857975326e-13,-5.573319583618286e-14,8.881784197001252e-14,-12.437491783024091,-3.7699199040104165,-1.5124009278308903
11.909756898880005,0.9999999999998912,-0.49999999999994577,0.7999999999999136,1.0,-0.5,0.8,1.0880185641326534e-13,-5.42343947529389e-14,8.64863736182997e-14,-12.43749178302409,-3.7699199040104143,-1.5124009278308888
11.919766664505005,0.9999999999998941,-0.4999999999999472,0.7999999999999159,1.0,-0.5,0.8,1.0591527654923993e-13,-5.2791104820926193e-14,8.415490526658687e-14,-12.43749178302409,-3.7699199040104108,-1.5124009278308872
11.929793357849121,0.9999999999998969,-0.4999999999999486,0.7999999999999181,1.0,-0.5,0.8,1.0313971898767704e-13,-5.140332604014475e-14,8.193445921733655e-14,-12.437491783024086,-3.7699199040104068,-1.5124009278308854
11.939748525619507,0.9999999999998996,-0.49999999999995,0.7999999999999203,1.0,-0.5,0.8,1.0036416142611415e-13,-5.00155472593633e-14,7.971401316808624e-14,-12.437491783024084,-3.7699199040104046,-1.5124009278308839
11.949764966964722,0.9999999999999023,-0.4999999999999513,0.7999999999999224,1.0,-0.5,0.8,9.769962616701378e-14,-4.8683279629813114e-14,7.760458942129844e-14,-12.437491783024083,-3.769919904010402,-1.5124009278308825
11.959709882736206,0.9999999999999049,-0.4999999999999526,0.7999999999999245,1.0,-0.5,0.8,9.514611321037592e-14,-4.7406523151494184e-14,7.549516567451064e-14,-12.43749178302408,-3.769919904010399,-1.5124009278308808
11.969737529754639,0.9999999999999074,-0.49999999999995387,0.7999999999999265,1.0,-0.5,0.8,9.259260025373806e-14,-4.6129766673175254e-14,7.349676423018536e-14,-12.43749178302408,-3.769919904010396,-1.5124009278308796
11.979746341705322,0.9999999999999098,-0.4999999999999551,0.7999999999999285,1.0,-0.5,0.8,9.015010959956271e-14,-4.490852134608758e-14,7.149836278586008e-14,-12.437491783024079,-3.769919904010394,-1.512400927830878
11.989720106124878,0.9999999999999123,-0.49999999999995626,0.7999999999999304,1.0,-0.5,0.8,8.770761894538737e-14,-4.374278717023117e-14,6.961098364399732e-14,-12.437491783024079,-3.7699199040103917,-1.5124009278308768
11.999714612960815,0.9999999999999146,-0.4999999999999574,0.7999999999999323,1.0,-0.5,0.8,8.537615059367454e-14,-4.2577052994374753e-14,6.772360450213455e-14,-12.437491783024079,-3.769919904010389,-1.5124009278308754
12.009773969650269,0.9999999999999168,-0.49999999999995853,0.7999999999999341,1.0,-0.5,0.8,8.315570454442422e-14,-4.1466829969749597e-14,6.59472476627343e-14,-12.437491783024077,-3.7699199040103872,-1.5124009278308743
12.019749641418457,0.9999999999999191,-0.49999999999995964,0.7999999999999359,1.0,-0.5,0.8,8.093525849517391e-14,-4.035660694512444e-14,6.417089082333405e-14,-12.437491783024074,-3.7699199040103837,-1.512400927830873
12.029726028442383,0.9999999999999212,-0.4999999999999607,0.7999999999999375,1.0,-0.5,0.8,7.882583474838611e-14,-3.930189507173054e-14,6.250555628639631e-14,-12.437491783024072,-3.7699199040103815,-1.5124009278308717
12.039795398712158,0.9999999999999233,-0.49999999999996175,0.7999999999999392,1.0,-0.5,0.8,7.671641100159832e-14,-3.824718319833664e-14,6.084022174945858e-14,-12.437491783024075,-3.76991990401038,-1.5124009278308705
12.049755573272705,0.9999999999999253,-0.49999999999996275,0.7999999999999409,1.0,-0.5,0.8,7.471800955727304e-14,-3.7247982476174e-14,5.917488721252084e-14,-12.437491783024072,-3.769919904010377,-1.5124009278308692
12.059753894805908,0.9999999999999273,-0.49999999999996375,0.7999999999999424,1.0,-0.5,0.8,7.271960811294775e-14,-3.624878175401136e-14,5.762057497804562e-14,-12.43749178302407,-3.769919904010375,-1.512400927830868
12.06977653503418,0.9999999999999292,-0.4999999999999647,0.799999999999944,1.0,-0.5,0.8,7.083222897108499e-14,-3.530509218307998e-14,5.6066262743570405e-14,-12.437491783024068,-3.769919904010373,-1.5124009278308668
12.079818487167358,0.999999999999931,-0.49999999999996564,0.7999999999999454,1.0,-0.5,0.8,6.894484982922222e-14,-3.4361402612148595e-14,5.46229728115577e-14,-12.437491783024068,-3.7699199040103704,-1.5124009278308657
12.089801549911499,0.9999999999999328,-0.4999999999999665,0.7999999999999469,1.0,-0.5,0.8,6.716849298982197e-14,-3.347322419244847e-14,5.3179682879545e-14,-12.437491783024068,-3.769919904010369,-1.5124009278308648
12.099947929382324,0.9999999999999346,-0.4999999999999674,0.7999999999999483,1.0,-0.5,0.8,6.539213615042172e-14,-3.2585045772748344e-14,5.1736392947532295e-14,-12.437491783024068,-3.769919904010367,-1.5124009278308637
12.109790802001953,0.9999999999999364,-0.4999999999999683,0.7999999999999496,1.0,-0.5,0.8,6.361577931102147e-14,-3.169686735304822e-14,5.040412531798211e-14,-12.437491783024067,-3.769919904010365,-1.5124009278308626
12.119778871536255,0.999999999999938,-0.49999999999996914,0.799999999999951,1.0,-0.5,0.8,6.195044477408373e-14,-3.086420008457935e-14,4.907185768843192e-14,-12.437491783024063,-3.7699199040103624,-1.5124009278308617
12.129749774932861,0.9999999999999397,-0.49999999999996997,0.7999999999999523,1.0,-0.5,0.8,6.0285110237146e-14,-3.0031532816110484e-14,4.773959005888173e-14,-12.437491783024065,-3.7699199040103615,-1.5124009278308608
12.1398024559021,0.9999999999999413,-0.49999999999997075,0.7999999999999535,1.0,-0.5,0.8,5.873079800267078e-14,-2.9254376698872875e-14,4.651834473179406e-14,-12.437491783024061,-3.7699199040103593,-1.5124009278308597
12.149801254272461,0.9999999999999428,-0.4999999999999715,0.7999999999999547,1.0,-0.5,0.8,5.717648576819556e-14,-2.8477220581635265e-14,4.529709940470639e-14,-12.437491783024063,-3.769919904010358,-1.5124009278308588
12.159786462783813,0.9999999999999444,-0.4999999999999723,0.799999999999956,1.0,-0.5,0.8,5.562217353372034e-14,-2.7700064464397656e-14,4.4075854077618715e-14,-12.437491783024063,-3.769919904010356,-1.512400927830858
12.169801235198975,0.9999999999999458,-0.499999999999973,0.7999999999999572,1.0,-0.5,0.8,5.417888360170764e-14,-2.6978419498391304e-14,4.285460875053104e-14,-12.437491783024061,-3.769919904010355,-1.5124009278308572
12.179788827896118,0.9999999999999473,-0.49999999999997374,0.7999999999999583,1.0,-0.5,0.8,5.2735593669694936e-14,-2.6256774532384952e-14,4.1744385725905886e-14,-12.43749178302406,-3.769919904010354,-1.5124009278308563
12.189714670181274,0.9999999999999487,-0.49999999999997446,0.7999999999999594,1.0,-0.5,0.8,5.129230373768223e-14,-2.55351295663786e-14,4.063416270128073e-14,-12.437491783024061,-3.7699199040103517,-1.5124009278308557
12.199705600738525,0.99999999999995,-0.49999999999997513,0.7999999999999605,1.0,-0.5,0.8,4.9960036108132044e-14,-2.4868995751603507e-14,3.952393967665557e-14,-12.43749178302406,-3.76991990401035,-1.512400927830855
12.209852695465088,0.9999999999999514,-0.4999999999999758,0.7999999999999615,1.0,-0.5,0.8,4.8627768478581856e-14,-2.4202861936828413e-14,3.852473895449293e-14,-12.437491783024058,-3.769919904010349,-1.5124009278308543
12.219773530960083,0.9999999999999527,-0.49999999999997646,0.7999999999999625,1.0,-0.5,0.8,4.729550084903167e-14,-2.353672812205332e-14,3.752553823233029e-14,-12.437491783024058,-3.7699199040103477,-1.5124009278308534
12.229789018630981,0.9999999999999539,-0.4999999999999771,0.7999999999999635,1.0,-0.5,0.8,4.6074255521943996e-14,-2.2926105458509483e-14,3.652633751016765e-14,-12.437491783024058,-3.769919904010346,-1.5124009278308526
12.239824056625366,0.9999999999999551,-0.4999999999999777,0.7999999999999645,1.0,-0.5,0.8,4.4853010194856324e-14,-2.2315482794965646e-14,3.552713678800501e-14,-12.437491783024058,-3.769919904010345,-1.5124009278308521
12.249703168869019,0.9999999999999564,-0.4999999999999783,0.7999999999999655,1.0,-0.5,0.8,4.363176486776865e-14,-2.170486013142181e-14,3.452793606584237e-14,-12.43749178302406,-3.7699199040103437,-1.5124009278308512
12.259739398956299,0.9999999999999575,-0.49999999999997885,0.7999999999999664,1.0,-0.5,0.8,4.2521541843143495e-14,-2.1149748619109232e-14,3.3639757646142243e-14,-12.437491783024056,-3.7699199040103424,-1.5124009278308503
12.269791841506958,0.9999999999999586,-0.4999999999999794,0.7999999999999673,1.0,-0.5,0.8,4.141131881851834e-14,-2.0594637106796654e-14,3.275157922644212e-14,-12.437491783024054,-3.769919904010342,-1.5124009278308501
12.279740571975708,0.9999999999999597,-0.49999999999997996,0.7999999999999682,1.0,-0.5,0.8,4.030109579389318e-14,-2.0039525594484076e-14,3.186340080674199e-14,-12.437491783024054,-3.76991990401034,-1.5124009278308492
12.289727449417114,0.9999999999999608,-0.4999999999999805,0.7999999999999691,1.0,-0.5,0.8,3.9190872769268026e-14,-1.9484414082171497e-14,3.097522238704187e-14,-12.437491783024056,-3.769919904010339,-1.5124009278308488
12.299769878387451,0.9999999999999618,-0.499999999999981,0.7999999999999698,1.0,-0.5,0.8,3.8191672047105385e-14,-1.8984813721090177e-14,3.019806626980426e-14,-12.437491783024054,-3.7699199040103375,-1.5124009278308483
12.309772253036499,0.9999999999999628,-0.4999999999999815,0.7999999999999706,1.0,-0.5,0.8,3.7192471324942744e-14,-1.8485213360008856e-14,2.942091015256665e-14,-12.437491783024054,-3.7699199040103366,-1.5124009278308475
12.319777488708496,0.9999999999999638,-0.499999999999982,0.7999999999999714,1.0,-0.5,0.8,3.6193270602780103e-14,-1.7985612998927536e-14,2.864375403532904e-14,-12.437491783024054,-3.7699199040103353,-1.5124009278308468
12.329808712005615,0.9999999999999648,-0.4999999999999825,0.7999999999999722,1.0,-0.5,0.8,3.519406988061746e-14,-1.7486012637846216e-14,2.786659791809143e-14,-12.437491783024054,-3.7699199040103344,-1.5124009278308466
12.33974575996399,0.9999999999999657,-0.49999999999998296,0.799999999999973,1.0,-0.5,0.8,3.430589146091734e-14,-1.7041923427996153e-14,2.708944180085382e-14,-12.437491783024052,-3.7699199040103335,-1.512400927830846
12.349738836288452,0.9999999999999666,-0.4999999999999834,0.7999999999999736,1.0,-0.5,0.8,3.341771304121721e-14,-1.659783421814609e-14,2.6423307986078726e-14,-12.43749178302405,-3.7699199040103326,-1.5124009278308452
12.359753370285034,0.9999999999999675,-0.49999999999998385,0.7999999999999743,1.0,-0.5,0.8,3.2529534621517087e-14,-1.6153745008296028e-14,2.5757174171303632e-14,-12.43749178302405,-3.7699199040103313,-1.512400927830845
12.369742155075073,0.9999999999999684,-0.4999999999999843,0.799999999999975,1.0,-0.5,0.8,3.164135620181696e-14,-1.5709655798445965e-14,2.5091040356528538e-14,-12.43749178302405,-3.7699199040103304,-1.5124009278308443
12.379770755767822,0.9999999999999692,-0.4999999999999847,0.7999999999999756,1.0,-0.5,0.8,3.0753177782116836e-14,-1.532107773982716e-14,2.4424906541753444e-14,-12.43749178302405,-3.7699199040103304,-1.5124009278308441
12.389787673950195,0.99999999999997,-0.49999999999998507,0.7999999999999763,1.0,-0.5,0.8,2.9976021664879227e-14,-1.4932499681208355e-14,2.375877272697835e-14,-12.43749178302405,-3.7699199040103295,-1.5124009278308435
12.39974308013916,0.9999999999999708,-0.49999999999998546,0.799999999999977,1.0,-0.5,0.8,2.919886554764162e-14,-1.454392162258955e-14,2.3092638912203256e-14,-12.43749178302405,-3.769919904010328,-1.512400927830843
12.409732103347778,0.9999999999999716,-0.49999999999998584,0.7999999999999776,1.0,-0.5,0.8,2.842170943040401e-14,-1.4155343563970746e-14,2.2426505097428162e-14,-12.43749178302405,-3.7699199040103273,-1.5124009278308426
12.41971731185913,0.9999999999999724,-0.49999999999998623,0.7999999999999782,1.0,-0.5,0.8,2.7644553313166398e-14,-1.3766765505351941e-14,2.1871393585115584e-14,-12.437491783024049,-3.7699199040103273,-1.5124009278308421
12.429711103439331,0.9999999999999731,-0.4999999999999866,0.7999999999999787,1.0,-0.5,0.8,2.6867397195928788e-14,-1.3378187446733136e-14,2.1316282072803006e-14,-12.437491783024049,-3.769919904010327,-1.5124009278308417
12.439781904220581,0.9999999999999738,-0.49999999999998695,0.7999999999999793,1.0,-0.5,0.8,2.6201263381153694e-14,-1.304512053934559e-14,2.0761170560490427e-14,-12.437491783024049,-3.769919904010325,-1.5124009278308412
12.449785947799683,0.9999999999999745,-0.4999999999999873,0.7999999999999798,1.0,-0.5,0.8,2.55351295663786e-14,-1.2712053631958042e-14,2.020605904817785e-14,-12.437491783024049,-3.7699199040103246,-1.512400927830841
12.459786891937256,0.9999999999999751,-0.4999999999999876,0.7999999999999804,1.0,-0.5,0.8,2.4868995751603507e-14,-1.2378986724570495e-14,1.965094753586527e-14,-12.437491783024049,-3.7699199040103237,-1.5124009278308406
12.46981954574585,0.9999999999999758,-0.49999999999998795,0.799999999999981,1.0,-0.5,0.8,2.4202861936828413e-14,-1.2045919817182948e-14,1.9095836023552692e-14,-12.437491783024047,-3.7699199040103233,-1.5124009278308401
12.479759454727173,0.9999999999999765,-0.4999999999999883,0.7999999999999815,1.0,-0.5,0.8,2.353672812205332e-14,-1.1712852909795402e-14,1.8540724511240114e-14,-12.437491783024047,-3.7699199040103224,-1.5124009278308397
12.489750146865845,0.9999999999999771,-0.4999999999999886,0.799999999999982,1.0,-0.5,0.8,2.2870594307278225e-14,-1.1379786002407855e-14,1.8096635301390052e-14,-12.437491783024049,-3.7699199040103224,-1.5124009278308395
12.499789237976074,0.9999999999999777,-0.4999999999999889,0.7999999999999824,1.0,-0.5,0.8,2.2315482794965646e-14,-1.1102230246251565e-14,1.765254609153999e-14,-12.437491783024047,-3.7699199040103215,-1.5124009278308392
12.509766817092896,0.9999999999999782,-0.4999999999999892,0.7999999999999828,1.0,-0.5,0.8,2.1760371282653068e-14,-1.0824674490095276e-14,1.7208456881689926e-14,-12.437491783024045,-3.76991990401032,-1.5124009278308386
12.519741535186768,0.9999999999999788,-0.49999999999998945,0.7999999999999833,1.0,-0.5,0.8,2.120525977034049e-14,-1.0547118733938987e-14,1.6764367671839864e-14,-12.437491783024045,-3.7699199040103193,-1.5124009278308383
12.529795408248901,0.9999999999999793,-0.49999999999998973,0.7999999999999837,1.0,-0.5,0.8,2.0650148258027912e-14,-1.0269562977782698e-14,1.63202784619898e-14,-12.437491783024047,-3.7699199040103197,-1.5124009278308381
12.539753675460815,0.9999999999999799,-0.49999999999999,0.7999999999999842,1.0,-0.5,0.8,2.0095036745715333e-14,-9.992007221626409e-15,1.587618925213974e-14,-12.437491783024043,-3.7699199040103184,-1.5124009278308377
12.549747228622437,0.9999999999999805,-0.4999999999999903,0.7999999999999846,1.0,-0.5,0.8,1.9539925233402755e-14,-9.71445146547012e-15,1.5432100042289676e-14,-12.437491783024045,-3.7699199040103184,-1.5124009278308375
12.559716701507568,0.999999999999981,-0.49999999999999056,0.7999999999999851,1.0,-0.5,0.8,1.8984813721090177e-14,-9.43689570931383e-15,1.4988010832439613e-14,-12.437491783024045,-3.7699199040103175,-1.5124009278308372
12.569724559783936,0.9999999999999816,-0.4999999999999908,0.7999999999999855,1.0,-0.5,0.8,1.84297022087776e-14,-9.2148511043888e-15,1.454392162258955e-14,-12.437491783024047,-3.769919904010318,-1.512400927830837
12.579758882522583,0.999999999999982,-0.499999999999991,0.7999999999999858,1.0,-0.5,0.8,1.7985612998927536e-14,-8.992806499463768e-15,1.4210854715202004e-14,-12.437491783024043,-3.769919904010317,-1.5124009278308368
12.589778900146484,0.9999999999999825,-0.49999999999999123,0.7999999999999862,1.0,-0.5,0.8,1.7541523789077473e-14,-8.770761894538737e-15,1.3877787807814457e-14,-12.437491783024045,-3.769919904010317,-1.5124009278308366
12.599751472473145,0.9999999999999829,-0.49999999999999145,0.7999999999999865,1.0,-0.5,0.8,1.709743457922741e-14,-8.548717289613705e-15,1.354472090042691e-14,-12.437491783024045,-3.7699199040103157,-1.512400927830836
12.609869003295898,0.9999999999999833,-0.4999999999999917,0.7999999999999868,1.0,-0.5,0.8,1.6653345369377348e-14,-8.326672684688674e-15,1.3211653993039363e-14,-12.437491783024043,-3.769919904010315,-1.5124009278308357
12.619782447814941,0.9999999999999838,-0.4999999999999919,0.7999999999999872,1.0,-0.5,0.8,1.6209256159527285e-14,-8.104628079763643e-15,1.2878587085651816e-14,-12.437491783024042,-3.7699199040103144,-1.5124009278308355
12.629781723022461,0.9999999999999842,-0.4999999999999921,0.7999999999999875,1.0,-0.5,0.8,1.5765166949677223e-14,-7.882583474838611e-15,1.2545520178264269e-14,-12.437491783024042,-3.7699199040103144,-1.5124009278308355
12.639756202697754,0.9999999999999847,-0.49999999999999234,0.7999999999999878,1.0,-0.5,0.8,1.532107773982716e-14,-7.66053886991358e-15,1.2212453270876722e-14,-12.437491783024043,-3.769919904010314,-1.512400927830835
12.6497163772583,0.9999999999999851,-0.49999999999999256,0.7999999999999882,1.0,-0.5,0.8,1.4876988529977098e-14,-7.438494264988549e-15,1.1879386363489175e-14,-12.437491783024045,-3.7699199040103144,-1.512400927830835
12.659723997116089,0.9999999999999856,-0.49999999999999273,0.7999999999999885,1.0,-0.5,0.8,1.4432899320127035e-14,-7.271960811294775e-15,1.1546319456101628e-14,-12.437491783024045,-3.7699199040103144,-1.512400927830835
12.669721841812134,0.9999999999999859,-0.4999999999999929,0.7999999999999888,1.0,-0.5,0.8,1.4099832412739488e-14,-7.105427357601002e-15,1.1213252548714081e-14,-12.437491783024043,-3.769919904010313,-1.5124009278308346
12.67976713180542,0.9999999999999862,-0.49999999999999306,0.7999999999999892,1.0,-0.5,0.8,1.3766765505351941e-14,-6.938893903907228e-15,1.0880185641326534e-14,-12.437491783024043,-3.769919904010313,-1.5124009278308341
12.689786911010742,0.9999999999999866,-0.4999999999999932,0.7999999999999895,1.0,-0.5,0.8,1.3433698597964394e-14,-6.772360450213455e-15,1.0547118733938987e-14,-12.437491783024042,-3.769919904010312,-1.5124009278308341
12.699827432632446,0.9999999999999869,-0.4999999999999934,0.7999999999999898,1.0,-0.5,0.8,1.3100631690576847e-14,-6.6058269965196814e-15,1.021405182655144e-14,-12.437491783024042,-3.7699199040103126,-1.5124009278308341
12.70976710319519,0.9999999999999872,-0.49999999999999356,0.79999999999999,1.0,-0.5,0.8,1.27675647831893e-14,-6.439293542825908e-15,9.992007221626409e-15,-12.437491783024042,-3.7699199040103113,-1.512400927830834
12.719801425933838,0.9999999999999876,-0.4999999999999937,0.7999999999999903,1.0,-0.5,0.8,1.2434497875801753e-14,-6.2727600891321345e-15,9.769962616701378e-15,-12.437491783024042,-3.769919904010311,-1.5124009278308335
12.729774236679077,0.9999999999999879,-0.4999999999999939,0.7999999999999905,1.0,-0.5,0.8,1.2101430968414206e-14,-6.106226635438361e-15,9.547918011776346e-15,-12.43749178302404,-3.769919904010311,-1.512400927830833
12.739789247512817,0.9999999999999882,-0.49999999999999406,0.7999999999999907,1.0,-0.5,0.8,1.176836406102666e-14,-5.9396931817445875e-15,9.325873406851315e-15,-12.437491783024042,-3.7699199040103104,-1.512400927830833
12.749784231185913,0.9999999999999886,-0.4999999999999942,0.7999999999999909,1.0,-0.5,0.8,1.1435297153639112e-14,-5.773159728050814e-15,9.103828801926284e-15,-12.437491783024042,-3.7699199040103095,-1.5124009278308326
12.759759664535522,0.9999999999999889,-0.4999999999999944,0.7999999999999912,1.0,-0.5,0.8,1.1102230246251565e-14,-5.6066262743570405e-15,8.881784197001252e-15,-12.437491783024042,-3.7699199040103104,-1.5124009278308328
12.769774675369263,0.9999999999999892,-0.49999999999999456,0.7999999999999914,1.0,-0.5,0.8,1.0769163338864018e-14,-5.440092820663267e-15,8.659739592076221e-15,-12.437491783024043,-3.76991990401031,-1.5124009278308326
12.779785871505737,0.9999999999999896,-0.4999999999999947,0.7999999999999916,1.0,-0.5,0.8,1.0436096431476471e-14,-5.2735593669694936e-15,8.43769498715119e-15,-12.437491783024043,-3.7699199040103095,-1.5124009278308324
12.789770364761353,0.9999999999999899,-0.4999999999999949,0.7999999999999918,1.0,-0.5,0.8,1.0103029524088925e-14,-5.10702591327572e-15,8.215650382226158e-15,-12.437491783024045,-3.76991990401031,-1.5124009278308324
12.7997465133667,0.9999999999999901,-0.499999999999995,0.799999999999992,1.0,-0.5,0.8,9.880984919163893e-15,-4.9960036108132044e-15,7.993605777301127e-15,-12.437491783024042,-3.769919904010309,-1.512400927830832
12.809762239456177,0.9999999999999903,-0.4999999999999951,0.7999999999999923,1.0,-0.5,0.8,9.658940314238862e-15,-4.884981308350689e-15,7.771561172376096e-15,-12.437491783024042,-3.7699199040103086,-1.5124009278308321
12.819767713546753,0.9999999999999906,-0.4999999999999952,0.7999999999999925,1.0,-0.5,0.8,9.43689570931383e-15,-4.773959005888173e-15,7.549516567451064e-15,-12.437491783024042,-3.769919904010308,-1.512400927830832
12.829780578613281,0.9999999999999908,-0.49999999999999534,0.7999999999999927,1.0,-0.5,0.8,9.2148511043888e-15,-4.6629367034256575e-15,7.327471962526033e-15,-12.43749178302404,-3.7699199040103077,-1.5124009278308317
12.839776754379272,0.999999999999991,-0.49999999999999545,0.7999999999999929,1.0,-0.5,0.8,8.992806499463768e-15,-4.551914400963142e-15,7.105427357601002e-15,-12.43749178302404,-3.7699199040103073,-1.5124009278308315
12.849717140197754,0.9999999999999912,-0.49999999999999556,0.7999999999999932,1.0,-0.5,0.8,8.770761894538737e-15,-4.440892098500626e-15,6.8833827526759706e-15,-12.43749178302404,-3.7699199040103073,-1.5124009278308312
12.859736919403076,0.9999999999999915,-0.49999999999999567,0.7999999999999934,1.0,-0.5,0.8,8.548717289613705e-15,-4.3298697960381105e-15,6.661338147750939e-15,-12.437491783024038,-3.769919904010307,-1.512400927830831
12.869764566421509,0.9999999999999917,-0.4999999999999958,0.7999999999999936,1.0,-0.5,0.8,8.326672684688674e-15,-4.218847493575595e-15,6.439293542825908e-15,-12.43749178302404,-3.7699199040103064,-1.5124009278308312
12.879744291305542,0.9999999999999919,-0.4999999999999959,0.7999999999999938,1.0,-0.5,0.8,8.104628079763643e-15,-4.107825191113079e-15,6.217248937900877e-15,-12.43749178302404,-3.769919904010307,-1.5124009278308312
12.88981580734253,0.9999999999999921,-0.499999999999996,0.799999999999994,1.0,-0.5,0.8,7.882583474838611e-15,-3.9968028886505635e-15,5.995204332975845e-15,-12.43749178302404,-3.7699199040103064,-1.5124009278308312
12.899815320968628,0.9999999999999923,-0.4999999999999961,0.7999999999999942,1.0,-0.5,0.8,7.66053886991358e-15,-3.885780586188048e-15,5.88418203051333e-15,-12.437491783024042,-3.769919904010306,-1.5124009278308308
12.909748554229736,0.9999999999999926,-0.4999999999999962,0.7999999999999943,1.0,-0.5,0.8,7.438494264988549e-15,-3.774758283725532e-15,5.773159728050814e-15,-12.43749178302404,-3.7699199040103064,-1.5124009278308306
12.919803857803345,0.9999999999999928,-0.49999999999999634,0.7999999999999944,1.0,-0.5,0.8,7.216449660063518e-15,-3.6637359812630166e-15,5.662137425588298e-15,-12.43749178302404,-3.769919904010306,-1.5124009278308306
12.929808855056763,0.999999999999993,-0.49999999999999645,0.7999999999999945,1.0,-0.5,0.8,6.994405055138486e-15,-3.552713678800501e-15,5.551115123125783e-15,-12.437491783024042,-3.769919904010306,-1.5124009278308304
12.939816951751709,0.9999999999999932,-0.49999999999999656,0.7999999999999946,1.0,-0.5,0.8,6.772360450213455e-15,-3.4416913763379853e-15,5.440092820663267e-15,-12.43749178302404,-3.769919904010306,-1.5124009278308304
12.94985294342041,0.9999999999999934,-0.49999999999999667,0.7999999999999947,1.0,-0.5,0.8,6.5503158452884236e-15,-3.3306690738754696e-15,5.329070518200751e-15,-12.437491783024042,-3.769919904010306,-1.5124009278308301
12.959760904312134,0.9999999999999937,-0.4999999999999968,0.7999999999999948,1.0,-0.5,0.8,6.328271240363392e-15,-3.219646771412954e-15,5.218048215738236e-15,-12.437491783024043,-3.769919904010306,-1.5124009278308301
12.969805717468262,0.9999999999999939,-0.4999999999999969,0.7999999999999949,1.0,-0.5,0.8,6.106226635438361e-15,-3.1086244689504383e-15,5.10702591327572e-15,-12.437491783024043,-3.7699199040103064,-1.5124009278308301
12.979843378067017,0.9999999999999941,-0.499999999999997,0.799999999999995,1.0,-0.5,0.8,5.88418203051333e-15,-2.9976021664879227e-15,4.9960036108132044e-15,-12.437491783024042,-3.769919904010306,-1.5124009278308304
12.989854097366333,0.9999999999999942,-0.4999999999999971,0.7999999999999952,1.0,-0.5,0.8,5.773159728050814e-15,-2.886579864025407e-15,4.884981308350689e-15,-12.437491783024042,-3.769919904010305,-1.51240092783083
12.999767303466797,0.9999999999999943,-0.49999999999999717,0.7999999999999953,1.0,-0.5,0.8,5.662137425588298e-15,-2.831068712794149e-15,4.773959005888173e-15,-12.43749178302404,-3.7699199040103046,-1.5124009278308297
13.009727954864502,0.9999999999999944,-0.4999999999999972,0.7999999999999954,1.0,-0.5,0.8,5.551115123125783e-15,-2.7755575615628914e-15,4.6629367034256575e-15,-12.43749178302404,-3.769919904010304,-1.5124009278308295
13.019727945327759,0.9999999999999946,-0.4999999999999973,0.7999999999999955,1.0,-0.5,0.8,5.440092820663267e-15,-2.7200464103316335e-15,4.551914400963142e-15,-12.437491783024042,-3.7699199040103033,-1.5124009278308292
13.029729843139648,0.9999999999999947,-0.49999999999999734,0.7999999999999956,1.0,-0.5,0.8,5.329070518200751e-15,-2.6645352591003757e-15,4.440892098500626e-15,-12.43749178302404,-3.769919904010303,-1.5124009278308292
13.039712905883789,0.9999999999999948,-0.4999999999999974,0.7999999999999957,1.0,-0.5,0.8,5.218048215738236e-15,-2.609024107869118e-15,4.3298697960381105e-15,-12.437491783024038,-3.769919904010303,-1.5124009278308292
13.049825668334961,0.9999999999999949,-0.49999999999999745,0.7999999999999958,1.0,-0.5,0.8,5.10702591327572e-15,-2.55351295663786e-15,4.218847493575595e-15,-12.437491783024036,-3.7699199040103024,-1.512400927830829
13.059827089309692,0.999999999999995,-0.4999999999999975,0.7999999999999959,1.0,-0.5,0.8,4.9960036108132044e-15,-2.4980018054066022e-15,4.107825191113079e-15,-12.437491783024038,-3.769919904010302,-1.5124009278308288
13.06986141204834,0.9999999999999951,-0.49999999999999756,0.799999999999996,1.0,-0.5,0.8,4.884981308350689e-15,-2.4424906541753444e-15,3.9968028886505635e-15,-12.437491783024038,-3.769919904010302,-1.5124009278308288
13.07980489730835,0.9999999999999952,-0.4999999999999976,0.7999999999999962,1.0,-0.5,0.8,4.773959005888173e-15,-2.3869795029440866e-15,3.885780586188048e-15,-12.437491783024036,-3.7699199040103024,-1.5124009278308288
13.089802026748657,0.9999999999999953,-0.49999999999999767,0.7999999999999963,1.0,-0.5,0.8,4.6629367034256575e-15,-2.3314683517128287e-15,3.774758283725532e-15,-12.437491783024035,-3.769919904010302,-1.512400927830829
13.099791526794434,0.9999999999999954,-0.4999999999999977,0.7999999999999964,1.0,-0.5,0.8,4.551914400963142e-15,-2.275957200481571e-15,3.6637359812630166e-15,-12.437491783024036,-3.7699199040103015,-1.5124009278308288
13.10971212387085,0.9999999999999956,-0.4999999999999978,0.7999999999999965,1.0,-0.5,0.8,4.440892098500626e-15,-2.220446049250313e-15,3.552713678800501e-15,-12.437491783024035,-3.7699199040103015,-1.5124009278308288
13.119706392288208,0.9999999999999957,-0.49999999999999784,0.7999999999999966,1.0,-0.5,0.8,4.3298697960381105e-15,-2.1649348980190553e-15,3.4416913763379853e-15,-12.437491783024036,-3.7699199040103015,-1.5124009278308286
13.129749536514282,0.9999999999999958,-0.4999999999999979,0.7999999999999967,1.0,-0.5,0.8,4.218847493575595e-15,-2.1094237467877974e-15,3.3306690738754696e-15,-12.437491783024035,-3.7699199040103015,-1.5124009278308286
13.139723777770996,0.9999999999999959,-0.49999999999999795,0.7999999999999968,1.0,-0.5,0.8,4.107825191113079e-15,-2.0539125955565396e-15,3.219646771412954e-15,-12.437491783024036,-3.769919904010301,-1.5124009278308286
13.149723529815674,0.999999999999996,-0.499999999999998,0.7999999999999969,1.0,-0.5,0.8,3.9968028886505635e-15,-1.9984014443252818e-15,3.1086244689504383e-15,-12.437491783024036,-3.7699199040103006,-1.5124009278308284
13.159714460372925,0.9999999999999961,-0.49999999999999806,0.799999999999997,1.0,-0.5,0.8,3.885780586188048e-15,-1.942890293094024e-15,2.9976021664879227e-15,-12.437491783024036,-3.7699199040103015,-1.5124009278308284
13.169711828231812,0.9999999999999962,-0.4999999999999981,0.7999999999999972,1.0,-0.5,0.8,3.774758283725532e-15,-1.887379141862766e-15,2.886579864025407e-15,-12.437491783024036,-3.7699199040103015,-1.5124009278308284
13.179744958877563,0.9999999999999963,-0.49999999999999817,0.7999999999999973,1.0,-0.5,0.8,3.6637359812630166e-15,-1.8318679906315083e-15,2.7755575615628914e-15,-12.437491783024038,-3.769919904010301,-1.5124009278308284
13.189764261245728,0.9999999999999964,-0.4999999999999982,0.7999999999999974,1.0,-0.5,0.8,3.552713678800501e-15,-1.7763568394002505e-15,2.6645352591003757e-15,-12.437491783024038,-3.7699199040103015,-1.5124009278308284
13.199875831604004,0.9999999999999966,-0.4999999999999983,0.7999999999999975,1.0,-0.5,0.8,3.4416913763379853e-15,-1.7208456881689926e-15,2.55351295663786e-15,-12.437491783024038,-3.769919904010301,-1.5124009278308284
13.209768295288086,0.9999999999999967,-0.49999999999999833,0.7999999999999976,1.0,-0.5,0.8,3.3306690738754696e-15,-1.6653345369377348e-15,2.4424906541753444e-15,-12.437491783024036,-3.7699199040103015,-1.5124009278308284
13.219788312911987,0.9999999999999968,-0.4999999999999984,0.7999999999999977,1.0,-0.5,0.8,3.219646771412954e-15,-1.609823385706477e-15,2.3314683517128287e-15,-12.437491783024036,-3.769919904010301,-1.5124009278308286
13.229769945144653,0.9999999999999969,-0.49999999999999845,0.7999999999999978,1.0,-0.5,0.8,3.1086244689504383e-15,-1.5543122344752192e-15,2.220446049250313e-15,-12.43749178302404,-3.7699199040103015,-1.5124009278308286
13.23973035812378,0.999999999999997,-0.4999999999999985,0.7999999999999979,1.0,-0.5,0.8,2.9976021664879227e-15,-1.4988010832439613e-15,2.1094237467877974e-15,-12.43749178302404,-3.7699199040103024,-1.5124009278308284
13.249808549880981,0.9999999999999971,-0.49999999999999856,0.799999999999998,1.0,-0.5,0.8,2.886579864025407e-15,-1.4432899320127035e-15,1.9984014443252818e-15,-12.43749178302404,-3.769919904010302,-1.5124009278308284
13.259725093841553,0.9999999999999972,-0.4999999999999986,0.7999999999999982,1.0,-0.5,0.8,2.7755575615628914e-15,-1.3877787807814457e-15,1.887379141862766e-15,-12.437491783024042,-3.769919904010302,-1.5124009278308284
13.269760131835938,0.9999999999999973,-0.49999999999999867,0.7999999999999983,1.0,-0.5,0.8,2.6645352591003757e-15,-1.3322676295501878e-15,1.7763568394002505e-15,-12.437491783024042,-3.769919904010303,-1.5124009278308286
13.279781818389893,0.9999999999999974,-0.4999999999999987,0.7999999999999984,1.0,-0.5,0.8,2.55351295663786e-15,-1.27675647831893e-15,1.6653345369377348e-15,-12.437491783024042,-3.7699199040103024,-1.5124009278308286
13.289782762527466,0.9999999999999976,-0.4999999999999988,0.7999999999999985,1.0,-0.5,0.8,2.4424906541753444e-15,-1.2212453270876722e-15,1.5543122344752192e-15,-12.437491783024042,-3.7699199040103024,-1.5124009278308284
13.299845218658447,0.9999999999999977,-0.49999999999999883,0.7999999999999985,1.0,-0.5,0.8,2.3314683517128287e-15,-1.1657341758564144e-15,1.5543122344752192e-15,-12.437491783024043,-3.7699199040103024,-1.5124009278308286
13.309805393218994,0.9999999999999978,-0.4999999999999989,0.7999999999999985,1.0,-0.5,0.8,2.220446049250313e-15,-1.1102230246251565e-15,1.5543122344752192e-15,-12.437491783024043,-3.769919904010303,-1.5124009278308286
13.319820880889893,0.9999999999999979,-0.49999999999999895,0.7999999999999985,1.0,-0.5,0.8,2.1094237467877974e-15,-1.0547118733938987e-15,1.5543122344752192e-15,-12.437491783024043,-3.769919904010303,-1.5124009278308284
13.329830884933472,0.999999999999998,-0.499999999999999,0.7999999999999985,1.0,-0.5,0.8,1.9984014443252818e-15,-9.992007221626409e-16,1.5543122344752192e-15,-12.437491783024043,-3.7699199040103033,-1.5124009278308284
13.33987283706665,0.9999999999999981,-0.49999999999999906,0.7999999999999985,1.0,-0.5,0.8,1.887379141862766e-15,-9.43689570931383e-16,1.5543122344752192e-15,-12.437491783024045,-3.7699199040103033,-1.5124009278308284
13.349739074707031,0.9999999999999982,-0.4999999999999991,0.7999999999999985,1.0,-0.5,0.8,1.7763568394002505e-15,-8.881784197001252e-16,1.5543122344752192e-15,-12.437491783024043,-3.769919904010303,-1.5124009278308281
13.359709739685059,0.9999999999999983,-0.49999999999999917,0.7999999999999985,1.0,-0.5,0.8,1.6653345369377348e-15,-8.326672684688674e-16,1.5543122344752192e-15,-12.437491783024045,-3.7699199040103037,-1.5124009278308281
13.36991834640503,0.9999999999999984,-0.4999999999999992,0.7999999999999985,1.0,-0.5,0.8,1.5543122344752192e-15,-7.771561172376096e-16,1.5543122344752192e-15,-12.437491783024045,-3.7699199040103037,-1.5124009278308281
13.379879236221313,0.9999999999999984,-0.4999999999999992,0.7999999999999985,1.0,-0.5,0.8,1.5543122344752192e-15,-7.771561172376096e-16,1.5543122344752192e-15,-12.437491783024043,-3.7699199040103033,-1.512400927830828
13.389849185943604,0.9999999999999984,-0.4999999999999992,0.7999999999999985,1.0,-0.5,0.8,1.5543122344752192e-15,-7.771561172376096e-16,1.5543122344752192e-15,-12.437491783024042,-3.7699199040103024,-1.5124009278308277
13.399882555007935,0.9999999999999984,-0.4999999999999992,0.7999999999999985,1.0,-0.5,0.8,1.5543122344752192e-15,-7.771561172376096e-16,1.5543122344752192e-15,-12.437491783024042,-3.769919904010302,-1.5124009278308277
13.409791946411133,0.9999999999999984,-0.4999999999999992,0.7999999999999985,1.0,-0.5,0.8,1.5543122344752192e-15,-7.771561172376096e-16,1.5543122344752192e-15,-12.43749178302404,-3.7699199040103015,-1.5124009278308275
13.419728994369507,0.9999999999999984,-0.4999999999999992,0.7999999999999985,1.0,-0.5,0.8,1.5543122344752192e-15,-7.771561172376096e-16,1.5543122344752192e-15,-12.437491783024038,-3.769919904010301,-1.5124009278308272
13.429735898971558,0.9999999999999984,-0.4999999999999992,0.7999999999999985,1.0,-0.5,0.8,1.5543122344752192e-15,-7.771561172376096e-16,1.5543122344752192e-15,-12.437491783024038,-3.7699199040103006,-1.5124009278308272
13.43977665901184,0.9999999999999984,-0.4999999999999992,0.7999999999999985,1.0,-0.5,0.8,1.5543122344752192e-15,-7.771561172376096e-16,1.5543122344752192e-15,-12.437491783024036,-3.7699199040103,-1.512400927830827
13.449826955795288,0.9999999999999984,-0.4999999999999992,0.7999999999999985,1.0,-0.5,0.8,1.5543122344752192e-15,-7.771561172376096e-16,1.5543122344752192e-15,-12.437491783024036,-3.7699199040102997,-1.512400927830827
13.459821701049805,0.9999999999999984,-0.4999999999999992,0.7999999999999985,1.0,-0.5,0.8,1.5543122344752192e-15,-7.771561172376096e-16,1.5543122344752192e-15,-12.437491783024035,-3.7699199040102993,-1.5124009278308268
13.469835042953491,0.9999999999999984,-0.4999999999999992,0.7999999999999985,1.0,-0.5,0.8,1.5543122344752192e-15,-7.771561172376096e-16,1.5543122344752192e-15,-12.437491783024035,-3.769919904010299,-1.5124009278308268
13.479777336120605,0.9999999999999984,-0.4999999999999992,0.7999999999999985,1.0,-0.5,0.8,1.5543122344752192e-15,-7.771561172376096e-16,1.5543122344752192e-15,-12.437491783024033,-3.769919904010299,-1.5124009278308266
13.489702224731445,0.9999999999999984,-0.4999999999999992,0.7999999999999985,1.0,-0.5,0.8,1.5543122344752192e-15,-7.771561172376096e-16,1.5543122344752192e-15,-12.437491783024033,-3.7699199040102984,-1.5124009278308266
13.49979281425476,0.9999999999999984,-0.4999999999999992,0.7999999999999985,1.0,-0.5,0.8,1.5543122344752192e-15,-7.771561172376096e-16,1.5543122344752192e-15,-12.437491783024033,-3.769919904010298,-1.5124009278308266
13.509746789932251,0.9999999999999984,-0.4999999999999992,0.7999999999999985,1.0,-0.5,0.8,1.5543122344752192e-15,-7.771561172376096e-16,1.5543122344752192e-15,-12.437491783024031,-3.769919904010298,-1.5124009278308264
13.519749641418457,0.9999999999999984,-0.4999999999999992,0.7999999999999985,1.0,-0.5,0.8,1.5543122344752192e-15,-7.771561172376096e-16,1.5543122344752192e-15,-12.437491783024031,-3.7699199040102975,-1.5124009278308264
13.529744148254395,0.9999999999999984,-0.4999999999999992,0.7999999999999985,1.0,-0.5,0.8,1.5543122344752192e-15,-7.771561172376096e-16,1.5543122344752192e-15,-12.437491783024031,-3.7699199040102975,-1.5124009278308264
13.539762735366821,0.9999999999999984,-0.4999999999999992,0.7999999999999985,1.0,-0.5,0.8,1.5543122344752192e-15,-7.771561172376096e-16,1.5543122344752192e-15,-12.43749178302403,-3.769919904010297,-1.5124009278308261
13.549723148345947,0.9999999999999984,-0.4999999999999992,0.7999999999999985,1.0,-0.5,0.8,1.5543122344752192e-15,-7.771561172376096e-16,1.5543122344752192e-15,-12.43749178302403,-3.769919904010297,-1.5124009278308261
13.559774398803711,0.9999999999999984,-0.4999999999999992,0.7999999999999985,1.0,-0.5,0.8,1.5543122344752192e-15,-7.771561172376096e-16,1.5543122344752192e-15,-12.43749178302403,-3.7699199040102966,-1.5124009278308261
13.569767951965332,0.9999999999999984,-0.4999999999999992,0.7999999999999985,1.0,-0.5,0.8,1.5543122344752192e-15,-7.771561172376096e-16,1.5543122344752192e-15,-12.437491783024027,-3.7699199040102966,-1.5124009278308261
13.579784154891968,0.9999999999999984,-0.4999999999999992,0.7999999999999985,1.0,-0.5,0.8,1.5543122344752192e-15,-7.771561172376096e-16,1.5543122344752192e-15,-12.437491783024027,-3.7699199040102966,-1.512400927830826
13.58979606628418,0.9999999999999984,-0.4999999999999992,0.7999999999999985,1.0,-0.5,0.8,1.5543122344752192e-15,-7.771561172376096e-16,1.5543122344752192e-15,-12.437491783024027,-3.769919904010296,-1.512400927830826
13.599801063537598,0.9999999999999984,-0.4999999999999992,0.7999999999999985,1.0,-0.5,0.8,1.5543122344752192e-15,-7.771561172376096e-16,1.5543122344752192e-15,-12.437491783024027,-3.769919904010296,-1.512400927830826
13.609743595123291,0.9999999999999984,-0.4999999999999992,0.7999999999999985,1.0,-0.5,0.8,1.5543122344752192e-15,-7.771561172376096e-16,1.5543122344752192e-15,-12.437491783024027,-3.769919904010296,-1.512400927830826
13.619905471801758,0.9999999999999984,-0.4999999999999992,0.7999999999999985,1.0,-0.5,0.8,1.5543122344752192e-15,-7.771561172376096e-16,1.5543122344752192e-15,-12.437491783024027,-3.7699199040102958,-1.512400927830826
13.62976598739624,0.9999999999999984,-0.4999999999999992,0.7999999999999985,1.0,-0.5,0.8,1.5543122344752192e-15,-7.771561172376096e-16,1.5543122344752192e-15,-12.437491783024026,-3.7699199040102958,-1.5124009278308257
13.63973879814148,0.9999999999999984,-0.4999999999999992,0.7999999999999985,1.0,-0.5,0.8,1.5543122344752192e-15,-7.771561172376096e-16,1.5543122344752192e-15,-12.437491783024026,-3.7699199040102958,-1.5124009278308257
13.649822473526001,0.9999999999999984,-0.4999999999999992,0.7999999999999985,1.0,-0.5,0.8,1.5543122344752192e-15,-7.771561172376096e-16,1.5543122344752192e-15,-12.437491783024026,-3.7699199040102953,-1.5124009278308257
13.659721374511719,0.9999999999999984,-0.4999999999999992,0.7999999999999985,1.0,-0.5,0.8,1.5543122344752192e-15,-7.771561172376096e-16,1.5543122344752192e-15,-12.437491783024026,-3.7699199040102953,-1.5124009278308257
13.669713735580444,0.9999999999999984,-0.4999999999999992,0.7999999999999985,1.0,-0.5,0.8,1.5543122344752192e-15,-7.771561172376096e-16,1.5543122344752192e-15,-12.437491783024026,-3.7699199040102953,-1.5124009278308257
13.679696083068848,0.9999999999999984,-0.4999999999999992,0.7999999999999985,1.0,-0.5,0.8,1.5543122344752192e-15,-7.771561172376096e-16,1.5543122344752192e-15,-12.437491783024026,-3.7699199040102953,-1.5124009278308257
13.689748525619507,0.9999999999999984,-0.4999999999999992,0.7999999999999985,1.0,-0.5,0.8,1.5543122344752192e-15,-7.771561172376096e-16,1.5543122344752192e-15,-12.437491783024026,-3.7699199040102953,-1.5124009278308257
13.69993782043457,0.9999999999999984,-0.4999999999999992,0.7999999999999985,1.0,-0.5,0.8,1.5543122344752192e-15,-7.771561172376096e-16,1.5543122344752192e-15,-12.437491783024024,-3.769919904010295,-1.5124009278308255
13.709736585617065,0.9999999999999984,-0.4999999999999992,0.7999999999999985,1.0,-0.5,0.8,1.5543122344752192e-15,-7.771561172376096e-16,1.5543122344752192e-15,-12.437491783024024,-3.769919904010295,-1.5124009278308255
13.71974229812622,0.9999999999999984,-0.4999999999999992,0.7999999999999985,1.0,-0.5,0.8,1.5543122344752192e-15,-7.771561172376096e-16,1.5543122344752192e-15,-12.437491783024024,-3.769919904010295,-1.5124009278308255
13.729789018630981,0.9999999999999984,-0.4999999999999992,0.7999999999999985,1.0,-0.5,0.8,1.5543122344752192e-15,-7.771561172376096e-16,1.5543122344752192e-15,-12.437491783024024,-3.769919904010295,-1.5124009278308255
13.739814043045044,0.9999999999999984,-0.4999999999999992,0.7999999999999985,1.0,-0.5,0.8,1.5543122344752192e-15,-7.771561172376096e-16,1.5543122344752192e-15,-12.437491783024024,-3.769919904010295,-1.5124009278308255
13.749733448028564,0.9999999999999984,-0.4999999999999992,0.7999999999999985,1.0,-0.5,0.8,1.5543122344752192e-15,-7.771561172376096e-16,1.5543122344752192e-15,-12.437491783024024,-3.769919904010295,-1.5124009278308255
13.759790658950806,0.9999999999999984,-0.4999999999999992,0.7999999999999985,1.0,-0.5,0.8,1.5543122344752192e-15,-7.771561172376096e-16,1.5543122344752192e-15,-12.437491783024024,-3.769919904010295,-1.5124009278308255
13.769812107086182,0.9999999999999984,-0.4999999999999992,0.7999999999999985,1.0,-0.5,0.8,1.5543122344752192e-15,-7.771561172376096e-16,1.5543122344752192e-15,-12.437491783024024,-3.769919904010295,-1.5124009278308255
13.779775619506836,0.9999999999999984,-0.4999999999999992,0.7999999999999985,1.0,-0.5,0.8,1.5543122344752192e-15,-7.771561172376096e-16,1.5543122344752192e-15,-12.437491783024024,-3.7699199040102944,-1.5124009278308255
13.789794206619263,0.9999999999999984,-0.4999999999999992,0.7999999999999985,1.0,-0.5,0.8,1.5543122344752192e-15,-7.771561172376096e-16,1.5543122344752192e-15,-12.437491783024024,-3.7699199040102944,-1.5124009278308255
13.799802780151367,0.9999999999999984,-0.4999999999999992,0.7999999999999985,1.0,-0.5,0.8,1.5543122344752192e-15,-7.771561172376096e-16,1.5543122344752192e-15,-12.437491783024024,-3.7699199040102944,-1.5124009278308255
13.809781551361084,0.9999999999999984,-0.4999999999999992,0.7999999999999985,1.0,-0.5,0.8,1.5543122344752192e-15,-7.771561172376096e-16,1.5543122344752192e-15,-12.437491783024024,-3.7699199040102944,-1.5124009278308255
13.819857120513916,0.9999999999999984,-0.4999999999999992,0.7999999999999985,1.0,-0.5,0.8,1.5543122344752192e-15,-7.771561172376096e-16,1.5543122344752192e-15,-12.437491783024024,-3.7699199040102944,-1.5124009278308255
13.82980227470398,0.9999999999999984,-0.4999999999999992,0.7999999999999985,1.0,-0.5,0.8,1.5543122344752192e-15,-7.771561172376096e-16,1.5543122344752192e-15,-12.437491783024024,-3.7699199040102944,-1.5124009278308255
13.839865446090698,0.9999999999999984,-0.4999999999999992,0.7999999999999985,1.0,-0.5,0.8,1.5543122344752192e-15,-7.771561172376096e-16,1.5543122344752192e-15,-12.437491783024024,-3.7699199040102944,-1.5124009278308255
13.850085735321045,0.9999999999999984,-0.4999999999999992,0.7999999999999985,1.0,-0.5,0.8,1.5543122344752192e-15,-7.771561172376096e-16,1.5543122344752192e-15,-12.437491783024024,-3.7699199040102944,-1.5124009278308255
13.859857320785522,0.9999999999999984,-0.4999999999999992,0.7999999999999985,1.0,-0.5,0.8,1.5543122344752192e-15,-7.771561172376096e-16,1.5543122344752192e-15,-12.437491783024022,-3.7699199040102944,-1.5124009278308252
13.86975622177124,0.9999999999999984,-0.4999999999999992,0.7999999999999985,1.0,-0.5,0.8,1.5543122344752192e-15,-7.771561172376096e-16,1.5543122344752192e-15,-12.437491783024022,-3.7699199040102944,-1.5124009278308252
13.879706382751465,0.9999999999999984,-0.4999999999999992,0.7999999999999985,1.0,-0.5,0.8,1.5543122344752192e-15,-7.771561172376096e-16,1.5543122344752192e-15,-12.437491783024022,-3.7699199040102944,-1.5124009278308252
13.889736413955688,0.9999999999999984,-0.4999999999999992,0.7999999999999985,1.0,-0.5,0.8,1.5543122344752192e-15,-7.771561172376096e-16,1.5543122344752192e-15,-12.437491783024022,-3.7699199040102944,-1.5124009278308252
13.899745225906372,0.9999999999999984,-0.4999999999999992,0.7999999999999985,1.0,-0.5,0.8,1.5543122344752192e-15,-7.771561172376096e-16,1.5543122344752192e-15,-12.437491783024022,-3.7699199040102944,-1.5124009278308252
13.90973973274231,0.9999999999999984,-0.4999999999999992,0.7999999999999985,1.0,-0.5,0.8,1.5543122344752192e-15,-7.771561172376096e-16,1.5543122344752192e-15,-12.437491783024022,-3.7699199040102944,-1.5124009278308252
13.919806480407715,0.9999999999999984,-0.4999999999999992,0.7999999999999985,1.0,-0.5,0.8,1.5543122344752192e-15,-7.771561172376096e-16,1.5543122344752192e-15,-12.437491783024022,-3.7699199040102944,-1.5124009278308252
13.92983078956604,0.9999999999999984,-0.4999999999999992,0.7999999999999985,1.0,-0.5,0.8,1.5543122344752192e-15,-7.771561172376096e-16,1.5543122344752192e-15,-12.437491783024022,-3.7699199040102944,-1.5124009278308252
13.939802646636963,0.9999999999999984,-0.4999999999999992,0.7999999999999985,1.0,-0.5,0.8,1.5543122344752192e-15,-7.771561172376096e-16,1.5543122344752192e-15,-12.437491783024022,-3.769919904010294,-1.5124009278308252
13.949815511703491,0.9999999999999984,-0.4999999999999992,0.7999999999999985,1.0,-0.5,0.8,1.5543122344752192e-15,-7.771561172376096e-16,1.5543122344752192e-15,-12.437491783024022,-3.769919904010294,-1.5124009278308252
13.959839105606079,0.9999999999999984,-0.4999999999999992,0.7999999999999985,1.0,-0.5,0.8,1.5543122344752192e-15,-7.771561172376096e-16,1.5543122344752192e-15,-12.437491783024022,-3.769919904010294,-1.5124009278308252
13.969776630401611,0.9999999999999984,-0.4999999999999992,0.7999999999999985,1.0,-0.5,0.8,1.5543122344752192e-15,-7.771561172376096e-16,1.5543122344752192e-15,-12.437491783024022,-3.769919904010294,-1.5124009278308252
13.979775428771973,0.9999999999999984,-0.4999999999999992,0.7999999999999985,1.0,-0.5,0.8,1.5543122344752192e-15,-7.771561172376096e-16,1.5543122344752192e-15,-12.437491783024022,-3.769919904010294,-1.5124009278308252
13.98982548713684,0.9999999999999984,-0.4999999999999992,0.7999999999999985,1.0,-0.5,0.8,1.5543122344752192e-15,-7.771561172376096e-16,1.5543122344752192e-15,-12.437491783024022,-3.769919904010294,-1.5124009278308252
13.99978256225586,0.9999999999999984,-0.4999999999999992,0.7999999999999985,1.0,-0.5,0.8,1.5543122344752192e-15,-7.771561172376096e-16,1.5543122344752192e-15,-12.437491783024022,-3.769919904010294,-1.5124009278308252
14.009737253189087,0.9999999999999984,-0.4999999999999992,0.7999999999999985,1.0,-0.5,0.8,1.5543122344752192e-15,-7.771561172376096e-16,1.5543122344752192e-15,-12.437491783024022,-3.769919904010294,-1.5124009278308252
14.019712209701538,0.9999999999999984,-0.4999999999999992,0.7999999999999985,1.0,-0.5,0.8,1.5543122344752192e-15,-7.771561172376096e-16,1.5543122344752192e-15,-12.437491783024022,-3.769919904010294,-1.5124009278308252
14.029722213745117,0.9999999999999984,-0.4999999999999992,0.7999999999999985,1.0,-0.5,0.8,1.5543122344752192e-15,-7.771561172376096e-16,1.5543122344752192e-15,-12.437491783024022,-3.769919904010294,-1.5124009278308252
14.039774179458618,0.9999999999999984,-0.4999999999999992,0.7999999999999985,1.0,-0.5,0.8,1.5543122344752192e-15,-7.771561172376096e-16,1.5543122344752192e-15,-12.437491783024022,-3.769919904010294,-1.5124009278308252
14.049794435501099,0.9999999999999984,-0.4999999999999992,0.7999999999999985,1.0,-0.5,0.8,1.5543122344752192e-15,-7.771561172376096e-16,1.5543122344752192e-15,-12.437491783024022,-3.769919904010294,-1.5124009278308252
14.059784173965454,0.9999999999999984,-0.4999999999999992,0.7999999999999985,1.0,-0.5,0.8,1.5543122344752192e-15,-7.771561172376096e-16,1.5543122344752192e-15,-12.437491783024022,-3.769919904010294,-1.5124009278308252
14.069837093353271,0.9999999999999984,-0.4999999999999992,0.7999999999999985,1.0,-0.5,0.8,1.5543122344752192e-15,-7.771561172376096e-16,1.5543122344752192e-15,-12.437491783024022,-3.769919904010294,-1.5124009278308252
14.079798460006714,0.9999999999999984,-0.4999999999999992,0.7999999999999985,1.0,-0.5,0.8,1.5543122344752192e-15,-7.771561172376096e-16,1.5543122344752192e-15,-12.437491783024022,-3.769919904010294,-1.5124009278308252
14.08976411819458,0.9999999999999984,-0.4999999999999992,0.7999999999999985,1.0,-0.5,0.8,1.5543122344752192e-15,-7.771561172376096e-16,1.5543122344752192e-15,-12.437491783024022,-3.769919904010294,-1.5124009278308252
14.099895477294922,0.9999999999999984,-0.4999999999999992,0.7999999999999985,1.0,-0.5,0.8,1.5543122344752192e-15,-7.771561172376096e-16,1.5543122344752192e-15,-12.437491783024022,-3.769919904010294,-1.5124009278308252
14.10978078842163,0.9999999999999984,-0.4999999999999992,0.7999999999999985,1.0,-0.5,0.8,1.5543122344752192e-15,-7.771561172376096e-16,1.5543122344752192e-15,-12.437491783024022,-3.769919904010294,-1.5124009278308252
14.119807958602905,0.9999999999999984,-0.4999999999999992,0.7999999999999985,1.0,-0.5,0.8,1.5543122344752192e-15,-7.771561172376096e-16,1.5543122344752192e-15,-12.437491783024022,-3.769919904010294,-1.5124009278308252
14.129814147949219,0.9999999999999984,-0.4999999999999992,0.7999999999999985,1.0,-0.5,0.8,1.5543122344752192e-15,-7.771561172376096e-16,1.5543122344752192e-15,-12.437491783024022,-3.769919904010294,-1.5124009278308252
14.139750719070435,0.9999999999999984,-0.4999999999999992,0.7999999999999985,1.0,-0.5,0.8,1.5543122344752192e-15,-7.771561172376096e-16,1.5543122344752192e-15,-12.437491783024022,-3.769919904010294,-1.5124009278308252
14.149723291397095,0.9999999999999984,-0.4999999999999992,0.7999999999999985,1.0,-0.5,0.8,1.5543122344752192e-15,-7.771561172376096e-16,1.5543122344752192e-15,-12.437491783024022,-3.769919904010294,-1.5124009278308252
14.159688949584961,0.9999999999999984,-0.4999999999999992,0.7999999999999985,1.0,-0.5,0.8,1.5543122344752192e-15,-7.771561172376096e-16,1.5543122344752192e-15,-12.437491783024022,-3.769919904010294,-1.5124009278308252
14.169719934463501,0.9999999999999984,-0.4999999999999992,0.7999999999999985,1.0,-0.5,0.8,1.5543122344752192e-15,-7.771561172376096e-16,1.5543122344752192e-15,-12.437491783024022,-3.769919904010294,-1.5124009278308252
14.179720401763916,0.9999999999999984,-0.4999999999999992,0.7999999999999985,1.0,-0.5,0.8,1.5543122344752192e-15,-7.771561172376096e-16,1.5543122344752192e-15,-12.437491783024022,-3.769919904010294,-1.5124009278308252
14.189725875854492,0.9999999999999984,-0.4999999999999992,0.7999999999999985,1.0,-0.5,0.8,1.5543122344752192e-15,-7.771561172376096e-16,1.5543122344752192e-15,-12.437491783024022,-3.769919904010294,-1.5124009278308252
14.199728727340698,0.9999999999999984,-0.4999999999999992,0.7999999999999985,1.0,-0.5,0.8,1.5543122344752192e-15,-7.771561172376096e-16,1.5543122344752192e-15,-12.437491783024022,-3.769919904010294,-1.5124009278308252
14.209735870361328,0.9999999999999984,-0.4999999999999992,0.7999999999999985,1.0,-0.5,0.8,1.5543122344752192e-15,-7.771561172376096e-16,1.5543122344752192e-15,-12.437491783024022,-3.769919904010294,-1.5124009278308252
14.21979308128357,0.9999999999999984,-0.4999999999999992,0.7999999999999985,1.0,-0.5,0.8,1.5543122344752192e-15,-7.771561172376096e-16,1.5543122344752192e-15,-12.437491783024022,-3.769919904010294,-1.5124009278308252
14.229773759841919,0.9999999999999984,-0.4999999999999992,0.7999999999999985,1.0,-0.5,0.8,1.5543122344752192e-15,-7.771561172376096e-16,1.5543122344752192e-15,-12.437491783024022,-3.769919904010294,-1.5124009278308252
14.239816188812256,0.9999999999999984,-0.4999999999999992,0.7999999999999985,1.0,-0.5,0.8,1.5543122344752192e-15,-7.771561172376096e-16,1.5543122344752192e-15,-12.437491783024022,-3.769919904010294,-1.5124009278308252
14.249768495559692,0.9999999999999984,-0.4999999999999992,0.7999999999999985,1.0,-0.5,0.8,1.5543122344752192e-15,-7.771561172376096e-16,1.5543122344752192e-15,-12.437491783024022,-3.769919904010294,-1.5124009278308252
14.259732723236084,0.9999999999999984,-0.4999999999999992,0.7999999999999985,1.0,-0.5,0.8,1.5543122344752192e-15,-7.771561172376096e-16,1.5543122344752192e-15,-12.437491783024022,-3.769919904010294,-1.5124009278308252
14.269706726074219,0.9999999999999984,-0.4999999999999992,0.7999999999999985,1.0,-0.5,0.8,1.5543122344752192e-15,-7.771561172376096e-16,1.5543122344752192e-15,-12.437491783024022,-3.769919904010294,-1.5124009278308252
14.279718399047852,0.9999999999999984,-0.4999999999999992,0.7999999999999985,1.0,-0.5,0.8,1.5543122344752192e-15,-7.771561172376096e-16,1.5543122344752192e-15,-12.437491783024022,-3.769919904010294,-1.5124009278308252
14.289774894714355,0.9999999999999984,-0.4999999999999992,0.7999999999999985,1.0,-0.5,0.8,1.5543122344752192e-15,-7.771561172376096e-16,1.5543122344752192e-15,-12.437491783024022,-3.769919904010294,-1.5124009278308252
14.299767255783081,0.9999999999999984,-0.4999999999999992,0.7999999999999985,1.0,-0.5,0.8,1.5543122344752192e-15,-7.771561172376096e-16,1.5543122344752192e-15,-12.437491783024022,-3.769919904010294,-1.5124009278308252
14.309767484664917,0.9999999999999984,-0.4999999999999992,0.7999999999999985,1.0,-0.5,0.8,1.5543122344752192e-15,-7.771561172376096e-16,1.5543122344752192e-15,-12.437491783024022,-3.769919904010294,-1.5124009278308252
14.319769859313965,0.9999999999999984,-0.4999999999999992,0.7999999999999985,1.0,-0.5,0.8,1.5543122344752192e-15,-7.771561172376096e-16,1.5543122344752192e-15,-12.437491783024022,-3.769919904010294,-1.5124009278308252
14.329793691635132,0.9999999999999984,-0.4999999999999992,0.7999999999999985,1.0,-0.5,0.8,1.5543122344752192e-15,-7.771561172376096e-16,1.5543122344752192e-15,-12.437491783024022,-3.769919904010294,-1.5124009278308252
14.339753866195679,0.9999999999999984,-0.4999999999999992,0.7999999999999985,1.0,-0.5,0.8,1.5543122344752192e-15,-7.771561172376096e-16,1.5543122344752192e-15,-12.437491783024022,-3.769919904010294,-1.5124009278308252
14.349834203720093,0.9999999999999984,-0.4999999999999992,0.7999999999999985,1.0,-0.5,0.8,1.5543122344752192e-15,-7.771561172376096e-16,1.5543122344752192e-15,-12.437491783024022,-3.769919904010294,-1.5124009278308252
14.359763145446777,0.9999999999999984,-0.4999999999999992,0.7999999999999985,1.0,-0.5,0.8,1.5543122344752192e-15,-7.771561172376096e-16,1.5543122344752192e-15,-12.437491783024022,-3.769919904010294,-1.5124009278308252
14.369818925857544,0.9999999999999984,-0.4999999999999992,0.7999999999999985,1.0,-0.5,0.8,1.5543122344752192e-15,-7.771561172376096e-16,1.5543122344752192e-15,-12.437491783024022,-3.769919904010294,-1.5124009278308252
14.379875659942627,0.9999999999999984,-0.4999999999999992,0.7999999999999985,1.0,-0.5,0.8,1.5543122344752192e-15,-7.771561172376096e-16,1.5543122344752192e-15,-12.437491783024022,-3.769919904010294,-1.5124009278308252
14.389750242233276,0.9999999999999984,-0.4999999999999992,0.7999999999999985,1.0,-0.5,0.8,1.5543122344752192e-15,-7.771561172376096e-16,1.5543122344752192e-15,-12.437491783024022,-3.769919904010294,-1.5124009278308252
14.399786949157715,0.9999999999999984,-0.4999999999999992,0.7999999999999985,1.0,-0.5,0.8,1.5543122344752192e-15,-7.771561172376096e-16,1.5543122344752192e-15,-12.437491783024022,-3.769919904010294,-1.5124009278308252
14.409795761108398,0.9999999999999984,-0.4999999999999992,0.7999999999999985,1.0,-0.5,0.8,1.5543122344752192e-15,-7.771561172376096e-16,1.5543122344752192e-15,-12.437491783024022,-3.769919904010294,-1.5124009278308252
14.419834613800049,0.9999999999999984,-0.4999999999999992,0.7999999999999985,1.0,-0.5,0.8,1.5543122344752192e-15,-7.771561172376096e-16,1.5543122344752192e-15,-12.437491783024022,-3.769919904010294,-1.5124009278308252
14.429836750030518,0.9999999999999984,-0.4999999999999992,0.7999999999999985,1.0,-0.5,0.8,1.5543122344752192e-15,-7.771561172376096e-16,1.5543122344752192e-15,-12.437491783024022,-3.769919904010294,-1.5124009278308252
14.439779281616211,0.9999999999999984,-0.4999999999999992,0.7999999999999985,1.0,-0.5,0.8,1.5543122344752192e-15,-7.771561172376096e-16,1.5543122344752192e-15,-12.437491783024022,-3.769919904010294,-1.5124009278308252
14.449799060821533,0.9999999999999984,-0.4999999999999992,0.7999999999999985,1.0,-0.5,0.8,1.5543122344752192e-15,-7.771561172376096e-16,1.5543122344752192e-15,-12.437491783024022,-3.769919904010294,-1.5124009278308252
14.459707736968994,0.9999999999999984,-0.4999999999999992,0.7999999999999985,1.0,-0.5,0.8,1.5543122344752192e-15,-7.771561172376096e-16,1.5543122344752192e-15,-12.437491783024022,-3.769919904010294,-1.5124009278308252
14.469756364822388,0.9999999999999984,-0.4999999999999992,0.7999999999999985,1.0,-0.5,0.8,1.5543122344752192e-15,-7.771561172376096e-16,1.5543122344752192e-15,-12.437491783024022,-3.769919904010294,-1.5124009278308252
14.479797124862671,0.9999999999999984,-0.4999999999999992,0.7999999999999985,1.0,-0.5,0.8,1.5543122344752192e-15,-7.771561172376096e-16,1.5543122344752192e-15,-12.437491783024022,-3.769919904010294,-1.5124009278308252
14.489824056625366,0.9999999999999984,-0.4999999999999992,0.7999999999999985,1.0,-0.5,0.8,1.5543122344752192e-15,-7.771561172376096e-16,1.5543122344752192e-15,-12.437491783024022,-3.769919904010294,-1.5124009278308252
14.4998197555542,0.9999999999999984,-0.4999999999999992,0.7999999999999985,1.0,-0.5,0.8,1.5543122344752192e-15,-7.771561172376096e-16,1.5543122344752192e-15,-12.437491783024022,-3.769919904010294,-1.5124009278308252
14.50976824760437,0.9999999999999984,-0.4999999999999992,0.7999999999999985,1.0,-0.5,0.8,1.5543122344752192e-15,-7.771561172376096e-16,1.5543122344752192e-15,-12.437491783024022,-3.769919904010294,-1.5124009278308252
14.519721031188965,0.9999999999999984,-0.4999999999999992,0.7999999999999985,1.0,-0.5,0.8,1.5543122344752192e-15,-7.771561172376096e-16,1.5543122344752192e-15,-12.437491783024022,-3.769919904010294,-1.5124009278308252
14.529776096343994,0.9999999999999984,-0.4999999999999992,0.7999999999999985,1.0,-0.5,0.8,1.5543122344752192e-15,-7.771561172376096e-16,1.5543122344752192e-15,-12.437491783024022,-3.769919904010294,-1.5124009278308252
14.539777517318726,0.9999999999999984,-0.4999999999999992,0.7999999999999985,1.0,-0.5,0.8,1.5543122344752192e-15,-7.771561172376096e-16,1.5543122344752192e-15,-12.437491783024022,-3.769919904010294,-1.5124009278308252
14.549844980239868,0.9999999999999984,-0.4999999999999992,0.7999999999999985,1.0,-0.5,0.8,1.5543122344752192e-15,-7.771561172376096e-16,1.5543122344752192e-15,-12.437491783024022,-3.769919904010294,-1.5124009278308252
14.559730052947998,0.9999999999999984,-0.4999999999999992,0.7999999999999985,1.0,-0.5,0.8,1.5543122344752192e-15,-7.771561172376096e-16,1.5543122344752192e-15,-12.437491783024022,-3.769919904010294,-1.5124009278308252
14.56971526145935,0.9999999999999984,-0.4999999999999992,0.7999999999999985,1.0,-0.5,0.8,1.5543122344752192e-15,-7.771561172376096e-16,1.5543122344752192e-15,-12.437491783024022,-3.769919904010294,-1.5124009278308252
14.57972502708435,0.9999999999999984,-0.4999999999999992,0.7999999999999985,1.0,-0.5,0.8,1.5543122344752192e-15,-7.771561172376096e-16,1.5543122344752192e-15,-12.437491783024022,-3.769919904010294,-1.5124009278308252
14.589740991592407,0.9999999999999984,-0.4999999999999992,0.7999999999999985,1.0,-0.5,0.8,1.5543122344752192e-15,-7.771561172376096e-16,1.5543122344752192e-15,-12.437491783024022,-3.769919904010294,-1.5124009278308252
14.599855422973633,0.9999999999999984,-0.4999999999999992,0.7999999999999985,1.0,-0.5,0.8,1.5543122344752192e-15,-7.771561172376096e-16,1.5543122344752192e-15,-12.437491783024022,-3.769919904010294,-1.5124009278308252
14.609806060791016,0.9999999999999984,-0.4999999999999992,0.7999999999999985,1.0,-0.5,0.8,1.5543122344752192e-15,-7.771561172376096e-16,1.5543122344752192e-15,-12.437491783024022,-3.769919904010294,-1.5124009278308252
14.619763374328613,0.9999999999999984,-0.4999999999999992,0.7999999999999985,1.0,-0.5,0.8,1.5543122344752192e-15,-7.771561172376096e-16,1.5543122344752192e-15,-12.437491783024022,-3.769919904010294,-1.5124009278308252
14.629816055297852,0.9999999999999984,-0.4999999999999992,0.7999999999999985,1.0,-0.5,0.8,1.5543122344752192e-15,-7.771561172376096e-16,1.5543122344752192e-15,-12.437491783024022,-3.769919904010294,-1.5124009278308252
14.639780282974243,0.9999999999999984,-0.4999999999999992,0.7999999999999985,1.0,-0.5,0.8,1.5543122344752192e-15,-7.771561172376096e-16,1.5543122344752192e-15,-12.437491783024022,-3.769919904010294,-1.5124009278308252
14.649799823760986,0.9999999999999984,-0.4999999999999992,0.7999999999999985,1.0,-0.5,0.8,1.5543122344752192e-15,-7.771561172376096e-16,1.5543122344752192e-15,-12.437491783024022,-3.769919904010294,-1.5124009278308252
14.6597318649292,0.9999999999999984,-0.4999999999999992,0.7999999999999985,1.0,-0.5,0.8,1.5543122344752192e-15,-7.771561172376096e-16,1.5543122344752192e-15,-12.437491783024022,-3.769919904010294,-1.5124009278308252
14.669732332229614,0.9999999999999984,-0.4999999999999992,0.7999999999999985,1.0,-0.5,0.8,1.5543122344752192e-15,-7.771561172376096e-16,1.5543122344752192e-15,-12.437491783024022,-3.769919904010294,-1.5124009278308252
14.679807424545288,0.9999999999999984,-0.4999999999999992,0.7999999999999985,1.0,-0.5,0.8,1.5543122344752192e-15,-7.771561172376096e-16,1.5543122344752192e-15,-12.437491783024022,-3.769919904010294,-1.5124009278308252
14.689759969711304,0.9999999999999984,-0.4999999999999992,0.7999999999999985,1.0,-0.5,0.8,1.5543122344752192e-15,-7.771561172376096e-16,1.5543122344752192e-15,-12.437491783024022,-3.769919904010294,-1.5124009278308252
14.699737071990967,0.9999999999999984,-0.4999999999999992,0.7999999999999985,1.0,-0.5,0.8,1.5543122344752192e-15,-7.771561172376096e-16,1.5543122344752192e-15,-12.437491783024022,-3.769919904010294,-1.5124009278308252
14.709801197052002,0.9999999999999984,-0.4999999999999992,0.7999999999999985,1.0,-0.5,0.8,1.5543122344752192e-15,-7.771561172376096e-16,1.5543122344752192e-15,-12.437491783024022,-3.769919904010294,-1.5124009278308252
14.719770908355713,0.9999999999999984,-0.4999999999999992,0.7999999999999985,1.0,-0.5,0.8,1.5543122344752192e-15,-7.771561172376096e-16,1.5543122344752192e-15,-12.437491783024022,-3.769919904010294,-1.5124009278308252
14.729833602905273,0.9999999999999984,-0.4999999999999992,0.7999999999999985,1.0,-0.5,0.8,1.5543122344752192e-15,-7.771561172376096e-16,1.5543122344752192e-15,-12.437491783024022,-3.769919904010294,-1.5124009278308252
14.739849090576172,0.9999999999999984,-0.4999999999999992,0.7999999999999985,1.0,-0.5,0.8,1.5543122344752192e-15,-7.771561172376096e-16,1.5543122344752192e-15,-12.437491783024022,-3.769919904010294,-1.5124009278308252
14.749737024307251,0.9999999999999984,-0.4999999999999992,0.7999999999999985,1.0,-0.5,0.8,1.5543122344752192e-15,-7.771561172376096e-16,1.5543122344752192e-15,-12.437491783024022,-3.769919904010294,-1.5124009278308252
14.759716749191284,0.9999999999999984,-0.4999999999999992,0.7999999999999985,1.0,-0.5,0.8,1.5543122344752192e-15,-7.771561172376096e-16,1.5543122344752192e-15,-12.437491783024022,-3.769919904010294,-1.5124009278308252
14.769713401794434,0.9999999999999984,-0.4999999999999992,0.7999999999999985,1.0,-0.5,0.8,1.5543122344752192e-15,-7.771561172376096e-16,1.5543122344752192e-15,-12.437491783024022,-3.769919904010294,-1.5124009278308252
14.77971363067627,0.9999999999999984,-0.4999999999999992,0.7999999999999985,1.0,-0.5,0.8,1.5543122344752192e-15,-7.771561172376096e-16,1.5543122344752192e-15,-12.437491783024022,-3.769919904010294,-1.5124009278308252
14.789750337600708,0.9999999999999984,-0.4999999999999992,0.7999999999999985,1.0,-0.5,0.8,1.5543122344752192e-15,-7.771561172376096e-16,1.5543122344752192e-15,-12.437491783024022,-3.769919904010294,-1.5124009278308252
14.799813270568848,0.9999999999999984,-0.4999999999999992,0.7999999999999985,1.0,-0.5,0.8,1.5543122344752192e-15,-7.771561172376096e-16,1.5543122344752192e-15,-12.437491783024022,-3.769919904010294,-1.5124009278308252
14.809803009033203,0.9999999999999984,-0.4999999999999992,0.7999999999999985,1.0,-0.5,0.8,1.5543122344752192e-15,-7.771561172376096e-16,1.5543122344752192e-15,-12.437491783024022,-3.769919904010294,-1.5124009278308252
14.819841146469116,0.9999999999999984,-0.4999999999999992,0.7999999999999985,1.0,-0.5,0.8,1.5543122344752192e-15,-7.771561172376096e-16,1.5543122344752192e-15,-12.437491783024022,-3.769919904010294,-1.5124009278308252
14.829828023910522,0.9999999999999984,-0.4999999999999992,0.7999999999999985,1.0,-0.5,0.8,1.5543122344752192e-15,-7.771561172376096e-16,1.5543122344752192e-15,-12.437491783024022,-3.769919904010294,-1.5124009278308252
14.83982253074646,0.9999999999999984,-0.4999999999999992,0.7999999999999985,1.0,-0.5,0.8,1.5543122344752192e-15,-7.771561172376096e-16,1.5543122344752192e-15,-12.437491783024022,-3.769919904010294,-1.5124009278308252
14.849883794784546,0.9999999999999984,-0.4999999999999992,0.7999999999999985,1.0,-0.5,0.8,1.5543122344752192e-15,-7.771561172376096e-16,1.5543122344752192e-15,-12.437491783024022,-3.769919904010294,-1.5124009278308252
14.859835147857666,0.9999999999999984,-0.4999999999999992,0.7999999999999985,1.0,-0.5,0.8,1.5543122344752192e-15,-7.771561172376096e-16,1.5543122344752192e-15,-12.437491783024022,-3.769919904010294,-1.5124009278308252
14.869787216186523,0.9999999999999984,-0.4999999999999992,0.7999999999999985,1.0,-0.5,0.8,1.5543122344752192e-15,-7.771561172376096e-16,1.5543122344752192e-15,-12.437491783024022,-3.769919904010294,-1.5124009278308252
14.879809617996216,0.9999999999999984,-0.4999999999999992,0.7999999999999985,1.0,-0.5,0.8,1.5543122344752192e-15,-7.771561172376096e-16,1.5543122344752192e-15,-12.437491783024022,-3.769919904010294,-1.5124009278308252
14.889783143997192,0.9999999999999984,-0.4999999999999992,0.7999999999999985,1.0,-0.5,0.8,1.5543122344752192e-15,-7.771561172376096e-16,1.5543122344752192e-15,-12.437491783024022,-3.769919904010294,-1.5124009278308252
14.899792909622192,0.9999999999999984,-0.4999999999999992,0.7999999999999985,1.0,-0.5,0.8,1.5543122344752192e-15,-7.771561172376096e-16,1.5543122344752192e-15,-12.437491783024022,-3.769919904010294,-1.5124009278308252
14.909780025482178,0.9999999999999984,-0.4999999999999992,0.7999999999999985,1.0,-0.5,0.8,1.5543122344752192e-15,-7.771561172376096e-16,1.5543122344752192e-15,-12.437491783024022,-3.769919904010294,-1.5124009278308252
14.919795751571655,0.9999999999999984,-0.4999999999999992,0.7999999999999985,1.0,-0.5,0.8,1.5543122344752192e-15,-7.771561172376096e-16,1.5543122344752192e-15,-12.437491783024022,-3.769919904010294,-1.5124009278308252
14.929851531982422,0.9999999999999984,-0.4999999999999992,0.7999999999999985,1.0,-0.5,0.8,1.5543122344752192e-15,-7.771561172376096e-16,1.5543122344752192e-15,-12.437491783024022,-3.769919904010294,-1.5124009278308252
14.93985366821289,0.9999999999999984,-0.4999999999999992,0.7999999999999985,1.0,-0.5,0.8,1.5543122344752192e-15,-7.771561172376096e-16,1.5543122344752192e-15,-12.437491783024022,-3.769919904010294,-1.5124009278308252
14.949831247329712,0.9999999999999984,-0.4999999999999992,0.7999999999999985,1.0,-0.5,0.8,1.5543122344752192e-15,-7.771561172376096e-16,1.5543122344752192e-15,-12.437491783024022,-3.769919904010294,-1.5124009278308252
14.959771156311035,0.9999999999999984,-0.4999999999999992,0.7999999999999985,1.0,-0.5,0.8,1.5543122344752192e-15,-7.771561172376096e-16,1.5543122344752192e-15,-12.437491783024022,-3.769919904010294,-1.5124009278308252
14.969826698303223,0.9999999999999984,-0.4999999999999992,0.7999999999999985,1.0,-0.5,0.8,1.5543122344752192e-15,-7.771561172376096e-16,1.5543122344752192e-15,-12.437491783024022,-3.769919904010294,-1.5124009278308252
14.979769229888916,0.9999999999999984,-0.4999999999999992,0.7999999999999985,1.0,-0.5,0.8,1.5543122344752192e-15,-7.771561172376096e-16,1.5543122344752192e-15,-12.437491783024022,-3.769919904010294,-1.5124009278308252
14.98973798751831,0.9999999999999984,-0.4999999999999992,0.7999999999999985,1.0,-0.5,0.8,1.5543122344752192e-15,-7.771561172376096e-16,1.5543122344752192e-15,-12.437491783024022,-3.769919904010294,-1.5124009278308252
14.999749422073364,0.9999999999999984,-0.4999999999999992,0.7999999999999985,1.0,-0.5,0.8,1.5543122344752192e-15,-7.771561172376096e-16,1.5543122344752192e-15,-12.437491783024022,-3.769919904010294,-1.5124009278308252
15.009727001190186,0.9999999999999984,-0.4999999999999992,0.7999999999999985,1.0,-0.5,0.8,1.5543122344752192e-15,-7.771561172376096e-16,1.5543122344752192e-15,-12.437491783024022,-3.769919904010294,-1.5124009278308252
15.019718408584595,0.9999999999999984,-0.4999999999999992,0.7999999999999985,1.0,-0.5,0.8,1.5543122344752192e-15,-7.771561172376096e-16,1.5543122344752192e-15,-12.437491783024022,-3.769919904010294,-1.5124009278308252
15.029734373092651,0.9999999999999984,-0.4999999999999992,0.7999999999999985,1.0,-0.5,0.8,1.5543122344752192e-15,-7.771561172376096e-16,1.5543122344752192e-15,-12.437491783024022,-3.769919904010294,-1.5124009278308252
15.0397207736969,0.9999999999999984,-0.4999999999999992,0.7999999999999985,1.0,-0.5,0.8,1.5543122344752192e-15,-7.771561172376096e-16,1.5543122344752192e-15,-12.437491783024022,-3.769919904010294,-1.5124009278308252
15.049783706665039,0.9999999999999984,-0.4999999999999992,0.7999999999999985,1.0,-0.5,0.8,1.5543122344752192e-15,-7.771561172376096e-16,1.5543122344752192e-15,-12.437491783024022,-3.769919904010294,-1.5124009278308252
15.059773683547974,0.9999999999999984,-0.4999999999999992,0.7999999999999985,1.0,-0.5,0.8,1.5543122344752192e-15,-7.771561172376096e-16,1.5543122344752192e-15,-12.437491783024022,-3.769919904010294,-1.5124009278308252
15.069775819778442,0.9999999999999984,-0.4999999999999992,0.7999999999999985,1.0,-0.5,0.8,1.5543122344752192e-15,-7.771561172376096e-16,1.5543122344752192e-15,-12.437491783024022,-3.769919904010294,-1.5124009278308252
15.079740285873413,0.9999999999999984,-0.4999999999999992,0.7999999999999985,1.0,-0.5,0.8,1.5543122344752192e-15,-7.771561172376096e-16,1.5543122344752192e-15,-12.437491783024022,-3.769919904010294,-1.5124009278308252
15.089714050292969,0.9999999999999984,-0.4999999999999992,0.7999999999999985,1.0,-0.5,0.8,1.5543122344752192e-15,-7.771561172376096e-16,1.5543122344752192e-15,-12.437491783024022,-3.769919904010294,-1.5124009278308252
15.09972357749939,0.9999999999999984,-0.4999999999999992,0.7999999999999985,1.0,-0.5,0.8,1.5543122344752192e-15,-7.771561172376096e-16,1.5543122344752192e-15,-12.437491783024022,-3.769919904010294,-1.5124009278308252
15.10973310470581,0.9999999999999984,-0.4999999999999992,0.7999999999999985,1.0,-0.5,0.8,1.5543122344752192e-15,-7.771561172376096e-16,1.5543122344752192e-15,-12.437491783024022,-3.769919904010294,-1.5124009278308252
15.11969804763794,0.9999999999999984,-0.4999999999999992,0.7999999999999985,1.0,-0.5,0.8,1.5543122344752192e-15,-7.771561172376096e-16,1.5543122344752192e-15,-12.437491783024022,-3.769919904010294,-1.5124009278308252
15.129724502563477,0.9999999999999984,-0.4999999999999992,0.7999999999999985,1.0,-0.5,0.8,1.5543122344752192e-15,-7.771561172376096e-16,1.5543122344752192e-15,-12.437491783024022,-3.769919904010294,-1.5124009278308252
15.13977599143982,0.9999999999999984,-0.4999999999999992,0.7999999999999985,1.0,-0.5,0.8,1.5543122344752192e-15,-7.771561172376096e-16,1.5543122344752192e-15,-12.437491783024022,-3.769919904010294,-1.5124009278308252
15.149801969528198,0.9999999999999984,-0.4999999999999992,0.7999999999999985,1.0,-0.5,0.8,1.5543122344752192e-15,-7.771561172376096e-16,1.5543122344752192e-15,-12.437491783024022,-3.769919904010294,-1.5124009278308252
15.15982460975647,0.9999999999999984,-0.4999999999999992,0.7999999999999985,1.0,-0.5,0.8,1.5543122344752192e-15,-7.771561172376096e-16,1.5543122344752192e-15,-12.437491783024022,-3.769919904010294,-1.5124009278308252
15.169867038726807,0.9999999999999984,-0.4999999999999992,0.7999999999999985,1.0,-0.5,0.8,1.5543122344752192e-15,-7.771561172376096e-16,1.5543122344752192e-15,-12.437491783024022,-3.769919904010294,-1.5124009278308252
15.179843425750732,0.9999999999999984,-0.4999999999999992,0.7999999999999985,1.0,-0.5,0.8,1.5543122344752192e-15,-7.771561172376096e-16,1.5543122344752192e-15,-12.437491783024022,-3.769919904010294,-1.5124009278308252
15.189871311187744,0.9999999999999984,-0.4999999999999992,0.7999999999999985,1.0,-0.5,0.8,1.5543122344752192e-15,-7.771561172376096e-16,1.5543122344752192e-15,-12.437491783024022,-3.769919904010294,-1.5124009278308252
15.199791669845581,0.9999999999999984,-0.4999999999999992,0.7999999999999985,1.0,-0.5,0.8,1.5543122344752192e-15,-7.771561172376096e-16,1.5543122344752192e-15,-12.437491783024022,-3.769919904010294,-1.5124009278308252
15.209745168685913,0.9999999999999984,-0.4999999999999992,0.7999999999999985,1.0,-0.5,0.8,1.5543122344752192e-15,-7.771561172376096e-16,1.5543122344752192e-15,-12.437491783024022,-3.769919904010294,-1.5124009278308252
15.219720363616943,0.9999999999999984,-0.4999999999999992,0.7999999999999985,1.0,-0.5,0.8,1.5543122344752192e-15,-7.771561172376096e-16,1.5543122344752192e-15,-12.437491783024022,-3.769919904010294,-1.5124009278308252
15.229707956314087,0.9999999999999984,-0.4999999999999992,0.7999999999999985,1.0,-0.5,0.8,1.5543122344752192e-15,-7.771561172376096e-16,1.5543122344752192e-15,-12.437491783024022,-3.769919904010294,-1.5124009278308252
15.239788293838501,0.9999999999999984,-0.4999999999999992,0.7999999999999985,1.0,-0.5,0.8,1.5543122344752192e-15,-7.771561172376096e-16,1.5543122344752192e-15,-12.437491783024022,-3.769919904010294,-1.5124009278308252
15.249806880950928,0.9999999999999984,-0.4999999999999992,0.7999999999999985,1.0,-0.5,0.8,1.5543122344752192e-15,-7.771561172376096e-16,1.5543122344752192e-15,-12.437491783024022,-3.769919904010294,-1.5124009278308252
15.259740352630615,0.9999999999999984,-0.4999999999999992,0.7999999999999985,1.0,-0.5,0.8,1.5543122344752192e-15,-7.771561172376096e-16,1.5543122344752192e-15,-12.437491783024022,-3.769919904010294,-1.5124009278308252
15.2697274684906,0.9999999999999984,-0.4999999999999992,0.7999999999999985,1.0,-0.5,0.8,1.5543122344752192e-15,-7.771561172376096e-16,1.5543122344752192e-15,-12.437491783024022,-3.769919904010294,-1.5124009278308252
15.27971625328064,0.9999999999999984,-0.4999999999999992,0.7999999999999985,1.0,-0.5,0.8,1.5543122344752192e-15,-7.771561172376096e-16,1.5543122344752192e-15,-12.437491783024022,-3.769919904010294,-1.5124009278308252
15.289726495742798,0.9999999999999984,-0.4999999999999992,0.7999999999999985,1.0,-0.5,0.8,1.5543122344752192e-15,-7.771561172376096e-16,1.5543122344752192e-15,-12.437491783024022,-3.769919904010294,-1.5124009278308252
15.29976773262024,0.9999999999999984,-0.4999999999999992,0.7999999999999985,1.0,-0.5,0.8,1.5543122344752192e-15,-7.771561172376096e-16,1.5543122344752192e-15,-12.437491783024022,-3.769919904010294,-1.5124009278308252
15.309765815734863,0.9999999999999984,-0.4999999999999992,0.7999999999999985,1.0,-0.5,0.8,1.5543122344752192e-15,-7.771561172376096e-16,1.5543122344752192e-15,-12.437491783024022,-3.769919904010294,-1.5124009278308252
15.319760799407959,0.9999999999999984,-0.4999999999999992,0.7999999999999985,1.0,-0.5,0.8,1.5543122344752192e-15,-7.771561172376096e-16,1.5543122344752192e-15,-12.437491783024022,-3.769919904010294,-1.5124009278308252
15.329785585403442,0.9999999999999984,-0.4999999999999992,0.7999999999999985,1.0,-0.5,0.8,1.5543122344752192e-15,-7.771561172376096e-16,1.5543122344752192e-15,-12.437491783024022,-3.769919904010294,-1.5124009278308252
15.339819192886353,0.9999999999999984,-0.4999999999999992,0.7999999999999985,1.0,-0.5,0.8,1.5543122344752192e-15,-7.771561172376096e-16,1.5543122344752192e-15,-12.437491783024022,-3.769919904010294,-1.5124009278308252
15.349815845489502,0.9999999999999984,-0.4999999999999992,0.7999999999999985,1.0,-0.5,0.8,1.5543122344752192e-15,-7.771561172376096e-16,1.5543122344752192e-15,-12.437491783024022,-3.769919904010294,-1.5124009278308252
15.359842777252197,0.9999999999999984,-0.4999999999999992,0.7999999999999985,1.0,-0.5,0.8,1.5543122344752192e-15,-7.771561172376096e-16,1.5543122344752192e-15,-12.437491783024022,-3.769919904010294,-1.5124009278308252
15.369862794876099,0.9999999999999984,-0.4999999999999992,0.7999999999999985,1.0,-0.5,0.8,1.5543122344752192e-15,-7.771561172376096e-16,1.5543122344752192e-15,-12.437491783024022,-3.769919904010294,-1.5124009278308252
15.379770278930664,0.9999999999999984,-0.4999999999999992,0.7999999999999985,1.0,-0.5,0.8,1.5543122344752192e-15,-7.771561172376096e-16,1.5543122344752192e-15,-12.437491783024022,-3.769919904010294,-1.5124009278308252
15.389875888824463,0.9999999999999984,-0.4999999999999992,0.7999999999999985,1.0,-0.5,0.8,1.5543122344752192e-15,-7.771561172376096e-16,1.5543122344752192e-15,-12.437491783024022,-3.769919904010294,-1.5124009278308252
15.399815559387207,0.9999999999999984,-0.4999999999999992,0.7999999999999985,1.0,-0.5,0.8,1.5543122344752192e-15,-7.771561172376096e-16,1.5543122344752192e-15,-12.437491783024022,-3.769919904010294,-1.5124009278308252
15.409777402877808,0.9999999999999984,-0.4999999999999992,0.7999999999999985,1.0,-0.5,0.8,1.5543122344752192e-15,-7.771561172376096e-16,1.5543122344752192e-15,-12.437491783024022,-3.769919904010294,-1.5124009278308252
15.419803142547607,0.9999999999999984,-0.4999999999999992,0.7999999999999985,1.0,-0.5,0.8,1.5543122344752192e-15,-7.771561172376096e-16,1.5543122344752192e-15,-12.437491783024022,-3.769919904010294,-1.5124009278308252
15.429765939712524,0.9999999999999984,-0.4999999999999992,0.7999999999999985,1.0,-0.5,0.8,1.5543122344752192e-15,-7.771561172376096e-16,1.5543122344752192e-15,-12.437491783024022,-3.769919904010294,-1.5124009278308252
15.439768075942993,0.9999999999999984,-0.4999999999999992,0.7999999999999985,1.0,-0.5,0.8,1.5543122344752192e-15,-7.771561172376096e-16,1.5543122344752192e-15,-12.437491783024022,-3.769919904010294,-1.5124009278308252
15.449809789657593,0.9999999999999984,-0.4999999999999992,0.7999999999999985,1.0,-0.5,0.8,1.5543122344752192e-15,-7.771561172376096e-16,1.5543122344752192e-15,-12.437491783024022,-3.769919904010294,-1.5124009278308252
15.45989203453064,0.9999999999999984,-0.4999999999999992,0.7999999999999985,1.0,-0.5,0.8,1.5543122344752192e-15,-7.771561172376096e-16,1.5543122344752192e-15,-12.437491783024022,-3.769919904010294,-1.5124009278308252
15.46983528137207,0.9999999999999984,-0.4999999999999992,0.7999999999999985,1.0,-0.5,0.8,1.5543122344752192e-15,-7.771561172376096e-16,1.5543122344752192e-15,-12.437491783024022,-3.769919904010294,-1.5124009278308252
15.479829788208008,0.9999999999999984,-0.4999999999999992,0.7999999999999985,1.0,-0.5,0.8,1.5543122344752192e-15,-7.771561172376096e-16,1.5543122344752192e-15,-12.437491783024022,-3.769919904010294,-1.5124009278308252
15.489876747131348,0.9999999999999984,-0.4999999999999992,0.7999999999999985,1.0,-0.5,0.8,1.5543122344752192e-15,-7.771561172376096e-16,1.5543122344752192e-15,-12.437491783024022,-3.769919904010294,-1.5124009278308252
15.499799251556396,0.9999999999999984,-0.4999999999999992,0.7999999999999985,1.0,-0.5,0.8,1.5543122344752192e-15,-7.771561172376096e-16,1.5543122344752192e-15,-12.437491783024022,-3.769919904010294,-1.5124009278308252
15.509753942489624,0.9999999999999984,-0.4999999999999992,0.7999999999999985,1.0,-0.5,0.8,1.5543122344752192e-15,-7.771561172376096e-16,1.5543122344752192e-15,-12.437491783024022,-3.769919904010294,-1.5124009278308252
15.519739389419556,0.9999999999999984,-0.4999999999999992,0.7999999999999985,1.0,-0.5,0.8,1.5543122344752192e-15,-7.771561172376096e-16,1.5543122344752192e-15,-12.437491783024022,-3.769919904010294,-1.5124009278308252
15.529765605926514,0.9999999999999984,-0.4999999999999992,0.7999999999999985,1.0,-0.5,0.8,1.5543122344752192e-15,-7.771561172376096e-16,1.5543122344752192e-15,-12.437491783024022,-3.769919904010294,-1.5124009278308252
15.539759397506714,0.9999999999999984,-0.4999999999999992,0.7999999999999985,1.0,-0.5,0.8,1.5543122344752192e-15,-7.771561172376096e-16,1.5543122344752192e-15,-12.437491783024022,-3.769919904010294,-1.5124009278308252
15.549769639968872,0.9999999999999984,-0.4999999999999992,0.7999999999999985,1.0,-0.5,0.8,1.5543122344752192e-15,-7.771561172376096e-16,1.5543122344752192e-15,-12.437491783024022,-3.769919904010294,-1.5124009278308252
15.559725761413574,0.9999999999999984,-0.4999999999999992,0.7999999999999985,1.0,-0.5,0.8,1.5543122344752192e-15,-7.771561172376096e-16,1.5543122344752192e-15,-12.437491783024022,-3.769919904010294,-1.5124009278308252
15.569742679595947,0.9999999999999984,-0.4999999999999992,0.7999999999999985,1.0,-0.5,0.8,1.5543122344752192e-15,-7.771561172376096e-16,1.5543122344752192e-15,-12.437491783024022,-3.769919904010294,-1.5124009278308252
15.579787492752075,0.9999999999999984,-0.4999999999999992,0.7999999999999985,1.0,-0.5,0.8,1.5543122344752192e-15,-7.771561172376096e-16,1.5543122344752192e-15,-12.437491783024022,-3.769919904010294,-1.5124009278308252
15.589817523956299,0.9999999999999984,-0.4999999999999992,0.7999999999999985,1.0,-0.5,0.8,1.5543122344752192e-15,-7.771561172376096e-16,1.5543122344752192e-15,-12.437491783024022,-3.769919904010294,-1.5124009278308252
15.59978461265564,0.9999999999999984,-0.4999999999999992,0.7999999999999985,1.0,-0.5,0.8,1.5543122344752192e-15,-7.771561172376096e-16,1.5543122344752192e-15,-12.437491783024022,-3.769919904010294,-1.5124009278308252
15.609815835952759,0.9999999999999984,-0.4999999999999992,0.7999999999999985,1.0,-0.5,0.8,1.5543122344752192e-15,-7.771561172376096e-16,1.5543122344752192e-15,-12.437491783024022,-3.769919904010294,-1.5124009278308252
15.61975646018982,0.9999999999999984,-0.4999999999999992,0.7999999999999985,1.0,-0.5,0.8,1.5543122344752192e-15,-7.771561172376096e-16,1.5543122344752192e-15,-12.437491783024022,-3.769919904010294,-1.5124009278308252
15.629782676696777,0.9999999999999984,-0.4999999999999992,0.7999999999999985,1.0,-0.5,0.8,1.5543122344752192e-15,-7.771561172376096e-16,1.5543122344752192e-15,-12.437491783024022,-3.769919904010294,-1.5124009278308252
15.639882326126099,0.9999999999999984,-0.4999999999999992,0.7999999999999985,1.0,-0.5,0.8,1.5543122344752192e-15,-7.771561172376096e-16,1.5543122344752192e-15,-12.437491783024022,-3.769919904010294,-1.5124009278308252
15.649853944778442,0.9999999999999984,-0.4999999999999992,0.7999999999999985,1.0,-0.5,0.8,1.5543122344752192e-15,-7.771561172376096e-16,1.5543122344752192e-15,-12.437491783024022,-3.769919904010294,-1.5124009278308252
15.659787654876709,0.9999999999999984,-0.4999999999999992,0.7999999999999985,1.0,-0.5,0.8,1.5543122344752192e-15,-7.771561172376096e-16,1.5543122344752192e-15,-12.437491783024022,-3.769919904010294,-1.5124009278308252
15.66974401473999,0.9999999999999984,-0.4999999999999992,0.7999999999999985,1.0,-0.5,0.8,1.5543122344752192e-15,-7.771561172376096e-16,1.5543122344752192e-15,-12.437491783024022,-3.769919904010294,-1.5124009278308252
15.679835796356201,0.9999999999999984,-0.4999999999999992,0.7999999999999985,1.0,-0.5,0.8,1.5543122344752192e-15,-7.771561172376096e-16,1.5543122344752192e-15,-12.437491783024022,-3.769919904010294,-1.5124009278308252
15.689815998077393,0.9999999999999984,-0.4999999999999992,0.7999999999999985,1.0,-0.5,0.8,1.5543122344752192e-15,-7.771561172376096e-16,1.5543122344752192e-15,-12.437491783024022,-3.769919904010294,-1.5124009278308252
15.699817657470703,0.9999999999999984,-0.4999999999999992,0.7999999999999985,1.0,-0.5,0.8,1.5543122344752192e-15,-7.771561172376096e-16,1.5543122344752192e-15,-12.437491783024022,-3.769919904010294,-1.5124009278308252
15.70983600616455,0.9999999999999984,-0.4999999999999992,0.7999999999999985,1.0,-0.5,0.8,1.5543122344752192e-15,-7.771561172376096e-16,1.5543122344752192e-15,-12.437491783024022,-3.769919904010294,-1.5124009278308252
15.719765663146973,0.9999999999999984,-0.4999999999999992,0.7999999999999985,1.0,-0.5,0.8,1.5543122344752192e-15,-7.771561172376096e-16,1.5543122344752192e-15,-12.437491783024022,-3.769919904010294,-1.5124009278308252
15.729830980300903,0.9999999999999984,-0.4999999999999992,0.7999999999999985,1.0,-0.5,0.8,1.5543122344752192e-15,-7.771561172376096e-16,1.5543122344752192e-15,-12.437491783024022,-3.769919904010294,-1.5124009278308252
15.739802837371826,0.9999999999999984,-0.4999999999999992,0.7999999999999985,1.0,-0.5,0.8,1.5543122344752192e-15,-7.771561172376096e-16,1.5543122344752192e-15,-12.437491783024022,-3.769919904010294,-1.5124009278308252
15.74984884262085,0.9999999999999984,-0.4999999999999992,0.7999999999999985,1.0,-0.5,0.8,1.5543122344752192e-15,-7.771561172376096e-16,1.5543122344752192e-15,-12.437491783024022,-3.769919904010294,-1.5124009278308252
15.759774684906006,0.9999999999999984,-0.4999999999999992,0.7999999999999985,1.0,-0.5,0.8,1.5543122344752192e-15,-7.771561172376096e-16,1.5543122344752192e-15,-12.437491783024022,-3.769919904010294,-1.5124009278308252
15.769828081130981,0.9999999999999984,-0.4999999999999992,0.7999999999999985,1.0,-0.5,0.8,1.5543122344752192e-15,-7.771561172376096e-16,1.5543122344752192e-15,-12.437491783024022,-3.769919904010294,-1.5124009278308252
15.77986741065979,0.9999999999999984,-0.4999999999999992,0.7999999999999985,1.0,-0.5,0.8,1.5543122344752192e-15,-7.771561172376096e-16,1.5543122344752192e-15,-12.437491783024022,-3.769919904010294,-1.5124009278308252
15.789815425872803,0.9999999999999984,-0.4999999999999992,0.7999999999999985,1.0,-0.5,0.8,1.5543122344752192e-15,-7.771561172376096e-16,1.5543122344752192e-15,-12.437491783024022,-3.769919904010294,-1.5124009278308252
15.7997567653656,0.9999999999999984,-0.4999999999999992,0.7999999999999985,1.0,-0.5,0.8,1.5543122344752192e-15,-7.771561172376096e-16,1.5543122344752192e-15,-12.437491783024022,-3.769919904010294,-1.5124009278308252
15.8098623752594,0.9999999999999984,-0.4999999999999992,0.7999999999999985,1.0,-0.5,0.8,1.5543122344752192e-15,-7.771561172376096e-16,1.5543122344752192e-15,-12.437491783024022,-3.769919904010294,-1.5124009278308252
15.819757461547852,0.9999999999999984,-0.4999999999999992,0.7999999999999985,1.0,-0.5,0.8,1.5543122344752192e-15,-7.771561172376096e-16,1.5543122344752192e-15,-12.437491783024022,-3.769919904010294,-1.5124009278308252
15.829965114593506,0.9999999999999984,-0.4999999999999992,0.7999999999999985,1.0,-0.5,0.8,1.5543122344752192e-15,-7.771561172376096e-16,1.5543122344752192e-15,-12.437491783024022,-3.769919904010294,-1.5124009278308252
15.83989405632019,0.9999999999999984,-0.4999999999999992,0.7999999999999985,1.0,-0.5,0.8,1.5543122344752192e-15,-7.771561172376096e-16,1.5543122344752192e-15,-12.437491783024022,-3.769919904010294,-1.5124009278308252
15.849900245666504,0.9999999999999984,-0.4999999999999992,0.7999999999999985,1.0,-0.5,0.8,1.5543122344752192e-15,-7.771561172376096e-16,1.5543122344752192e-15,-12.437491783024022,-3.769919904010294,-1.5124009278308252
15.859747886657715,0.9999999999999984,-0.4999999999999992,0.7999999999999985,1.0,-0.5,0.8,1.5543122344752192e-15,-7.771561172376096e-16,1.5543122344752192e-15,-12.437491783024022,-3.769919904010294,-1.5124009278308252
15.869712352752686,0.9999999999999984,-0.4999999999999992,0.7999999999999985,1.0,-0.5,0.8,1.5543122344752192e-15,-7.771561172376096e-16,1.5543122344752192e-15,-12.437491783024022,-3.769919904010294,-1.5124009278308252
15.879698991775513,0.9999999999999984,-0.4999999999999992,0.7999999999999985,1.0,-0.5,0.8,1.5543122344752192e-15,-7.771561172376096e-16,1.5543122344752192e-15,-12.437491783024022,-3.769919904010294,-1.5124009278308252
15.889711856842041,0.9999999999999984,-0.4999999999999992,0.7999999999999985,1.0,-0.5,0.8,1.5543122344752192e-15,-7.771561172376096e-16,1.5543122344752192e-15,-12.437491783024022,-3.769919904010294,-1.5124009278308252
15.899713516235352,0.9999999999999984,-0.4999999999999992,0.7999999999999985,1.0,-0.5,0.8,1.5543122344752192e-15,-7.771561172376096e-16,1.5543122344752192e-15,-12.437491783024022,-3.769919904010294,-1.5124009278308252
15.909744024276733,0.9999999999999984,-0.4999999999999992,0.7999999999999985,1.0,-0.5,0.8,1.5543122344752192e-15,-7.771561172376096e-16,1.5543122344752192e-15,-12.437491783024022,-3.769919904010294,-1.5124009278308252
15.919795274734497,0.9999999999999984,-0.4999999999999992,0.7999999999999985,1.0,-0.5,0.8,1.5543122344752192e-15,-7.771561172376096e-16,1.5543122344752192e-15,-12.437491783024022,-3.769919904010294,-1.5124009278308252
15.929776668548584,0.9999999999999984,-0.4999999999999992,0.7999999999999985,1.0,-0.5,0.8,1.5543122344752192e-15,-7.771561172376096e-16,1.5543122344752192e-15,-12.437491783024022,-3.769919904010294,-1.5124009278308252
15.939789533615112,0.9999999999999984,-0.4999999999999992,0.7999999999999985,1.0,-0.5,0.8,1.5543122344752192e-15,-7.771561172376096e-16,1.5543122344752192e-15,-12.437491783024022,-3.769919904010294,-1.5124009278308252
15.9497652053833,0.9999999999999984,-0.4999999999999992,0.7999999999999985,1.0,-0.5,0.8,1.5543122344752192e-15,-7.771561172376096e-16,1.5543122344752192e-15,-12.437491783024022,-3.769919904010294,-1.5124009278308252
15.959739923477173,0.9999999999999984,-0.4999999999999992,0.7999999999999985,1.0,-0.5,0.8,1.5543122344752192e-15,-7.771561172376096e-16,1.5543122344752192e-15,-12.437491783024022,-3.769919904010294,-1.5124009278308252
15.969770431518555,0.9999999999999984,-0.4999999999999992,0.7999999999999985,1.0,-0.5,0.8,1.5543122344752192e-15,-7.771561172376096e-16,1.5543122344752192e-15,-12.437491783024022,-3.769919904010294,-1.5124009278308252
15.979753494262695,0.9999999999999984,-0.4999999999999992,0.7999999999999985,1.0,-0.5,0.8,1.5543122344752192e-15,-7.771561172376096e-16,1.5543122344752192e-15,-12.437491783024022,-3.769919904010294,-1.5124009278308252
15.989786386489868,0.9999999999999984,-0.4999999999999992,0.7999999999999985,1.0,-0.5,0.8,1.5543122344752192e-15,-7.771561172376096e-16,1.5543122344752192e-15,-12.437491783024022,-3.769919904010294,-1.5124009278308252
15.999889612197876,0.9999999999999984,-0.4999999999999992,0.7999999999999985,1.0,-0.5,0.8,1.5543122344752192e-15,-7.771561172376096e-16,1.5543122344752192e-15,-12.437491783024022,-3.769919904010294,-1.5124009278308252
16.009753942489624,0.9999999999999984,-0.4999999999999992,0.7999999999999985,1.0,-0.5,0.8,1.5543122344752192e-15,-7.771561172376096e-16,1.5543122344752192e-15,-12.437491783024022,-3.769919904010294,-1.5124009278308252
16.019756078720093,0.9999999999999984,-0.4999999999999992,0.7999999999999985,1.0,-0.5,0.8,1.5543122344752192e-15,-7.771561172376096e-16,1.5543122344752192e-15,-12.437491783024022,-3.769919904010294,-1.5124009278308252
16.029741287231445,0.9999999999999984,-0.4999999999999992,0.7999999999999985,1.0,-0.5,0.8,1.5543122344752192e-15,-7.771561172376096e-16,1.5543122344752192e-15,-12.437491783024022,-3.769919904010294,-1.5124009278308252
16.039772033691406,0.9999999999999984,-0.4999999999999992,0.7999999999999985,1.0,-0.5,0.8,1.5543122344752192e-15,-7.771561172376096e-16,1.5543122344752192e-15,-12.437491783024022,-3.769919904010294,-1.5124009278308252
16.049758672714233,0.9999999999999984,-0.4999999999999992,0.7999999999999985,1.0,-0.5,0.8,1.5543122344752192e-15,-7.771561172376096e-16,1.5543122344752192e-15,-12.437491783024022,-3.769919904010294,-1.5124009278308252
16.059934616088867,0.9999999999999984,-0.4999999999999992,0.7999999999999985,1.0,-0.5,0.8,1.5543122344752192e-15,-7.771561172376096e-16,1.5543122344752192e-15,-12.437491783024022,-3.769919904010294,-1.5124009278308252
16.069733381271362,0.9999999999999984,-0.4999999999999992,0.7999999999999985,1.0,-0.5,0.8,1.5543122344752192e-15,-7.771561172376096e-16,1.5543122344752192e-15,-12.437491783024022,-3.769919904010294,-1.5124009278308252
16.07972812652588,0.9999999999999984,-0.4999999999999992,0.7999999999999985,1.0,-0.5,0.8,1.5543122344752192e-15,-7.771561172376096e-16,1.5543122344752192e-15,-12.437491783024022,-3.769919904010294,-1.5124009278308252
16.089711666107178,0.9999999999999984,-0.4999999999999992,0.7999999999999985,1.0,-0.5,0.8,1.5543122344752192e-15,-7.771561172376096e-16,1.5543122344752192e-15,-12.437491783024022,-3.769919904010294,-1.5124009278308252
16.099729299545288,0.9999999999999984,-0.4999999999999992,0.7999999999999985,1.0,-0.5,0.8,1.5543122344752192e-15,-7.771561172376096e-16,1.5543122344752192e-15,-12.437491783024022,-3.769919904010294,-1.5124009278308252
16.10973072052002,0.9999999999999984,-0.4999999999999992,0.7999999999999985,1.0,-0.5,0.8,1.5543122344752192e-15,-7.771561172376096e-16,1.5543122344752192e-15,-12.437491783024022,-3.769919904010294,-1.5124009278308252
16.11969232559204,0.9999999999999984,-0.4999999999999992,0.7999999999999985,1.0,-0.5,0.8,1.5543122344752192e-15,-7.771561172376096e-16,1.5543122344752192e-15,-12.437491783024022,-3.769919904010294,-1.5124009278308252
16.12971258163452,0.9999999999999984,-0.4999999999999992,0.7999999999999985,1.0,-0.5,0.8,1.5543122344752192e-15,-7.771561172376096e-16,1.5543122344752192e-15,-12.437491783024022,-3.769919904010294,-1.5124009278308252
16.13973903656006,0.9999999999999984,-0.4999999999999992,0.7999999999999985,1.0,-0.5,0.8,1.5543122344752192e-15,-7.771561172376096e-16,1.5543122344752192e-15,-12.437491783024022,-3.769919904010294,-1.5124009278308252
16.149707078933716,0.9999999999999984,-0.4999999999999992,0.7999999999999985,1.0,-0.5,0.8,1.5543122344752192e-15,-7.771561172376096e-16,1.5543122344752192e-15,-12.437491783024022,-3.769919904010294,-1.5124009278308252
16.159711837768555,0.9999999999999984,-0.4999999999999992,0.7999999999999985,1.0,-0.5,0.8,1.5543122344752192e-15,-7.771561172376096e-16,1.5543122344752192e-15,-12.437491783024022,-3.769919904010294,-1.5124009278308252
16.169729709625244,0.9999999999999984,-0.4999999999999992,0.7999999999999985,1.0,-0.5,0.8,1.5543122344752192e-15,-7.771561172376096e-16,1.5543122344752192e-15,-12.437491783024022,-3.769919904010294,-1.5124009278308252
16.179710626602173,0.9999999999999984,-0.4999999999999992,0.7999999999999985,1.0,-0.5,0.8,1.5543122344752192e-15,-7.771561172376096e-16,1.5543122344752192e-15,-12.437491783024022,-3.769919904010294,-1.5124009278308252
16.189714193344116,0.9999999999999984,-0.4999999999999992,0.7999999999999985,1.0,-0.5,0.8,1.5543122344752192e-15,-7.771561172376096e-16,1.5543122344752192e-15,-12.437491783024022,-3.769919904010294,-1.5124009278308252
16.199724197387695,0.9999999999999984,-0.4999999999999992,0.7999999999999985,1.0,-0.5,0.8,1.5543122344752192e-15,-7.771561172376096e-16,1.5543122344752192e-15,-12.437491783024022,-3.769919904010294,-1.5124009278308252
16.209726095199585,0.9999999999999984,-0.4999999999999992,0.7999999999999985,1.0,-0.5,0.8,1.5543122344752192e-15,-7.771561172376096e-16,1.5543122344752192e-15,-12.437491783024022,-3.769919904010294,-1.5124009278308252
16.21975350379944,0.9999999999999984,-0.4999999999999992,0.7999999999999985,1.0,-0.5,0.8,1.5543122344752192e-15,-7.771561172376096e-16,1.5543122344752192e-15,-12.437491783024022,-3.769919904010294,-1.5124009278308252
16.229737997055054,0.9999999999999984,-0.4999999999999992,0.7999999999999985,1.0,-0.5,0.8,1.5543122344752192e-15,-7.771561172376096e-16,1.5543122344752192e-15,-12.437491783024022,-3.769919904010294,-1.5124009278308252
16.239757776260376,0.9999999999999984,-0.4999999999999992,0.7999999999999985,1.0,-0.5,0.8,1.5543122344752192e-15,-7.771561172376096e-16,1.5543122344752192e-15,-12.437491783024022,-3.769919904010294,-1.5124009278308252
16.249814987182617,0.9999999999999984,-0.4999999999999992,0.7999999999999985,1.0,-0.5,0.8,1.5543122344752192e-15,-7.771561172376096e-16,1.5543122344752192e-15,-12.437491783024022,-3.769919904010294,-1.5124009278308252
16.259800910949707,0.9999999999999984,-0.4999999999999992,0.7999999999999985,1.0,-0.5,0.8,1.5543122344752192e-15,-7.771561172376096e-16,1.5543122344752192e-15,-12.437491783024022,-3.769919904010294,-1.5124009278308252
16.269765615463257,0.9999999999999984,-0.4999999999999992,0.7999999999999985,1.0,-0.5,0.8,1.5543122344752192e-15,-7.771561172376096e-16,1.5543122344752192e-15,-12.437491783024022,-3.769919904010294,-1.5124009278308252
16.279770612716675,0.9999999999999984,-0.4999999999999992,0.7999999999999985,1.0,-0.5,0.8,1.5543122344752192e-15,-7.771561172376096e-16,1.5543122344752192e-15,-12.437491783024022,-3.769919904010294,-1.5124009278308252
16.28972029685974,0.9999999999999984,-0.4999999999999992,0.7999999999999985,1.0,-0.5,0.8,1.5543122344752192e-15,-7.771561172376096e-16,1.5543122344752192e-15,-12.437491783024022,-3.769919904010294,-1.5124009278308252
16.299731254577637,0.9999999999999984,-0.4999999999999992,0.7999999999999985,1.0,-0.5,0.8,1.5543122344752192e-15,-7.771561172376096e-16,1.5543122344752192e-15,-12.437491783024022,-3.769919904010294,-1.5124009278308252
16.309802293777466,0.9999999999999984,-0.4999999999999992,0.7999999999999985,1.0,-0.5,0.8,1.5543122344752192e-15,-7.771561172376096e-16,1.5543122344752192e-15,-12.437491783024022,-3.769919904010294,-1.5124009278308252
16.31979513168335,0.9999999999999984,-0.4999999999999992,0.7999999999999985,1.0,-0.5,0.8,1.5543122344752192e-15,-7.771561172376096e-16,1.5543122344752192e-15,-12.437491783024022,-3.769919904010294,-1.5124009278308252
16.329817295074463,0.9999999999999984,-0.4999999999999992,0.7999999999999985,1.0,-0.5,0.8,1.5543122344752192e-15,-7.771561172376096e-16,1.5543122344752192e-15,-12.437491783024022,-3.769919904010294,-1.5124009278308252
16.339881658554077,0.9999999999999984,-0.4999999999999992,0.7999999999999985,1.0,-0.5,0.8,1.5543122344752192e-15,-7.771561172376096e-16,1.5543122344752192e-15,-12.437491783024022,-3.769919904010294,-1.5124009278308252
16.349825382232666,0.9999999999999984,-0.4999999999999992,0.7999999999999985,1.0,-0.5,0.8,1.5543122344752192e-15,-7.771561172376096e-16,1.5543122344752192e-15,-12.437491783024022,-3.769919904010294,-1.5124009278308252
16.35976552963257,0.9999999999999984,-0.4999999999999992,0.7999999999999985,1.0,-0.5,0.8,1.5543122344752192e-15,-7.771561172376096e-16,1.5543122344752192e-15,-12.437491783024022,-3.769919904010294,-1.5124009278308252
16.369847536087036,0.9999999999999984,-0.4999999999999992,0.7999999999999985,1.0,-0.5,0.8,1.5543122344752192e-15,-7.771561172376096e-16,1.5543122344752192e-15,-12.437491783024022,-3.769919904010294,-1.5124009278308252
16.379848957061768,0.9999999999999984,-0.4999999999999992,0.7999999999999985,1.0,-0.5,0.8,1.5543122344752192e-15,-7.771561172376096e-16,1.5543122344752192e-15,-12.437491783024022,-3.769919904010294,-1.5124009278308252
16.38982915878296,0.9999999999999984,-0.4999999999999992,0.7999999999999985,1.0,-0.5,0.8,1.5543122344752192e-15,-7.771561172376096e-16,1.5543122344752192e-15,-12.437491783024022,-3.769919904010294,-1.5124009278308252
16.399826765060425,0.9999999999999984,-0.4999999999999992,0.7999999999999985,1.0,-0.5,0.8,1.5543122344752192e-15,-7.771561172376096e-16,1.5543122344752192e-15,-12.437491783024022,-3.769919904010294,-1.5124009278308252
16.40969967842102,0.9999999999999984,-0.4999999999999992,0.7999999999999985,1.0,-0.5,0.8,1.5543122344752192e-15,-7.771561172376096e-16,1.5543122344752192e-15,-12.437491783024022,-3.769919904010294,-1.5124009278308252
16.41973114013672,0.9999999999999984,-0.4999999999999992,0.7999999999999985,1.0,-0.5,0.8,1.5543122344752192e-15,-7.771561172376096e-16,1.5543122344752192e-15,-12.437491783024022,-3.769919904010294,-1.5124009278308252
16.429730892181396,0.9999999999999984,-0.4999999999999992,0.7999999999999985,1.0,-0.5,0.8,1.5543122344752192e-15,-7.771561172376096e-16,1.5543122344752192e-15,-12.437491783024022,-3.769919904010294,-1.5124009278308252
16.43974995613098,0.9999999999999984,-0.4999999999999992,0.7999999999999985,1.0,-0.5,0.8,1.5543122344752192e-15,-7.771561172376096e-16,1.5543122344752192e-15,-12.437491783024022,-3.769919904010294,-1.5124009278308252
16.44978928565979,0.9999999999999984,-0.4999999999999992,0.7999999999999985,1.0,-0.5,0.8,1.5543122344752192e-15,-7.771561172376096e-16,1.5543122344752192e-15,-12.437491783024022,-3.769919904010294,-1.5124009278308252
16.459782123565674,0.9999999999999984,-0.4999999999999992,0.7999999999999985,1.0,-0.5,0.8,1.5543122344752192e-15,-7.771561172376096e-16,1.5543122344752192e-15,-12.437491783024022,-3.769919904010294,-1.5124009278308252
16.47034764289856,0.9999999999999984,-0.4999999999999992,0.7999999999999985,1.0,-0.5,0.8,1.5543122344752192e-15,-7.771561172376096e-16,1.5543122344752192e-15,-12.437491783024022,-3.769919904010294,-1.5124009278308252
16.479840517044067,0.9999999999999984,-0.4999999999999992,0.7999999999999985,1.0,-0.5,0.8,1.5543122344752192e-15,-7.771561172376096e-16,1.5543122344752192e-15,-12.437491783024022,-3.769919904010294,-1.5124009278308252
16.489940404891968,0.9999999999999984,-0.4999999999999992,0.7999999999999985,1.0,-0.5,0.8,1.5543122344752192e-15,-7.771561172376096e-16,1.5543122344752192e-15,-12.437491783024022,-3.769919904010294,-1.5124009278308252
16.499894857406616,0.9999999999999984,-0.4999999999999992,0.7999999999999985,1.0,-0.5,0.8,1.5543122344752192e-15,-7.771561172376096e-16,1.5543122344752192e-15,-12.437491783024022,-3.769919904010294,-1.5124009278308252
16.509748458862305,0.9999999999999984,-0.4999999999999992,0.7999999999999985,1.0,-0.5,0.8,1.5543122344752192e-15,-7.771561172376096e-16,1.5543122344752192e-15,-12.437491783024022,-3.769919904010294,-1.5124009278308252
16.51971936225891,0.9999999999999984,-0.4999999999999992,0.7999999999999985,1.0,-0.5,0.8,1.5543122344752192e-15,-7.771561172376096e-16,1.5543122344752192e-15,-12.437491783024022,-3.769919904010294,-1.5124009278308252
16.529740571975708,0.9999999999999984,-0.4999999999999992,0.7999999999999985,1.0,-0.5,0.8,1.5543122344752192e-15,-7.771561172376096e-16,1.5543122344752192e-15,-12.437491783024022,-3.769919904010294,-1.5124009278308252
16.53972291946411,0.9999999999999984,-0.4999999999999992,0.7999999999999985,1.0,-0.5,0.8,1.5543122344752192e-15,-7.771561172376096e-16,1.5543122344752192e-15,-12.437491783024022,-3.769919904010294,-1.5124009278308252
16.549736499786377,0.9999999999999984,-0.4999999999999992,0.7999999999999985,1.0,-0.5,0.8,1.5543122344752192e-15,-7.771561172376096e-16,1.5543122344752192e-15,-12.437491783024022,-3.769919904010294,-1.5124009278308252
16.559749841690063,0.9999999999999984,-0.4999999999999992,0.7999999999999985,1.0,-0.5,0.8,1.5543122344752192e-15,-7.771561172376096e-16,1.5543122344752192e-15,-12.437491783024022,-3.769919904010294,-1.5124009278308252
16.56974959373474,0.9999999999999984,-0.4999999999999992,0.7999999999999985,1.0,-0.5,0.8,1.5543122344752192e-15,-7.771561172376096e-16,1.5543122344752192e-15,-12.437491783024022,-3.769919904010294,-1.5124009278308252
16.579777717590332,0.9999999999999984,-0.4999999999999992,0.7999999999999985,1.0,-0.5,0.8,1.5543122344752192e-15,-7.771561172376096e-16,1.5543122344752192e-15,-12.437491783024022,-3.769919904010294,-1.5124009278308252
16.58983016014099,0.9999999999999984,-0.4999999999999992,0.7999999999999985,1.0,-0.5,0.8,1.5543122344752192e-15,-7.771561172376096e-16,1.5543122344752192e-15,-12.437491783024022,-3.769919904010294,-1.5124009278308252
16.599766969680786,0.9999999999999984,-0.4999999999999992,0.7999999999999985,1.0,-0.5,0.8,1.5543122344752192e-15,-7.771561172376096e-16,1.5543122344752192e-15,-12.437491783024022,-3.769919904010294,-1.5124009278308252
16.60988426208496,0.9999999999999984,-0.4999999999999992,0.7999999999999985,1.0,-0.5,0.8,1.5543122344752192e-15,-7.771561172376096e-16,1.5543122344752192e-15,-12.437491783024022,-3.769919904010294,-1.5124009278308252
16.619873523712158,0.9999999999999984,-0.4999999999999992,0.7999999999999985,1.0,-0.5,0.8,1.5543122344752192e-15,-7.771561172376096e-16,1.5543122344752192e-15,-12.437491783024022,-3.769919904010294,-1.5124009278308252
16.6298348903656,0.9999999999999984,-0.4999999999999992,0.7999999999999985,1.0,-0.5,0.8,1.5543122344752192e-15,-7.771561172376096e-16,1.5543122344752192e-15,-12.437491783024022,-3.769919904010294,-1.5124009278308252
16.639819860458374,0.9999999999999984,-0.4999999999999992,0.7999999999999985,1.0,-0.5,0.8,1.5543122344752192e-15,-7.771561172376096e-16,1.5543122344752192e-15,-12.437491783024022,-3.769919904010294,-1.5124009278308252
16.64981484413147,0.9999999999999984,-0.4999999999999992,0.7999999999999985,1.0,-0.5,0.8,1.5543122344752192e-15,-7.771561172376096e-16,1.5543122344752192e-15,-12.437491783024022,-3.769919904010294,-1.5124009278308252
16.65973448753357,0.9999999999999984,-0.4999999999999992,0.7999999999999985,1.0,-0.5,0.8,1.5543122344752192e-15,-7.771561172376096e-16,1.5543122344752192e-15,-12.437491783024022,-3.769919904010294,-1.5124009278308252
16.669783115386963,0.9999999999999984,-0.4999999999999992,0.7999999999999985,1.0,-0.5,0.8,1.5543122344752192e-15,-7.771561172376096e-16,1.5543122344752192e-15,-12.437491783024022,-3.769919904010294,-1.5124009278308252
16.679784536361694,0.9999999999999984,-0.4999999999999992,0.7999999999999985,1.0,-0.5,0.8,1.5543122344752192e-15,-7.771561172376096e-16,1.5543122344752192e-15,-12.437491783024022,-3.769919904010294,-1.5124009278308252
16.689788341522217,0.9999999999999984,-0.4999999999999992,0.7999999999999985,1.0,-0.5,0.8,1.5543122344752192e-15,-7.771561172376096e-16,1.5543122344752192e-15,-12.437491783024022,-3.769919904010294,-1.5124009278308252
16.699829816818237,0.9999999999999984,-0.4999999999999992,0.7999999999999985,1.0,-0.5,0.8,1.5543122344752192e-15,-7.771561172376096e-16,1.5543122344752192e-15,-12.437491783024022,-3.769919904010294,-1.5124009278308252
16.70982336997986,0.9999999999999984,-0.4999999999999992,0.7999999999999985,1.0,-0.5,0.8,1.5543122344752192e-15,-7.771561172376096e-16,1.5543122344752192e-15,-12.437491783024022,-3.769919904010294,-1.5124009278308252
16.719804286956787,0.9999999999999984,-0.4999999999999992,0.7999999999999985,1.0,-0.5,0.8,1.5543122344752192e-15,-7.771561172376096e-16,1.5543122344752192e-15,-12.437491783024022,-3.769919904010294,-1.5124009278308252
16.729840993881226,0.9999999999999984,-0.4999999999999992,0.7999999999999985,1.0,-0.5,0.8,1.5543122344752192e-15,-7.771561172376096e-16,1.5543122344752192e-15,-12.437491783024022,-3.769919904010294,-1.5124009278308252
16.739834785461426,0.9999999999999984,-0.4999999999999992,0.7999999999999985,1.0,-0.5,0.8,1.5543122344752192e-15,-7.771561172376096e-16,1.5543122344752192e-15,-12.437491783024022,-3.769919904010294,-1.5124009278308252
16.74980664253235,0.9999999999999984,-0.4999999999999992,0.7999999999999985,1.0,-0.5,0.8,1.5543122344752192e-15,-7.771561172376096e-16,1.5543122344752192e-15,-12.437491783024022,-3.769919904010294,-1.5124009278308252
16.75987696647644,0.9999999999999984,-0.4999999999999992,0.7999999999999985,1.0,-0.5,0.8,1.5543122344752192e-15,-7.771561172376096e-16,1.5543122344752192e-15,-12.437491783024022,-3.769919904010294,-1.5124009278308252
16.76977825164795,0.9999999999999984,-0.4999999999999992,0.7999999999999985,1.0,-0.5,0.8,1.5543122344752192e-15,-7.771561172376096e-16,1.5543122344752192e-15,-12.437491783024022,-3.769919904010294,-1.5124009278308252
16.77978777885437,0.9999999999999984,-0.4999999999999992,0.7999999999999985,1.0,-0.5,0.8,1.5543122344752192e-15,-7.771561172376096e-16,1.5543122344752192e-15,-12.437491783024022,-3.769919904010294,-1.5124009278308252
16.789840698242188,0.9999999999999984,-0.4999999999999992,0.7999999999999985,1.0,-0.5,0.8,1.5543122344752192e-15,-7.771561172376096e-16,1.5543122344752192e-15,-12.437491783024022,-3.769919904010294,-1.5124009278308252
16.799835443496704,0.9999999999999984,-0.4999999999999992,0.7999999999999985,1.0,-0.5,0.8,1.5543122344752192e-15,-7.771561172376096e-16,1.5543122344752192e-15,-12.437491783024022,-3.769919904010294,-1.5124009278308252
16.809764862060547,0.9999999999999984,-0.4999999999999992,0.7999999999999985,1.0,-0.5,0.8,1.5543122344752192e-15,-7.771561172376096e-16,1.5543122344752192e-15,-12.437491783024022,-3.769919904010294,-1.5124009278308252
16.820173978805542,0.9999999999999984,-0.4999999999999992,0.7999999999999985,1.0,-0.5,0.8,1.5543122344752192e-15,-7.771561172376096e-16,1.5543122344752192e-15,-12.437491783024022,-3.769919904010294,-1.5124009278308252
16.82976770401001,0.9999999999999984,-0.4999999999999992,0.7999999999999985,1.0,-0.5,0.8,1.5543122344752192e-15,-7.771561172376096e-16,1.5543122344752192e-15,-12.437491783024022,-3.769919904010294,-1.5124009278308252
16.83980083465576,0.9999999999999984,-0.4999999999999992,0.7999999999999985,1.0,-0.5,0.8,1.5543122344752192e-15,-7.771561172376096e-16,1.5543122344752192e-15,-12.437491783024022,-3.769919904010294,-1.5124009278308252
16.849811792373657,0.9999999999999984,-0.4999999999999992,0.7999999999999985,1.0,-0.5,0.8,1.5543122344752192e-15,-7.771561172376096e-16,1.5543122344752192e-15,-12.437491783024022,-3.769919904010294,-1.5124009278308252
16.859814405441284,0.9999999999999984,-0.4999999999999992,0.7999999999999985,1.0,-0.5,0.8,1.5543122344752192e-15,-7.771561172376096e-16,1.5543122344752192e-15,-12.437491783024022,-3.769919904010294,-1.5124009278308252
16.8698410987854,0.9999999999999984,-0.4999999999999992,0.7999999999999985,1.0,-0.5,0.8,1.5543122344752192e-15,-7.771561172376096e-16,1.5543122344752192e-15,-12.437491783024022,-3.769919904010294,-1.5124009278308252
16.879843711853027,0.9999999999999984,-0.4999999999999992,0.7999999999999985,1.0,-0.5,0.8,1.5543122344752192e-15,-7.771561172376096e-16,1.5543122344752192e-15,-12.437491783024022,-3.769919904010294,-1.5124009278308252
16.889808654785156,0.9999999999999984,-0.4999999999999992,0.7999999999999985,1.0,-0.5,0.8,1.5543122344752192e-15,-7.771561172376096e-16,1.5543122344752192e-15,-12.437491783024022,-3.769919904010294,-1.5124009278308252
16.899930953979492,0.9999999999999984,-0.4999999999999992,0.7999999999999985,1.0,-0.5,0.8,1.5543122344752192e-15,-7.771561172376096e-16,1.5543122344752192e-15,-12.437491783024022,-3.769919904010294,-1.5124009278308252
16.909825801849365,0.9999999999999984,-0.4999999999999992,0.7999999999999985,1.0,-0.5,0.8,1.5543122344752192e-15,-7.771561172376096e-16,1.5543122344752192e-15,-12.437491783024022,-3.769919904010294,-1.5124009278308252
16.919789791107178,0.9999999999999984,-0.4999999999999992,0.7999999999999985,1.0,-0.5,0.8,1.5543122344752192e-15,-7.771561172376096e-16,1.5543122344752192e-15,-12.437491783024022,-3.769919904010294,-1.5124009278308252
16.92985439300537,0.9999999999999984,-0.4999999999999992,0.7999999999999985,1.0,-0.5,0.8,1.5543122344752192e-15,-7.771561172376096e-16,1.5543122344752192e-15,-12.437491783024022,-3.769919904010294,-1.5124009278308252
16.939789056777954,0.9999999999999984,-0.4999999999999992,0.7999999999999985,1.0,-0.5,0.8,1.5543122344752192e-15,-7.771561172376096e-16,1.5543122344752192e-15,-12.437491783024022,-3.769919904010294,-1.5124009278308252
16.94978976249695,0.9999999999999984,-0.4999999999999992,0.7999999999999985,1.0,-0.5,0.8,1.5543122344752192e-15,-7.771561172376096e-16,1.5543122344752192e-15,-12.437491783024022,-3.769919904010294,-1.5124009278308252
16.959901571273804,0.9999999999999984,-0.4999999999999992,0.7999999999999985,1.0,-0.5,0.8,1.5543122344752192e-15,-7.771561172376096e-16,1.5543122344752192e-15,-12.437491783024022,-3.769919904010294,-1.5124009278308252
16.969831466674805,0.9999999999999984,-0.4999999999999992,0.7999999999999985,1.0,-0.5,0.8,1.5543122344752192e-15,-7.771561172376096e-16,1.5543122344752192e-15,-12.437491783024022,-3.769919904010294,-1.5124009278308252
16.979785680770874,0.9999999999999984,-0.4999999999999992,0.7999999999999985,1.0,-0.5,0.8,1.5543122344752192e-15,-7.771561172376096e-16,1.5543122344752192e-15,-12.437491783024022,-3.769919904010294,-1.5124009278308252
16.98971438407898,0.9999999999999984,-0.4999999999999992,0.7999999999999985,1.0,-0.5,0.8,1.5543122344752192e-15,-7.771561172376096e-16,1.5543122344752192e-15,-12.437491783024022,-3.769919904010294,-1.5124009278308252
16.999747037887573,0.9999999999999984,-0.4999999999999992,0.7999999999999985,1.0,-0.5,0.8,1.5543122344752192e-15,-7.771561172376096e-16,1.5543122344752192e-15,-12.437491783024022,-3.769919904010294,-1.5124009278308252
17.009723663330078,0.9999999999999984,-0.4999999999999992,0.7999999999999985,1.0,-0.5,0.8,1.5543122344752192e-15,-7.771561172376096e-16,1.5543122344752192e-15,-12.437491783024022,-3.769919904010294,-1.5124009278308252
17.01971745491028,0.9999999999999984,-0.4999999999999992,0.7999999999999985,1.0,-0.5,0.8,1.5543122344752192e-15,-7.771561172376096e-16,1.5543122344752192e-15,-12.437491783024022,-3.769919904010294,-1.5124009278308252
17.02973198890686,0.9999999999999984,-0.4999999999999992,0.7999999999999985,1.0,-0.5,0.8,1.5543122344752192e-15,-7.771561172376096e-16,1.5543122344752192e-15,-12.437491783024022,-3.769919904010294,-1.5124009278308252
17.039748907089233,0.9999999999999984,-0.4999999999999992,0.7999999999999985,1.0,-0.5,0.8,1.5543122344752192e-15,-7.771561172376096e-16,1.5543122344752192e-15,-12.437491783024022,-3.769919904010294,-1.5124009278308252
17.04976797103882,0.9999999999999984,-0.4999999999999992,0.7999999999999985,1.0,-0.5,0.8,1.5543122344752192e-15,-7.771561172376096e-16,1.5543122344752192e-15,-12.437491783024022,-3.769919904010294,-1.5124009278308252
17.05975890159607,0.9999999999999984,-0.4999999999999992,0.7999999999999985,1.0,-0.5,0.8,1.5543122344752192e-15,-7.771561172376096e-16,1.5543122344752192e-15,-12.437491783024022,-3.769919904010294,-1.5124009278308252
17.069807529449463,0.9999999999999984,-0.4999999999999992,0.7999999999999985,1.0,-0.5,0.8,1.5543122344752192e-15,-7.771561172376096e-16,1.5543122344752192e-15,-12.437491783024022,-3.769919904010294,-1.5124009278308252
17.07974362373352,0.9999999999999984,-0.4999999999999992,0.7999999999999985,1.0,-0.5,0.8,1.5543122344752192e-15,-7.771561172376096e-16,1.5543122344752192e-15,-12.437491783024022,-3.769919904010294,-1.5124009278308252
17.08988642692566,0.9999999999999984,-0.4999999999999992,0.7999999999999985,1.0,-0.5,0.8,1.5543122344752192e-15,-7.771561172376096e-16,1.5543122344752192e-15,-12.437491783024022,-3.769919904010294,-1.5124009278308252
17.09980082511902,0.9999999999999984,-0.4999999999999992,0.7999999999999985,1.0,-0.5,0.8,1.5543122344752192e-15,-7.771561172376096e-16,1.5543122344752192e-15,-12.437491783024022,-3.769919904010294,-1.5124009278308252
17.109716415405273,0.9999999999999984,-0.4999999999999992,0.7999999999999985,1.0,-0.5,0.8,1.5543122344752192e-15,-7.771561172376096e-16,1.5543122344752192e-15,-12.437491783024022,-3.769919904010294,-1.5124009278308252
17.119717359542847,0.9999999999999984,-0.4999999999999992,0.7999999999999985,1.0,-0.5,0.8,1.5543122344752192e-15,-7.771561172376096e-16,1.5543122344752192e-15,-12.437491783024022,-3.769919904010294,-1.5124009278308252
17.129714965820312,0.9999999999999984,-0.4999999999999992,0.7999999999999985,1.0,-0.5,0.8,1.5543122344752192e-15,-7.771561172376096e-16,1.5543122344752192e-15,-12.437491783024022,-3.769919904010294,-1.5124009278308252
17.139726161956787,0.9999999999999984,-0.4999999999999992,0.7999999999999985,1.0,-0.5,0.8,1.5543122344752192e-15,-7.771561172376096e-16,1.5543122344752192e-15,-12.437491783024022,-3.769919904010294,-1.5124009278308252
17.149717330932617,0.9999999999999984,-0.4999999999999992,0.7999999999999985,1.0,-0.5,0.8,1.5543122344752192e-15,-7.771561172376096e-16,1.5543122344752192e-15,-12.437491783024022,-3.769919904010294,-1.5124009278308252
17.159744262695312,0.9999999999999984,-0.4999999999999992,0.7999999999999985,1.0,-0.5,0.8,1.5543122344752192e-15,-7.771561172376096e-16,1.5543122344752192e-15,-12.437491783024022,-3.769919904010294,-1.5124009278308252
17.169774055480957,0.9999999999999984,-0.4999999999999992,0.7999999999999985,1.0,-0.5,0.8,1.5543122344752192e-15,-7.771561172376096e-16,1.5543122344752192e-15,-12.437491783024022,-3.769919904010294,-1.5124009278308252
17.179768800735474,0.9999999999999984,-0.4999999999999992,0.7999999999999985,1.0,-0.5,0.8,1.5543122344752192e-15,-7.771561172376096e-16,1.5543122344752192e-15,-12.437491783024022,-3.769919904010294,-1.5124009278308252
17.189801692962646,0.9999999999999984,-0.4999999999999992,0.7999999999999985,1.0,-0.5,0.8,1.5543122344752192e-15,-7.771561172376096e-16,1.5543122344752192e-15,-12.437491783024022,-3.769919904010294,-1.5124009278308252
17.199771881103516,0.9999999999999984,-0.4999999999999992,0.7999999999999985,1.0,-0.5,0.8,1.5543122344752192e-15,-7.771561172376096e-16,1.5543122344752192e-15,-12.437491783024022,-3.769919904010294,-1.5124009278308252
17.209787368774414,0.9999999999999984,-0.4999999999999992,0.7999999999999985,1.0,-0.5,0.8,1.5543122344752192e-15,-7.771561172376096e-16,1.5543122344752192e-15,-12.437491783024022,-3.769919904010294,-1.5124009278308252
17.219836711883545,0.9999999999999984,-0.4999999999999992,0.7999999999999985,1.0,-0.5,0.8,1.5543122344752192e-15,-7.771561172376096e-16,1.5543122344752192e-15,-12.437491783024022,-3.769919904010294,-1.5124009278308252
17.229748010635376,0.9999999999999984,-0.4999999999999992,0.7999999999999985,1.0,-0.5,0.8,1.5543122344752192e-15,-7.771561172376096e-16,1.5543122344752192e-15,-12.437491783024022,-3.769919904010294,-1.5124009278308252
17.23975110054016,0.9999999999999984,-0.4999999999999992,0.7999999999999985,1.0,-0.5,0.8,1.5543122344752192e-15,-7.771561172376096e-16,1.5543122344752192e-15,-12.437491783024022,-3.769919904010294,-1.5124009278308252
17.24974012374878,0.9999999999999984,-0.4999999999999992,0.7999999999999985,1.0,-0.5,0.8,1.5543122344752192e-15,-7.771561172376096e-16,1.5543122344752192e-15,-12.437491783024022,-3.769919904010294,-1.5124009278308252
17.259750843048096,0.9999999999999984,-0.4999999999999992,0.7999999999999985,1.0,-0.5,0.8,1.5543122344752192e-15,-7.771561172376096e-16,1.5543122344752192e-15,-12.437491783024022,-3.769919904010294,-1.5124009278308252
17.26982307434082,0.9999999999999984,-0.4999999999999992,0.7999999999999985,1.0,-0.5,0.8,1.5543122344752192e-15,-7.771561172376096e-16,1.5543122344752192e-15,-12.437491783024022,-3.769919904010294,-1.5124009278308252
17.279731512069702,0.9999999999999984,-0.4999999999999992,0.7999999999999985,1.0,-0.5,0.8,1.5543122344752192e-15,-7.771561172376096e-16,1.5543122344752192e-15,-12.437491783024022,-3.769919904010294,-1.5124009278308252
17.289733171463013,0.9999999999999984,-0.4999999999999992,0.7999999999999985,1.0,-0.5,0.8,1.5543122344752192e-15,-7.771561172376096e-16,1.5543122344752192e-15,-12.437491783024022,-3.769919904010294,-1.5124009278308252
17.2997624874115,0.9999999999999984,-0.4999999999999992,0.7999999999999985,1.0,-0.5,0.8,1.5543122344752192e-15,-7.771561172376096e-16,1.5543122344752192e-15,-12.437491783024022,-3.769919904010294,-1.5124009278308252
17.30976939201355,0.9999999999999984,-0.4999999999999992,0.7999999999999985,1.0,-0.5,0.8,1.5543122344752192e-15,-7.771561172376096e-16,1.5543122344752192e-15,-12.437491783024022,-3.769919904010294,-1.5124009278308252
17.319783687591553,0.9999999999999984,-0.4999999999999992,0.7999999999999985,1.0,-0.5,0.8,1.5543122344752192e-15,-7.771561172376096e-16,1.5543122344752192e-15,-12.437491783024022,-3.769919904010294,-1.5124009278308252
17.32981562614441,0.9999999999999984,-0.4999999999999992,0.7999999999999985,1.0,-0.5,0.8,1.5543122344752192e-15,-7.771561172376096e-16,1.5543122344752192e-15,-12.437491783024022,-3.769919904010294,-1.5124009278308252
17.33978819847107,0.9999999999999984,-0.4999999999999992,0.7999999999999985,1.0,-0.5,0.8,1.5543122344752192e-15,-7.771561172376096e-16,1.5543122344752192e-15,-12.437491783024022,-3.769919904010294,-1.5124009278308252
17.349767923355103,0.9999999999999984,-0.4999999999999992,0.7999999999999985,1.0,-0.5,0.8,1.5543122344752192e-15,-7.771561172376096e-16,1.5543122344752192e-15,-12.437491783024022,-3.769919904010294,-1.5124009278308252
17.35974645614624,0.9999999999999984,-0.4999999999999992,0.7999999999999985,1.0,-0.5,0.8,1.5543122344752192e-15,-7.771561172376096e-16,1.5543122344752192e-15,-12.437491783024022,-3.769919904010294,-1.5124009278308252
17.369808197021484,0.9999999999999984,-0.4999999999999992,0.7999999999999985,1.0,-0.5,0.8,1.5543122344752192e-15,-7.771561172376096e-16,1.5543122344752192e-15,-12.437491783024022,-3.769919904010294,-1.5124009278308252
17.37986993789673,0.9999999999999984,-0.4999999999999992,0.7999999999999985,1.0,-0.5,0.8,1.5543122344752192e-15,-7.771561172376096e-16,1.5543122344752192e-15,-12.437491783024022,-3.769919904010294,-1.5124009278308252
17.38977551460266,0.9999999999999984,-0.4999999999999992,0.7999999999999985,1.0,-0.5,0.8,1.5543122344752192e-15,-7.771561172376096e-16,1.5543122344752192e-15,-12.437491783024022,-3.769919904010294,-1.5124009278308252
17.399839401245117,0.9999999999999984,-0.4999999999999992,0.7999999999999985,1.0,-0.5,0.8,1.5543122344752192e-15,-7.771561172376096e-16,1.5543122344752192e-15,-12.437491783024022,-3.769919904010294,-1.5124009278308252
17.40973663330078,0.9999999999999984,-0.4999999999999992,0.7999999999999985,1.0,-0.5,0.8,1.5543122344752192e-15,-7.771561172376096e-16,1.5543122344752192e-15,-12.437491783024022,-3.769919904010294,-1.5124009278308252
17.419714212417603,0.9999999999999984,-0.4999999999999992,0.7999999999999985,1.0,-0.5,0.8,1.5543122344752192e-15,-7.771561172376096e-16,1.5543122344752192e-15,-12.437491783024022,-3.769919904010294,-1.5124009278308252
17.429757833480835,0.9999999999999984,-0.4999999999999992,0.7999999999999985,1.0,-0.5,0.8,1.5543122344752192e-15,-7.771561172376096e-16,1.5543122344752192e-15,-12.437491783024022,-3.769919904010294,-1.5124009278308252
17.439767360687256,0.9999999999999984,-0.4999999999999992,0.7999999999999985,1.0,-0.5,0.8,1.5543122344752192e-15,-7.771561172376096e-16,1.5543122344752192e-15,-12.437491783024022,-3.769919904010294,-1.5124009278308252
17.449812650680542,0.9999999999999984,-0.4999999999999992,0.7999999999999985,1.0,-0.5,0.8,1.5543122344752192e-15,-7.771561172376096e-16,1.5543122344752192e-15,-12.437491783024022,-3.769919904010294,-1.5124009278308252
17.459823846817017,0.9999999999999984,-0.4999999999999992,0.7999999999999985,1.0,-0.5,0.8,1.5543122344752192e-15,-7.771561172376096e-16,1.5543122344752192e-15,-12.437491783024022,-3.769919904010294,-1.5124009278308252
17.469820976257324,0.9999999999999984,-0.4999999999999992,0.7999999999999985,1.0,-0.5,0.8,1.5543122344752192e-15,-7.771561172376096e-16,1.5543122344752192e-15,-12.437491783024022,-3.769919904010294,-1.5124009278308252
17.47987675666809,0.9999999999999984,-0.4999999999999992,0.7999999999999985,1.0,-0.5,0.8,1.5543122344752192e-15,-7.771561172376096e-16,1.5543122344752192e-15,-12.437491783024022,-3.769919904010294,-1.5124009278308252
17.489829063415527,0.9999999999999984,-0.4999999999999992,0.7999999999999985,1.0,-0.5,0.8,1.5543122344752192e-15,-7.771561172376096e-16,1.5543122344752192e-15,-12.437491783024022,-3.769919904010294,-1.5124009278308252
17.49972367286682,0.9999999999999984,-0.4999999999999992,0.7999999999999985,1.0,-0.5,0.8,1.5543122344752192e-15,-7.771561172376096e-16,1.5543122344752192e-15,-12.437491783024022,-3.769919904010294,-1.5124009278308252
17.509739875793457,0.9999999999999984,-0.4999999999999992,0.7999999999999985,1.0,-0.5,0.8,1.5543122344752192e-15,-7.771561172376096e-16,1.5543122344752192e-15,-12.437491783024022,-3.769919904010294,-1.5124009278308252
17.519729137420654,0.9999999999999984,-0.4999999999999992,0.7999999999999985,1.0,-0.5,0.8,1.5543122344752192e-15,-7.771561172376096e-16,1.5543122344752192e-15,-12.437491783024022,-3.769919904010294,-1.5124009278308252
17.52971625328064,0.9999999999999984,-0.4999999999999992,0.7999999999999985,1.0,-0.5,0.8,1.5543122344752192e-15,-7.771561172376096e-16,1.5543122344752192e-15,-12.437491783024022,-3.769919904010294,-1.5124009278308252
17.539772987365723,0.9999999999999984,-0.4999999999999992,0.7999999999999985,1.0,-0.5,0.8,1.5543122344752192e-15,-7.771561172376096e-16,1.5543122344752192e-15,-12.437491783024022,-3.769919904010294,-1.5124009278308252
17.54979133605957,0.9999999999999984,-0.4999999999999992,0.7999999999999985,1.0,-0.5,0.8,1.5543122344752192e-15,-7.771561172376096e-16,1.5543122344752192e-15,-12.437491783024022,-3.769919904010294,-1.5124009278308252
17.55975842475891,0.9999999999999984,-0.4999999999999992,0.7999999999999985,1.0,-0.5,0.8,1.5543122344752192e-15,-7.771561172376096e-16,1.5543122344752192e-15,-12.437491783024022,-3.769919904010294,-1.5124009278308252
17.569772481918335,0.9999999999999984,-0.4999999999999992,0.7999999999999985,1.0,-0.5,0.8,1.5543122344752192e-15,-7.771561172376096e-16,1.5543122344752192e-15,-12.437491783024022,-3.769919904010294,-1.5124009278308252
17.579837322235107,0.9999999999999984,-0.4999999999999992,0.7999999999999985,1.0,-0.5,0.8,1.5543122344752192e-15,-7.771561172376096e-16,1.5543122344752192e-15,-12.437491783024022,-3.769919904010294,-1.5124009278308252
17.589778423309326,0.9999999999999984,-0.4999999999999992,0.7999999999999985,1.0,-0.5,0.8,1.5543122344752192e-15,-7.771561172376096e-16,1.5543122344752192e-15,-12.437491783024022,-3.769919904010294,-1.5124009278308252
17.59985852241516,0.9999999999999984,-0.4999999999999992,0.7999999999999985,1.0,-0.5,0.8,1.5543122344752192e-15,-7.771561172376096e-16,1.5543122344752192e-15,-12.437491783024022,-3.769919904010294,-1.5124009278308252
17.60979700088501,0.9999999999999984,-0.4999999999999992,0.7999999999999985,1.0,-0.5,0.8,1.5543122344752192e-15,-7.771561172376096e-16,1.5543122344752192e-15,-12.437491783024022,-3.769919904010294,-1.5124009278308252
17.61982250213623,0.9999999999999984,-0.4999999999999992,0.7999999999999985,1.0,-0.5,0.8,1.5543122344752192e-15,-7.771561172376096e-16,1.5543122344752192e-15,-12.437491783024022,-3.769919904010294,-1.5124009278308252
17.629820823669434,0.9999999999999984,-0.4999999999999992,0.7999999999999985,1.0,-0.5,0.8,1.5543122344752192e-15,-7.771561172376096e-16,1.5543122344752192e-15,-12.437491783024022,-3.769919904010294,-1.5124009278308252
17.639836072921753,0.9999999999999984,-0.4999999999999992,0.7999999999999985,1.0,-0.5,0.8,1.5543122344752192e-15,-7.771561172376096e-16,1.5543122344752192e-15,-12.437491783024022,-3.769919904010294,-1.5124009278308252
17.649830102920532,0.9999999999999984,-0.4999999999999992,0.7999999999999985,1.0,-0.5,0.8,1.5543122344752192e-15,-7.771561172376096e-16,1.5543122344752192e-15,-12.437491783024022,-3.769919904010294,-1.5124009278308252
17.659780502319336,0.9999999999999984,-0.4999999999999992,0.7999999999999985,1.0,-0.5,0.8,1.5543122344752192e-15,-7.771561172376096e-16,1.5543122344752192e-15,-12.437491783024022,-3.769919904010294,-1.5124009278308252
17.669798612594604,0.9999999999999984,-0.4999999999999992,0.7999999999999985,1.0,-0.5,0.8,1.5543122344752192e-15,-7.771561172376096e-16,1.5543122344752192e-15,-12.437491783024022,-3.769919904010294,-1.5124009278308252
17.679754734039307,0.9999999999999984,-0.4999999999999992,0.7999999999999985,1.0,-0.5,0.8,1.5543122344752192e-15,-7.771561172376096e-16,1.5543122344752192e-15,-12.437491783024022,-3.769919904010294,-1.5124009278308252
17.689829111099243,0.9999999999999984,-0.4999999999999992,0.7999999999999985,1.0,-0.5,0.8,1.5543122344752192e-15,-7.771561172376096e-16,1.5543122344752192e-15,-12.437491783024022,-3.769919904010294,-1.5124009278308252
17.6998131275177,0.9999999999999984,-0.4999999999999992,0.7999999999999985,1.0,-0.5,0.8,1.5543122344752192e-15,-7.771561172376096e-16,1.5543122344752192e-15,-12.437491783024022,-3.769919904010294,-1.5124009278308252
17.709832906723022,0.9999999999999984,-0.4999999999999992,0.7999999999999985,1.0,-0.5,0.8,1.5543122344752192e-15,-7.771561172376096e-16,1.5543122344752192e-15,-12.437491783024022,-3.769919904010294,-1.5124009278308252
17.719878435134888,0.9999999999999984,-0.4999999999999992,0.7999999999999985,1.0,-0.5,0.8,1.5543122344752192e-15,-7.771561172376096e-16,1.5543122344752192e-15,-12.437491783024022,-3.769919904010294,-1.5124009278308252
17.72978687286377,0.9999999999999984,-0.4999999999999992,0.7999999999999985,1.0,-0.5,0.8,1.5543122344752192e-15,-7.771561172376096e-16,1.5543122344752192e-15,-12.437491783024022,-3.769919904010294,-1.5124009278308252
17.739832401275635,0.9999999999999984,-0.4999999999999992,0.7999999999999985,1.0,-0.5,0.8,1.5543122344752192e-15,-7.771561172376096e-16,1.5543122344752192e-15,-12.437491783024022,-3.769919904010294,-1.5124009278308252
17.749875783920288,0.9999999999999984,-0.4999999999999992,0.7999999999999985,1.0,-0.5,0.8,1.5543122344752192e-15,-7.771561172376096e-16,1.5543122344752192e-15,-12.437491783024022,-3.769919904010294,-1.5124009278308252
17.759838342666626,0.9999999999999984,-0.4999999999999992,0.7999999999999985,1.0,-0.5,0.8,1.5543122344752192e-15,-7.771561172376096e-16,1.5543122344752192e-15,-12.437491783024022,-3.769919904010294,-1.5124009278308252
17.76982617378235,0.9999999999999984,-0.4999999999999992,0.7999999999999985,1.0,-0.5,0.8,1.5543122344752192e-15,-7.771561172376096e-16,1.5543122344752192e-15,-12.437491783024022,-3.769919904010294,-1.5124009278308252
17.779829502105713,0.9999999999999984,-0.4999999999999992,0.7999999999999985,1.0,-0.5,0.8,1.5543122344752192e-15,-7.771561172376096e-16,1.5543122344752192e-15,-12.437491783024022,-3.769919904010294,-1.5124009278308252
17.789750337600708,0.9999999999999984,-0.4999999999999992,0.7999999999999985,1.0,-0.5,0.8,1.5543122344752192e-15,-7.771561172376096e-16,1.5543122344752192e-15,-12.437491783024022,-3.769919904010294,-1.5124009278308252
17.799810647964478,0.9999999999999984,-0.4999999999999992,0.7999999999999985,1.0,-0.5,0.8,1.5543122344752192e-15,-7.771561172376096e-16,1.5543122344752192e-15,-12.437491783024022,-3.769919904010294,-1.5124009278308252
17.809773921966553,0.9999999999999984,-0.4999999999999992,0.7999999999999985,1.0,-0.5,0.8,1.5543122344752192e-15,-7.771561172376096e-16,1.5543122344752192e-15,-12.437491783024022,-3.769919904010294,-1.5124009278308252
17.81981611251831,0.9999999999999984,-0.4999999999999992,0.7999999999999985,1.0,-0.5,0.8,1.5543122344752192e-15,-7.771561172376096e-16,1.5543122344752192e-15,-12.437491783024022,-3.769919904010294,-1.5124009278308252
17.82984757423401,0.9999999999999984,-0.4999999999999992,0.7999999999999985,1.0,-0.5,0.8,1.5543122344752192e-15,-7.771561172376096e-16,1.5543122344752192e-15,-12.437491783024022,-3.769919904010294,-1.5124009278308252
17.83981227874756,0.9999999999999984,-0.4999999999999992,0.7999999999999985,1.0,-0.5,0.8,1.5543122344752192e-15,-7.771561172376096e-16,1.5543122344752192e-15,-12.437491783024022,-3.769919904010294,-1.5124009278308252
17.849895000457764,0.9999999999999984,-0.4999999999999992,0.7999999999999985,1.0,-0.5,0.8,1.5543122344752192e-15,-7.771561172376096e-16,1.5543122344752192e-15,-12.437491783024022,-3.769919904010294,-1.5124009278308252
17.859938859939575,0.9999999999999984,-0.4999999999999992,0.7999999999999985,1.0,-0.5,0.8,1.5543122344752192e-15,-7.771561172376096e-16,1.5543122344752192e-15,-12.437491783024022,-3.769919904010294,-1.5124009278308252
17.86982774734497,0.9999999999999984,-0.4999999999999992,0.7999999999999985,1.0,-0.5,0.8,1.5543122344752192e-15,-7.771561172376096e-16,1.5543122344752192e-15,-12.437491783024022,-3.769919904010294,-1.5124009278308252
17.879828929901123,0.9999999999999984,-0.4999999999999992,0.7999999999999985,1.0,-0.5,0.8,1.5543122344752192e-15,-7.771561172376096e-16,1.5543122344752192e-15,-12.437491783024022,-3.769919904010294,-1.5124009278308252
17.88986897468567,0.9999999999999984,-0.4999999999999992,0.7999999999999985,1.0,-0.5,0.8,1.5543122344752192e-15,-7.771561172376096e-16,1.5543122344752192e-15,-12.437491783024022,-3.769919904010294,-1.5124009278308252
17.89975357055664,0.9999999999999984,-0.4999999999999992,0.7999999999999985,1.0,-0.5,0.8,1.5543122344752192e-15,-7.771561172376096e-16,1.5543122344752192e-15,-12.437491783024022,-3.769919904010294,-1.5124009278308252
17.909807205200195,0.9999999999999984,-0.4999999999999992,0.7999999999999985,1.0,-0.5,0.8,1.5543122344752192e-15,-7.771561172376096e-16,1.5543122344752192e-15,-12.437491783024022,-3.769919904010294,-1.5124009278308252
17.91980767250061,0.9999999999999984,-0.4999999999999992,0.7999999999999985,1.0,-0.5,0.8,1.5543122344752192e-15,-7.771561172376096e-16,1.5543122344752192e-15,-12.437491783024022,-3.769919904010294,-1.5124009278308252
17.929778814315796,0.9999999999999984,-0.4999999999999992,0.7999999999999985,1.0,-0.5,0.8,1.5543122344752192e-15,-7.771561172376096e-16,1.5543122344752192e-15,-12.437491783024022,-3.769919904010294,-1.5124009278308252
17.939863443374634,0.9999999999999984,-0.4999999999999992,0.7999999999999985,1.0,-0.5,0.8,1.5543122344752192e-15,-7.771561172376096e-16,1.5543122344752192e-15,-12.437491783024022,-3.769919904010294,-1.5124009278308252
17.94983458518982,0.9999999999999984,-0.4999999999999992,0.7999999999999985,1.0,-0.5,0.8,1.5543122344752192e-15,-7.771561172376096e-16,1.5543122344752192e-15,-12.437491783024022,-3.769919904010294,-1.5124009278308252
17.95974063873291,0.9999999999999984,-0.4999999999999992,0.7999999999999985,1.0,-0.5,0.8,1.5543122344752192e-15,-7.771561172376096e-16,1.5543122344752192e-15,-12.437491783024022,-3.769919904010294,-1.5124009278308252
17.969801425933838,0.9999999999999984,-0.4999999999999992,0.7999999999999985,1.0,-0.5,0.8,1.5543122344752192e-15,-7.771561172376096e-16,1.5543122344752192e-15,-12.437491783024022,-3.769919904010294,-1.5124009278308252
17.979825019836426,0.9999999999999984,-0.4999999999999992,0.7999999999999985,1.0,-0.5,0.8,1.5543122344752192e-15,-7.771561172376096e-16,1.5543122344752192e-15,-12.437491783024022,-3.769919904010294,-1.5124009278308252
17.989777326583862,0.9999999999999984,-0.4999999999999992,0.7999999999999985,1.0,-0.5,0.8,1.5543122344752192e-15,-7.771561172376096e-16,1.5543122344752192e-15,-12.437491783024022,-3.769919904010294,-1.5124009278308252
17.99980616569519,0.9999999999999984,-0.4999999999999992,0.7999999999999985,1.0,-0.5,0.8,1.5543122344752192e-15,-7.771561172376096e-16,1.5543122344752192e-15,-12.437491783024022,-3.769919904010294,-1.5124009278308252
18.009734869003296,0.9999999999999984,-0.4999999999999992,0.7999999999999985,1.0,-0.5,0.8,1.5543122344752192e-15,-7.771561172376096e-16,1.5543122344752192e-15,-12.437491783024022,-3.769919904010294,-1.5124009278308252
18.019750118255615,0.9999999999999984,-0.4999999999999992,0.7999999999999985,1.0,-0.5,0.8,1.5543122344752192e-15,-7.771561172376096e-16,1.5543122344752192e-15,-12.437491783024022,-3.769919904010294,-1.5124009278308252
18.02976655960083,0.9999999999999984,-0.4999999999999992,0.7999999999999985,1.0,-0.5,0.8,1.5543122344752192e-15,-7.771561172376096e-16,1.5543122344752192e-15,-12.437491783024022,-3.769919904010294,-1.5124009278308252
18.039746522903442,0.9999999999999984,-0.4999999999999992,0.7999999999999985,1.0,-0.5,0.8,1.5543122344752192e-15,-7.771561172376096e-16,1.5543122344752192e-15,-12.437491783024022,-3.769919904010294,-1.5124009278308252
18.049704551696777,0.9999999999999984,-0.4999999999999992,0.7999999999999985,1.0,-0.5,0.8,1.5543122344752192e-15,-7.771561172376096e-16,1.5543122344752192e-15,-12.437491783024022,-3.769919904010294,-1.5124009278308252
18.059776067733765,0.9999999999999984,-0.4999999999999992,0.7999999999999985,1.0,-0.5,0.8,1.5543122344752192e-15,-7.771561172376096e-16,1.5543122344752192e-15,-12.437491783024022,-3.769919904010294,-1.5124009278308252
18.06977391242981,0.9999999999999984,-0.4999999999999992,0.7999999999999985,1.0,-0.5,0.8,1.5543122344752192e-15,-7.771561172376096e-16,1.5543122344752192e-15,-12.437491783024022,-3.769919904010294,-1.5124009278308252
18.07979965209961,0.9999999999999984,-0.4999999999999992,0.7999999999999985,1.0,-0.5,0.8,1.5543122344752192e-15,-7.771561172376096e-16,1.5543122344752192e-15,-12.437491783024022,-3.769919904010294,-1.5124009278308252
18.08979344367981,0.9999999999999984,-0.4999999999999992,0.7999999999999985,1.0,-0.5,0.8,1.5543122344752192e-15,-7.771561172376096e-16,1.5543122344752192e-15,-12.437491783024022,-3.769919904010294,-1.5124009278308252
18.099713563919067,0.9999999999999984,-0.4999999999999992,0.7999999999999985,1.0,-0.5,0.8,1.5543122344752192e-15,-7.771561172376096e-16,1.5543122344752192e-15,-12.437491783024022,-3.769919904010294,-1.5124009278308252
18.10970973968506,0.9999999999999984,-0.4999999999999992,0.7999999999999985,1.0,-0.5,0.8,1.5543122344752192e-15,-7.771561172376096e-16,1.5543122344752192e-15,-12.437491783024022,-3.769919904010294,-1.5124009278308252
18.119726419448853,0.9999999999999984,-0.4999999999999992,0.7999999999999985,1.0,-0.5,0.8,1.5543122344752192e-15,-7.771561172376096e-16,1.5543122344752192e-15,-12.437491783024022,-3.769919904010294,-1.5124009278308252
18.12975764274597,0.9999999999999984,-0.4999999999999992,0.7999999999999985,1.0,-0.5,0.8,1.5543122344752192e-15,-7.771561172376096e-16,1.5543122344752192e-15,-12.437491783024022,-3.769919904010294,-1.5124009278308252
18.13976263999939,0.9999999999999984,-0.4999999999999992,0.7999999999999985,1.0,-0.5,0.8,1.5543122344752192e-15,-7.771561172376096e-16,1.5543122344752192e-15,-12.437491783024022,-3.769919904010294,-1.5124009278308252
18.149773836135864,0.9999999999999984,-0.4999999999999992,0.7999999999999985,1.0,-0.5,0.8,1.5543122344752192e-15,-7.771561172376096e-16,1.5543122344752192e-15,-12.437491783024022,-3.769919904010294,-1.5124009278308252
18.159762620925903,0.9999999999999984,-0.4999999999999992,0.7999999999999985,1.0,-0.5,0.8,1.5543122344752192e-15,-7.771561172376096e-16,1.5543122344752192e-15,-12.437491783024022,-3.769919904010294,-1.5124009278308252
18.169795751571655,0.9999999999999984,-0.4999999999999992,0.7999999999999985,1.0,-0.5,0.8,1.5543122344752192e-15,-7.771561172376096e-16,1.5543122344752192e-15,-12.437491783024022,-3.769919904010294,-1.5124009278308252
18.17980170249939,0.9999999999999984,-0.4999999999999992,0.7999999999999985,1.0,-0.5,0.8,1.5543122344752192e-15,-7.771561172376096e-16,1.5543122344752192e-15,-12.437491783024022,-3.769919904010294,-1.5124009278308252
18.189784288406372,0.9999999999999984,-0.4999999999999992,0.7999999999999985,1.0,-0.5,0.8,1.5543122344752192e-15,-7.771561172376096e-16,1.5543122344752192e-15,-12.437491783024022,-3.769919904010294,-1.5124009278308252
18.199811458587646,0.9999999999999984,-0.4999999999999992,0.7999999999999985,1.0,-0.5,0.8,1.5543122344752192e-15,-7.771561172376096e-16,1.5543122344752192e-15,-12.437491783024022,-3.769919904010294,-1.5124009278308252
18.209789991378784,0.9999999999999984,-0.4999999999999992,0.7999999999999985,1.0,-0.5,0.8,1.5543122344752192e-15,-7.771561172376096e-16,1.5543122344752192e-15,-12.437491783024022,-3.769919904010294,-1.5124009278308252
18.21979308128357,0.9999999999999984,-0.4999999999999992,0.7999999999999985,1.0,-0.5,0.8,1.5543122344752192e-15,-7.771561172376096e-16,1.5543122344752192e-15,-12.437491783024022,-3.769919904010294,-1.5124009278308252
18.229782342910767,0.9999999999999984,-0.4999999999999992,0.7999999999999985,1.0,-0.5,0.8,1.5543122344752192e-15,-7.771561172376096e-16,1.5543122344752192e-15,-12.437491783024022,-3.769919904010294,-1.5124009278308252
18.239707469940186,0.9999999999999984,-0.4999999999999992,0.7999999999999985,1.0,-0.5,0.8,1.5543122344752192e-15,-7.771561172376096e-16,1.5543122344752192e-15,-12.437491783024022,-3.769919904010294,-1.5124009278308252
18.24972105026245,0.9999999999999984,-0.4999999999999992,0.7999999999999985,1.0,-0.5,0.8,1.5543122344752192e-15,-7.771561172376096e-16,1.5543122344752192e-15,-12.437491783024022,-3.769919904010294,-1.5124009278308252
18.259748697280884,0.9999999999999984,-0.4999999999999992,0.7999999999999985,1.0,-0.5,0.8,1.5543122344752192e-15,-7.771561172376096e-16,1.5543122344752192e-15,-12.437491783024022,-3.769919904010294,-1.5124009278308252
18.269760847091675,0.9999999999999984,-0.4999999999999992,0.7999999999999985,1.0,-0.5,0.8,1.5543122344752192e-15,-7.771561172376096e-16,1.5543122344752192e-15,-12.437491783024022,-3.769919904010294,-1.5124009278308252
18.279784202575684,0.9999999999999984,-0.4999999999999992,0.7999999999999985,1.0,-0.5,0.8,1.5543122344752192e-15,-7.771561172376096e-16,1.5543122344752192e-15,-12.437491783024022,-3.769919904010294,-1.5124009278308252
18.289737462997437,0.9999999999999984,-0.4999999999999992,0.7999999999999985,1.0,-0.5,0.8,1.5543122344752192e-15,-7.771561172376096e-16,1.5543122344752192e-15,-12.437491783024022,-3.769919904010294,-1.5124009278308252
18.299722909927368,0.9999999999999984,-0.4999999999999992,0.7999999999999985,1.0,-0.5,0.8,1.5543122344752192e-15,-7.771561172376096e-16,1.5543122344752192e-15,-12.437491783024022,-3.769919904010294,-1.5124009278308252
18.309744596481323,0.9999999999999984,-0.4999999999999992,0.7999999999999985,1.0,-0.5,0.8,1.5543122344752192e-15,-7.771561172376096e-16,1.5543122344752192e-15,-12.437491783024022,-3.769919904010294,-1.5124009278308252
18.319742679595947,0.9999999999999984,-0.4999999999999992,0.7999999999999985,1.0,-0.5,0.8,1.5543122344752192e-15,-7.771561172376096e-16,1.5543122344752192e-15,-12.437491783024022,-3.769919904010294,-1.5124009278308252
18.329793691635132,0.9999999999999984,-0.4999999999999992,0.7999999999999985,1.0,-0.5,0.8,1.5543122344752192e-15,-7.771561172376096e-16,1.5543122344752192e-15,-12.437491783024022,-3.769919904010294,-1.5124009278308252
18.339866161346436,0.9999999999999984,-0.4999999999999992,0.7999999999999985,1.0,-0.5,0.8,1.5543122344752192e-15,-7.771561172376096e-16,1.5543122344752192e-15,-12.437491783024022,-3.769919904010294,-1.5124009278308252
18.349791765213013,0.9999999999999984,-0.4999999999999992,0.7999999999999985,1.0,-0.5,0.8,1.5543122344752192e-15,-7.771561172376096e-16,1.5543122344752192e-15,-12.437491783024022,-3.769919904010294,-1.5124009278308252
18.359793663024902,0.9999999999999984,-0.4999999999999992,0.7999999999999985,1.0,-0.5,0.8,1.5543122344752192e-15,-7.771561172376096e-16,1.5543122344752192e-15,-12.437491783024022,-3.769919904010294,-1.5124009278308252
18.36972737312317,0.9999999999999984,-0.4999999999999992,0.7999999999999985,1.0,-0.5,0.8,1.5543122344752192e-15,-7.771561172376096e-16,1.5543122344752192e-15,-12.437491783024022,-3.769919904010294,-1.5124009278308252
18.379770040512085,0.9999999999999984,-0.4999999999999992,0.7999999999999985,1.0,-0.5,0.8,1.5543122344752192e-15,-7.771561172376096e-16,1.5543122344752192e-15,-12.437491783024022,-3.769919904010294,-1.5124009278308252
18.389806270599365,0.9999999999999984,-0.4999999999999992,0.7999999999999985,1.0,-0.5,0.8,1.5543122344752192e-15,-7.771561172376096e-16,1.5543122344752192e-15,-12.437491783024022,-3.769919904010294,-1.5124009278308252
18.399824142456055,0.9999999999999984,-0.4999999999999992,0.7999999999999985,1.0,-0.5,0.8,1.5543122344752192e-15,-7.771561172376096e-16,1.5543122344752192e-15,-12.437491783024022,-3.769919904010294,-1.5124009278308252
18.40977954864502,0.9999999999999984,-0.4999999999999992,0.7999999999999985,1.0,-0.5,0.8,1.5543122344752192e-15,-7.771561172376096e-16,1.5543122344752192e-15,-12.437491783024022,-3.769919904010294,-1.5124009278308252
18.419753313064575,0.9999999999999984,-0.4999999999999992,0.7999999999999985,1.0,-0.5,0.8,1.5543122344752192e-15,-7.771561172376096e-16,1.5543122344752192e-15,-12.437491783024022,-3.769919904010294,-1.5124009278308252
18.429755687713623,0.9999999999999984,-0.4999999999999992,0.7999999999999985,1.0,-0.5,0.8,1.5543122344752192e-15,-7.771561172376096e-16,1.5543122344752192e-15,-12.437491783024022,-3.769919904010294,-1.5124009278308252
18.43986678123474,0.9999999999999984,-0.4999999999999992,0.7999999999999985,1.0,-0.5,0.8,1.5543122344752192e-15,-7.771561172376096e-16,1.5543122344752192e-15,-12.437491783024022,-3.769919904010294,-1.5124009278308252
18.449836254119873,0.9999999999999984,-0.4999999999999992,0.7999999999999985,1.0,-0.5,0.8,1.5543122344752192e-15,-7.771561172376096e-16,1.5543122344752192e-15,-12.437491783024022,-3.769919904010294,-1.5124009278308252
18.45980405807495,0.9999999999999984,-0.4999999999999992,0.7999999999999985,1.0,-0.5,0.8,1.5543122344752192e-15,-7.771561172376096e-16,1.5543122344752192e-15,-12.437491783024022,-3.769919904010294,-1.5124009278308252
18.469825983047485,0.9999999999999984,-0.4999999999999992,0.7999999999999985,1.0,-0.5,0.8,1.5543122344752192e-15,-7.771561172376096e-16,1.5543122344752192e-15,-12.437491783024022,-3.769919904010294,-1.5124009278308252
18.47987413406372,0.9999999999999984,-0.4999999999999992,0.7999999999999985,1.0,-0.5,0.8,1.5543122344752192e-15,-7.771561172376096e-16,1.5543122344752192e-15,-12.437491783024022,-3.769919904010294,-1.5124009278308252
18.48982548713684,0.9999999999999984,-0.4999999999999992,0.7999999999999985,1.0,-0.5,0.8,1.5543122344752192e-15,-7.771561172376096e-16,1.5543122344752192e-15,-12.437491783024022,-3.769919904010294,-1.5124009278308252
18.49978518486023,0.9999999999999984,-0.4999999999999992,0.7999999999999985,1.0,-0.5,0.8,1.5543122344752192e-15,-7.771561172376096e-16,1.5543122344752192e-15,-12.437491783024022,-3.769919904010294,-1.5124009278308252
18.509727954864502,0.9999999999999984,-0.4999999999999992,0.7999999999999985,1.0,-0.5,0.8,1.5543122344752192e-15,-7.771561172376096e-16,1.5543122344752192e-15,-12.437491783024022,-3.769919904010294,-1.5124009278308252
18.51973271369934,0.9999999999999984,-0.4999999999999992,0.7999999999999985,1.0,-0.5,0.8,1.5543122344752192e-15,-7.771561172376096e-16,1.5543122344752192e-15,-12.437491783024022,-3.769919904010294,-1.5124009278308252
18.529724597930908,0.9999999999999984,-0.4999999999999992,0.7999999999999985,1.0,-0.5,0.8,1.5543122344752192e-15,-7.771561172376096e-16,1.5543122344752192e-15,-12.437491783024022,-3.769919904010294,-1.5124009278308252
18.53977656364441,0.9999999999999984,-0.4999999999999992,0.7999999999999985,1.0,-0.5,0.8,1.5543122344752192e-15,-7.771561172376096e-16,1.5543122344752192e-15,-12.437491783024022,-3.769919904010294,-1.5124009278308252
18.54974102973938,0.9999999999999984,-0.4999999999999992,0.7999999999999985,1.0,-0.5,0.8,1.5543122344752192e-15,-7.771561172376096e-16,1.5543122344752192e-15,-12.437491783024022,-3.769919904010294,-1.5124009278308252
18.559722900390625,0.9999999999999984,-0.4999999999999992,0.7999999999999985,1.0,-0.5,0.8,1.5543122344752192e-15,-7.771561172376096e-16,1.5543122344752192e-15,-12.437491783024022,-3.769919904010294,-1.5124009278308252
18.569732189178467,0.9999999999999984,-0.4999999999999992,0.7999999999999985,1.0,-0.5,0.8,1.5543122344752192e-15,-7.771561172376096e-16,1.5543122344752192e-15,-12.437491783024022,-3.769919904010294,-1.5124009278308252
18.579789400100708,0.9999999999999984,-0.4999999999999992,0.7999999999999985,1.0,-0.5,0.8,1.5543122344752192e-15,-7.771561172376096e-16,1.5543122344752192e-15,-12.437491783024022,-3.769919904010294,-1.5124009278308252
18.58980131149292,0.9999999999999984,-0.4999999999999992,0.7999999999999985,1.0,-0.5,0.8,1.5543122344752192e-15,-7.771561172376096e-16,1.5543122344752192e-15,-12.437491783024022,-3.769919904010294,-1.5124009278308252
18.599761247634888,0.9999999999999984,-0.4999999999999992,0.7999999999999985,1.0,-0.5,0.8,1.5543122344752192e-15,-7.771561172376096e-16,1.5543122344752192e-15,-12.437491783024022,-3.769919904010294,-1.5124009278308252
18.60974407196045,0.9999999999999984,-0.4999999999999992,0.7999999999999985,1.0,-0.5,0.8,1.5543122344752192e-15,-7.771561172376096e-16,1.5543122344752192e-15,-12.437491783024022,-3.769919904010294,-1.5124009278308252
18.619887351989746,0.9999999999999984,-0.4999999999999992,0.7999999999999985,1.0,-0.5,0.8,1.5543122344752192e-15,-7.771561172376096e-16,1.5543122344752192e-15,-12.437491783024022,-3.769919904010294,-1.5124009278308252
18.629703760147095,0.9999999999999984,-0.4999999999999992,0.7999999999999985,1.0,-0.5,0.8,1.5543122344752192e-15,-7.771561172376096e-16,1.5543122344752192e-15,-12.437491783024022,-3.769919904010294,-1.5124009278308252
18.6397488117218,0.9999999999999984,-0.4999999999999992,0.7999999999999985,1.0,-0.5,0.8,1.5543122344752192e-15,-7.771561172376096e-16,1.5543122344752192e-15,-12.437491783024022,-3.769919904010294,-1.5124009278308252
18.64978528022766,0.9999999999999984,-0.4999999999999992,0.7999999999999985,1.0,-0.5,0.8,1.5543122344752192e-15,-7.771561172376096e-16,1.5543122344752192e-15,-12.437491783024022,-3.769919904010294,-1.5124009278308252
18.659777879714966,0.9999999999999984,-0.4999999999999992,0.7999999999999985,1.0,-0.5,0.8,1.5543122344752192e-15,-7.771561172376096e-16,1.5543122344752192e-15,-12.437491783024022,-3.769919904010294,-1.5124009278308252
18.669777870178223,0.9999999999999984,-0.4999999999999992,0.7999999999999985,1.0,-0.5,0.8,1.5543122344752192e-15,-7.771561172376096e-16,1.5543122344752192e-15,-12.437491783024022,-3.769919904010294,-1.5124009278308252
18.679793119430542,0.9999999999999984,-0.4999999999999992,0.7999999999999985,1.0,-0.5,0.8,1.5543122344752192e-15,-7.771561172376096e-16,1.5543122344752192e-15,-12.437491783024022,-3.769919904010294,-1.5124009278308252
18.68976664543152,0.9999999999999984,-0.4999999999999992,0.7999999999999985,1.0,-0.5,0.8,1.5543122344752192e-15,-7.771561172376096e-16,1.5543122344752192e-15,-12.437491783024022,-3.769919904010294,-1.5124009278308252
18.69986319541931,0.9999999999999984,-0.4999999999999992,0.7999999999999985,1.0,-0.5,0.8,1.5543122344752192e-15,-7.771561172376096e-16,1.5543122344752192e-15,-12.437491783024022,-3.769919904010294,-1.5124009278308252
18.709796667099,0.9999999999999984,-0.4999999999999992,0.7999999999999985,1.0,-0.5,0.8,1.5543122344752192e-15,-7.771561172376096e-16,1.5543122344752192e-15,-12.437491783024022,-3.769919904010294,-1.5124009278308252
18.71975827217102,0.9999999999999984,-0.4999999999999992,0.7999999999999985,1.0,-0.5,0.8,1.5543122344752192e-15,-7.771561172376096e-16,1.5543122344752192e-15,-12.437491783024022,-3.769919904010294,-1.5124009278308252
18.729816198349,0.9999999999999984,-0.4999999999999992,0.7999999999999985,1.0,-0.5,0.8,1.5543122344752192e-15,-7.771561172376096e-16,1.5543122344752192e-15,-12.437491783024022,-3.769919904010294,-1.5124009278308252
18.73980164527893,0.9999999999999984,-0.4999999999999992,0.7999999999999985,1.0,-0.5,0.8,1.5543122344752192e-15,-7.771561172376096e-16,1.5543122344752192e-15,-12.437491783024022,-3.769919904010294,-1.5124009278308252
18.7497661113739,0.9999999999999984,-0.4999999999999992,0.7999999999999985,1.0,-0.5,0.8,1.5543122344752192e-15,-7.771561172376096e-16,1.5543122344752192e-15,-12.437491783024022,-3.769919904010294,-1.5124009278308252
18.759806156158447,0.9999999999999984,-0.4999999999999992,0.7999999999999985,1.0,-0.5,0.8,1.5543122344752192e-15,-7.771561172376096e-16,1.5543122344752192e-15,-12.437491783024022,-3.769919904010294,-1.5124009278308252
18.769827365875244,0.9999999999999984,-0.4999999999999992,0.7999999999999985,1.0,-0.5,0.8,1.5543122344752192e-15,-7.771561172376096e-16,1.5543122344752192e-15,-12.437491783024022,-3.769919904010294,-1.5124009278308252
18.77980947494507,0.9999999999999984,-0.4999999999999992,0.7999999999999985,1.0,-0.5,0.8,1.5543122344752192e-15,-7.771561172376096e-16,1.5543122344752192e-15,-12.437491783024022,-3.769919904010294,-1.5124009278308252
18.789852619171143,0.9999999999999984,-0.4999999999999992,0.7999999999999985,1.0,-0.5,0.8,1.5543122344752192e-15,-7.771561172376096e-16,1.5543122344752192e-15,-12.437491783024022,-3.769919904010294,-1.5124009278308252
18.799768209457397,0.9999999999999984,-0.4999999999999992,0.7999999999999985,1.0,-0.5,0.8,1.5543122344752192e-15,-7.771561172376096e-16,1.5543122344752192e-15,-12.437491783024022,-3.769919904010294,-1.5124009278308252
18.80976915359497,0.9999999999999984,-0.4999999999999992,0.7999999999999985,1.0,-0.5,0.8,1.5543122344752192e-15,-7.771561172376096e-16,1.5543122344752192e-15,-12.437491783024022,-3.769919904010294,-1.5124009278308252
18.81978416442871,0.9999999999999984,-0.4999999999999992,0.7999999999999985,1.0,-0.5,0.8,1.5543122344752192e-15,-7.771561172376096e-16,1.5543122344752192e-15,-12.437491783024022,-3.769919904010294,-1.5124009278308252
18.829763650894165,0.9999999999999984,-0.4999999999999992,0.7999999999999985,1.0,-0.5,0.8,1.5543122344752192e-15,-7.771561172376096e-16,1.5543122344752192e-15,-12.437491783024022,-3.769919904010294,-1.5124009278308252
18.839762926101685,0.9999999999999984,-0.4999999999999992,0.7999999999999985,1.0,-0.5,0.8,1.5543122344752192e-15,-7.771561172376096e-16,1.5543122344752192e-15,-12.437491783024022,-3.769919904010294,-1.5124009278308252
18.849753379821777,0.9999999999999984,-0.4999999999999992,0.7999999999999985,1.0,-0.5,0.8,1.5543122344752192e-15,-7.771561172376096e-16,1.5543122344752192e-15,-12.437491783024022,-3.769919904010294,-1.5124009278308252
18.859760522842407,0.9999999999999984,-0.4999999999999992,0.7999999999999985,1.0,-0.5,0.8,1.5543122344752192e-15,-7.771561172376096e-16,1.5543122344752192e-15,-12.437491783024022,-3.769919904010294,-1.5124009278308252
18.869757175445557,0.9999999999999984,-0.4999999999999992,0.7999999999999985,1.0,-0.5,0.8,1.5543122344752192e-15,-7.771561172376096e-16,1.5543122344752192e-15,-12.437491783024022,-3.769919904010294,-1.5124009278308252
18.879744052886963,0.9999999999999984,-0.4999999999999992,0.7999999999999985,1.0,-0.5,0.8,1.5543122344752192e-15,-7.771561172376096e-16,1.5543122344752192e-15,-12.437491783024022,-3.769919904010294,-1.5124009278308252
18.889755725860596,0.9999999999999984,-0.4999999999999992,0.7999999999999985,1.0,-0.5,0.8,1.5543122344752192e-15,-7.771561172376096e-16,1.5543122344752192e-15,-12.437491783024022,-3.769919904010294,-1.5124009278308252
18.89979362487793,0.9999999999999984,-0.4999999999999992,0.7999999999999985,1.0,-0.5,0.8,1.5543122344752192e-15,-7.771561172376096e-16,1.5543122344752192e-15,-12.437491783024022,-3.769919904010294,-1.5124009278308252
18.909775495529175,0.9999999999999984,-0.4999999999999992,0.7999999999999985,1.0,-0.5,0.8,1.5543122344752192e-15,-7.771561172376096e-16,1.5543122344752192e-15,-12.437491783024022,-3.769919904010294,-1.5124009278308252
18.919742107391357,0.9999999999999984,-0.4999999999999992,0.7999999999999985,1.0,-0.5,0.8,1.5543122344752192e-15,-7.771561172376096e-16,1.5543122344752192e-15,-12.437491783024022,-3.769919904010294,-1.5124009278308252
18.92978024482727,0.9999999999999984,-0.4999999999999992,0.7999999999999985,1.0,-0.5,0.8,1.5543122344752192e-15,-7.771561172376096e-16,1.5543122344752192e-15,-12.437491783024022,-3.769919904010294,-1.5124009278308252
18.93979239463806,0.9999999999999984,-0.4999999999999992,0.7999999999999985,1.0,-0.5,0.8,1.5543122344752192e-15,-7.771561172376096e-16,1.5543122344752192e-15,-12.437491783024022,-3.769919904010294,-1.5124009278308252
18.94976782798767,0.9999999999999984,-0.4999999999999992,0.7999999999999985,1.0,-0.5,0.8,1.5543122344752192e-15,-7.771561172376096e-16,1.5543122344752192e-15,-12.437491783024022,-3.769919904010294,-1.5124009278308252
18.959802865982056,0.9999999999999984,-0.4999999999999992,0.7999999999999985,1.0,-0.5,0.8,1.5543122344752192e-15,-7.771561172376096e-16,1.5543122344752192e-15,-12.437491783024022,-3.769919904010294,-1.5124009278308252
18.9697687625885,0.9999999999999984,-0.4999999999999992,0.7999999999999985,1.0,-0.5,0.8,1.5543122344752192e-15,-7.771561172376096e-16,1.5543122344752192e-15,-12.437491783024022,-3.769919904010294,-1.5124009278308252
18.979790925979614,0.9999999999999984,-0.4999999999999992,0.7999999999999985,1.0,-0.5,0.8,1.5543122344752192e-15,-7.771561172376096e-16,1.5543122344752192e-15,-12.437491783024022,-3.769919904010294,-1.5124009278308252
18.989770650863647,0.9999999999999984,-0.4999999999999992,0.7999999999999985,1.0,-0.5,0.8,1.5543122344752192e-15,-7.771561172376096e-16,1.5543122344752192e-15,-12.437491783024022,-3.769919904010294,-1.5124009278308252
18.999780893325806,0.9999999999999984,-0.4999999999999992,0.7999999999999985,1.0,-0.5,0.8,1.5543122344752192e-15,-7.771561172376096e-16,1.5543122344752192e-15,-12.437491783024022,-3.769919904010294,-1.5124009278308252
19.00977897644043,0.9999999999999984,-0.4999999999999992,0.7999999999999985,1.0,-0.5,0.8,1.5543122344752192e-15,-7.771561172376096e-16,1.5543122344752192e-15,-12.437491783024022,-3.769919904010294,-1.5124009278308252
19.019729375839233,0.9999999999999984,-0.4999999999999992,0.7999999999999985,1.0,-0.5,0.8,1.5543122344752192e-15,-7.771561172376096e-16,1.5543122344752192e-15,-12.437491783024022,-3.769919904010294,-1.5124009278308252
19.029695749282837,0.9999999999999984,-0.4999999999999992,0.7999999999999985,1.0,-0.5,0.8,1.5543122344752192e-15,-7.771561172376096e-16,1.5543122344752192e-15,-12.437491783024022,-3.769919904010294,-1.5124009278308252
19.039763689041138,0.9999999999999984,-0.4999999999999992,0.7999999999999985,1.0,-0.5,0.8,1.5543122344752192e-15,-7.771561172376096e-16,1.5543122344752192e-15,-12.437491783024022,-3.769919904010294,-1.5124009278308252
19.049758195877075,0.9999999999999984,-0.4999999999999992,0.7999999999999985,1.0,-0.5,0.8,1.5543122344752192e-15,-7.771561172376096e-16,1.5543122344752192e-15,-12.437491783024022,-3.769919904010294,-1.5124009278308252
19.059763431549072,0.9999999999999984,-0.4999999999999992,0.7999999999999985,1.0,-0.5,0.8,1.5543122344752192e-15,-7.771561172376096e-16,1.5543122344752192e-15,-12.437491783024022,-3.769919904010294,-1.5124009278308252
19.069803953170776,0.9999999999999984,-0.4999999999999992,0.7999999999999985,1.0,-0.5,0.8,1.5543122344752192e-15,-7.771561172376096e-16,1.5543122344752192e-15,-12.437491783024022,-3.769919904010294,-1.5124009278308252
19.079806566238403,0.9999999999999984,-0.4999999999999992,0.7999999999999985,1.0,-0.5,0.8,1.5543122344752192e-15,-7.771561172376096e-16,1.5543122344752192e-15,-12.437491783024022,-3.769919904010294,-1.5124009278308252
19.08980417251587,0.9999999999999984,-0.4999999999999992,0.7999999999999985,1.0,-0.5,0.8,1.5543122344752192e-15,-7.771561172376096e-16,1.5543122344752192e-15,-12.437491783024022,-3.769919904010294,-1.5124009278308252
19.099777936935425,0.9999999999999984,-0.4999999999999992,0.7999999999999985,1.0,-0.5,0.8,1.5543122344752192e-15,-7.771561172376096e-16,1.5543122344752192e-15,-12.437491783024022,-3.769919904010294,-1.5124009278308252
19.109760284423828,0.9999999999999984,-0.4999999999999992,0.7999999999999985,1.0,-0.5,0.8,1.5543122344752192e-15,-7.771561172376096e-16,1.5543122344752192e-15,-12.437491783024022,-3.769919904010294,-1.5124009278308252
19.119811296463013,0.9999999999999984,-0.4999999999999992,0.7999999999999985,1.0,-0.5,0.8,1.5543122344752192e-15,-7.771561172376096e-16,1.5543122344752192e-15,-12.437491783024022,-3.769919904010294,-1.5124009278308252
19.129750728607178,0.9999999999999984,-0.4999999999999992,0.7999999999999985,1.0,-0.5,0.8,1.5543122344752192e-15,-7.771561172376096e-16,1.5543122344752192e-15,-12.437491783024022,-3.769919904010294,-1.5124009278308252
19.13970446586609,0.9999999999999984,-0.4999999999999992,0.7999999999999985,1.0,-0.5,0.8,1.5543122344752192e-15,-7.771561172376096e-16,1.5543122344752192e-15,-12.437491783024022,-3.769919904010294,-1.5124009278308252
19.14975929260254,0.9999999999999984,-0.4999999999999992,0.7999999999999985,1.0,-0.5,0.8,1.5543122344752192e-15,-7.771561172376096e-16,1.5543122344752192e-15,-12.437491783024022,-3.769919904010294,-1.5124009278308252
19.159764289855957,0.9999999999999984,-0.4999999999999992,0.7999999999999985,1.0,-0.5,0.8,1.5543122344752192e-15,-7.771561172376096e-16,1.5543122344752192e-15,-12.437491783024022,-3.769919904010294,-1.5124009278308252
19.16971707344055,0.9999999999999984,-0.4999999999999992,0.7999999999999985,1.0,-0.5,0.8,1.5543122344752192e-15,-7.771561172376096e-16,1.5543122344752192e-15,-12.437491783024022,-3.769919904010294,-1.5124009278308252
19.17971396446228,0.9999999999999984,-0.4999999999999992,0.7999999999999985,1.0,-0.5,0.8,1.5543122344752192e-15,-7.771561172376096e-16,1.5543122344752192e-15,-12.437491783024022,-3.769919904010294,-1.5124009278308252
19.189725399017334,0.9999999999999984,-0.4999999999999992,0.7999999999999985,1.0,-0.5,0.8,1.5543122344752192e-15,-7.771561172376096e-16,1.5543122344752192e-15,-12.437491783024022,-3.769919904010294,-1.5124009278308252
19.199723958969116,0.9999999999999984,-0.4999999999999992,0.7999999999999985,1.0,-0.5,0.8,1.5543122344752192e-15,-7.771561172376096e-16,1.5543122344752192e-15,-12.437491783024022,-3.769919904010294,-1.5124009278308252
19.2096951007843,0.9999999999999984,-0.4999999999999992,0.7999999999999985,1.0,-0.5,0.8,1.5543122344752192e-15,-7.771561172376096e-16,1.5543122344752192e-15,-12.437491783024022,-3.769919904010294,-1.5124009278308252
19.219717025756836,0.9999999999999984,-0.4999999999999992,0.7999999999999985,1.0,-0.5,0.8,1.5543122344752192e-15,-7.771561172376096e-16,1.5543122344752192e-15,-12.437491783024022,-3.769919904010294,-1.5124009278308252
19.229726552963257,0.9999999999999984,-0.4999999999999992,0.7999999999999985,1.0,-0.5,0.8,1.5543122344752192e-15,-7.771561172376096e-16,1.5543122344752192e-15,-12.437491783024022,-3.769919904010294,-1.5124009278308252
19.239728927612305,0.9999999999999984,-0.4999999999999992,0.7999999999999985,1.0,-0.5,0.8,1.5543122344752192e-15,-7.771561172376096e-16,1.5543122344752192e-15,-12.437491783024022,-3.769919904010294,-1.5124009278308252
19.24972701072693,0.9999999999999984,-0.4999999999999992,0.7999999999999985,1.0,-0.5,0.8,1.5543122344752192e-15,-7.771561172376096e-16,1.5543122344752192e-15,-12.437491783024022,-3.769919904010294,-1.5124009278308252
19.259748697280884,0.9999999999999984,-0.4999999999999992,0.7999999999999985,1.0,-0.5,0.8,1.5543122344752192e-15,-7.771561172376096e-16,1.5543122344752192e-15,-12.437491783024022,-3.769919904010294,-1.5124009278308252
19.269721746444702,0.9999999999999984,-0.4999999999999992,0.7999999999999985,1.0,-0.5,0.8,1.5543122344752192e-15,-7.771561172376096e-16,1.5543122344752192e-15,-12.437491783024022,-3.769919904010294,-1.5124009278308252
19.279727935791016,0.9999999999999984,-0.4999999999999992,0.7999999999999985,1.0,-0.5,0.8,1.5543122344752192e-15,-7.771561172376096e-16,1.5543122344752192e-15,-12.437491783024022,-3.769919904010294,-1.5124009278308252
19.28971576690674,0.9999999999999984,-0.4999999999999992,0.7999999999999985,1.0,-0.5,0.8,1.5543122344752192e-15,-7.771561172376096e-16,1.5543122344752192e-15,-12.437491783024022,-3.769919904010294,-1.5124009278308252
19.299724102020264,0.9999999999999984,-0.4999999999999992,0.7999999999999985,1.0,-0.5,0.8,1.5543122344752192e-15,-7.771561172376096e-16,1.5543122344752192e-15,-12.437491783024022,-3.769919904010294,-1.5124009278308252
19.30974793434143,0.9999999999999984,-0.4999999999999992,0.7999999999999985,1.0,-0.5,0.8,1.5543122344752192e-15,-7.771561172376096e-16,1.5543122344752192e-15,-12.437491783024022,-3.769919904010294,-1.5124009278308252
19.31973123550415,0.9999999999999984,-0.4999999999999992,0.7999999999999985,1.0,-0.5,0.8,1.5543122344752192e-15,-7.771561172376096e-16,1.5543122344752192e-15,-12.437491783024022,-3.769919904010294,-1.5124009278308252
19.329715967178345,0.9999999999999984,-0.4999999999999992,0.7999999999999985,1.0,-0.5,0.8,1.5543122344752192e-15,-7.771561172376096e-16,1.5543122344752192e-15,-12.437491783024022,-3.769919904010294,-1.5124009278308252
19.339734077453613,0.9999999999999984,-0.4999999999999992,0.7999999999999985,1.0,-0.5,0.8,1.5543122344752192e-15,-7.771561172376096e-16,1.5543122344752192e-15,-12.437491783024022,-3.769919904010294,-1.5124009278308252
19.349732875823975,0.9999999999999984,-0.4999999999999992,0.7999999999999985,1.0,-0.5,0.8,1.5543122344752192e-15,-7.771561172376096e-16,1.5543122344752192e-15,-12.437491783024022,-3.769919904010294,-1.5124009278308252
19.359724044799805,0.9999999999999984,-0.4999999999999992,0.7999999999999985,1.0,-0.5,0.8,1.5543122344752192e-15,-7.771561172376096e-16,1.5543122344752192e-15,-12.437491783024022,-3.769919904010294,-1.5124009278308252
19.369749546051025,0.9999999999999984,-0.4999999999999992,0.7999999999999985,1.0,-0.5,0.8,1.5543122344752192e-15,-7.771561172376096e-16,1.5543122344752192e-15,-12.437491783024022,-3.769919904010294,-1.5124009278308252
19.379759550094604,0.9999999999999984,-0.4999999999999992,0.7999999999999985,1.0,-0.5,0.8,1.5543122344752192e-15,-7.771561172376096e-16,1.5543122344752192e-15,-12.437491783024022,-3.769919904010294,-1.5124009278308252
19.389758586883545,0.9999999999999984,-0.4999999999999992,0.7999999999999985,1.0,-0.5,0.8,1.5543122344752192e-15,-7.771561172376096e-16,1.5543122344752192e-15,-12.437491783024022,-3.769919904010294,-1.5124009278308252
19.399758338928223,0.9999999999999984,-0.4999999999999992,0.7999999999999985,1.0,-0.5,0.8,1.5543122344752192e-15,-7.771561172376096e-16,1.5543122344752192e-15,-12.437491783024022,-3.769919904010294,-1.5124009278308252
19.409730911254883,0.9999999999999984,-0.4999999999999992,0.7999999999999985,1.0,-0.5,0.8,1.5543122344752192e-15,-7.771561172376096e-16,1.5543122344752192e-15,-12.437491783024022,-3.769919904010294,-1.5124009278308252
19.419715404510498,0.9999999999999984,-0.4999999999999992,0.7999999999999985,1.0,-0.5,0.8,1.5543122344752192e-15,-7.771561172376096e-16,1.5543122344752192e-15,-12.437491783024022,-3.769919904010294,-1.5124009278308252
19.429786205291748,0.9999999999999984,-0.4999999999999992,0.7999999999999985,1.0,-0.5,0.8,1.5543122344752192e-15,-7.771561172376096e-16,1.5543122344752192e-15,-12.437491783024022,-3.769919904010294,-1.5124009278308252
19.43979573249817,0.9999999999999984,-0.4999999999999992,0.7999999999999985,1.0,-0.5,0.8,1.5543122344752192e-15,-7.771561172376096e-16,1.5543122344752192e-15,-12.437491783024022,-3.769919904010294,-1.5124009278308252
19.449826955795288,0.9999999999999984,-0.4999999999999992,0.7999999999999985,1.0,-0.5,0.8,1.5543122344752192e-15,-7.771561172376096e-16,1.5543122344752192e-15,-12.437491783024022,-3.769919904010294,-1.5124009278308252
19.459847450256348,0.9999999999999984,-0.4999999999999992,0.7999999999999985,1.0,-0.5,0.8,1.5543122344752192e-15,-7.771561172376096e-16,1.5543122344752192e-15,-12.437491783024022,-3.769919904010294,-1.5124009278308252
19.469850540161133,0.9999999999999984,-0.4999999999999992,0.7999999999999985,1.0,-0.5,0.8,1.5543122344752192e-15,-7.771561172376096e-16,1.5543122344752192e-15,-12.437491783024022,-3.769919904010294,-1.5124009278308252
19.47985339164734,0.9999999999999984,-0.4999999999999992,0.7999999999999985,1.0,-0.5,0.8,1.5543122344752192e-15,-7.771561172376096e-16,1.5543122344752192e-15,-12.437491783024022,-3.769919904010294,-1.5124009278308252
19.48993945121765,0.9999999999999984,-0.4999999999999992,0.7999999999999985,1.0,-0.5,0.8,1.5543122344752192e-15,-7.771561172376096e-16,1.5543122344752192e-15,-12.437491783024022,-3.769919904010294,-1.5124009278308252
19.499781370162964,0.9999999999999984,-0.4999999999999992,0.7999999999999985,1.0,-0.5,0.8,1.5543122344752192e-15,-7.771561172376096e-16,1.5543122344752192e-15,-12.437491783024022,-3.769919904010294,-1.5124009278308252
19.50977897644043,0.9999999999999984,-0.4999999999999992,0.7999999999999985,1.0,-0.5,0.8,1.5543122344752192e-15,-7.771561172376096e-16,1.5543122344752192e-15,-12.437491783024022,-3.769919904010294,-1.5124009278308252
19.519789695739746,0.9999999999999984,-0.4999999999999992,0.7999999999999985,1.0,-0.5,0.8,1.5543122344752192e-15,-7.771561172376096e-16,1.5543122344752192e-15,-12.437491783024022,-3.769919904010294,-1.5124009278308252
19.529744863510132,0.9999999999999984,-0.4999999999999992,0.7999999999999985,1.0,-0.5,0.8,1.5543122344752192e-15,-7.771561172376096e-16,1.5543122344752192e-15,-12.437491783024022,-3.769919904010294,-1.5124009278308252
19.53973078727722,0.9999999999999984,-0.4999999999999992,0.7999999999999985,1.0,-0.5,0.8,1.5543122344752192e-15,-7.771561172376096e-16,1.5543122344752192e-15,-12.437491783024022,-3.769919904010294,-1.5124009278308252
19.54970121383667,0.9999999999999984,-0.4999999999999992,0.7999999999999985,1.0,-0.5,0.8,1.5543122344752192e-15,-7.771561172376096e-16,1.5543122344752192e-15,-12.437491783024022,-3.769919904010294,-1.5124009278308252
19.559720993041992,0.9999999999999984,-0.4999999999999992,0.7999999999999985,1.0,-0.5,0.8,1.5543122344752192e-15,-7.771561172376096e-16,1.5543122344752192e-15,-12.437491783024022,-3.769919904010294,-1.5124009278308252
19.569764852523804,0.9999999999999984,-0.4999999999999992,0.7999999999999985,1.0,-0.5,0.8,1.5543122344752192e-15,-7.771561172376096e-16,1.5543122344752192e-15,-12.437491783024022,-3.769919904010294,-1.5124009278308252
19.57981514930725,0.9999999999999984,-0.4999999999999992,0.7999999999999985,1.0,-0.5,0.8,1.5543122344752192e-15,-7.771561172376096e-16,1.5543122344752192e-15,-12.437491783024022,-3.769919904010294,-1.5124009278308252
19.58982491493225,0.9999999999999984,-0.4999999999999992,0.7999999999999985,1.0,-0.5,0.8,1.5543122344752192e-15,-7.771561172376096e-16,1.5543122344752192e-15,-12.437491783024022,-3.769919904010294,-1.5124009278308252
19.599787712097168,0.9999999999999984,-0.4999999999999992,0.7999999999999985,1.0,-0.5,0.8,1.5543122344752192e-15,-7.771561172376096e-16,1.5543122344752192e-15,-12.437491783024022,-3.769919904010294,-1.5124009278308252
19.609813451766968,0.9999999999999984,-0.4999999999999992,0.7999999999999985,1.0,-0.5,0.8,1.5543122344752192e-15,-7.771561172376096e-16,1.5543122344752192e-15,-12.437491783024022,-3.769919904010294,-1.5124009278308252
19.61976909637451,0.9999999999999984,-0.4999999999999992,0.7999999999999985,1.0,-0.5,0.8,1.5543122344752192e-15,-7.771561172376096e-16,1.5543122344752192e-15,-12.437491783024022,-3.769919904010294,-1.5124009278308252
19.62978434562683,0.9999999999999984,-0.4999999999999992,0.7999999999999985,1.0,-0.5,0.8,1.5543122344752192e-15,-7.771561172376096e-16,1.5543122344752192e-15,-12.437491783024022,-3.769919904010294,-1.5124009278308252
19.639765739440918,0.9999999999999984,-0.4999999999999992,0.7999999999999985,1.0,-0.5,0.8,1.5543122344752192e-15,-7.771561172376096e-16,1.5543122344752192e-15,-12.437491783024022,-3.769919904010294,-1.5124009278308252
19.64974856376648,0.9999999999999984,-0.4999999999999992,0.7999999999999985,1.0,-0.5,0.8,1.5543122344752192e-15,-7.771561172376096e-16,1.5543122344752192e-15,-12.437491783024022,-3.769919904010294,-1.5124009278308252
19.659745454788208,0.9999999999999984,-0.4999999999999992,0.7999999999999985,1.0,-0.5,0.8,1.5543122344752192e-15,-7.771561172376096e-16,1.5543122344752192e-15,-12.437491783024022,-3.769919904010294,-1.5124009278308252
19.66973328590393,0.9999999999999984,-0.4999999999999992,0.7999999999999985,1.0,-0.5,0.8,1.5543122344752192e-15,-7.771561172376096e-16,1.5543122344752192e-15,-12.437491783024022,-3.769919904010294,-1.5124009278308252
19.679762363433838,0.9999999999999984,-0.4999999999999992,0.7999999999999985,1.0,-0.5,0.8,1.5543122344752192e-15,-7.771561172376096e-16,1.5543122344752192e-15,-12.437491783024022,-3.769919904010294,-1.5124009278308252
19.689740896224976,0.9999999999999984,-0.4999999999999992,0.7999999999999985,1.0,-0.5,0.8,1.5543122344752192e-15,-7.771561172376096e-16,1.5543122344752192e-15,-12.437491783024022,-3.769919904010294,-1.5124009278308252
19.69979977607727,0.9999999999999984,-0.4999999999999992,0.7999999999999985,1.0,-0.5,0.8,1.5543122344752192e-15,-7.771561172376096e-16,1.5543122344752192e-15,-12.437491783024022,-3.769919904010294,-1.5124009278308252
19.709883451461792,0.9999999999999984,-0.4999999999999992,0.7999999999999985,1.0,-0.5,0.8,1.5543122344752192e-15,-7.771561172376096e-16,1.5543122344752192e-15,-12.437491783024022,-3.769919904010294,-1.5124009278308252
19.71974778175354,0.9999999999999984,-0.4999999999999992,0.7999999999999985,1.0,-0.5,0.8,1.5543122344752192e-15,-7.771561172376096e-16,1.5543122344752192e-15,-12.437491783024022,-3.769919904010294,-1.5124009278308252
19.729698657989502,0.9999999999999984,-0.4999999999999992,0.7999999999999985,1.0,-0.5,0.8,1.5543122344752192e-15,-7.771561172376096e-16,1.5543122344752192e-15,-12.437491783024022,-3.769919904010294,-1.5124009278308252
19.739729166030884,0.9999999999999984,-0.4999999999999992,0.7999999999999985,1.0,-0.5,0.8,1.5543122344752192e-15,-7.771561172376096e-16,1.5543122344752192e-15,-12.437491783024022,-3.769919904010294,-1.5124009278308252
19.749764680862427,0.9999999999999984,-0.4999999999999992,0.7999999999999985,1.0,-0.5,0.8,1.5543122344752192e-15,-7.771561172376096e-16,1.5543122344752192e-15,-12.437491783024022,-3.769919904010294,-1.5124009278308252
19.759767055511475,0.9999999999999984,-0.4999999999999992,0.7999999999999985,1.0,-0.5,0.8,1.5543122344752192e-15,-7.771561172376096e-16,1.5543122344752192e-15,-12.437491783024022,-3.769919904010294,-1.5124009278308252
19.769803047180176,0.9999999999999984,-0.4999999999999992,0.7999999999999985,1.0,-0.5,0.8,1.5543122344752192e-15,-7.771561172376096e-16,1.5543122344752192e-15,-12.437491783024022,-3.769919904010294,-1.5124009278308252
19.779761791229248,0.9999999999999984,-0.4999999999999992,0.7999999999999985,1.0,-0.5,0.8,1.5543122344752192e-15,-7.771561172376096e-16,1.5543122344752192e-15,-12.437491783024022,-3.769919904010294,-1.5124009278308252
19.789809226989746,0.9999999999999984,-0.4999999999999992,0.7999999999999985,1.0,-0.5,0.8,1.5543122344752192e-15,-7.771561172376096e-16,1.5543122344752192e-15,-12.437491783024022,-3.769919904010294,-1.5124009278308252
19.79977250099182,0.9999999999999984,-0.4999999999999992,0.7999999999999985,1.0,-0.5,0.8,1.5543122344752192e-15,-7.771561172376096e-16,1.5543122344752192e-15,-12.437491783024022,-3.769919904010294,-1.5124009278308252
19.80972695350647,0.9999999999999984,-0.4999999999999992,0.7999999999999985,1.0,-0.5,0.8,1.5543122344752192e-15,-7.771561172376096e-16,1.5543122344752192e-15,-12.437491783024022,-3.769919904010294,-1.5124009278308252
19.81979751586914,0.9999999999999984,-0.4999999999999992,0.7999999999999985,1.0,-0.5,0.8,1.5543122344752192e-15,-7.771561172376096e-16,1.5543122344752192e-15,-12.437491783024022,-3.769919904010294,-1.5124009278308252
19.829790353775024,0.9999999999999984,-0.4999999999999992,0.7999999999999985,1.0,-0.5,0.8,1.5543122344752192e-15,-7.771561172376096e-16,1.5543122344752192e-15,-12.437491783024022,-3.769919904010294,-1.5124009278308252
19.83982515335083,0.9999999999999984,-0.4999999999999992,0.7999999999999985,1.0,-0.5,0.8,1.5543122344752192e-15,-7.771561172376096e-16,1.5543122344752192e-15,-12.437491783024022,-3.769919904010294,-1.5124009278308252
19.849862813949585,0.9999999999999984,-0.4999999999999992,0.7999999999999985,1.0,-0.5,0.8,1.5543122344752192e-15,-7.771561172376096e-16,1.5543122344752192e-15,-12.437491783024022,-3.769919904010294,-1.5124009278308252
19.859817266464233,0.9999999999999984,-0.4999999999999992,0.7999999999999985,1.0,-0.5,0.8,1.5543122344752192e-15,-7.771561172376096e-16,1.5543122344752192e-15,-12.437491783024022,-3.769919904010294,-1.5124009278308252
19.869794368743896,0.9999999999999984,-0.4999999999999992,0.7999999999999985,1.0,-0.5,0.8,1.5543122344752192e-15,-7.771561172376096e-16,1.5543122344752192e-15,-12.437491783024022,-3.769919904010294,-1.5124009278308252
19.87985849380493,0.9999999999999984,-0.4999999999999992,0.7999999999999985,1.0,-0.5,0.8,1.5543122344752192e-15,-7.771561172376096e-16,1.5543122344752192e-15,-12.437491783024022,-3.769919904010294,-1.5124009278308252
19.889922380447388,0.9999999999999984,-0.4999999999999992,0.7999999999999985,1.0,-0.5,0.8,1.5543122344752192e-15,-7.771561172376096e-16,1.5543122344752192e-15,-12.437491783024022,-3.769919904010294,-1.5124009278308252
19.899795293807983,0.9999999999999984,-0.4999999999999992,0.7999999999999985,1.0,-0.5,0.8,1.5543122344752192e-15,-7.771561172376096e-16,1.5543122344752192e-15,-12.437491783024022,-3.769919904010294,-1.5124009278308252
19.909804344177246,0.9999999999999984,-0.4999999999999992,0.7999999999999985,1.0,-0.5,0.8,1.5543122344752192e-15,-7.771561172376096e-16,1.5543122344752192e-15,-12.437491783024022,-3.769919904010294,-1.5124009278308252
19.91974687576294,0.9999999999999984,-0.4999999999999992,0.7999999999999985,1.0,-0.5,0.8,1.5543122344752192e-15,-7.771561172376096e-16,1.5543122344752192e-15,-12.437491783024022,-3.769919904010294,-1.5124009278308252
19.929780960083008,0.9999999999999984,-0.4999999999999992,0.7999999999999985,1.0,-0.5,0.8,1.5543122344752192e-15,-7.771561172376096e-16,1.5543122344752192e-15,-12.437491783024022,-3.769919904010294,-1.5124009278308252
19.939751148223877,0.9999999999999984,-0.4999999999999992,0.7999999999999985,1.0,-0.5,0.8,1.5543122344752192e-15,-7.771561172376096e-16,1.5543122344752192e-15,-12.437491783024022,-3.769919904010294,-1.5124009278308252
19.949748992919922,0.9999999999999984,-0.4999999999999992,0.7999999999999985,1.0,-0.5,0.8,1.5543122344752192e-15,-7.771561172376096e-16,1.5543122344752192e-15,-12.437491783024022,-3.769919904010294,-1.5124009278308252
19.95980215072632,0.9999999999999984,-0.4999999999999992,0.7999999999999985,1.0,-0.5,0.8,1.5543122344752192e-15,-7.771561172376096e-16,1.5543122344752192e-15,-12.437491783024022,-3.769919904010294,-1.5124009278308252
19.969890117645264,0.9999999999999984,-0.4999999999999992,0.7999999999999985,1.0,-0.5,0.8,1.5543122344752192e-15,-7.771561172376096e-16,1.5543122344752192e-15,-12.437491783024022,-3.769919904010294,-1.5124009278308252
19.979782581329346,0.9999999999999984,-0.4999999999999992,0.7999999999999985,1.0,-0.5,0.8,1.5543122344752192e-15,-7.771561172376096e-16,1.5543122344752192e-15,-12.437491783024022,-3.769919904010294,-1.5124009278308252
19.989750623703003,0.9999999999999984,-0.4999999999999992,0.7999999999999985,1.0,-0.5,0.8,1.5543122344752192e-15,-7.771561172376096e-16,1.5543122344752192e-15,-12.437491783024022,-3.769919904010294,-1.5124009278308252
19.999749422073364,0.9999999999999984,-0.4999999999999992,0.7999999999999985,1.0,-0.5,0.8,1.5543122344752192e-15,-7.771561172376096e-16,1.5543122344752192e-15,-12.437491783024022,-3.769919904010294,-1.5124009278308252
20.009738445281982,0.9999999999999984,-0.4999999999999992,0.7999999999999985,1.0,-0.5,0.8,1.5543122344752192e-15,-7.771561172376096e-16,1.5543122344752192e-15,-12.437491783024022,-3.769919904010294,-1.5124009278308252
20.01979088783264,0.9999999999999984,-0.4999999999999992,0.7999999999999985,1.0,-0.5,0.8,1.5543122344752192e-15,-7.771561172376096e-16,1.5543122344752192e-15,-12.437491783024022,-3.769919904010294,-1.5124009278308252
20.029791831970215,0.9999999999999984,-0.4999999999999992,0.7999999999999985,1.0,-0.5,0.8,1.5543122344752192e-15,-7.771561172376096e-16,1.5543122344752192e-15,-12.437491783024022,-3.769919904010294,-1.5124009278308252
20.039769411087036,0.9999999999999984,-0.4999999999999992,0.7999999999999985,1.0,-0.5,0.8,1.5543122344752192e-15,-7.771561172376096e-16,1.5543122344752192e-15,-12.437491783024022,-3.769919904010294,-1.5124009278308252
20.04980444908142,0.9999999999999984,-0.4999999999999992,0.7999999999999985,1.0,-0.5,0.8,1.5543122344752192e-15,-7.771561172376096e-16,1.5543122344752192e-15,-12.437491783024022,-3.769919904010294,-1.5124009278308252
20.059791088104248,0.9999999999999984,-0.4999999999999992,0.7999999999999985,1.0,-0.5,0.8,1.5543122344752192e-15,-7.771561172376096e-16,1.5543122344752192e-15,-12.437491783024022,-3.769919904010294,-1.5124009278308252
20.06977915763855,0.9999999999999984,-0.4999999999999992,0.7999999999999985,1.0,-0.5,0.8,1.5543122344752192e-15,-7.771561172376096e-16,1.5543122344752192e-15,-12.437491783024022,-3.769919904010294,-1.5124009278308252
20.079733848571777,0.9999999999999984,-0.4999999999999992,0.7999999999999985,1.0,-0.5,0.8,1.5543122344752192e-15,-7.771561172376096e-16,1.5543122344752192e-15,-12.437491783024022,-3.769919904010294,-1.5124009278308252
20.089760780334473,0.9999999999999984,-0.4999999999999992,0.7999999999999985,1.0,-0.5,0.8,1.5543122344752192e-15,-7.771561172376096e-16,1.5543122344752192e-15,-12.437491783024022,-3.769919904010294,-1.5124009278308252
20.099802255630493,0.9999999999999984,-0.4999999999999992,0.7999999999999985,1.0,-0.5,0.8,1.5543122344752192e-15,-7.771561172376096e-16,1.5543122344752192e-15,-12.437491783024022,-3.769919904010294,-1.5124009278308252
20.109774827957153,0.9999999999999984,-0.4999999999999992,0.7999999999999985,1.0,-0.5,0.8,1.5543122344752192e-15,-7.771561172376096e-16,1.5543122344752192e-15,-12.437491783024022,-3.769919904010294,-1.5124009278308252
20.11980652809143,0.9999999999999984,-0.4999999999999992,0.7999999999999985,1.0,-0.5,0.8,1.5543122344752192e-15,-7.771561172376096e-16,1.5543122344752192e-15,-12.437491783024022,-3.769919904010294,-1.5124009278308252
20.129832983016968,0.9999999999999984,-0.4999999999999992,0.7999999999999985,1.0,-0.5,0.8,1.5543122344752192e-15,-7.771561172376096e-16,1.5543122344752192e-15,-12.437491783024022,-3.769919904010294,-1.5124009278308252
20.13978862762451,0.9999999999999984,-0.4999999999999992,0.7999999999999985,1.0,-0.5,0.8,1.5543122344752192e-15,-7.771561172376096e-16,1.5543122344752192e-15,-12.437491783024022,-3.769919904010294,-1.5124009278308252
20.14975619316101,0.9999999999999984,-0.4999999999999992,0.7999999999999985,1.0,-0.5,0.8,1.5543122344752192e-15,-7.771561172376096e-16,1.5543122344752192e-15,-12.437491783024022,-3.769919904010294,-1.5124009278308252
20.159903526306152,0.9999999999999984,-0.4999999999999992,0.7999999999999985,1.0,-0.5,0.8,1.5543122344752192e-15,-7.771561172376096e-16,1.5543122344752192e-15,-12.437491783024022,-3.769919904010294,-1.5124009278308252
20.169767379760742,0.9999999999999984,-0.4999999999999992,0.7999999999999985,1.0,-0.5,0.8,1.5543122344752192e-15,-7.771561172376096e-16,1.5543122344752192e-15,-12.437491783024022,-3.769919904010294,-1.5124009278308252
20.179810523986816,0.9999999999999984,-0.4999999999999992,0.7999999999999985,1.0,-0.5,0.8,1.5543122344752192e-15,-7.771561172376096e-16,1.5543122344752192e-15,-12.437491783024022,-3.769919904010294,-1.5124009278308252
20.189728260040283,0.9999999999999984,-0.4999999999999992,0.7999999999999985,1.0,-0.5,0.8,1.5543122344752192e-15,-7.771561172376096e-16,1.5543122344752192e-15,-12.437491783024022,-3.769919904010294,-1.5124009278308252
20.199719190597534,0.9999999999999984,-0.4999999999999992,0.7999999999999985,1.0,-0.5,0.8,1.5543122344752192e-15,-7.771561172376096e-16,1.5543122344752192e-15,-12.437491783024022,-3.769919904010294,-1.5124009278308252
20.209753036499023,0.9999999999999984,-0.4999999999999992,0.7999999999999985,1.0,-0.5,0.8,1.5543122344752192e-15,-7.771561172376096e-16,1.5543122344752192e-15,-12.437491783024022,-3.769919904010294,-1.5124009278308252
20.21977424621582,0.9999999999999984,-0.4999999999999992,0.7999999999999985,1.0,-0.5,0.8,1.5543122344752192e-15,-7.771561172376096e-16,1.5543122344752192e-15,-12.437491783024022,-3.769919904010294,-1.5124009278308252
20.229779481887817,0.9999999999999984,-0.4999999999999992,0.7999999999999985,1.0,-0.5,0.8,1.5543122344752192e-15,-7.771561172376096e-16,1.5543122344752192e-15,-12.437491783024022,-3.769919904010294,-1.5124009278308252
20.2397518157959,0.9999999999999984,-0.4999999999999992,0.7999999999999985,1.0,-0.5,0.8,1.5543122344752192e-15,-7.771561172376096e-16,1.5543122344752192e-15,-12.437491783024022,-3.769919904010294,-1.5124009278308252
20.249722957611084,0.9999999999999984,-0.4999999999999992,0.7999999999999985,1.0,-0.5,0.8,1.5543122344752192e-15,-7.771561172376096e-16,1.5543122344752192e-15,-12.437491783024022,-3.769919904010294,-1.5124009278308252
20.259751558303833,0.9999999999999984,-0.4999999999999992,0.7999999999999985,1.0,-0.5,0.8,1.5543122344752192e-15,-7.771561172376096e-16,1.5543122344752192e-15,-12.437491783024022,-3.769919904010294,-1.5124009278308252
20.26972508430481,0.9999999999999984,-0.4999999999999992,0.7999999999999985,1.0,-0.5,0.8,1.5543122344752192e-15,-7.771561172376096e-16,1.5543122344752192e-15,-12.437491783024022,-3.769919904010294,-1.5124009278308252
20.27972984313965,0.9999999999999984,-0.4999999999999992,0.7999999999999985,1.0,-0.5,0.8,1.5543122344752192e-15,-7.771561172376096e-16,1.5543122344752192e-15,-12.437491783024022,-3.769919904010294,-1.5124009278308252
20.28973126411438,0.9999999999999984,-0.4999999999999992,0.7999999999999985,1.0,-0.5,0.8,1.5543122344752192e-15,-7.771561172376096e-16,1.5543122344752192e-15,-12.437491783024022,-3.769919904010294,-1.5124009278308252
20.299741744995117,0.9999999999999984,-0.4999999999999992,0.7999999999999985,1.0,-0.5,0.8,1.5543122344752192e-15,-7.771561172376096e-16,1.5543122344752192e-15,-12.437491783024022,-3.769919904010294,-1.5124009278308252
20.309733390808105,0.9999999999999984,-0.4999999999999992,0.7999999999999985,1.0,-0.5,0.8,1.5543122344752192e-15,-7.771561172376096e-16,1.5543122344752192e-15,-12.437491783024022,-3.769919904010294,-1.5124009278308252
20.31974458694458,0.9999999999999984,-0.4999999999999992,0.7999999999999985,1.0,-0.5,0.8,1.5543122344752192e-15,-7.771561172376096e-16,1.5543122344752192e-15,-12.437491783024022,-3.769919904010294,-1.5124009278308252
20.329726457595825,0.9999999999999984,-0.4999999999999992,0.7999999999999985,1.0,-0.5,0.8,1.5543122344752192e-15,-7.771561172376096e-16,1.5543122344752192e-15,-12.437491783024022,-3.769919904010294,-1.5124009278308252
20.339741468429565,0.9999999999999984,-0.4999999999999992,0.7999999999999985,1.0,-0.5,0.8,1.5543122344752192e-15,-7.771561172376096e-16,1.5543122344752192e-15,-12.437491783024022,-3.769919904010294,-1.5124009278308252
20.349738597869873,0.9999999999999984,-0.4999999999999992,0.7999999999999985,1.0,-0.5,0.8,1.5543122344752192e-15,-7.771561172376096e-16,1.5543122344752192e-15,-12.437491783024022,-3.769919904010294,-1.5124009278308252
20.35975170135498,0.9999999999999984,-0.4999999999999992,0.7999999999999985,1.0,-0.5,0.8,1.5543122344752192e-15,-7.771561172376096e-16,1.5543122344752192e-15,-12.437491783024022,-3.769919904010294,-1.5124009278308252
20.369748830795288,0.9999999999999984,-0.4999999999999992,0.7999999999999985,1.0,-0.5,0.8,1.5543122344752192e-15,-7.771561172376096e-16,1.5543122344752192e-15,-12.437491783024022,-3.769919904010294,-1.5124009278308252
20.379769563674927,0.9999999999999984,-0.4999999999999992,0.7999999999999985,1.0,-0.5,0.8,1.5543122344752192e-15,-7.771561172376096e-16,1.5543122344752192e-15,-12.437491783024022,-3.769919904010294,-1.5124009278308252
20.389773845672607,0.9999999999999984,-0.4999999999999992,0.7999999999999985,1.0,-0.5,0.8,1.5543122344752192e-15,-7.771561172376096e-16,1.5543122344752192e-15,-12.437491783024022,-3.769919904010294,-1.5124009278308252
20.399806022644043,0.9999999999999984,-0.4999999999999992,0.7999999999999985,1.0,-0.5,0.8,1.5543122344752192e-15,-7.771561172376096e-16,1.5543122344752192e-15,-12.437491783024022,-3.769919904010294,-1.5124009278308252
20.409843683242798,0.9999999999999984,-0.4999999999999992,0.7999999999999985,1.0,-0.5,0.8,1.5543122344752192e-15,-7.771561172376096e-16,1.5543122344752192e-15,-12.437491783024022,-3.769919904010294,-1.5124009278308252
20.419732570648193,0.9999999999999984,-0.4999999999999992,0.7999999999999985,1.0,-0.5,0.8,1.5543122344752192e-15,-7.771561172376096e-16,1.5543122344752192e-15,-12.437491783024022,-3.769919904010294,-1.5124009278308252
20.429927349090576,0.9999999999999984,-0.4999999999999992,0.7999999999999985,1.0,-0.5,0.8,1.5543122344752192e-15,-7.771561172376096e-16,1.5543122344752192e-15,-12.437491783024022,-3.769919904010294,-1.5124009278308252
20.439841270446777,0.9999999999999984,-0.4999999999999992,0.7999999999999985,1.0,-0.5,0.8,1.5543122344752192e-15,-7.771561172376096e-16,1.5543122344752192e-15,-12.437491783024022,-3.769919904010294,-1.5124009278308252
20.449796676635742,0.9999999999999984,-0.4999999999999992,0.7999999999999985,1.0,-0.5,0.8,1.5543122344752192e-15,-7.771561172376096e-16,1.5543122344752192e-15,-12.437491783024022,-3.769919904010294,-1.5124009278308252
20.459814071655273,0.9999999999999984,-0.4999999999999992,0.7999999999999985,1.0,-0.5,0.8,1.5543122344752192e-15,-7.771561172376096e-16,1.5543122344752192e-15,-12.437491783024022,-3.769919904010294,-1.5124009278308252
20.469956159591675,0.9999999999999984,-0.4999999999999992,0.7999999999999985,1.0,-0.5,0.8,1.5543122344752192e-15,-7.771561172376096e-16,1.5543122344752192e-15,-12.437491783024022,-3.769919904010294,-1.5124009278308252
20.479745149612427,0.9999999999999984,-0.4999999999999992,0.7999999999999985,1.0,-0.5,0.8,1.5543122344752192e-15,-7.771561172376096e-16,1.5543122344752192e-15,-12.437491783024022,-3.769919904010294,-1.5124009278308252
20.48972797393799,0.9999999999999984,-0.4999999999999992,0.7999999999999985,1.0,-0.5,0.8,1.5543122344752192e-15,-7.771561172376096e-16,1.5543122344752192e-15,-12.437491783024022,-3.769919904010294,-1.5124009278308252
20.499735355377197,0.9999999999999984,-0.4999999999999992,0.7999999999999985,1.0,-0.5,0.8,1.5543122344752192e-15,-7.771561172376096e-16,1.5543122344752192e-15,-12.437491783024022,-3.769919904010294,-1.5124009278308252
20.509769439697266,0.9999999999999984,-0.4999999999999992,0.7999999999999985,1.0,-0.5,0.8,1.5543122344752192e-15,-7.771561172376096e-16,1.5543122344752192e-15,-12.437491783024022,-3.769919904010294,-1.5124009278308252
20.519802570343018,0.9999999999999984,-0.4999999999999992,0.7999999999999985,1.0,-0.5,0.8,1.5543122344752192e-15,-7.771561172376096e-16,1.5543122344752192e-15,-12.437491783024022,-3.769919904010294,-1.5124009278308252
20.529752016067505,0.9999999999999984,-0.4999999999999992,0.7999999999999985,1.0,-0.5,0.8,1.5543122344752192e-15,-7.771561172376096e-16,1.5543122344752192e-15,-12.437491783024022,-3.769919904010294,-1.5124009278308252
20.539763927459717,0.9999999999999984,-0.4999999999999992,0.7999999999999985,1.0,-0.5,0.8,1.5543122344752192e-15,-7.771561172376096e-16,1.5543122344752192e-15,-12.437491783024022,-3.769919904010294,-1.5124009278308252
20.549750089645386,0.9999999999999984,-0.4999999999999992,0.7999999999999985,1.0,-0.5,0.8,1.5543122344752192e-15,-7.771561172376096e-16,1.5543122344752192e-15,-12.437491783024022,-3.769919904010294,-1.5124009278308252
20.55976390838623,0.9999999999999984,-0.4999999999999992,0.7999999999999985,1.0,-0.5,0.8,1.5543122344752192e-15,-7.771561172376096e-16,1.5543122344752192e-15,-12.437491783024022,-3.769919904010294,-1.5124009278308252
20.569740056991577,0.9999999999999984,-0.4999999999999992,0.7999999999999985,1.0,-0.5,0.8,1.5543122344752192e-15,-7.771561172376096e-16,1.5543122344752192e-15,-12.437491783024022,-3.769919904010294,-1.5124009278308252
20.579744815826416,0.9999999999999984,-0.4999999999999992,0.7999999999999985,1.0,-0.5,0.8,1.5543122344752192e-15,-7.771561172376096e-16,1.5543122344752192e-15,-12.437491783024022,-3.769919904010294,-1.5124009278308252
20.58973002433777,0.9999999999999984,-0.4999999999999992,0.7999999999999985,1.0,-0.5,0.8,1.5543122344752192e-15,-7.771561172376096e-16,1.5543122344752192e-15,-12.437491783024022,-3.769919904010294,-1.5124009278308252
20.599750757217407,0.9999999999999984,-0.4999999999999992,0.7999999999999985,1.0,-0.5,0.8,1.5543122344752192e-15,-7.771561172376096e-16,1.5543122344752192e-15,-12.437491783024022,-3.769919904010294,-1.5124009278308252
20.60973596572876,0.9999999999999984,-0.4999999999999992,0.7999999999999985,1.0,-0.5,0.8,1.5543122344752192e-15,-7.771561172376096e-16,1.5543122344752192e-15,-12.437491783024022,-3.769919904010294,-1.5124009278308252
20.61973738670349,0.9999999999999984,-0.4999999999999992,0.7999999999999985,1.0,-0.5,0.8,1.5543122344752192e-15,-7.771561172376096e-16,1.5543122344752192e-15,-12.437491783024022,-3.769919904010294,-1.5124009278308252
20.62972855567932,0.9999999999999984,-0.4999999999999992,0.7999999999999985,1.0,-0.5,0.8,1.5543122344752192e-15,-7.771561172376096e-16,1.5543122344752192e-15,-12.437491783024022,-3.769919904010294,-1.5124009278308252
20.639739751815796,0.9999999999999984,-0.4999999999999992,0.7999999999999985,1.0,-0.5,0.8,1.5543122344752192e-15,-7.771561172376096e-16,1.5543122344752192e-15,-12.437491783024022,-3.769919904010294,-1.5124009278308252
20.649784088134766,0.9999999999999984,-0.4999999999999992,0.7999999999999985,1.0,-0.5,0.8,1.5543122344752192e-15,-7.771561172376096e-16,1.5543122344752192e-15,-12.437491783024022,-3.769919904010294,-1.5124009278308252
20.659751653671265,0.9999999999999984,-0.4999999999999992,0.7999999999999985,1.0,-0.5,0.8,1.5543122344752192e-15,-7.771561172376096e-16,1.5543122344752192e-15,-12.437491783024022,-3.769919904010294,-1.5124009278308252
20.669753789901733,0.9999999999999984,-0.4999999999999992,0.7999999999999985,1.0,-0.5,0.8,1.5543122344752192e-15,-7.771561172376096e-16,1.5543122344752192e-15,-12.437491783024022,-3.769919904010294,-1.5124009278308252
20.679752349853516,0.9999999999999984,-0.4999999999999992,0.7999999999999985,1.0,-0.5,0.8,1.5543122344752192e-15,-7.771561172376096e-16,1.5543122344752192e-15,-12.437491783024022,-3.769919904010294,-1.5124009278308252
20.68975830078125,0.9999999999999984,-0.4999999999999992,0.7999999999999985,1.0,-0.5,0.8,1.5543122344752192e-15,-7.771561172376096e-16,1.5543122344752192e-15,-12.437491783024022,-3.769919904010294,-1.5124009278308252
20.69974422454834,0.9999999999999984,-0.4999999999999992,0.7999999999999985,1.0,-0.5,0.8,1.5543122344752192e-15,-7.771561172376096e-16,1.5543122344752192e-15,-12.437491783024022,-3.769919904010294,-1.5124009278308252
20.709754943847656,0.9999999999999984,-0.4999999999999992,0.7999999999999985,1.0,-0.5,0.8,1.5543122344752192e-15,-7.771561172376096e-16,1.5543122344752192e-15,-12.437491783024022,-3.769919904010294,-1.5124009278308252
20.719764471054077,0.9999999999999984,-0.4999999999999992,0.7999999999999985,1.0,-0.5,0.8,1.5543122344752192e-15,-7.771561172376096e-16,1.5543122344752192e-15,-12.437491783024022,-3.769919904010294,-1.5124009278308252
20.729717016220093,0.9999999999999984,-0.4999999999999992,0.7999999999999985,1.0,-0.5,0.8,1.5543122344752192e-15,-7.771561172376096e-16,1.5543122344752192e-15,-12.437491783024022,-3.769919904010294,-1.5124009278308252
20.739742279052734,0.9999999999999984,-0.4999999999999992,0.7999999999999985,1.0,-0.5,0.8,1.5543122344752192e-15,-7.771561172376096e-16,1.5543122344752192e-15,-12.437491783024022,-3.769919904010294,-1.5124009278308252
20.749763250350952,0.9999999999999984,-0.4999999999999992,0.7999999999999985,1.0,-0.5,0.8,1.5543122344752192e-15,-7.771561172376096e-16,1.5543122344752192e-15,-12.437491783024022,-3.769919904010294,-1.5124009278308252
20.75974726676941,0.9999999999999984,-0.4999999999999992,0.7999999999999985,1.0,-0.5,0.8,1.5543122344752192e-15,-7.771561172376096e-16,1.5543122344752192e-15,-12.437491783024022,-3.769919904010294,-1.5124009278308252
20.769723892211914,0.9999999999999984,-0.4999999999999992,0.7999999999999985,1.0,-0.5,0.8,1.5543122344752192e-15,-7.771561172376096e-16,1.5543122344752192e-15,-12.437491783024022,-3.769919904010294,-1.5124009278308252
20.779764652252197,0.9999999999999984,-0.4999999999999992,0.7999999999999985,1.0,-0.5,0.8,1.5543122344752192e-15,-7.771561172376096e-16,1.5543122344752192e-15,-12.437491783024022,-3.769919904010294,-1.5124009278308252
20.78974723815918,0.9999999999999984,-0.4999999999999992,0.7999999999999985,1.0,-0.5,0.8,1.5543122344752192e-15,-7.771561172376096e-16,1.5543122344752192e-15,-12.437491783024022,-3.769919904010294,-1.5124009278308252
20.799753189086914,0.9999999999999984,-0.4999999999999992,0.7999999999999985,1.0,-0.5,0.8,1.5543122344752192e-15,-7.771561172376096e-16,1.5543122344752192e-15,-12.437491783024022,-3.769919904010294,-1.5124009278308252
20.80972671508789,0.9999999999999984,-0.4999999999999992,0.7999999999999985,1.0,-0.5,0.8,1.5543122344752192e-15,-7.771561172376096e-16,1.5543122344752192e-15,-12.437491783024022,-3.769919904010294,-1.5124009278308252
20.819745779037476,0.9999999999999984,-0.4999999999999992,0.7999999999999985,1.0,-0.5,0.8,1.5543122344752192e-15,-7.771561172376096e-16,1.5543122344752192e-15,-12.437491783024022,-3.769919904010294,-1.5124009278308252
20.829737186431885,0.9999999999999984,-0.4999999999999992,0.7999999999999985,1.0,-0.5,0.8,1.5543122344752192e-15,-7.771561172376096e-16,1.5543122344752192e-15,-12.437491783024022,-3.769919904010294,-1.5124009278308252
20.83972430229187,0.9999999999999984,-0.4999999999999992,0.7999999999999985,1.0,-0.5,0.8,1.5543122344752192e-15,-7.771561172376096e-16,1.5543122344752192e-15,-12.437491783024022,-3.769919904010294,-1.5124009278308252
20.849709033966064,0.9999999999999984,-0.4999999999999992,0.7999999999999985,1.0,-0.5,0.8,1.5543122344752192e-15,-7.771561172376096e-16,1.5543122344752192e-15,-12.437491783024022,-3.769919904010294,-1.5124009278308252
20.85977864265442,0.9999999999999984,-0.4999999999999992,0.7999999999999985,1.0,-0.5,0.8,1.5543122344752192e-15,-7.771561172376096e-16,1.5543122344752192e-15,-12.437491783024022,-3.769919904010294,-1.5124009278308252
20.86974310874939,0.9999999999999984,-0.4999999999999992,0.7999999999999985,1.0,-0.5,0.8,1.5543122344752192e-15,-7.771561172376096e-16,1.5543122344752192e-15,-12.437491783024022,-3.769919904010294,-1.5124009278308252
20.879745960235596,0.9999999999999984,-0.4999999999999992,0.7999999999999985,1.0,-0.5,0.8,1.5543122344752192e-15,-7.771561172376096e-16,1.5543122344752192e-15,-12.437491783024022,-3.769919904010294,-1.5124009278308252
20.889801740646362,0.9999999999999984,-0.4999999999999992,0.7999999999999985,1.0,-0.5,0.8,1.5543122344752192e-15,-7.771561172376096e-16,1.5543122344752192e-15,-12.437491783024022,-3.769919904010294,-1.5124009278308252
20.899765729904175,0.9999999999999984,-0.4999999999999992,0.7999999999999985,1.0,-0.5,0.8,1.5543122344752192e-15,-7.771561172376096e-16,1.5543122344752192e-15,-12.437491783024022,-3.769919904010294,-1.5124009278308252
20.909746170043945,0.9999999999999984,-0.4999999999999992,0.7999999999999985,1.0,-0.5,0.8,1.5543122344752192e-15,-7.771561172376096e-16,1.5543122344752192e-15,-12.437491783024022,-3.769919904010294,-1.5124009278308252
20.919737100601196,0.9999999999999984,-0.4999999999999992,0.7999999999999985,1.0,-0.5,0.8,1.5543122344752192e-15,-7.771561172376096e-16,1.5543122344752192e-15,-12.437491783024022,-3.769919904010294,-1.5124009278308252
20.929721355438232,0.9999999999999984,-0.4999999999999992,0.7999999999999985,1.0,-0.5,0.8,1.5543122344752192e-15,-7.771561172376096e-16,1.5543122344752192e-15,-12.437491783024022,-3.769919904010294,-1.5124009278308252
20.939760446548462,0.9999999999999984,-0.4999999999999992,0.7999999999999985,1.0,-0.5,0.8,1.5543122344752192e-15,-7.771561172376096e-16,1.5543122344752192e-15,-12.437491783024022,-3.769919904010294,-1.5124009278308252
20.94973587989807,0.9999999999999984,-0.4999999999999992,0.7999999999999985,1.0,-0.5,0.8,1.5543122344752192e-15,-7.771561172376096e-16,1.5543122344752192e-15,-12.437491783024022,-3.769919904010294,-1.5124009278308252
20.959746837615967,0.9999999999999984,-0.4999999999999992,0.7999999999999985,1.0,-0.5,0.8,1.5543122344752192e-15,-7.771561172376096e-16,1.5543122344752192e-15,-12.437491783024022,-3.769919904010294,-1.5124009278308252
20.96975326538086,0.9999999999999984,-0.4999999999999992,0.7999999999999985,1.0,-0.5,0.8,1.5543122344752192e-15,-7.771561172376096e-16,1.5543122344752192e-15,-12.437491783024022,-3.769919904010294,-1.5124009278308252
20.979760885238647,0.9999999999999984,-0.4999999999999992,0.7999999999999985,1.0,-0.5,0.8,1.5543122344752192e-15,-7.771561172376096e-16,1.5543122344752192e-15,-12.437491783024022,-3.769919904010294,-1.5124009278308252
20.989738702774048,0.9999999999999984,-0.4999999999999992,0.7999999999999985,1.0,-0.5,0.8,1.5543122344752192e-15,-7.771561172376096e-16,1.5543122344752192e-15,-12.437491783024022,-3.769919904010294,-1.5124009278308252
20.999729871749878,0.9999999999999984,-0.4999999999999992,0.7999999999999985,1.0,-0.5,0.8,1.5543122344752192e-15,-7.771561172376096e-16,1.5543122344752192e-15,-12.437491783024022,-3.769919904010294,-1.5124009278308252
21.009721517562866,0.9999999999999984,-0.4999999999999992,0.7999999999999985,1.0,-0.5,0.8,1.5543122344752192e-15,-7.771561172376096e-16,1.5543122344752192e-15,-12.437491783024022,-3.769919904010294,-1.5124009278308252
21.01974368095398,0.9999999999999984,-0.4999999999999992,0.7999999999999985,1.0,-0.5,0.8,1.5543122344752192e-15,-7.771561172376096e-16,1.5543122344752192e-15,-12.437491783024022,-3.769919904010294,-1.5124009278308252
21.029768705368042,0.9999999999999984,-0.4999999999999992,0.7999999999999985,1.0,-0.5,0.8,1.5543122344752192e-15,-7.771561172376096e-16,1.5543122344752192e-15,-12.437491783024022,-3.769919904010294,-1.5124009278308252
21.039755821228027,0.9999999999999984,-0.4999999999999992,0.7999999999999985,1.0,-0.5,0.8,1.5543122344752192e-15,-7.771561172376096e-16,1.5543122344752192e-15,-12.437491783024022,-3.769919904010294,-1.5124009278308252
21.049750566482544,0.9999999999999984,-0.4999999999999992,0.7999999999999985,1.0,-0.5,0.8,1.5543122344752192e-15,-7.771561172376096e-16,1.5543122344752192e-15,-12.437491783024022,-3.769919904010294,-1.5124009278308252
21.059720754623413,0.9999999999999984,-0.4999999999999992,0.7999999999999985,1.0,-0.5,0.8,1.5543122344752192e-15,-7.771561172376096e-16,1.5543122344752192e-15,-12.437491783024022,-3.769919904010294,-1.5124009278308252
21.06971549987793,0.9999999999999984,-0.4999999999999992,0.7999999999999985,1.0,-0.5,0.8,1.5543122344752192e-15,-7.771561172376096e-16,1.5543122344752192e-15,-12.437491783024022,-3.769919904010294,-1.5124009278308252
21.079752922058105,0.9999999999999984,-0.4999999999999992,0.7999999999999985,1.0,-0.5,0.8,1.5543122344752192e-15,-7.771561172376096e-16,1.5543122344752192e-15,-12.437491783024022,-3.769919904010294,-1.5124009278308252
21.089763641357422,0.9999999999999984,-0.4999999999999992,0.7999999999999985,1.0,-0.5,0.8,1.5543122344752192e-15,-7.771561172376096e-16,1.5543122344752192e-15,-12.437491783024022,-3.769919904010294,-1.5124009278308252
21.09973454475403,0.9999999999999984,-0.4999999999999992,0.7999999999999985,1.0,-0.5,0.8,1.5543122344752192e-15,-7.771561172376096e-16,1.5543122344752192e-15,-12.437491783024022,-3.769919904010294,-1.5124009278308252
21.10978937149048,0.9999999999999984,-0.4999999999999992,0.7999999999999985,1.0,-0.5,0.8,1.5543122344752192e-15,-7.771561172376096e-16,1.5543122344752192e-15,-12.437491783024022,-3.769919904010294,-1.5124009278308252
21.11974549293518,0.9999999999999984,-0.4999999999999992,0.7999999999999985,1.0,-0.5,0.8,1.5543122344752192e-15,-7.771561172376096e-16,1.5543122344752192e-15,-12.437491783024022,-3.769919904010294,-1.5124009278308252
21.12975573539734,0.9999999999999984,-0.4999999999999992,0.7999999999999985,1.0,-0.5,0.8,1.5543122344752192e-15,-7.771561172376096e-16,1.5543122344752192e-15,-12.437491783024022,-3.769919904010294,-1.5124009278308252
21.13973069190979,0.9999999999999984,-0.4999999999999992,0.7999999999999985,1.0,-0.5,0.8,1.5543122344752192e-15,-7.771561172376096e-16,1.5543122344752192e-15,-12.437491783024022,-3.769919904010294,-1.5124009278308252
21.14971613883972,0.9999999999999984,-0.4999999999999992,0.7999999999999985,1.0,-0.5,0.8,1.5543122344752192e-15,-7.771561172376096e-16,1.5543122344752192e-15,-12.437491783024022,-3.769919904010294,-1.5124009278308252
21.15972328186035,0.9999999999999984,-0.4999999999999992,0.7999999999999985,1.0,-0.5,0.8,1.5543122344752192e-15,-7.771561172376096e-16,1.5543122344752192e-15,-12.437491783024022,-3.769919904010294,-1.5124009278308252
21.169748067855835,0.9999999999999984,-0.4999999999999992,0.7999999999999985,1.0,-0.5,0.8,1.5543122344752192e-15,-7.771561172376096e-16,1.5543122344752192e-15,-12.437491783024022,-3.769919904010294,-1.5124009278308252
21.17974281311035,0.9999999999999984,-0.4999999999999992,0.7999999999999985,1.0,-0.5,0.8,1.5543122344752192e-15,-7.771561172376096e-16,1.5543122344752192e-15,-12.437491783024022,-3.769919904010294,-1.5124009278308252
21.189751863479614,0.9999999999999984,-0.4999999999999992,0.7999999999999985,1.0,-0.5,0.8,1.5543122344752192e-15,-7.771561172376096e-16,1.5543122344752192e-15,-12.437491783024022,-3.769919904010294,-1.5124009278308252
21.199722290039062,0.9999999999999984,-0.4999999999999992,0.7999999999999985,1.0,-0.5,0.8,1.5543122344752192e-15,-7.771561172376096e-16,1.5543122344752192e-15,-12.437491783024022,-3.769919904010294,-1.5124009278308252
21.20971369743347,0.9999999999999984,-0.4999999999999992,0.7999999999999985,1.0,-0.5,0.8,1.5543122344752192e-15,-7.771561172376096e-16,1.5543122344752192e-15,-12.437491783024022,-3.769919904010294,-1.5124009278308252
21.219767570495605,0.9999999999999984,-0.4999999999999992,0.7999999999999985,1.0,-0.5,0.8,1.5543122344752192e-15,-7.771561172376096e-16,1.5543122344752192e-15,-12.437491783024022,-3.769919904010294,-1.5124009278308252
21.22978639602661,0.9999999999999984,-0.4999999999999992,0.7999999999999985,1.0,-0.5,0.8,1.5543122344752192e-15,-7.771561172376096e-16,1.5543122344752192e-15,-12.437491783024022,-3.769919904010294,-1.5124009278308252
21.23981738090515,0.9999999999999984,-0.4999999999999992,0.7999999999999985,1.0,-0.5,0.8,1.5543122344752192e-15,-7.771561172376096e-16,1.5543122344752192e-15,-12.437491783024022,-3.769919904010294,-1.5124009278308252
21.249785661697388,0.9999999999999984,-0.4999999999999992,0.7999999999999985,1.0,-0.5,0.8,1.5543122344752192e-15,-7.771561172376096e-16,1.5543122344752192e-15,-12.437491783024022,-3.769919904010294,-1.5124009278308252
21.259783506393433,0.9999999999999984,-0.4999999999999992,0.7999999999999985,1.0,-0.5,0.8,1.5543122344752192e-15,-7.771561172376096e-16,1.5543122344752192e-15,-12.437491783024022,-3.769919904010294,-1.5124009278308252
21.269773960113525,0.9999999999999984,-0.4999999999999992,0.7999999999999985,1.0,-0.5,0.8,1.5543122344752192e-15,-7.771561172376096e-16,1.5543122344752192e-15,-12.437491783024022,-3.769919904010294,-1.5124009278308252
21.27974534034729,0.9999999999999984,-0.4999999999999992,0.7999999999999985,1.0,-0.5,0.8,1.5543122344752192e-15,-7.771561172376096e-16,1.5543122344752192e-15,-12.437491783024022,-3.769919904010294,-1.5124009278308252
21.289724111557007,0.9999999999999984,-0.4999999999999992,0.7999999999999985,1.0,-0.5,0.8,1.5543122344752192e-15,-7.771561172376096e-16,1.5543122344752192e-15,-12.437491783024022,-3.769919904010294,-1.5124009278308252
21.299722909927368,0.9999999999999984,-0.4999999999999992,0.7999999999999985,1.0,-0.5,0.8,1.5543122344752192e-15,-7.771561172376096e-16,1.5543122344752192e-15,-12.437491783024022,-3.769919904010294,-1.5124009278308252
21.309759378433228,0.9999999999999984,-0.4999999999999992,0.7999999999999985,1.0,-0.5,0.8,1.5543122344752192e-15,-7.771561172376096e-16,1.5543122344752192e-15,-12.437491783024022,-3.769919904010294,-1.5124009278308252
21.319770336151123,0.9999999999999984,-0.4999999999999992,0.7999999999999985,1.0,-0.5,0.8,1.5543122344752192e-15,-7.771561172376096e-16,1.5543122344752192e-15,-12.437491783024022,-3.769919904010294,-1.5124009278308252
21.329744577407837,0.9999999999999984,-0.4999999999999992,0.7999999999999985,1.0,-0.5,0.8,1.5543122344752192e-15,-7.771561172376096e-16,1.5543122344752192e-15,-12.437491783024022,-3.769919904010294,-1.5124009278308252
21.33973217010498,0.9999999999999984,-0.4999999999999992,0.7999999999999985,1.0,-0.5,0.8,1.5543122344752192e-15,-7.771561172376096e-16,1.5543122344752192e-15,-12.437491783024022,-3.769919904010294,-1.5124009278308252
21.349748134613037,0.9999999999999984,-0.4999999999999992,0.7999999999999985,1.0,-0.5,0.8,1.5543122344752192e-15,-7.771561172376096e-16,1.5543122344752192e-15,-12.437491783024022,-3.769919904010294,-1.5124009278308252
21.35974431037903,0.9999999999999984,-0.4999999999999992,0.7999999999999985,1.0,-0.5,0.8,1.5543122344752192e-15,-7.771561172376096e-16,1.5543122344752192e-15,-12.437491783024022,-3.769919904010294,-1.5124009278308252
21.36974835395813,0.9999999999999984,-0.4999999999999992,0.7999999999999985,1.0,-0.5,0.8,1.5543122344752192e-15,-7.771561172376096e-16,1.5543122344752192e-15,-12.437491783024022,-3.769919904010294,-1.5124009278308252
21.379782676696777,0.9999999999999984,-0.4999999999999992,0.7999999999999985,1.0,-0.5,0.8,1.5543122344752192e-15,-7.771561172376096e-16,1.5543122344752192e-15,-12.437491783024022,-3.769919904010294,-1.5124009278308252
21.389747381210327,0.9999999999999984,-0.4999999999999992,0.7999999999999985,1.0,-0.5,0.8,1.5543122344752192e-15,-7.771561172376096e-16,1.5543122344752192e-15,-12.437491783024022,-3.769919904010294,-1.5124009278308252
21.399726629257202,0.9999999999999984,-0.4999999999999992,0.7999999999999985,1.0,-0.5,0.8,1.5543122344752192e-15,-7.771561172376096e-16,1.5543122344752192e-15,-12.437491783024022,-3.769919904010294,-1.5124009278308252
21.409714698791504,0.9999999999999984,-0.4999999999999992,0.7999999999999985,1.0,-0.5,0.8,1.5543122344752192e-15,-7.771561172376096e-16,1.5543122344752192e-15,-12.437491783024022,-3.769919904010294,-1.5124009278308252
21.41973900794983,0.9999999999999984,-0.4999999999999992,0.7999999999999985,1.0,-0.5,0.8,1.5543122344752192e-15,-7.771561172376096e-16,1.5543122344752192e-15,-12.437491783024022,-3.769919904010294,-1.5124009278308252
21.42972159385681,0.9999999999999984,-0.4999999999999992,0.7999999999999985,1.0,-0.5,0.8,1.5543122344752192e-15,-7.771561172376096e-16,1.5543122344752192e-15,-12.437491783024022,-3.769919904010294,-1.5124009278308252
21.439720630645752,0.9999999999999984,-0.4999999999999992,0.7999999999999985,1.0,-0.5,0.8,1.5543122344752192e-15,-7.771561172376096e-16,1.5543122344752192e-15,-12.437491783024022,-3.769919904010294,-1.5124009278308252
21.44974422454834,0.9999999999999984,-0.4999999999999992,0.7999999999999985,1.0,-0.5,0.8,1.5543122344752192e-15,-7.771561172376096e-16,1.5543122344752192e-15,-12.437491783024022,-3.769919904010294,-1.5124009278308252
21.45979332923889,0.9999999999999984,-0.4999999999999992,0.7999999999999985,1.0,-0.5,0.8,1.5543122344752192e-15,-7.771561172376096e-16,1.5543122344752192e-15,-12.437491783024022,-3.769919904010294,-1.5124009278308252
21.469767808914185,0.9999999999999984,-0.4999999999999992,0.7999999999999985,1.0,-0.5,0.8,1.5543122344752192e-15,-7.771561172376096e-16,1.5543122344752192e-15,-12.437491783024022,-3.769919904010294,-1.5124009278308252
21.479769945144653,0.9999999999999984,-0.4999999999999992,0.7999999999999985,1.0,-0.5,0.8,1.5543122344752192e-15,-7.771561172376096e-16,1.5543122344752192e-15,-12.437491783024022,-3.769919904010294,-1.5124009278308252
21.48973250389099,0.9999999999999984,-0.4999999999999992,0.7999999999999985,1.0,-0.5,0.8,1.5543122344752192e-15,-7.771561172376096e-16,1.5543122344752192e-15,-12.437491783024022,-3.769919904010294,-1.5124009278308252
21.49974822998047,0.9999999999999984,-0.4999999999999992,0.7999999999999985,1.0,-0.5,0.8,1.5543122344752192e-15,-7.771561172376096e-16,1.5543122344752192e-15,-12.437491783024022,-3.769919904010294,-1.5124009278308252
21.509767293930054,0.9999999999999984,-0.4999999999999992,0.7999999999999985,1.0,-0.5,0.8,1.5543122344752192e-15,-7.771561172376096e-16,1.5543122344752192e-15,-12.437491783024022,-3.769919904010294,-1.5124009278308252
21.519728422164917,0.9999999999999984,-0.4999999999999992,0.7999999999999985,1.0,-0.5,0.8,1.5543122344752192e-15,-7.771561172376096e-16,1.5543122344752192e-15,-12.437491783024022,-3.769919904010294,-1.5124009278308252
21.52973961830139,0.9999999999999984,-0.4999999999999992,0.7999999999999985,1.0,-0.5,0.8,1.5543122344752192e-15,-7.771561172376096e-16,1.5543122344752192e-15,-12.437491783024022,-3.769919904010294,-1.5124009278308252
21.53976345062256,0.9999999999999984,-0.4999999999999992,0.7999999999999985,1.0,-0.5,0.8,1.5543122344752192e-15,-7.771561172376096e-16,1.5543122344752192e-15,-12.437491783024022,-3.769919904010294,-1.5124009278308252
21.54978060722351,0.9999999999999984,-0.4999999999999992,0.7999999999999985,1.0,-0.5,0.8,1.5543122344752192e-15,-7.771561172376096e-16,1.5543122344752192e-15,-12.437491783024022,-3.769919904010294,-1.5124009278308252
21.559762716293335,0.9999999999999984,-0.4999999999999992,0.7999999999999985,1.0,-0.5,0.8,1.5543122344752192e-15,-7.771561172376096e-16,1.5543122344752192e-15,-12.437491783024022,-3.769919904010294,-1.5124009278308252
21.569777965545654,0.9999999999999984,-0.4999999999999992,0.7999999999999985,1.0,-0.5,0.8,1.5543122344752192e-15,-7.771561172376096e-16,1.5543122344752192e-15,-12.437491783024022,-3.769919904010294,-1.5124009278308252
21.57980465888977,0.9999999999999984,-0.4999999999999992,0.7999999999999985,1.0,-0.5,0.8,1.5543122344752192e-15,-7.771561172376096e-16,1.5543122344752192e-15,-12.437491783024022,-3.769919904010294,-1.5124009278308252
21.589770793914795,0.9999999999999984,-0.4999999999999992,0.7999999999999985,1.0,-0.5,0.8,1.5543122344752192e-15,-7.771561172376096e-16,1.5543122344752192e-15,-12.437491783024022,-3.769919904010294,-1.5124009278308252
21.59978199005127,0.9999999999999984,-0.4999999999999992,0.7999999999999985,1.0,-0.5,0.8,1.5543122344752192e-15,-7.771561172376096e-16,1.5543122344752192e-15,-12.437491783024022,-3.769919904010294,-1.5124009278308252
21.609822034835815,0.9999999999999984,-0.4999999999999992,0.7999999999999985,1.0,-0.5,0.8,1.5543122344752192e-15,-7.771561172376096e-16,1.5543122344752192e-15,-12.437491783024022,-3.769919904010294,-1.5124009278308252
21.619754552841187,0.9999999999999984,-0.4999999999999992,0.7999999999999985,1.0,-0.5,0.8,1.5543122344752192e-15,-7.771561172376096e-16,1.5543122344752192e-15,-12.437491783024022,-3.769919904010294,-1.5124009278308252
21.629798889160156,0.9999999999999984,-0.4999999999999992,0.7999999999999985,1.0,-0.5,0.8,1.5543122344752192e-15,-7.771561172376096e-16,1.5543122344752192e-15,-12.437491783024022,-3.769919904010294,-1.5124009278308252
21.639787912368774,0.9999999999999984,-0.4999999999999992,0.7999999999999985,1.0,-0.5,0.8,1.5543122344752192e-15,-7.771561172376096e-16,1.5543122344752192e-15,-12.437491783024022,-3.769919904010294,-1.5124009278308252
21.64986538887024,0.9999999999999984,-0.4999999999999992,0.7999999999999985,1.0,-0.5,0.8,1.5543122344752192e-15,-7.771561172376096e-16,1.5543122344752192e-15,-12.437491783024022,-3.769919904010294,-1.5124009278308252
21.659803867340088,0.9999999999999984,-0.4999999999999992,0.7999999999999985,1.0,-0.5,0.8,1.5543122344752192e-15,-7.771561172376096e-16,1.5543122344752192e-15,-12.437491783024022,-3.769919904010294,-1.5124009278308252
21.66988229751587,0.9999999999999984,-0.4999999999999992,0.7999999999999985,1.0,-0.5,0.8,1.5543122344752192e-15,-7.771561172376096e-16,1.5543122344752192e-15,-12.437491783024022,-3.769919904010294,-1.5124009278308252
21.679744482040405,0.9999999999999984,-0.4999999999999992,0.7999999999999985,1.0,-0.5,0.8,1.5543122344752192e-15,-7.771561172376096e-16,1.5543122344752192e-15,-12.437491783024022,-3.769919904010294,-1.5124009278308252
21.68972659111023,0.9999999999999984,-0.4999999999999992,0.7999999999999985,1.0,-0.5,0.8,1.5543122344752192e-15,-7.771561172376096e-16,1.5543122344752192e-15,-12.437491783024022,-3.769919904010294,-1.5124009278308252
21.699791193008423,0.9999999999999984,-0.4999999999999992,0.7999999999999985,1.0,-0.5,0.8,1.5543122344752192e-15,-7.771561172376096e-16,1.5543122344752192e-15,-12.437491783024022,-3.769919904010294,-1.5124009278308252
21.709763288497925,0.9999999999999984,-0.4999999999999992,0.7999999999999985,1.0,-0.5,0.8,1.5543122344752192e-15,-7.771561172376096e-16,1.5543122344752192e-15,-12.437491783024022,-3.769919904010294,-1.5124009278308252
21.719749450683594,0.9999999999999984,-0.4999999999999992,0.7999999999999985,1.0,-0.5,0.8,1.5543122344752192e-15,-7.771561172376096e-16,1.5543122344752192e-15,-12.437491783024022,-3.769919904010294,-1.5124009278308252
21.729814291000366,0.9999999999999984,-0.4999999999999992,0.7999999999999985,1.0,-0.5,0.8,1.5543122344752192e-15,-7.771561172376096e-16,1.5543122344752192e-15,-12.437491783024022,-3.769919904010294,-1.5124009278308252
21.739819526672363,0.9999999999999984,-0.4999999999999992,0.7999999999999985,1.0,-0.5,0.8,1.5543122344752192e-15,-7.771561172376096e-16,1.5543122344752192e-15,-12.437491783024022,-3.769919904010294,-1.5124009278308252
21.749825954437256,0.9999999999999984,-0.4999999999999992,0.7999999999999985,1.0,-0.5,0.8,1.5543122344752192e-15,-7.771561172376096e-16,1.5543122344752192e-15,-12.437491783024022,-3.769919904010294,-1.5124009278308252
21.759852170944214,0.9999999999999984,-0.4999999999999992,0.7999999999999985,1.0,-0.5,0.8,1.5543122344752192e-15,-7.771561172376096e-16,1.5543122344752192e-15,-12.437491783024022,-3.769919904010294,-1.5124009278308252
21.769779920578003,0.9999999999999984,-0.4999999999999992,0.7999999999999985,1.0,-0.5,0.8,1.5543122344752192e-15,-7.771561172376096e-16,1.5543122344752192e-15,-12.437491783024022,-3.769919904010294,-1.5124009278308252
21.779771089553833,0.9999999999999984,-0.4999999999999992,0.7999999999999985,1.0,-0.5,0.8,1.5543122344752192e-15,-7.771561172376096e-16,1.5543122344752192e-15,-12.437491783024022,-3.769919904010294,-1.5124009278308252
21.789788961410522,0.9999999999999984,-0.4999999999999992,0.7999999999999985,1.0,-0.5,0.8,1.5543122344752192e-15,-7.771561172376096e-16,1.5543122344752192e-15,-12.437491783024022,-3.769919904010294,-1.5124009278308252
21.79979968070984,0.9999999999999984,-0.4999999999999992,0.7999999999999985,1.0,-0.5,0.8,1.5543122344752192e-15,-7.771561172376096e-16,1.5543122344752192e-15,-12.437491783024022,-3.769919904010294,-1.5124009278308252
21.809747219085693,0.9999999999999984,-0.4999999999999992,0.7999999999999985,1.0,-0.5,0.8,1.5543122344752192e-15,-7.771561172376096e-16,1.5543122344752192e-15,-12.437491783024022,-3.769919904010294,-1.5124009278308252
21.81972885131836,0.9999999999999984,-0.4999999999999992,0.7999999999999985,1.0,-0.5,0.8,1.5543122344752192e-15,-7.771561172376096e-16,1.5543122344752192e-15,-12.437491783024022,-3.769919904010294,-1.5124009278308252
21.829719305038452,0.9999999999999984,-0.4999999999999992,0.7999999999999985,1.0,-0.5,0.8,1.5543122344752192e-15,-7.771561172376096e-16,1.5543122344752192e-15,-12.437491783024022,-3.769919904010294,-1.5124009278308252
21.839718341827393,0.9999999999999984,-0.4999999999999992,0.7999999999999985,1.0,-0.5,0.8,1.5543122344752192e-15,-7.771561172376096e-16,1.5543122344752192e-15,-12.437491783024022,-3.769919904010294,-1.5124009278308252
21.84973120689392,0.9999999999999984,-0.4999999999999992,0.7999999999999985,1.0,-0.5,0.8,1.5543122344752192e-15,-7.771561172376096e-16,1.5543122344752192e-15,-12.437491783024022,-3.769919904010294,-1.5124009278308252
21.859798431396484,0.9999999999999984,-0.4999999999999992,0.7999999999999985,1.0,-0.5,0.8,1.5543122344752192e-15,-7.771561172376096e-16,1.5543122344752192e-15,-12.437491783024022,-3.769919904010294,-1.5124009278308252
21.869874238967896,0.9999999999999984,-0.4999999999999992,0.7999999999999985,1.0,-0.5,0.8,1.5543122344752192e-15,-7.771561172376096e-16,1.5543122344752192e-15,-12.437491783024022,-3.769919904010294,-1.5124009278308252
21.879814624786377,0.9999999999999984,-0.4999999999999992,0.7999999999999985,1.0,-0.5,0.8,1.5543122344752192e-15,-7.771561172376096e-16,1.5543122344752192e-15,-12.437491783024022,-3.769919904010294,-1.5124009278308252
21.889833211898804,0.9999999999999984,-0.4999999999999992,0.7999999999999985,1.0,-0.5,0.8,1.5543122344752192e-15,-7.771561172376096e-16,1.5543122344752192e-15,-12.437491783024022,-3.769919904010294,-1.5124009278308252
21.89989471435547,0.9999999999999984,-0.4999999999999992,0.7999999999999985,1.0,-0.5,0.8,1.5543122344752192e-15,-7.771561172376096e-16,1.5543122344752192e-15,-12.437491783024022,-3.769919904010294,-1.5124009278308252
21.909794807434082,0.9999999999999984,-0.4999999999999992,0.7999999999999985,1.0,-0.5,0.8,1.5543122344752192e-15,-7.771561172376096e-16,1.5543122344752192e-15,-12.437491783024022,-3.769919904010294,-1.5124009278308252
21.91977310180664,0.9999999999999984,-0.4999999999999992,0.7999999999999985,1.0,-0.5,0.8,1.5543122344752192e-15,-7.771561172376096e-16,1.5543122344752192e-15,-12.437491783024022,-3.769919904010294,-1.5124009278308252
21.92971396446228,0.9999999999999984,-0.4999999999999992,0.7999999999999985,1.0,-0.5,0.8,1.5543122344752192e-15,-7.771561172376096e-16,1.5543122344752192e-15,-12.437491783024022,-3.769919904010294,-1.5124009278308252
21.939741134643555,0.9999999999999984,-0.4999999999999992,0.7999999999999985,1.0,-0.5,0.8,1.5543122344752192e-15,-7.771561172376096e-16,1.5543122344752192e-15,-12.437491783024022,-3.769919904010294,-1.5124009278308252
21.9497389793396,0.9999999999999984,-0.4999999999999992,0.7999999999999985,1.0,-0.5,0.8,1.5543122344752192e-15,-7.771561172376096e-16,1.5543122344752192e-15,-12.437491783024022,-3.769919904010294,-1.5124009278308252
21.95975112915039,0.9999999999999984,-0.4999999999999992,0.7999999999999985,1.0,-0.5,0.8,1.5543122344752192e-15,-7.771561172376096e-16,1.5543122344752192e-15,-12.437491783024022,-3.769919904010294,-1.5124009278308252
21.96974802017212,0.9999999999999984,-0.4999999999999992,0.7999999999999985,1.0,-0.5,0.8,1.5543122344752192e-15,-7.771561172376096e-16,1.5543122344752192e-15,-12.437491783024022,-3.769919904010294,-1.5124009278308252
21.979770183563232,0.9999999999999984,-0.4999999999999992,0.7999999999999985,1.0,-0.5,0.8,1.5543122344752192e-15,-7.771561172376096e-16,1.5543122344752192e-15,-12.437491783024022,-3.769919904010294,-1.5124009278308252
21.989763975143433,0.9999999999999984,-0.4999999999999992,0.7999999999999985,1.0,-0.5,0.8,1.5543122344752192e-15,-7.771561172376096e-16,1.5543122344752192e-15,-12.437491783024022,-3.769919904010294,-1.5124009278308252
21.99974036216736,0.9999999999999984,-0.4999999999999992,0.7999999999999985,1.0,-0.5,0.8,1.5543122344752192e-15,-7.771561172376096e-16,1.5543122344752192e-15,-12.437491783024022,-3.769919904010294,-1.5124009278308252
22.009730100631714,0.9999999999999984,-0.4999999999999992,0.7999999999999985,1.0,-0.5,0.8,1.5543122344752192e-15,-7.771561172376096e-16,1.5543122344752192e-15,-12.437491783024022,-3.769919904010294,-1.5124009278308252
22.019744634628296,0.9999999999999984,-0.4999999999999992,0.7999999999999985,1.0,-0.5,0.8,1.5543122344752192e-15,-7.771561172376096e-16,1.5543122344752192e-15,-12.437491783024022,-3.769919904010294,-1.5124009278308252
22.02974796295166,0.9999999999999984,-0.4999999999999992,0.7999999999999985,1.0,-0.5,0.8,1.5543122344752192e-15,-7.771561172376096e-16,1.5543122344752192e-15,-12.437491783024022,-3.769919904010294,-1.5124009278308252
22.039767742156982,0.9999999999999984,-0.4999999999999992,0.7999999999999985,1.0,-0.5,0.8,1.5543122344752192e-15,-7.771561172376096e-16,1.5543122344752192e-15,-12.437491783024022,-3.769919904010294,-1.5124009278308252
22.04972004890442,0.9999999999999984,-0.4999999999999992,0.7999999999999985,1.0,-0.5,0.8,1.5543122344752192e-15,-7.771561172376096e-16,1.5543122344752192e-15,-12.437491783024022,-3.769919904010294,-1.5124009278308252
22.05973744392395,0.9999999999999984,-0.4999999999999992,0.7999999999999985,1.0,-0.5,0.8,1.5543122344752192e-15,-7.771561172376096e-16,1.5543122344752192e-15,-12.437491783024022,-3.769919904010294,-1.5124009278308252
22.06979274749756,0.9999999999999984,-0.4999999999999992,0.7999999999999985,1.0,-0.5,0.8,1.5543122344752192e-15,-7.771561172376096e-16,1.5543122344752192e-15,-12.437491783024022,-3.769919904010294,-1.5124009278308252
22.079729318618774,0.9999999999999984,-0.4999999999999992,0.7999999999999985,1.0,-0.5,0.8,1.5543122344752192e-15,-7.771561172376096e-16,1.5543122344752192e-15,-12.437491783024022,-3.769919904010294,-1.5124009278308252
22.089711904525757,0.9999999999999984,-0.4999999999999992,0.7999999999999985,1.0,-0.5,0.8,1.5543122344752192e-15,-7.771561172376096e-16,1.5543122344752192e-15,-12.437491783024022,-3.769919904010294,-1.5124009278308252
22.099762439727783,0.9999999999999984,-0.4999999999999992,0.7999999999999985,1.0,-0.5,0.8,1.5543122344752192e-15,-7.771561172376096e-16,1.5543122344752192e-15,-12.437491783024022,-3.769919904010294,-1.5124009278308252
22.109750509262085,0.9999999999999984,-0.4999999999999992,0.7999999999999985,1.0,-0.5,0.8,1.5543122344752192e-15,-7.771561172376096e-16,1.5543122344752192e-15,-12.437491783024022,-3.769919904010294,-1.5124009278308252
22.119762897491455,0.9999999999999984,-0.4999999999999992,0.7999999999999985,1.0,-0.5,0.8,1.5543122344752192e-15,-7.771561172376096e-16,1.5543122344752192e-15,-12.437491783024022,-3.769919904010294,-1.5124009278308252
22.129809141159058,0.9999999999999984,-0.4999999999999992,0.7999999999999985,1.0,-0.5,0.8,1.5543122344752192e-15,-7.771561172376096e-16,1.5543122344752192e-15,-12.437491783024022,-3.769919904010294,-1.5124009278308252
22.13975191116333,0.9999999999999984,-0.4999999999999992,0.7999999999999985,1.0,-0.5,0.8,1.5543122344752192e-15,-7.771561172376096e-16,1.5543122344752192e-15,-12.437491783024022,-3.769919904010294,-1.5124009278308252
22.149802207946777,0.9999999999999984,-0.4999999999999992,0.7999999999999985,1.0,-0.5,0.8,1.5543122344752192e-15,-7.771561172376096e-16,1.5543122344752192e-15,-12.437491783024022,-3.769919904010294,-1.5124009278308252
22.159786224365234,0.9999999999999984,-0.4999999999999992,0.7999999999999985,1.0,-0.5,0.8,1.5543122344752192e-15,-7.771561172376096e-16,1.5543122344752192e-15,-12.437491783024022,-3.769919904010294,-1.5124009278308252
22.169777870178223,0.9999999999999984,-0.4999999999999992,0.7999999999999985,1.0,-0.5,0.8,1.5543122344752192e-15,-7.771561172376096e-16,1.5543122344752192e-15,-12.437491783024022,-3.769919904010294,-1.5124009278308252
22.17977476119995,0.9999999999999984,-0.4999999999999992,0.7999999999999985,1.0,-0.5,0.8,1.5543122344752192e-15,-7.771561172376096e-16,1.5543122344752192e-15,-12.437491783024022,-3.769919904010294,-1.5124009278308252
22.189764738082886,0.9999999999999984,-0.4999999999999992,0.7999999999999985,1.0,-0.5,0.8,1.5543122344752192e-15,-7.771561172376096e-16,1.5543122344752192e-15,-12.437491783024022,-3.769919904010294,-1.5124009278308252
22.19971513748169,0.9999999999999984,-0.4999999999999992,0.7999999999999985,1.0,-0.5,0.8,1.5543122344752192e-15,-7.771561172376096e-16,1.5543122344752192e-15,-12.437491783024022,-3.769919904010294,-1.5124009278308252
22.20975375175476,0.9999999999999984,-0.4999999999999992,0.7999999999999985,1.0,-0.5,0.8,1.5543122344752192e-15,-7.771561172376096e-16,1.5543122344752192e-15,-12.437491783024022,-3.769919904010294,-1.5124009278308252
22.219799280166626,0.9999999999999984,-0.4999999999999992,0.7999999999999985,1.0,-0.5,0.8,1.5543122344752192e-15,-7.771561172376096e-16,1.5543122344752192e-15,-12.437491783024022,-3.769919904010294,-1.5124009278308252
22.229782104492188,0.9999999999999984,-0.4999999999999992,0.7999999999999985,1.0,-0.5,0.8,1.5543122344752192e-15,-7.771561172376096e-16,1.5543122344752192e-15,-12.437491783024022,-3.769919904010294,-1.5124009278308252
22.239851236343384,0.9999999999999984,-0.4999999999999992,0.7999999999999985,1.0,-0.5,0.8,1.5543122344752192e-15,-7.771561172376096e-16,1.5543122344752192e-15,-12.437491783024022,-3.769919904010294,-1.5124009278308252
22.249735832214355,0.9999999999999984,-0.4999999999999992,0.7999999999999985,1.0,-0.5,0.8,1.5543122344752192e-15,-7.771561172376096e-16,1.5543122344752192e-15,-12.437491783024022,-3.769919904010294,-1.5124009278308252
22.259793043136597,0.9999999999999984,-0.4999999999999992,0.7999999999999985,1.0,-0.5,0.8,1.5543122344752192e-15,-7.771561172376096e-16,1.5543122344752192e-15,-12.437491783024022,-3.769919904010294,-1.5124009278308252
22.269757986068726,0.9999999999999984,-0.4999999999999992,0.7999999999999985,1.0,-0.5,0.8,1.5543122344752192e-15,-7.771561172376096e-16,1.5543122344752192e-15,-12.437491783024022,-3.769919904010294,-1.5124009278308252
22.27973175048828,0.9999999999999984,-0.4999999999999992,0.7999999999999985,1.0,-0.5,0.8,1.5543122344752192e-15,-7.771561172376096e-16,1.5543122344752192e-15,-12.437491783024022,-3.769919904010294,-1.5124009278308252
22.289716482162476,0.9999999999999984,-0.4999999999999992,0.7999999999999985,1.0,-0.5,0.8,1.5543122344752192e-15,-7.771561172376096e-16,1.5543122344752192e-15,-12.437491783024022,-3.769919904010294,-1.5124009278308252
22.299708604812622,0.9999999999999984,-0.4999999999999992,0.7999999999999985,1.0,-0.5,0.8,1.5543122344752192e-15,-7.771561172376096e-16,1.5543122344752192e-15,-12.437491783024022,-3.769919904010294,-1.5124009278308252
22.309727907180786,0.9999999999999984,-0.4999999999999992,0.7999999999999985,1.0,-0.5,0.8,1.5543122344752192e-15,-7.771561172376096e-16,1.5543122344752192e-15,-12.437491783024022,-3.769919904010294,-1.5124009278308252
22.31973886489868,0.9999999999999984,-0.4999999999999992,0.7999999999999985,1.0,-0.5,0.8,1.5543122344752192e-15,-7.771561172376096e-16,1.5543122344752192e-15,-12.437491783024022,-3.769919904010294,-1.5124009278308252
22.329732418060303,0.9999999999999984,-0.4999999999999992,0.7999999999999985,1.0,-0.5,0.8,1.5543122344752192e-15,-7.771561172376096e-16,1.5543122344752192e-15,-12.437491783024022,-3.769919904010294,-1.5124009278308252
22.339711666107178,0.9999999999999984,-0.4999999999999992,0.7999999999999985,1.0,-0.5,0.8,1.5543122344752192e-15,-7.771561172376096e-16,1.5543122344752192e-15,-12.437491783024022,-3.769919904010294,-1.5124009278308252
22.34974694252014,0.9999999999999984,-0.4999999999999992,0.7999999999999985,1.0,-0.5,0.8,1.5543122344752192e-15,-7.771561172376096e-16,1.5543122344752192e-15,-12.437491783024022,-3.769919904010294,-1.5124009278308252
22.35975456237793,0.9999999999999984,-0.4999999999999992,0.7999999999999985,1.0,-0.5,0.8,1.5543122344752192e-15,-7.771561172376096e-16,1.5543122344752192e-15,-12.437491783024022,-3.769919904010294,-1.5124009278308252
22.36975622177124,0.9999999999999984,-0.4999999999999992,0.7999999999999985,1.0,-0.5,0.8,1.5543122344752192e-15,-7.771561172376096e-16,1.5543122344752192e-15,-12.437491783024022,-3.769919904010294,-1.5124009278308252
22.37974190711975,0.9999999999999984,-0.4999999999999992,0.7999999999999985,1.0,-0.5,0.8,1.5543122344752192e-15,-7.771561172376096e-16,1.5543122344752192e-15,-12.437491783024022,-3.769919904010294,-1.5124009278308252
22.38971519470215,0.9999999999999984,-0.4999999999999992,0.7999999999999985,1.0,-0.5,0.8,1.5543122344752192e-15,-7.771561172376096e-16,1.5543122344752192e-15,-12.437491783024022,-3.769919904010294,-1.5124009278308252
22.39978337287903,0.9999999999999984,-0.4999999999999992,0.7999999999999985,1.0,-0.5,0.8,1.5543122344752192e-15,-7.771561172376096e-16,1.5543122344752192e-15,-12.437491783024022,-3.769919904010294,-1.5124009278308252
22.40974712371826,0.9999999999999984,-0.4999999999999992,0.7999999999999985,1.0,-0.5,0.8,1.5543122344752192e-15,-7.771561172376096e-16,1.5543122344752192e-15,-12.437491783024022,-3.769919904010294,-1.5124009278308252
22.419754028320312,0.9999999999999984,-0.4999999999999992,0.7999999999999985,1.0,-0.5,0.8,1.5543122344752192e-15,-7.771561172376096e-16,1.5543122344752192e-15,-12.437491783024022,-3.769919904010294,-1.5124009278308252
22.42975401878357,0.9999999999999984,-0.4999999999999992,0.7999999999999985,1.0,-0.5,0.8,1.5543122344752192e-15,-7.771561172376096e-16,1.5543122344752192e-15,-12.437491783024022,-3.769919904010294,-1.5124009278308252
22.439730405807495,0.9999999999999984,-0.4999999999999992,0.7999999999999985,1.0,-0.5,0.8,1.5543122344752192e-15,-7.771561172376096e-16,1.5543122344752192e-15,-12.437491783024022,-3.769919904010294,-1.5124009278308252
22.449724197387695,0.9999999999999984,-0.4999999999999992,0.7999999999999985,1.0,-0.5,0.8,1.5543122344752192e-15,-7.771561172376096e-16,1.5543122344752192e-15,-12.437491783024022,-3.769919904010294,-1.5124009278308252
22.45973491668701,0.9999999999999984,-0.4999999999999992,0.7999999999999985,1.0,-0.5,0.8,1.5543122344752192e-15,-7.771561172376096e-16,1.5543122344752192e-15,-12.437491783024022,-3.769919904010294,-1.5124009278308252
22.469730377197266,0.9999999999999984,-0.4999999999999992,0.7999999999999985,1.0,-0.5,0.8,1.5543122344752192e-15,-7.771561172376096e-16,1.5543122344752192e-15,-12.437491783024022,-3.769919904010294,-1.5124009278308252
22.479746103286743,0.9999999999999984,-0.4999999999999992,0.7999999999999985,1.0,-0.5,0.8,1.5543122344752192e-15,-7.771561172376096e-16,1.5543122344752192e-15,-12.437491783024022,-3.769919904010294,-1.5124009278308252
22.489742517471313,0.9999999999999984,-0.4999999999999992,0.7999999999999985,1.0,-0.5,0.8,1.5543122344752192e-15,-7.771561172376096e-16,1.5543122344752192e-15,-12.437491783024022,-3.769919904010294,-1.5124009278308252
22.499723196029663,0.9999999999999984,-0.4999999999999992,0.7999999999999985,1.0,-0.5,0.8,1.5543122344752192e-15,-7.771561172376096e-16,1.5543122344752192e-15,-12.437491783024022,-3.769919904010294,-1.5124009278308252
22.509727001190186,0.9999999999999984,-0.4999999999999992,0.7999999999999985,1.0,-0.5,0.8,1.5543122344752192e-15,-7.771561172376096e-16,1.5543122344752192e-15,-12.437491783024022,-3.769919904010294,-1.5124009278308252
22.51971745491028,0.9999999999999984,-0.4999999999999992,0.7999999999999985,1.0,-0.5,0.8,1.5543122344752192e-15,-7.771561172376096e-16,1.5543122344752192e-15,-12.437491783024022,-3.769919904010294,-1.5124009278308252
22.52972722053528,0.9999999999999984,-0.4999999999999992,0.7999999999999985,1.0,-0.5,0.8,1.5543122344752192e-15,-7.771561172376096e-16,1.5543122344752192e-15,-12.437491783024022,-3.769919904010294,-1.5124009278308252
22.539750576019287,0.9999999999999984,-0.4999999999999992,0.7999999999999985,1.0,-0.5,0.8,1.5543122344752192e-15,-7.771561172376096e-16,1.5543122344752192e-15,-12.437491783024022,-3.769919904010294,-1.5124009278308252
22.54986596107483,0.9999999999999984,-0.4999999999999992,0.7999999999999985,1.0,-0.5,0.8,1.5543122344752192e-15,-7.771561172376096e-16,1.5543122344752192e-15,-12.437491783024022,-3.769919904010294,-1.5124009278308252
22.5597562789917,0.9999999999999984,-0.4999999999999992,0.7999999999999985,1.0,-0.5,0.8,1.5543122344752192e-15,-7.771561172376096e-16,1.5543122344752192e-15,-12.437491783024022,-3.769919904010294,-1.5124009278308252
22.5698184967041,0.9999999999999984,-0.4999999999999992,0.7999999999999985,1.0,-0.5,0.8,1.5543122344752192e-15,-7.771561172376096e-16,1.5543122344752192e-15,-12.437491783024022,-3.769919904010294,-1.5124009278308252
22.57974672317505,0.9999999999999984,-0.4999999999999992,0.7999999999999985,1.0,-0.5,0.8,1.5543122344752192e-15,-7.771561172376096e-16,1.5543122344752192e-15,-12.437491783024022,-3.769919904010294,-1.5124009278308252
22.589701414108276,0.9999999999999984,-0.4999999999999992,0.7999999999999985,1.0,-0.5,0.8,1.5543122344752192e-15,-7.771561172376096e-16,1.5543122344752192e-15,-12.437491783024022,-3.769919904010294,-1.5124009278308252
22.599725246429443,0.9999999999999984,-0.4999999999999992,0.7999999999999985,1.0,-0.5,0.8,1.5543122344752192e-15,-7.771561172376096e-16,1.5543122344752192e-15,-12.437491783024022,-3.769919904010294,-1.5124009278308252
22.609753370285034,0.9999999999999984,-0.4999999999999992,0.7999999999999985,1.0,-0.5,0.8,1.5543122344752192e-15,-7.771561172376096e-16,1.5543122344752192e-15,-12.437491783024022,-3.769919904010294,-1.5124009278308252
22.619712829589844,0.9999999999999984,-0.4999999999999992,0.7999999999999985,1.0,-0.5,0.8,1.5543122344752192e-15,-7.771561172376096e-16,1.5543122344752192e-15,-12.437491783024022,-3.769919904010294,-1.5124009278308252
22.629750967025757,0.9999999999999984,-0.4999999999999992,0.7999999999999985,1.0,-0.5,0.8,1.5543122344752192e-15,-7.771561172376096e-16,1.5543122344752192e-15,-12.437491783024022,-3.769919904010294,-1.5124009278308252
22.639710903167725,0.9999999999999984,-0.4999999999999992,0.7999999999999985,1.0,-0.5,0.8,1.5543122344752192e-15,-7.771561172376096e-16,1.5543122344752192e-15,-12.437491783024022,-3.769919904010294,-1.5124009278308252
22.649733543395996,0.9999999999999984,-0.4999999999999992,0.7999999999999985,1.0,-0.5,0.8,1.5543122344752192e-15,-7.771561172376096e-16,1.5543122344752192e-15,-12.437491783024022,-3.769919904010294,-1.5124009278308252
22.659767389297485,0.9999999999999984,-0.4999999999999992,0.7999999999999985,1.0,-0.5,0.8,1.5543122344752192e-15,-7.771561172376096e-16,1.5543122344752192e-15,-12.437491783024022,-3.769919904010294,-1.5124009278308252
22.66977596282959,0.9999999999999984,-0.4999999999999992,0.7999999999999985,1.0,-0.5,0.8,1.5543122344752192e-15,-7.771561172376096e-16,1.5543122344752192e-15,-12.437491783024022,-3.769919904010294,-1.5124009278308252
22.679759740829468,0.9999999999999984,-0.4999999999999992,0.7999999999999985,1.0,-0.5,0.8,1.5543122344752192e-15,-7.771561172376096e-16,1.5543122344752192e-15,-12.437491783024022,-3.769919904010294,-1.5124009278308252
22.689728498458862,0.9999999999999984,-0.4999999999999992,0.7999999999999985,1.0,-0.5,0.8,1.5543122344752192e-15,-7.771561172376096e-16,1.5543122344752192e-15,-12.437491783024022,-3.769919904010294,-1.5124009278308252
22.699742555618286,0.9999999999999984,-0.4999999999999992,0.7999999999999985,1.0,-0.5,0.8,1.5543122344752192e-15,-7.771561172376096e-16,1.5543122344752192e-15,-12.437491783024022,-3.769919904010294,-1.5124009278308252
22.709752559661865,0.9999999999999984,-0.4999999999999992,0.7999999999999985,1.0,-0.5,0.8,1.5543122344752192e-15,-7.771561172376096e-16,1.5543122344752192e-15,-12.437491783024022,-3.769919904010294,-1.5124009278308252
22.71973490715027,0.9999999999999984,-0.4999999999999992,0.7999999999999985,1.0,-0.5,0.8,1.5543122344752192e-15,-7.771561172376096e-16,1.5543122344752192e-15,-12.437491783024022,-3.769919904010294,-1.5124009278308252
22.72985315322876,0.9999999999999984,-0.4999999999999992,0.7999999999999985,1.0,-0.5,0.8,1.5543122344752192e-15,-7.771561172376096e-16,1.5543122344752192e-15,-12.437491783024022,-3.769919904010294,-1.5124009278308252
22.739781141281128,0.9999999999999984,-0.4999999999999992,0.7999999999999985,1.0,-0.5,0.8,1.5543122344752192e-15,-7.771561172376096e-16,1.5543122344752192e-15,-12.437491783024022,-3.769919904010294,-1.5124009278308252
22.74984359741211,0.9999999999999984,-0.4999999999999992,0.7999999999999985,1.0,-0.5,0.8,1.5543122344752192e-15,-7.771561172376096e-16,1.5543122344752192e-15,-12.437491783024022,-3.769919904010294,-1.5124009278308252
22.759791135787964,0.9999999999999984,-0.4999999999999992,0.7999999999999985,1.0,-0.5,0.8,1.5543122344752192e-15,-7.771561172376096e-16,1.5543122344752192e-15,-12.437491783024022,-3.769919904010294,-1.5124009278308252
22.769838094711304,0.9999999999999984,-0.4999999999999992,0.7999999999999985,1.0,-0.5,0.8,1.5543122344752192e-15,-7.771561172376096e-16,1.5543122344752192e-15,-12.437491783024022,-3.769919904010294,-1.5124009278308252
22.7797269821167,0.9999999999999984,-0.4999999999999992,0.7999999999999985,1.0,-0.5,0.8,1.5543122344752192e-15,-7.771561172376096e-16,1.5543122344752192e-15,-12.437491783024022,-3.769919904010294,-1.5124009278308252
22.789767265319824,0.9999999999999984,-0.4999999999999992,0.7999999999999985,1.0,-0.5,0.8,1.5543122344752192e-15,-7.771561172376096e-16,1.5543122344752192e-15,-12.437491783024022,-3.769919904010294,-1.5124009278308252
22.799797534942627,0.9999999999999984,-0.4999999999999992,0.7999999999999985,1.0,-0.5,0.8,1.5543122344752192e-15,-7.771561172376096e-16,1.5543122344752192e-15,-12.437491783024022,-3.769919904010294,-1.5124009278308252
22.80974578857422,0.9999999999999984,-0.4999999999999992,0.7999999999999985,1.0,-0.5,0.8,1.5543122344752192e-15,-7.771561172376096e-16,1.5543122344752192e-15,-12.437491783024022,-3.769919904010294,-1.5124009278308252
22.81976318359375,0.9999999999999984,-0.4999999999999992,0.7999999999999985,1.0,-0.5,0.8,1.5543122344752192e-15,-7.771561172376096e-16,1.5543122344752192e-15,-12.437491783024022,-3.769919904010294,-1.5124009278308252
22.829779148101807,0.9999999999999984,-0.4999999999999992,0.7999999999999985,1.0,-0.5,0.8,1.5543122344752192e-15,-7.771561172376096e-16,1.5543122344752192e-15,-12.437491783024022,-3.769919904010294,-1.5124009278308252
22.83972954750061,0.9999999999999984,-0.4999999999999992,0.7999999999999985,1.0,-0.5,0.8,1.5543122344752192e-15,-7.771561172376096e-16,1.5543122344752192e-15,-12.437491783024022,-3.769919904010294,-1.5124009278308252
22.849726915359497,0.9999999999999984,-0.4999999999999992,0.7999999999999985,1.0,-0.5,0.8,1.5543122344752192e-15,-7.771561172376096e-16,1.5543122344752192e-15,-12.437491783024022,-3.769919904010294,-1.5124009278308252
